D6DA
D6DA
D6DA
D6DA
D6DA
D6FB
D6FB
DEFB
DEFB
DEFB
D6FB
DEFB
DEFB
DEFB
DEFB
DF1B
DF1B
DF1B
DF1B
DF1B
DF1B
DF1B
DF1B
DF1B
DF3B
DF3B
DF3B
DF3C
E73C
E73C
E73C
E73C
E73C
E75C
E75C
E75D
E75D
EF7D
C679
740C
4286
4286
4287
4AC8
52E9
4A88
4247
4AA8
5309
4AE7
4AE6
4B06
4AE6
4285
3225
29C5
29A5
2184
1944
1923
1923
1924
2184
29C5
3A26
3A86
42A6
42A6
3A66
3A45
3205
29E4
29E4
21C4
21A4
2183
19A3
21A4
21C4
21C4
21C4
21C4
21A4
21A4
29C4
4267
52C9
5B2B
5B0A
4A88
4287
3A46
3A66
42A7
3A86
3245
3205
29E5
29C5
31E5
3A26
3A47
4247
3A46
3A46
3A26
3A26
3206
31E5
31E5
31E5
29C5
29A4
2184
2184
1984
21A4
21A4
1983
1963
2183
1983
1983
2183
21A4
29C4
29E4
3225
3A66
3A46
3205
3204
29E4
3205
3205
3A25
3A45
4286
4286
4AC8
4AC7
4AC8
4286
4287
4286
4AC7
3A66
3245
3225
3A47
3A47
3A46
3A46
4287
4287
3A86
3225
2A05
2A05
3246
42C8
5309
42A7
3266
2A44
3AA5
6BAA
8C8D
9CEF
A530
A531
AD52
AD73
B573
B593
B593
BD93
BD93
BD93
BD93
BD93
C5B3
C5D3
CDF4
CE14
CE15
D656
DE97
DEB8
D697
D657
CE36
C616
C5F6
BDB5
B595
AD54
AD54
A553
9D33
9D13
9512
94F2
8CD2
8CB1
8491
8471
8450
8471
8491
8471
7C51
7C30
740F
73EE
740F
8450
8CB1
94D1
8C70
94D1
A512
AD74
AD73
AD74
B5B4
BDD5
B5B4
AD73
94CF
846D
844C
7C0C
73CC
7BEC
7BCC
842E
9CD0
AD32
AD32
8C4E
7BCC
8C4E
94B0
A553
AD74
B595
B595
A533
94D0
94AF
94D0
94D0
9511
94F0
8C8F
846E
8C8F
8CB0
8CD0
8CAE
8CCF
94CF
9D11
8CCF
7C4C
6C0A
6BE9
6BE9
63C8
63C8
5BA8
5BA8
5BA8
5B87
5B87
5BA8
63C8
63E8
6C09
6C09
6C08
6408
6408
6408
6408
63E8
63E8
6C09
7429
742A
746A
7C6B
84AD
84AD
848D
7C6C
7C4C
7C6C
848D
848D
848D
848C
7C6C
744C
6C2B
6C0B
6C0B
6C2B
640B
5BAA
5B8A
5329
5329
5329
5349
5369
5369
5B89
5BA9
D6DA
D6DA
D6DA
D6DA
D6DA
D6FB
DEFB
DEFB
DEFB
DEFB
D6FB
DEFB
DEFB
DEFB
DEFB
DF1B
DF1B
DF1B
DF1B
DF1B
DF1B
DF1B
DF1B
DF1B
DF1B
DF3C
DF3B
DF3C
E73C
E73C
E73C
E73C
E73C
E73C
E75C
E75C
E75D
E77D
E75C
AD94
5308
4286
4287
4AC8
52E9
52A9
4268
4AA9
52E9
4AE7
42C5
4AC5
42A6
3A65
3205
29C5
29C5
2185
2164
2164
2185
29A5
31E6
31E5
3225
3A45
3A86
3A66
3225
2A04
21C4
21C4
29C4
29C4
21A4
2184
21C4
29E4
29E4
21E4
21E4
21C4
21C4
21C4
29E4
4267
52C9
632B
5B0B
4A88
3A26
3205
3225
3A66
3A45
3225
31E5
29C5
29A5
29C5
31E5
3A26
3206
3206
3205
3205
3206
3205
29C5
29C5
29C4
2184
2184
2184
21A4
2184
21A4
21A4
2184
1963
1963
1983
2183
21A4
29C4
29C4
29E4
3204
3A25
3225
29E4
21C4
21A4
29E4
3205
3225
3A25
3A45
3A65
3A66
3A65
3A45
3A45
3A65
3A65
3A65
3245
3224
3245
3A47
3A47
3A46
3A46
3A46
3245
3226
2A05
21E4
21C4
3266
4AE8
5B6A
42E8
3265
3265
3AA5
5327
73EA
844B
8C8D
94CF
A511
AD52
AD73
AD73
B593
B593
BD94
BDB4
C5D4
C5F5
CE15
CE15
CE36
CE36
CE36
CE56
CE57
C637
BDF6
BDD5
B574
AD53
9CF2
94B1
8C70
842F
7C0F
7C0F
7C2F
7C2F
7C50
8470
8471
8C91
8CB2
8CD2
9513
9D14
9D54
A555
9D34
94D2
8490
7C2F
7C2F
846F
94D1
9490
844F
8C8F
9CD1
A512
A512
A511
A511
A532
A511
94AF
842C
73EB
73EB
73CB
6B6A
6B6A
73AB
842E
9CD0
AD32
AD32
8C4E
7BEC
8C4E
9CD1
AD74
AD53
A553
A533
9CF1
94D0
846E
846D
844D
844E
7C2D
7C0C
740C
7C2D
844D
844D
7C4C
7C2C
7C4C
848D
7C6C
7C2B
742A
740A
6C09
6C09
6C09
6C09
6C09
6BE8
63E8
6BE9
6C09
63E9
63E8
6BE8
6C08
6C08
6C08
6BE8
6C08
6408
63E8
6C09
744A
7C6B
7C6B
84AC
84CD
8CCE
8CCE
8CAE
848D
7C6C
7C6C
848D
8CAE
8CAE
848D
846D
7C6D
742B
6C0B
6C2B
744B
6C2B
6C0B
63CB
5BAA
5B6A
5349
536A
5369
5B8A
5BAA
63CA
D6DA
D6DA
D6DA
D6DA
D6FB
D6FB
D6FB
D6FB
D6FB
D6FB
D6FB
DEFB
DEFB
DEFB
DF1B
DEFB
DF1B
DF1B
DF1B
DF1B
DF1B
DF1B
DF1B
DF1B
DF1B
DF3C
DF3C
E73C
E73C
DF3C
E73C
DF3C
E73C
E73C
E75C
E75C
E75D
E75D
E77D
D6DA
848F
42A6
42A7
4AA7
52E9
52C9
4268
4AA9
52E9
4AC7
42A5
42A5
42A6
3A65
3205
29C4
21A5
2185
21A5
29A5
29E6
3206
3206
3205
3205
3A45
3A86
3A66
3225
21C4
21A3
2183
21A4
21A4
21C4
21C4
29E4
2A04
2A04
29E4
2A04
2A04
2A04
29E5
2A05
3A47
4AA9
5B2B
5B0B
4A89
4247
3206
3A46
3A66
3A46
3205
29C5
21A5
29A5
29C5
29C5
3206
3206
3205
31E5
3225
3226
3205
29E5
29A4
2184
2183
2184
21A4
29C5
29C5
29C5
21A4
2183
1983
1983
2184
21A4
29C4
29E4
29E4
29C4
29E4
3205
31E5
29C4
21A4
21A4
29C4
29E4
3205
3A45
3A65
3A66
3A65
3245
3225
3245
3245
3A45
3244
3244
3225
3A66
4267
4267
3A47
3A67
3A46
3225
3226
2A05
21E4
21C4
3245
42A7
4AE7
3AA6
3264
3A85
42C5
5327
6388
6BC9
7C2B
94AE
A511
B573
B5B4
BDD4
BDD5
BDF5
C5F6
C616
CE36
CE57
CE57
CE57
C616
BDF6
B5D5
B5B5
B595
AD74
A533
94D1
8C91
8450
7C0E
73CE
6B8D
636C
636C
638D
6BCE
7C2F
8C91
94D3
9D13
9D33
A554
A574
AD95
ADB5
B5D6
B5D6
AD74
94F1
844F
73CD
73ED
7C2E
8C6F
844E
7BCC
7BED
842D
8C4E
8C4E
8C6E
8C6F
8C6E
8C4E
842D
7BEC
73EB
73EC
73AB
6B8A
6B8A
73CB
8C2E
9CD0
AD53
AD32
8C4E
7BEC
8C6F
A512
AD74
AD74
9CF2
94B0
94B0
8C6E
7C2D
7C2C
740C
6BEB
6BCA
6BCA
6BCA
740B
7C0B
7C2C
740B
6BEA
740A
742B
7C4B
740B
742A
742A
6C09
6C09
7409
7409
6C09
6C08
6C29
742A
6C2A
6C09
63E9
63E8
6BE8
6C08
6C08
6C09
6C29
6C29
6C09
6C29
742A
744A
7C6B
84AC
84CD
8CAD
84AD
8C8D
848D
848D
7C6C
848D
8CAD
8CAE
848D
7C6C
7C6C
744C
742B
744C
744C
744B
742B
6C2B
6C0B
63CA
5BAA
5B8A
5BAA
63CA
6BEB
63EA
D6DA
D6DA
D6DA
D6DA
D6DA
D6DA
D6FB
D6FB
DEFB
DEFB
DEFB
D6FB
DEFB
DEFB
DF1B
DF1B
DF1B
DF1B
DF1B
DF1B
DF1B
DF1B
DF1C
DF1B
DF3B
DF3C
DF3C
DF3C
DF3C
E73C
E73C
E75C
E73C
E75C
E73C
E75C
E75D
E75D
E75D
E75D
B5F6
636A
42A7
42A7
52E9
52C9
4A68
4A88
52E9
4AC8
42A6
42A5
42A6
3A85
3225
29C4
2184
2185
29A6
29C6
31E6
29E5
3205
3205
3226
3A66
3A86
3A45
3225
21C4
21A3
1963
1983
2184
21A4
21A4
29E4
2A04
2A05
29E4
2A04
2A04
2A05
29E5
29E5
3A46
4AA9
5B0B
5B0B
4AA9
4288
3A46
3A66
3A45
3205
29E5
29A5
21A5
21A5
29A5
29A5
31C5
31C5
31E5
31E5
3A26
3A46
3205
31E5
29C5
21A4
2184
2184
29A5
31E6
3206
29E5
21C4
21A4
21A4
2184
2184
21C4
29C4
29E5
29E5
29E4
29E4
3205
3205
29E5
29C5
29C4
29E4
2A04
3204
3225
3A86
4286
3A66
3A66
3A45
3A45
3A45
3A65
3A65
3A66
3A66
42A7
4AC8
4AA8
4288
4287
3A66
3225
3A45
3225
2A04
2A04
3245
42A6
42C6
3AA5
42A5
42C6
5327
6369
6BCA
73EB
844E
94D0
AD73
BDD5
C5F6
C616
C616
C616
C616
C616
C616
C616
C617
BDF6
B5B5
AD75
A534
9CF2
94D2
8C91
8450
7C0F
6BCE
6BAD
638D
638D
636D
636D
6BAD
73CE
7C0E
8C90
9CF2
A554
AD95
AD94
AD94
B5B5
B5B5
B595
B5B5
AD74
A533
8C6F
73CD
6B8B
6B8B
73AC
7BEC
73CC
6B6B
6B8C
73AC
7BCD
7BCD
840E
842E
840E
842E
842D
842D
7C2C
7C4C
73EB
6BAA
73C9
7BEB
8C4E
9CF1
B573
AD32
844E
73CB
8C8E
A512
AD53
A553
94D1
94B0
8C8F
844E
7C0C
740C
73EB
63CA
63CA
63EA
6BEA
742B
7C4C
7C6C
742B
6C0A
6C2A
744B
7C6B
7C4B
744B
6C2A
6C0A
6C09
6C09
6C2A
6C09
6C09
6C09
742A
6C2A
6C0A
63E9
6C09
742A
744A
6C29
6C29
742A
6C29
6C09
6C09
6C09
6C29
6C2A
7C6B
848C
848C
846C
846C
7C4C
7C4C
846C
846C
846C
846C
7C4C
7C4C
7C4C
744C
742B
742B
742B
6C2A
6C0A
6C0A
6C0B
6C0B
6C0B
63EB
63EB
6C0B
742B
6C0B
D6DA
D6DA
D6DA
D6DA
D6DA
D6DA
D6FB
D6FB
D6FB
D6FB
D6FB
DEFB
DEFB
DEFB
DEFB
DF1B
DF1B
DF1B
DF1B
DF1B
DF1B
DF1B
DF1B
DF1B
DF1B
DF1B
DF3C
DF3C
DF3C
E73C
DF3C
E73C
E73C
E73C
E75C
E75C
E75C
E75D
E75D
E77D
DEFB
9D12
4AA7
42A7
52C9
52C9
4A68
4A88
52E9
52E9
42A6
42A6
4AC6
42A6
3A65
3225
29C5
29A6
31E7
31E7
31E6
29C5
31E5
3226
3A66
4286
3A66
3225
29E4
21A4
1983
1963
1963
1963
1963
2184
21A4
21C4
29C4
21A4
29E5
29E5
29E5
29E5
29E5
3A26
4AA8
5B2B
5B0B
52C9
4268
3A46
3226
3205
29E5
29C5
29A5
29A5
29A5
2184
2985
29A5
29A5
29A5
29C5
31E5
3225
3A26
3205
29C5
29A4
21A4
2184
29A5
29E6
31E6
29E5
21C4
21A4
21A4
21A4
21A4
21A4
29C5
29C5
29C5
29E5
3205
3205
3226
3205
3205
3205
3205
3205
3204
3225
3A65
4285
3A86
4286
4286
4286
4287
4AC8
52E8
5B09
5B09
634A
636B
5B4A
5B2A
5B29
5308
4AE8
4AC7
4286
3A66
3A65
42A6
42C7
4B07
4B08
5328
5B69
6BAB
740D
846F
8CB0
94F2
A553
AD94
B5B5
BDD5
BDD5
BDD5
B5B5
B5B5
AD94
AD95
B5B5
ADB6
AD95
AD75
A534
94D2
8470
7C0F
73EE
73EE
6BCE
6BCE
6BCE
73EF
740F
73EE
73EE
7C0E
7C0E
7C2E
844E
94B0
9D12
A553
A553
AD53
AD73
AD73
AD52
A552
9CF1
8C90
7BED
6B6B
634B
6B4B
6B6C
6B6C
738C
6B6C
6B6C
73AD
7BCD
7BED
842E
842E
842E
842E
8C6E
8C6D
846D
846D
740B
6BC9
6BC9
7C2C
948F
A511
B594
AD32
842D
6BAA
7C2C
94F0
A511
9D11
94B0
94D0
94D0
8C6E
7C2C
740C
742C
742B
6C2B
742B
742B
7C4C
7C6C
848D
7C8C
746C
744B
7C8C
84AD
84AD
7CAD
7C8C
746B
7C8C
746B
746B
746B
744B
744B
746B
746B
746B
744B
746C
7C6C
7C6B
744B
744A
6C2A
6C09
6C09
6C09
6C09
6C09
6C09
742A
742A
7C4A
7C2B
742B
742B
7C2B
7C2B
7C2B
7C2B
742B
742B
7C2B
742B
740B
742B
740B
6C0A
6BEA
63EA
63EA
6C0A
6C2B
742B
6C2B
6C0B
742B
744B
742B
D6DA
D6DA
D6DA
D6DA
D6DA
D6DA
D6FB
D6FB
DEFB
D6FB
DEFB
D6FB
DEFB
DEFB
DEFB
DEFB
DEFB
DF1B
DF1B
DF1B
DF1B
DF1B
DF1B
DF1B
DF1B
DF3C
DF3C
DF3C
DF3C
E73C
E73C
E73C
E73C
E73C
E73C
E73C
E75C
E75C
E75D
E75D
EF7D
C658
6BCC
42A7
52C9
52C9
4A88
4A88
52C9
52E9
4AC6
4AC6
4AE6
4AE6
4AC6
4286
3A26
31E6
3A28
3A28
31E6
29C5
3206
3A46
4286
3A66
3A45
2A05
21C4
21A4
1983
1963
1963
1943
1943
1964
2184
2184
2184
2184
29C5
29E5
31E5
31E5
29E5
3A26
4A88
5B0B
5B0B
52CA
4A89
3A07
31E6
29E5
29C5
29A5
21A5
2185
2185
2185
2985
2985
2985
2184
29A5
29A5
31E5
3A06
3A06
31E5
29A4
21A4
29A5
29C6
31E6
31E7
3206
29E5
29E5
21C4
21A4
2184
2184
2184
2164
2185
29C5
3205
3205
3225
3205
3226
3A26
3226
3205
29E5
3225
3A65
4286
4286
4AA8
52E9
5B09
634B
73CD
840E
8C4F
8C6F
8C90
8C90
8C70
8C6F
8C4F
844E
7C0D
73AB
6B8A
5B49
5B49
5B6A
6BAC
73ED
740E
7C2F
8470
8CB1
94F2
9D33
A554
AD74
A574
AD74
AD74
AD74
A554
A534
A533
9D13
9D13
A534
A555
A555
A534
9D13
9CF3
8470
73EE
6BCE
7C0F
7C50
7C30
7C50
8470
8491
8470
7C0D
73CB
6BAB
73AB
73CB
73CB
7C0D
8C6E
94AF
94B0
94B0
94B0
94B0
948F
8C4E
842E
73CC
6B6B
632B
6B4B
6B4B
6B4B
6B4C
738C
738C
738C
7BCD
7BCD
7BED
842E
8C6E
8C4E
8C6E
8C8E
8C8D
8C8D
846D
740B
6BC9
6BC8
842C
94B0
AD32
BDB4
AD52
842C
6BAA
7C2C
8CAF
94F0
94F0
8C8E
8C8E
8C8E
846E
844D
7C4C
846D
7C6D
7C8D
7C6C
744C
744C
7C6C
84AD
7C8D
7C6C
7C6C
7C8C
84AD
84AD
7CAD
84AD
84CD
84CD
7CCD
7CAC
7CAC
7C8C
7C8C
7CAD
7C8D
7C8C
7C6D
7C6D
7C6D
744C
6C2B
6C2B
6C0A
63EA
6C0A
6C0A
6C09
63E9
63E9
63E9
63E9
6BE9
6BE9
6BEA
6BEA
740B
740B
740B
6BEA
6BEA
740B
740B
740B
6C0B
6C0B
6C0A
63C9
63CA
63EA
63EA
6C0A
6C2B
742B
6C2B
742B
742B
744B
744B
D6DA
D6DA
D6DA
D6DA
D6DA
D6DA
D6DB
D6FB
DEFB
D6FB
D6FB
DEFB
DEFB
DEFB
DEFB
DEFB
DEFB
DEFB
DF1B
DF1B
DF1B
DF1B
DF1B
DF3C
DF1B
DF3C
DF3C
E73C
E73C
E73C
E73C
E73C
E73C
E73C
E73C
E73C
E75C
E75C
E75D
E77D
E77D
DF3C
A553
52E8
4AC8
52E9
4A88
4A68
52A9
52E9
4AC6
4AA6
4AC6
4AC6
4AE6
4285
3A45
3206
3A27
3A27
31E6
31E6
3A26
4267
4266
3A66
3A46
3205
29C4
21A4
2184
1964
1964
1964
1964
2164
2164
2164
2164
2184
29E5
3205
3205
3205
3205
3A06
4A88
5B0A
632B
5AEA
4A69
3A28
31E7
31C6
29C5
21A5
2184
2164
2184
2185
29A5
29A5
2185
2164
2184
2185
29A5
31C5
39C6
31C5
2984
2184
29C5
31E7
3A48
4248
3A47
3205
2A05
29E4
21C4
21A5
2184
2184
2164
2164
29A5
3206
3206
3205
29E5
3206
3A46
3A26
3206
31E5
31E5
3205
3225
4266
52E9
6B6B
7BED
842F
94B0
A4F1
A532
AD53
B5B4
BDD5
B5B5
B5B5
B594
AD74
AD53
9CF2
94B0
8C8F
8C90
94D1
94F2
94F2
9D13
9D33
A553
A554
A554
A574
A554
A554
9D33
9D13
9D13
9CF3
94F3
94F3
94F3
9CF3
9D13
9D34
A554
9D13
94F3
8CD2
8CB2
8470
7C0F
7C30
8CB2
9D13
94D2
8C90
846F
844F
7C0D
6BAA
6369
6328
6328
6349
6B6A
73AB
73AC
7BED
7BED
7C0E
840E
7BED
840D
7BED
7BCD
736C
6B4C
6B4B
6B4C
6B6C
6B6C
6B6C
73AD
7BCD
7BCD
73AD
73AC
7BED
844E
8C8E
8CAE
8CAE
8C8E
848D
848D
848C
742B
6BE9
6BC8
844D
9CB0
AD32
BDB4
AD32
842C
73CA
846D
8CCE
94EF
94EF
8C8D
844C
844D
844D
846D
848D
8CAE
8CAE
84CE
7C8D
7C4C
744C
848D
8CCE
84AE
7C6D
7C6D
7C6D
7C6D
7C6D
744C
7C6C
7C8D
7C8D
7CAD
7CAD
84AE
84AE
7C8D
7C8D
7C4D
7C4D
7C4D
7C2C
740C
6BEB
63CB
6BEB
63CA
63CA
63EA
6BEA
63EA
63E9
5BA9
5BA8
5BA8
5BA8
5B89
6389
63A9
6BCA
6BEA
6BEA
6BEA
6BEA
6BEB
6BEB
740B
6BEA
6C0A
63EA
63C9
6BEA
6C0A
6C0B
6C0A
742B
742B
742B
742B
742B
744B
744B
D6DA
D6DA
D6DA
D6FB
D6DA
D6DA
D6DA
D6DA
D6FB
DEFB
DEFB
DEFB
DEFB
DEFB
DEFB
DEFB
DEFB
DF1B
DF1B
DF1B
DF1B
DF1B
DF1B
DF1B
DF3C
DF3C
DF3B
DF3C
E73C
E73C
E73C
E73C
E73C
E73C
E73C
E73C
E73C
E73C
E75C
E75D
E77D
EF7D
CE79
7C0E
52C8
52E9
4AA8
4A68
52A9
52E9
4AA7
4285
4AA6
42A6
4285
3A65
3225
3205
3A66
3A46
3226
31E5
3206
3A26
3A26
3A26
3A26
3206
29C5
2184
2164
2184
2184
2184
2185
2185
2164
2164
2184
29A5
29C5
29E5
31E5
31E5
3206
3206
4A88
5AEA
5B2B
5AEB
4A69
3A08
39E7
31C7
29C6
2185
2164
2164
2164
2185
2985
2185
2164
2164
2164
2164
2184
31A5
31C6
31A5
2985
2164
2185
29C6
3207
3A27
3227
2A05
2204
29E5
2A05
29E5
29C5
29C5
29C5
31E6
3A27
3A28
3207
31E6
29E5
3206
3A67
3A47
3207
29E5
29C5
31E5
3205
3A46
52E8
738B
8C2E
9CD1
AD52
B593
BDB4
BDD5
C616
CE57
CE36
C616
C616
C5F5
BDD5
B5B5
B594
AD74
AD74
AD95
AD95
AD74
AD74
A574
AD74
A554
A554
A533
9D13
9D13
94F3
94D3
94D2
94D3
94D3
94D3
9CF3
9D13
9D14
A534
9D34
94F3
8CB2
8491
9513
94F3
8C91
94D2
9D13
9D13
8C90
73EC
73CB
73AB
738A
6349
6308
6308
5AE8
6308
6329
6B6A
6B6B
738C
73AD
7BCD
7BCD
73AD
7C0D
7BED
7BED
6B6C
6B6C
6B6C
738C
738D
738C
73AC
7BCD
7BED
840D
7BCC
73AC
73CC
7C2C
846D
848D
848D
848C
846C
848C
7C8C
742B
740A
7409
846D
9CD0
AD52
BDD4
A532
842C
740A
848D
8CCE
8CCE
8CCE
848D
7C4C
7C4C
846D
8CAE
8CCE
8CCE
8CCE
8CEE
84AE
848D
7C6D
84AE
8CCE
84AE
7C4D
7C6E
7C6E
7C4D
742D
742C
742C
742C
742C
744C
7C6D
848E
846D
7C6D
7C2D
740C
740C
740D
740D
6BAC
638B
638A
63AB
63AB
63AB
63CA
63CA
63CA
5BC9
5BA9
5B89
5BA9
5BA9
5B89
5B69
6389
63AA
6BCA
6BEA
6BEB
73EB
7C2C
7C2C
7C2C
6BEB
740B
6BEA
6BEA
6C0A
744B
744B
742B
744B
744B
742B
744B
744B
742B
6C2A
D6DA
D6DA
D6DA
D6DA
D6DA
D6DA
D6FB
D6FA
D6FB
DEFB
D6FB
DEFB
DEFB
DEFB
DEFB
DEFB
DF1B
DF1B
DF1B
DF1B
DF1B
DF1B
DF1B
DF1B
DF3C
DF3C
DF3C
E73C
DF3C
DF3C
E73C
E73C
E73C
E73C
E73C
E73C
E75C
E73C
E75C
E75C
E75D
E77D
E73C
AD95
5B2A
52E9
52A9
4A68
4AA9
52E9
4AA7
4285
4285
4285
4285
4285
4285
3A85
42A6
3A65
3225
29C4
29C5
31E6
3A27
3207
3A27
31E7
29A5
1964
1964
2184
2184
21A4
21A5
21A5
2185
2185
2185
21A5
29A5
21A5
29C5
29C5
31E6
31E6
4268
52CA
5B2B
5AEB
4A89
3A08
31E7
31C7
31C6
29A5
2164
2164
2164
2185
2985
2185
2164
1944
2144
2164
2184
31C5
39E6
31C6
2985
2185
2184
2185
21A5
29E5
2A05
2A25
3225
3246
3226
3226
3205
3206
3A26
4268
4AAA
428A
3A48
29E6
3206
3A47
3A48
3A27
31E6
29C5
29C5
29C5
29E5
3205
3A46
5AE8
7BCC
9CB0
B573
BDD5
C5F5
CE37
CE77
D698
CE77
CE57
CE36
C616
C616
C616
BDF6
BDD5
B5D5
B5B5
AD95
AD74
A574
A554
A533
9D13
9D13
9CF3
94D3
94D2
94D2
94D2
94D2
94D3
94F3
9CF3
9D14
9D14
9D14
9D13
94D2
8CB1
8C91
94D3
9D34
A554
9D12
94D1
94D0
8CAF
7C0C
6B89
6349
6329
6329
5B08
5AE8
5AE8
5AC8
5AC8
5AE9
634A
6B6B
6B8C
738C
73AD
73AD
738C
73AC
7BED
7BCD
6B6C
738C
73AD
73AD
73CD
7BCD
73CD
7BED
7C0D
842D
7C0D
73EC
73EB
7C2C
7C4C
7C6C
7C6C
7C6C
7C4B
7C6C
7C6C
6C0A
6BE9
6BE9
846E
9CF1
AD53
C5D5
A511
7C2C
740A
7C6D
7CAD
7C8D
84AD
848D
848D
84AD
8CCE
8CCE
8CEF
8CEE
8CEE
94EF
8CEF
8CCE
84AE
84CE
84AE
848E
7C4D
7C4E
848F
7C4E
742D
740D
740D
6BEC
6BEC
740C
742D
7C4D
7C4D
7C2D
740C
6BEC
6BCC
6BCC
6BAC
638B
5B6B
5B6A
638B
63AB
63AB
63AB
63AA
5BAA
5BA9
5BA9
5B89
63C9
5BA9
63A9
5B89
63AA
638A
63AA
6BCA
740B
7C2C
846D
844D
7C4C
740B
740A
740A
6C0A
742B
7C6C
7C4B
742B
7C4B
744B
744B
7C4B
7C6C
744B
740B
D6DA
D6DA
D6DA
D6DA
D6DA
D6DA
D6DB
D6DA
D6DA
D6FB
D6FB
DEFB
DEFB
DEFB
DEFB
DEFB
DF1B
DEFB
DF1B
DF1B
DF1B
DF1B
DF1B
DF1B
DF1B
DF3C
DF3C
DF3C
DF3C
E73C
E73C
E73C
E73C
E73C
E73C
E73C
E73C
E73C
E75C
E75C
E75D
E75D
E77D
CEBA
8C90
52E9
52C9
4A68
4AA8
52C9
4AA7
4286
4285
4285
42A6
42C5
4AE6
4AE6
4AE6
42A5
3A45
29E5
29C5
3207
3A27
3A07
3207
31E7
29C6
2164
2164
2164
2184
2185
2185
2185
2184
2184
2164
2164
2164
2164
2185
29C6
31E6
31E6
4248
52A9
5B0B
5AEB
4A89
4228
39E7
39E7
31E7
29A6
2164
2164
2164
2185
2185
2185
2185
2164
1944
2164
29A5
31C5
39E6
39E6
31C6
31E6
3207
3207
3227
3247
3A67
3A88
42A8
42A8
3A87
3A47
3226
3A46
3A67
4AA9
4ACA
428A
3A48
3207
3227
3A47
3A27
31E6
29C6
29C6
29C6
29C5
29C5
31E5
3205
3A45
5B28
8C6E
B573
C616
CE36
D677
D698
D698
D698
CE78
CE57
CE36
C636
C616
BDF6
B5D5
B5B5
AD95
AD74
A554
9D13
9CF3
94F3
94D2
94D2
94D2
94D2
94B2
94D2
94D3
9CF3
9CF3
9CF3
9D13
9D14
9D14
9D14
8CB2
8450
8471
94D2
A554
A575
9D33
94B0
844D
7C0C
73CA
6B69
6329
6329
6329
6309
5AE8
5AC8
5AA8
52A8
52C8
5AC9
630A
6B6B
6B8C
738D
738C
6B8C
6B4C
6B6C
6B6C
6B6C
6B6C
73AD
73CD
7BED
7BED
7C2D
7C2D
7C2C
7C2C
7C4D
7C4D
7C4C
7C4C
7C4C
7C6C
7C6C
744B
744C
7C6C
746C
744C
6BEA
63A8
63A8
8C6E
A511
B573
C5D5
9CF1
7C2B
740A
7C4C
7C8D
7C8D
7CAD
7C8D
84AE
84AD
8CEE
8CEE
8CEF
84AE
8CCE
8CCE
8CEF
8CCE
84CE
84CE
848D
84AE
7C6D
7C4E
7C4E
7C4E
7C4E
7C2D
742D
740D
73EC
6BEC
740C
740D
742D
7C2D
742D
73ED
6BAC
6BAC
63AC
638C
638B
638B
63AC
6BAB
63AB
63AB
63AB
63AA
5B8A
5B89
5BAA
63CA
63CA
63A9
63AA
6BCA
6BCA
6BCA
6BEB
7C2C
846C
846C
7C4C
7C6C
7C4B
742B
742B
744B
7C4B
7C6B
7C6C
7C4B
7C4B
7C4B
7C4B
7C4B
7C6C
744B
742B
D6DA
D6DA
D6DA
D6DA
D6DA
D6DA
D6DA
D6FA
D6FA
DEFB
D6FB
DEFB
DEFB
DEFB
DEFB
DEFB
DF1B
DF1B
DF1B
DF1B
DF1B
DF1B
DF1B
DF1B
DF1B
DF3C
DF3C
DF3C
DF3C
E73C
E73C
E73C
E73C
E73C
E73C
E73C
E73C
E73C
E75C
E75C
E75D
E75D
E77D
E75C
B5F6
6B6B
52C9
4A68
4A88
52C9
4AA8
4285
4285
4285
4AC6
4AE6
5306
5306
4B06
4AE6
42A6
3A25
31E6
3A28
3A08
31E7
39E7
31C7
29A6
2185
2184
2164
2184
2185
2164
1944
1944
1924
1123
1924
1944
1944
2164
29A5
31C6
31C6
4248
4A89
5B0B
5B0B
4A89
4228
39E7
3A08
3A08
31C6
2985
2184
2184
29A5
29A5
29A5
2184
2164
1944
2184
29C5
31E5
3A06
39E6
4248
4AAB
5B4E
636E
636D
5B4D
636D
638E
63AE
638E
5B6D
532C
4AEA
4AA9
4AA9
52CA
530B
4AA9
3A48
3A27
3A47
3A27
3207
29C6
29C6
29A5
29C5
29C6
29C5
29E5
31E5
3225
4286
7BEC
AD52
C5F5
CE36
D677
D698
D698
CE78
CE57
CE77
CE56
C616
C616
B5B5
B594
AD94
A554
A533
9CF3
94D2
8CB2
8CB2
8CB2
8CB2
8CB2
94D2
94D2
94D3
9CF3
9CF3
9CF3
9D13
9D13
9D13
9D14
9D13
8CB2
7C2F
8470
94F2
A554
9D32
94D0
8C4E
7BEB
73CA
6B68
5B08
5B09
6309
6B4A
6B4A
6308
5AE7
52C7
52A7
52A8
52A9
5AC9
630A
6B4B
6B8C
6B8C
6B6C
6B4B
632B
6B4B
6B6C
73CD
7BEE
7C4E
7C4E
7C2D
7C4D
7C4C
7C6D
7C6C
7C6C
7C8D
7C8D
7C8D
7C8C
7C8D
7C8C
7C8C
7C8C
7C8C
746C
744B
6BEA
63C8
6BA9
8C8F
AD52
B5B4
C5F5
9CF0
73EA
6BEA
744C
7C8D
7CAD
84AD
7C8D
7C8D
7C8D
848D
84AE
84AE
7C6D
7C6D
848E
848E
848E
848E
7C8D
7C6D
7C6D
7C6D
7C6E
7C6E
7C6E
7C6E
848E
7C6E
7C4E
740D
740D
73ED
73ED
740E
846F
7C6F
740E
73ED
6BCD
6BCD
6BCD
6BAD
6BCD
6BCD
6BCC
6BCC
63AC
63AB
63AC
6BAC
63AB
5BAB
63CB
63EB
6BEA
740B
7C2C
742C
7C2C
742C
846D
848D
848C
7C6B
846C
7C4B
744B
744B
7C4B
7C4B
7C4B
7C4B
742B
7C4B
744B
744B
744B
7C4B
742B
740B
D6DA
D6DA
D6DA
D6DA
D6DA
D6DA
D6DA
D6DA
D6FB
DEFB
DEFB
D6FB
DEFB
DEFB
DEFB
DEFB
DF1B
DF1B
DF1B
DF1B
DF1B
DF1B
DF1B
DF3B
DF3C
DF3C
DF3C
DF3C
DF3C
E73C
E73C
E73C
E73C
E73C
E73C
E73C
E75C
E73C
E73C
E75C
E75C
E75D
E77D
E77D
D6DB
94F2
52E9
4A88
4A88
52C9
4AA8
4286
4285
4285
42A6
4AE6
4B06
5306
5326
4B06
4AE6
4286
3206
3207
31E7
31C7
3186
3186
2985
2985
2185
2184
2164
2164
1944
1923
1123
1123
1123
1924
1923
1944
1944
2185
31A6
2985
3A07
4A89
5B0B
5B0B
52AA
4228
39E7
3A08
3A28
39E7
31C6
29A5
29C5
31E5
29E5
29C5
21A5
2164
1944
2184
29E5
3206
3A06
39E6
5AEB
73F0
8CB4
94F5
94D4
94B3
8C93
8CB3
8CD4
8CF4
8CB4
8472
73F0
73CF
73D0
6BAF
638E
52EA
3A68
4268
3A68
3A27
3206
29C6
29C6
29A5
29A5
29C5
29A5
29A5
29C5
29E4
3A65
7BEC
A532
C616
CE57
D677
D678
CE57
CE37
CE57
CE57
C636
C616
BDB5
B594
AD74
A533
9D13
94F3
94B2
8C91
8C91
8C91
8CB2
8CB2
94D2
94D3
9CF3
9CF3
9CF3
9CF3
9CF3
9CF3
9CF3
94D3
9D13
94D3
94F2
7C0F
8450
94B1
9D12
94D0
8C6E
7C0C
73AA
6B89
6328
5AE8
52C8
5AE9
632A
6B6A
6349
5B28
5307
52E7
52C8
52A8
52A9
5AEA
630A
634B
6B8C
6B8C
6B6B
632A
634B
73ED
846F
8490
8CAF
848E
7C8D
744C
7C6C
7C8D
7C8D
7C8C
7C8C
7CAD
7CAD
7C8D
7CAD
7C8D
7C8D
7C8D
7C8D
7C8D
746C
63EA
5BA8
63C9
94AF
AD73
BDB4
BDF5
94D0
6BCA
6BCA
744C
7C8D
7C8D
7C8D
7C6D
746C
746C
7C6D
7C6D
744D
7C4D
7C2D
7C2D
7C4D
742D
744D
742D
742D
744D
7C6D
7C8E
7C8E
848E
848E
84AF
84AF
84AE
7C4D
7C2D
7C2E
7C0E
7C4E
848F
8CB0
7C4E
7C2E
7C0E
7C2E
7C2E
7C0E
7C2F
73EE
73ED
73ED
6BED
6BED
73ED
73ED
6BCC
63CC
63CC
6C0C
744C
7C4C
848E
84AE
8CAE
84AE
8CCE
8CEE
8CCD
84AC
84CC
7C8C
84AC
84AC
848C
7C6C
7C4B
7C6B
744B
7C6B
7C8C
7C6C
7C6C
7C6C
7C4B
742B
D6DA
D6DA
D6DA
D6DA
D6DA
D6DA
D6DA
D6DA
D6FB
DEFB
DEFB
DEFB
DEFB
DEFB
DEFB
DEFB
DEFB
DF1B
DEFB
DF1B
DF1B
DF1B
DF1B
DF1B
DF1B
DF3B
DF3C
E73C
DF3C
DF3C
E73C
E73C
E73C
E73C
E73C
E73C
E73C
E73C
E75C
E75C
E75C
E75D
E75D
E77D
E77D
C638
73CD
4A88
4A68
4AA9
4AA8
4286
4265
4285
42A6
42C6
4AC5
4AE6
4B06
4B06
4AE6
42A7
3A27
31C7
31A6
31A6
31A6
39A6
31A6
31A6
2985
2164
2164
2144
1923
1923
1903
1923
1924
2144
2144
2144
2144
2164
2986
2986
39E7
4A69
5B0B
5B0B
52AA
4249
3A08
3A28
4248
3A28
3206
3206
3226
3A26
3205
29A4
21A4
2164
1964
2184
29C5
31E5
3A06
31C6
52EB
8452
A556
A577
AD55
ACF3
ACD3
ACF3
A535
A576
9D56
AD97
9D35
A515
9CD5
9CF6
8452
634C
4268
4AA9
4288
3A27
31E6
29C5
29A5
29A5
29A5
2185
2184
2184
21A4
29C4
4266
844E
AD94
CE57
CE57
CE77
CE57
CE37
CE37
C637
C636
BDF5
B5B4
AD74
A553
9D33
9D13
94F3
94B2
8C91
8C91
8C91
94D2
94D3
94F3
9CF3
9CF3
9CF3
9CF3
9D13
9D13
9CF3
9CF3
94D2
94F3
94F3
94D2
94D2
844F
842F
844E
844E
844D
7BEC
6B8B
6B6A
6328
5AE8
52A8
52A8
5AE9
632A
738B
6BAA
6389
5B28
5307
52C7
52A8
52A9
52E9
632A
636B
6BCC
6BCC
73EC
638B
6BAC
7C2E
8CF0
9531
9510
84CF
84CE
7C8D
7C8C
7C8D
7CAD
7CAD
7CAD
7CAD
7C8D
7C8D
7CAD
7CAD
7CCD
7CCE
7CCE
7CAD
7C6C
63EA
5BA7
6BE9
94AF
AD73
BDB4
BDD4
94AF
6BCA
6BEA
7C6D
7CAD
7CAD
7CAD
7C8D
746D
746C
746D
744D
744D
740D
6C0C
73EC
740D
740D
740D
740D
740D
742D
744D
7C6D
7C8D
848E
848E
84AE
84AE
84AE
7C8D
7C6E
848E
848F
848F
8CD0
8CCF
7C6E
7C6E
7C4E
846F
846F
8470
8470
844F
7C2E
740E
7C2E
7C4F
7C4F
7C2E
740E
740D
740D
7C4D
7C6D
848E
8CCF
8CCF
8CCE
8CCE
8CEF
8CEE
8CEE
8CEE
8CED
8CEE
8CEE
8D0E
8CEE
8CCD
8CCE
8CCE
8CCD
8CCD
8CEE
8CCE
8CEE
8CCD
84AD
848D
D6DA
D6DA
D6DA
D6DA
D6DA
D6DA
D6DA
D6DA
D6DA
D6FB
D6FB
DEFB
DEFB
DEFB
DEFB
DEFB
DEFB
DEFB
DEFB
DEFB
DF1B
DF1B
DF1B
DF1B
DF1B
DF3B
DF3B
DF3B
DF3C
DF3C
DF3C
E73C
E73C
E73C
E73C
E75C
E73C
E73C
E73C
E73C
E75C
E75D
E75D
E75D
E77D
DF1C
A533
52C9
4A88
4AA9
4AC9
4286
3A65
4285
4285
42A5
42C6
4AC6
4AC6
4AE6
4AC7
4287
3A27
31C6
31A6
3186
41A6
49C7
41C7
39A6
3185
2944
2144
2965
3165
2945
2944
2944
2945
3985
41A6
39A6
3186
2965
2985
2986
39E7
4A69
5AEB
5B0B
52CA
4A69
4228
4228
4248
3A47
3A26
3205
3A26
3205
31E5
29A4
2184
2184
2164
2184
29C4
31E5
3A06
31E6
4A89
7410
9D36
A556
ACF3
A470
A430
A450
AD14
A556
9D35
ADB8
AD77
AD77
AD57
AD78
8C93
636D
4288
4AC9
4288
3A47
3206
29E6
29A5
29A5
29A5
1964
1964
2164
2184
29C4
4287
844E
AD94
C616
C636
CE57
CE57
CE78
CE57
C616
BDD5
AD74
AD54
A513
9CF2
94F2
94B2
8CB2
8C91
8C91
8C91
94B2
94D3
9CF3
9CF3
9D13
9D14
9D13
9D13
9D13
9CF3
9CF3
94D3
94D3
9D34
94D2
8CB2
844F
7C2E
7BED
73EB
73EB
6BAA
73AB
6B8B
6B6A
5B08
52C8
52A8
52C8
5B08
6349
6389
6B8A
6389
5B69
5328
5328
52E8
5B09
5B29
6B8B
6BEC
7C4D
7C4D
7C4D
740C
7C2D
846E
9510
9D51
9530
8CEF
84CE
7CAD
7CAD
7CAD
84CE
7CAD
7CAD
7CAD
7CAD
7CAD
84CE
84CE
84CE
84EE
84CE
7CAD
7C6C
6BE9
5BA7
6BC9
94B0
AD73
B5B4
BDB4
8C8E
6BCA
6C0A
7C8D
84CE
84CE
84CE
7CAD
7C8D
746C
744C
742D
742D
6C0C
6BEC
6BCC
6BCC
6BEC
6BEC
6BEC
6BEC
6C0C
740C
742C
7C6D
7C6D
7C6D
7C8D
7C8D
7C8D
84AE
84AE
8CCE
8CCF
8CCF
8CF0
8CCF
848E
846E
846E
8C8F
848F
8CB0
8CB0
848F
7C4E
7C4E
846E
8CB0
8CB0
844F
7C4E
7C4E
846F
848F
8CAF
84AE
8CCF
84AE
84AE
84AD
84AE
84AE
84CD
8CEE
8CEE
952F
952F
9530
9D2F
9D30
9D50
9D30
950F
9D2F
950F
9530
9D30
9510
94EF
8CCE
D6DA
D6DA
D6DA
D6DA
D6DA
D6DA
D6DA
D6DA
D6DA
D6DB
D6FB
D6FB
D6FB
DEFB
DEFB
DEFB
DEFB
DEFB
DEFB
DEFB
DEFB
DF1B
DF1B
DF1B
DF1B
DF3B
DF3C
DF3B
DF3C
DF3C
DF3C
E73C
E73C
E75C
E73C
E75C
E73C
E73C
E75C
E75C
E75C
E75D
E75D
E75D
E75D
EF7D
C658
73CD
4A68
4A89
52C9
4287
3A65
3A65
3A85
42A5
42A6
42A6
42A6
42A6
42A7
4267
3A07
31C6
31A6
3986
49C7
51E8
5A08
51E8
41A6
3985
3985
41A6
51C7
51C7
41A6
4185
41A6
51E7
5A08
5A08
49E7
41C6
31A6
31A6
3A07
4269
52EA
5B0B
52EB
4A89
4248
3A27
3A47
3A26
3205
29E5
3205
29E6
29C5
2184
2164
1964
1964
2184
29C5
3205
3206
3A06
4268
73EF
9D15
AD77
A4F4
A471
A451
A471
A514
A556
9D35
ADB8
B5B8
BDB8
BD98
BDB8
9CF4
73AD
4AA8
4AA9
4A88
4267
3A26
3206
31E6
31C6
29A5
1964
1964
2164
2184
29E5
5B09
8C90
AD74
BDB5
BDD5
BDF6
CE57
CE57
C637
BDD5
AD53
A533
9D13
94F2
94D2
8CB2
8C91
8C91
8C91
8C91
94B2
94D3
9CF3
9CF3
9D13
9CF3
9CF3
9D13
9CF3
9CF3
9CF3
94D3
94D2
9D13
AD75
94F3
8C91
7C0E
7C0D
73CB
6B89
6368
5B48
636A
6B8C
6B6B
5B08
5AE8
52E8
52E7
5327
5B48
5B48
5B48
5B68
5B69
5B68
5B69
5B48
638A
6BAA
740B
7C4C
848D
84AE
848D
7C6D
7C6D
84AE
8CEF
94EF
8CEF
8CEF
84CE
84CE
84CE
84CE
84AE
7CAD
7CAD
7CAD
84AD
84CE
84CE
84CE
84EE
84CE
7CAD
7C8D
744B
63E9
5B87
6BC9
8C8F
AD73
B594
B594
844D
6BC9
742B
7CAD
84EE
84EE
84EE
84CD
7CCD
7C8D
746D
744C
6C2C
740D
6BEC
6BCC
6BCC
6BEC
6BCC
6BCC
6BCC
6BCC
6BEC
6C0C
742D
744D
7C6D
7C6D
7C6D
7C8D
84AE
84AE
84CE
8CCE
8CCF
8CCF
8CCF
848E
848D
846D
848E
8CAF
94D0
94F0
8CD0
848E
848E
8CCF
94F0
9D11
8CB0
848F
8C8F
8C8F
8CD0
94F0
8CF0
8CEF
8CCE
84AE
84AE
84AE
84AE
84AE
8CEF
950F
9D51
9D51
A571
A571
AD71
AD71
A551
A551
A571
A550
A550
9D50
A551
9D30
9D10
D6DA
D6DA
D6DA
D6DA
D6DA
D6DA
D6DA
D6DA
D6DA
D6FA
D6DA
DEFB
DEFB
DEFB
DEFB
DEFB
DEFB
DEFB
DEFB
DEFB
DEFB
DF1B
DF1B
DF1B
DF1B
DF3B
DF3C
DF3C
DF3C
DF3C
DF3C
E73C
E73C
E73C
E73C
E73C
E73C
E75C
E75C
E75C
E75C
E75C
E75C
E75C
E75D
E75D
DF1C
A554
52A9
4A89
52C9
4287
3A65
3A65
4285
4285
42A6
4286
3A65
4286
4287
3A67
3A27
31C7
31C6
39C7
49C7
5208
5A29
5A09
49A7
4186
4186
5A07
6A49
7249
6208
51C6
49A6
5A07
6A49
7269
6A49
51E7
39C6
31A6
31E7
4248
52AA
5AEB
5AEB
4A89
3A27
3A06
3A26
3205
29C4
29C4
2A05
29E6
31E6
2184
2164
1964
1964
2184
29C5
3206
3206
4248
4268
73CF
9D15
AD97
A556
A4F4
9CD3
9CF4
A556
A597
9D36
ADB7
B597
C597
C577
BDB8
9CF4
73CE
4AA8
4AA8
4288
3A46
3A26
3206
31E5
3206
31E6
29A5
2184
2184
29A4
4267
73CD
A512
BDD5
BDB5
BDB5
BDF6
CE57
C637
BDF6
A553
9D13
9CF2
94F2
94D2
8CB2
8C71
8471
8471
8C91
8CB1
94B2
94D3
94D3
94D3
94F3
94F3
9CF3
9CF3
9CF3
9CF3
94D3
94D3
94D2
A574
B5D6
9D34
8C70
7BED
7BED
6B8A
6347
5B27
5B28
634A
632A
632A
5AE8
5AE8
52E8
5327
5327
5327
5307
4B07
4B07
5327
5348
5B68
6389
6BAA
6BCA
6BEB
740B
7C4C
7C6D
7C4C
742C
742C
7C4C
7C6D
7C6D
7C6C
7C8D
848D
84AD
84CD
84AD
7C8D
7C8D
7C6C
7C8C
7C8D
84CD
7CAD
7CAD
7CAD
7C8C
744B
742B
6BEA
63C8
5B87
6BC9
8C8F
A532
AD53
A532
7C2D
6BEA
7C4B
7CAC
7CCD
7CCD
84ED
84ED
84ED
7CCD
7CCD
7C8C
744C
6C2C
6BEC
6BEC
6BCB
63CB
63AB
638B
638B
63AB
6BCB
6BCB
740C
742C
744C
7C4C
7C6C
7C8C
7C6C
7C6C
7C6D
848D
848E
848E
8CAE
846D
846D
848D
84AE
8CCF
94EF
9510
8CD0
8CAE
84AE
8CCF
94F0
94F0
94D0
94D0
94D0
94F0
9510
9510
9510
94EF
8CCE
84AE
8CEF
8CCF
8CCF
8CCE
94EF
9510
9D30
9D30
A571
AD71
AD92
AD92
AD71
A551
AD71
A551
A550
A550
A551
A550
9D30
D6BA
D6DA
D6DA
D6DA
D6DA
D6DA
D6DA
D6DA
D6DA
D6FA
D6FB
DEDB
DEFB
DEFB
DEFB
DEFB
DEFB
DEFB
DEFB
DEFB
DEFB
DF1B
DF1B
DF1B
DF1B
DF1B
DF1B
DF1B
DF3C
DF3B
DF3B
E73C
E73C
DF3C
E73C
E73C
E73C
E73C
E73C
E73C
E75C
E75C
E75C
E75C
E75D
E75C
E75D
C658
7BEE
4A88
52C9
4A88
3A65
3A65
4286
4286
42A6
3A85
3A65
4266
4267
4268
3A48
3A28
4228
4208
41E8
41C8
49E9
49E9
41A8
3986
4186
51C7
6228
6A49
5A07
49C6
41A6
49E7
5A28
6228
6228
51E7
39A6
2985
29A5
3A28
4AA9
5AEB
5B0B
4A89
3A27
31E5
3205
29E5
29C4
29C4
29E5
3206
31E6
2185
2184
2184
2164
2184
29C4
3205
3205
3A26
4247
73CF
94F4
AD98
AD76
A535
A535
A556
A577
AD97
9D36
AD97
AD76
BD76
BD56
BD97
9CD4
73CE
4A88
4267
3A46
3A25
3205
31E5
29E5
3A47
3A47
3205
3205
3205
3205
5B09
8C6F
B594
C616
C5F6
BDF6
CE57
CE57
C616
AD74
9D12
9CF2
94D2
94D2
8CB2
8C91
8C91
8C91
8C91
8CB2
94B2
94D2
94B2
94B2
94D2
94D3
94D3
94D3
94D3
94D2
94D2
94B2
8CB2
9D33
B5B5
BDF6
A554
8C70
840E
7BED
6B8A
5B48
5306
5B27
5B09
632A
6309
5AE8
5AE8
5308
5327
4B07
4B07
4AE7
42C6
42C6
4AE7
4B07
5327
5B68
6389
6369
5B68
6389
6BCA
740B
6BEB
63AA
63AA
6BEB
6BEA
6BEB
6BCA
6C0A
742B
744C
7C6C
7C4C
7C4C
744B
742B
742B
742B
7C6C
746C
744B
742B
6C2B
63EA
63C9
63A9
5B88
5B87
6BA9
844E
9CD0
9CF1
94B0
73EB
6BC9
742B
746B
746B
746B
748B
7CAB
7CAC
7CAB
7CAB
7C8C
744B
6C2B
6BEB
63EA
63CA
63AA
638A
5B69
5B49
5B49
5B8A
63AA
63CA
6C0B
740B
740B
742B
742B
740B
740B
740B
742C
7C2C
7C4C
846D
7C4C
7C4C
7C6C
846D
8CAE
8CCE
8CAF
8C8E
848E
846D
848E
8CAE
94AF
94AF
94CF
94CF
94EF
94EF
94EF
94EF
94EF
94EF
8CCF
94F0
94EF
94EF
8CCE
94CF
94EF
950F
94EF
9D30
A550
A550
A550
9D2F
A530
A551
A530
9D0F
9D0F
9D2F
9D30
9D0F
D6DA
D6BA
D6DA
D6DA
D6DA
D6DA
D6DA
D6DA
D6FA
D6FA
D6DB
D6FB
D6DA
D6FB
DEFB
DEFB
DEFB
DEFB
DEFB
DEFB
DEFB
DEFB
DEFB
DF1B
DF1B
DF1B
DF1B
DF3B
DF3B
DF1B
DF3C
DF3C
DF3C
DF3C
E73C
E75C
E73C
E75C
E73C
E73C
E73C
E75C
E73C
E75C
E75D
E75D
E75D
DEFC
A554
52EA
52C9
4AA8
3A66
3A65
4286
4286
4286
3A65
3A65
4287
4288
4AA8
4A89
4AA9
4AAA
4249
31E8
31C9
31EB
31EB
31C9
2987
2965
39A6
41E7
4A28
4207
31C6
29A6
31E7
4228
4A28
4A07
41C6
31A5
2985
2986
3A27
4A89
5B0B
5B0B
4AA9
3A47
31E5
3205
29E5
29E5
29C4
31E5
3206
31E6
29A5
2184
1984
1964
2184
29C4
3205
3205
3205
3A26
6BAE
94F4
AD97
AD56
AD35
A535
A556
AD97
AD97
9D35
AD97
AD97
C598
C597
BDB8
9CF4
7BCE
4247
4246
3205
3205
31E5
3205
29E5
3205
3225
3225
3A25
3A66
3A46
632A
840E
A511
AD52
B594
BDF6
CE78
C657
B5D5
A533
94F2
94D2
94D2
8CB2
8C91
8C91
8C91
8CB1
8CB1
8CB2
94B2
94B2
94D2
94D2
94D2
94D2
94D2
94D2
94D3
94D2
94D2
8CB2
8CB1
B595
B5B5
BDF6
9D13
8C70
844F
7C0E
73CB
5B28
52E7
5307
5B08
6329
5B09
5B08
5B08
5308
5307
4AE7
4AE7
4AE7
42C7
42C7
42C7
4AC7
4AE7
5328
5B49
5B48
4AE7
5328
5B69
63AA
6389
5B89
5B69
63A9
63AA
6389
63A9
63A9
6BCA
6C0B
740B
6C0B
742B
6C0A
6BEA
6BEA
63E9
6C0A
6C0A
6BEA
63C9
5B88
5368
5347
5368
5B68
5B67
6369
7BED
8C4F
9490
842E
6B8A
6388
6C0A
6C2A
6409
6409
6409
6C29
6C4A
6C29
6C29
6C29
6C2A
6C0A
640A
63C9
63C9
5BA9
5B89
5328
5307
5328
5B48
5B68
5368
5B89
6389
6389
6BCA
6BAA
63AA
63A9
6BCA
6BCA
6BCA
6BEB
73EB
740B
7C2B
7C2C
7C2C
844D
846D
842C
7C2C
7C2C
7C2C
7C2C
844C
846D
8C6D
8C8D
8C8E
8C8E
8C8E
8C8E
8C8E
8CAE
94AF
94AF
94AF
8CAE
8C8E
8C8E
94AE
94CF
8CCE
8CCE
8CCE
94EE
94EE
94EE
94CE
94EE
9D2F
9D0F
94CD
8CCD
94EE
94EE
94CE
D6BA
D6BA
D6DA
D6DA
D6DA
D6DA
D6DA
D6DA
D6DA
D6DB
D6DA
D6FB
DEFB
DEFB
DEFB
DEFB
DEFB
DEFB
DEFB
DEFB
DEFB
DEFB
DEFB
DEFB
DF1B
DF1B
DF1B
DF3C
DF3B
DF3B
DF3C
DF3C
DF3C
DF3C
DF3C
E73C
E75C
E75C
E75C
E73C
E73C
E73C
E73C
E75C
E75D
E75D
E75D
E77D
C659
7C0E
4AC9
4AA8
3A66
3A45
3A66
3A66
3A66
3A46
3A45
4287
4A88
4AC9
4AA9
530B
5B4C
4AEC
3A4A
21EB
19ED
220D
21CB
1987
1945
1986
21C6
29E7
21C7
19A6
11C6
1207
1A48
2A48
3207
31C6
29A5
2985
2986
3A07
4A89
5AEA
630B
52CA
4A48
3A06
29E5
29E5
31E5
31E5
31E5
3A06
31E6
29E6
21A5
21A4
1984
21A4
29C4
3205
31E5
31E5
3226
638D
8CD4
A577
A535
AD14
A515
AD56
A556
AD77
9D35
AD97
B5B8
C5F9
C5D9
C5D9
A4F5
7BEF
4247
4247
31E5
31E5
3205
3205
31E5
3205
3205
3225
3225
3A46
3A45
52C8
738B
8C4E
9CF1
A532
BDF6
C657
C637
AD53
94D2
94B2
8CB1
8CB1
8C91
8C91
8491
8C91
8CB1
8CB1
8CB2
94B2
94D2
94D2
94D2
94D2
94D3
94D2
94D2
94D2
94D2
8CB2
8C91
94F2
BDF6
B5B5
B5B5
94D1
8C91
8C70
842E
7BED
634A
52E8
52C7
52E8
5B09
5B09
5B09
52E8
4AE8
4AE7
42C7
42A7
42A7
42A7
42A7
42A7
42A6
4AC7
5B28
5B28
5328
4B07
4B07
5308
5308
4B07
4B07
4B08
5348
5B69
5B68
5348
5348
5368
5B89
5B89
5BA9
63A9
5BA9
5BA8
5B88
5B88
5BC9
63C9
63C9
5BA9
5348
4B47
4B27
5348
5347
5327
5B08
6B8B
7BCD
840E
73CD
6349
5B68
6BCA
63E9
5BA8
5BA7
5BA7
5BA8
5BC8
63C8
63C8
5BC8
63C8
63E9
6409
63C9
63C8
5BC8
63A8
5B68
5347
5347
5B68
5347
4B47
5347
5B68
5B48
5B68
6369
6369
5B48
5B48
5B68
6389
6369
6389
6BA9
6BC9
73EB
73EB
7C0C
7C0C
73EB
73CB
6BCA
6BCA
6BCA
73EB
7C0B
7C2C
7C0B
7C2B
7C0B
7C2C
7C0C
7C0C
842C
844D
8C6D
844D
842D
7C2C
7C2B
844C
8C8D
846C
7C4B
846B
846B
7C4B
7C4B
846B
846C
8CAD
8C8C
846B
846B
848C
848C
846C
D6DA
D6DA
D6DA
D6DA
D6DA
D6DA
D6DA
D6DA
D6DA
D6DA
DEFA
DEFA
D6FB
DEFB
DEFB
DEFB
DEFB
DEFB
DEFB
DEFB
DEFB
DEFB
DF1B
DEFB
DF1B
DF1B
DF1B
DF1B
DF3B
DF3B
DF1B
DF3B
DF3C
DF3C
DF3C
E73C
E73C
E75C
E73C
E75C
E75C
E73C
E73C
E75C
E75D
E75D
E75D
E75D
DF3C
A574
5B0A
4AA9
3A67
3225
3225
3A26
3A26
3A46
3A46
4AA8
52C9
52EA
636C
73EF
7C51
6BD0
4B0D
2A4D
1A0E
1A2F
19EC
19A8
1986
19C7
19E7
1A07
11E7
09A6
09C6
0228
0269
0A89
1A48
2207
29C6
29C6
31C7
4228
4A89
5AEA
5B0B
5AEA
5268
39E6
31C5
31E6
4227
4227
4A48
4A68
4268
3A47
3246
3246
2A05
2A05
29E4
2A05
29E5
29E5
3205
636D
8CB3
9D56
A535
A514
A556
AD77
A556
A556
9515
A576
B597
BD98
C577
BD98
9CF4
8430
4A88
4246
31E5
31C5
3205
3A26
3225
3225
3205
3225
3A46
3A45
4266
4A86
6B4A
840D
948F
9CF1
BDF6
BE16
BDD5
9CF2
94B2
8C91
8C91
8C71
8C71
8C71
8C71
8C91
8C91
8C91
8CB2
94B2
94B2
94D2
94D2
94D2
94D2
94B2
94B2
94B2
8CB2
8CB2
8C91
AD74
C5F6
BDD5
A532
94D1
94D1
8C90
842F
7C0E
6B8C
632B
52C8
52A8
52C9
5AE9
52C9
52C8
4AC8
4AC7
42A6
4286
42A6
42A7
4AE7
4AE7
5308
5B28
5B48
5B49
5348
5348
5B69
5328
4AE7
4AC7
42C6
42C6
4B27
5328
5328
4B07
4B07
4B27
4B47
5347
5347
5367
5367
4B47
5347
5367
5388
5BA8
5BA8
5BA8
5368
5368
5368
5B68
5347
5307
4AC7
632A
6B6B
738C
634B
5B09
5B69
63A9
5B88
5367
5367
5367
5367
5387
5BA8
5BA8
5387
5387
63E8
63E8
63C8
5BA7
5BA7
63C8
63C8
5BA8
5B87
5B87
5B87
5B87
5B88
63A8
5B88
5B88
6389
5B68
5B68
6389
6389
63A9
6389
6368
6388
6389
73EB
7C0B
7C0C
7BEB
73CB
6BAA
6369
6389
63A9
73EB
7C0B
7C0C
7C0B
7BEB
73EA
73CA
7BEB
7C0C
842C
842C
7C0C
7C0C
73EB
73CA
73EA
740A
740B
73EA
73E9
7409
6BE9
6BE9
6BE9
6BE9
73EA
740A
740A
740A
7C0A
7C2B
7C0B
73EA
D6DA
D6BA
D6DA
D6DA
D6DA
D6DA
D6DA
D6DA
D6DA
D6DA
D6FA
D6DA
D6FB
D6DB
D6FB
DEFB
DEFB
DEFB
DEFB
DEFB
DF1B
DF1B
DEFB
DEFB
DF1B
DF1B
DF1B
DF1B
DF1B
DF1B
DF1C
DF3B
DF3B
DF3C
DF3C
E73C
DF3C
DF3C
E73C
E73C
E73C
E73C
E75C
E75C
E75C
E75C
E75D
E75D
E75D
C679
7C4F
4AA9
3A47
3205
3206
3206
3205
3205
3A46
4288
52E9
5B2B
740F
94D3
A575
8CB3
63B0
328E
1A0E
122F
1A0D
21EA
21C7
2A08
2228
1A28
11E7
09C6
01C6
0228
02AA
02AA
0A89
2248
2A07
3A28
4248
4A69
52A9
5AEA
5AEA
5AA9
5248
41E6
4228
4A8A
5AEB
5AEA
630B
5B0B
5B0B
530A
4AE9
4AC8
42A7
3A66
3225
3205
29E5
29E5
2A05
5B4C
8492
94F5
94F4
94D3
9D36
9D56
9D15
9D36
94D4
A556
AD77
BD97
BD57
BD98
9CF5
840F
4A88
3A26
31E5
31E5
3205
3A46
3A46
3A46
3A45
3A65
4286
4286
4A87
4AA7
62E9
736B
7BEC
9CD0
B594
B5D5
A553
94B1
8C91
8471
8471
8471
8451
8471
8C71
8C91
8C91
8C91
8C91
94B2
94B2
94B2
94D2
94D2
94B2
94B2
94B2
8CB2
8CB2
8C92
8CB1
BDF6
C617
B5B4
94AF
9CF1
9CF2
94B1
842F
7C0E
73CD
6B6C
5B09
52A8
4A88
4A68
4268
4287
42A7
42A7
42A6
42A7
42A7
42A7
52E8
5B28
6349
6349
6349
5B28
5348
5B69
63AA
5B89
5328
5328
5328
4B27
5328
4B28
5327
4B27
4B27
4B27
4B27
4B26
4B27
4B47
5347
5367
4B27
4B27
5347
5367
5B88
5388
5367
5367
5B68
5BA8
5B88
5327
4AC7
5AEA
632A
630A
5AEA
52E8
5B29
5B49
5327
4B07
4B07
4B27
4B47
5367
5BA7
5BA8
5BA7
5387
63E8
63E8
63C8
63C8
5B88
63C8
63C9
5BA8
5387
5367
5387
5B87
5BA8
63A8
63C8
63A7
63A8
5B88
5B68
6388
63A9
6BC9
63A9
63A9
6388
6BA9
740A
842C
844C
7BEB
73EB
6BAA
63AA
63AA
73CA
842C
8C4D
842D
7C0B
7BEB
73EA
73EB
7C0C
842D
8C6E
8C4D
842C
73EB
73CA
6BA9
6BC9
6BC9
6BCA
63A9
63A8
63A8
63A8
63A8
6388
6BA9
6BC9
6BCA
6BC9
6BEA
73EA
7C0B
73EB
73EA
D6BA
D6BA
D6BA
D6DA
D6DA
D6DA
D6DA
D6DA
D6DA
D6FA
D6FA
D6DB
D6FB
DEFB
DEFB
DEFB
DEFB
DEFB
DEFB
DEFB
DEFB
DEFB
DF1B
DEFB
DF1B
DF1B
DF1B
DF1B
DF1B
DF1B
DF3B
DF3B
DF1C
DF3B
DF3C
DF3C
DF3C
DF3B
E73C
E73C
E73C
E73C
E73C
E73C
E75C
E75C
E75D
E75D
E75D
E73C
ADB6
5B2A
3A47
29E5
29E6
29E6
29C5
31E5
3A26
4AA8
52EA
5B4C
8470
9D55
B5D7
9D34
6BF0
3AAE
1A2E
1A2F
1A2D
2A2A
3A49
3249
3269
1A27
1207
09C7
09E7
0228
0289
02AA
0A8A
2A89
3A89
4AAA
52AA
52CA
52CA
5AEA
5ACA
52A9
5228
5269
632C
73AF
7BCE
6B6C
6B8C
6B8D
6B8D
636C
636B
5B4B
532A
52E9
4AA8
4267
3A47
3A27
3A27
5B4C
8472
8CB4
8493
8492
9516
9D36
94F5
9D15
94F4
A556
AD97
BDD8
BD98
BDD8
A515
8410
52A9
4268
4268
4A88
4AC9
4AC9
4AC8
4AA7
4286
4286
3A66
42A7
4AA7
52C8
6309
6B4A
7BCC
9CD1
AD74
B595
9CF2
8C91
8C71
8471
8451
8451
8471
8471
8C91
8C91
8C91
8CB1
8CB2
94B2
94D2
94D2
94D2
94B2
94B2
94B2
8C92
8C92
8C91
8C91
94D2
C637
BDF6
B594
948E
9CD0
AD53
94B1
844F
7BED
73AC
6B6A
6329
5AE8
4A88
4247
3A26
3A46
3A87
4286
42A7
4AC7
4AC7
4AE7
5308
6369
6B8A
6B8A
6369
5328
5B69
63CA
6BEB
5BA9
5B89
5368
5B69
5348
5B68
5348
5368
5368
5388
5368
5347
4B47
4B47
4B47
5367
5388
5347
4B47
4B27
5347
5347
5347
4B47
4B27
5347
5B88
63C9
5B48
4AC7
52C9
5AEA
5AC9
52C9
4AC8
52E8
4AE8
42C7
42C6
42E7
4B27
4B27
4B46
5367
5BA8
5BA8
5BC8
63C8
63C8
63C8
6BE9
6BC9
6BE9
63C9
5B88
5347
4B26
5347
5B87
5B87
5B67
5B87
5BA7
5B87
5B67
5B47
5B67
5B88
6388
63A8
73EA
6BC9
6BC9
73E9
7C0A
7C2B
73EA
740A
6BCA
6BCA
740B
7C2C
8C4D
8C8E
844D
7C0B
7C0B
7C0B
7C0B
842C
8C6D
94AE
8C8E
842C
7C0B
73CA
63A9
6388
63A8
63A8
5B88
5B68
5B67
5B67
5B88
6388
63A9
63A9
6BCA
6BCA
73EB
73EB
7C0C
7BEB
73CB
D6DA
D6DA
D6DA
D6BA
D6DA
D6DA
D6DA
D6DA
D6DA
D6FA
D6DA
D6FA
D6FB
DEFB
DEFB
DEFB
DEFB
DEFB
DEFB
DEFB
DEFB
DEFB
DEFB
DEFB
DF1B
DF1B
DF1B
DF1B
DF1B
DF1B
DF3B
DF1B
DF1B
DF1B
DF3B
DF3C
DF3C
DF3C
E73C
E73C
E73C
E73C
E73C
E73C
E73C
E75C
E75C
E75C
E75D
E75D
CE99
844F
4247
29C5
29A5
2985
29A5
29E5
3226
4AC9
634C
6BAD
8450
9D14
A554
94D3
73EF
4B0E
328E
32AF
328E
3A8C
4AEC
4ACB
3A8A
2A48
2248
1A07
1A08
1248
0A89
0AAA
1AAA
32AA
4ACA
5B0B
632C
5B0B
5AEA
5AEA
5ACA
52A9
5268
6B4D
8410
9492
8C71
73AD
73AD
7BEE
7BEE
73CE
73AD
73CD
6BAD
6B6C
632B
5B2B
5B0B
5AEB
52CA
6B8D
8CB3
8CD4
8CB4
8493
9516
9D77
9515
94F5
8CD4
9D55
AD97
C5F9
C5F9
C5F9
A536
8C71
632B
5B2B
6B6C
6B8D
73AD
6B6D
634C
5B2A
5309
4AC8
4287
4266
4AA7
5AE9
6B2A
7BCC
94B0
AD74
B5B5
AD54
94B2
8C71
8C71
8451
8451
8451
8451
8471
8C91
8C91
8C92
8CB2
94B2
94B2
94B2
94B2
94B2
94D2
94B2
94B2
8CB2
94B2
8C92
8C91
9CF2
C637
BDD6
B574
948F
9CD0
A553
94F2
8C90
7C0E
6B8C
634A
6329
5B09
52A8
4247
3A26
3A46
3A67
3A66
42A7
4AC7
4AE7
5308
5B28
6369
6B8A
6B8A
6369
5B48
6389
6BCA
63CA
63A9
5B89
5B68
5B89
5368
5B88
5368
5B88
5B88
5BA9
5B88
5B88
5B88
5367
5347
5347
5B88
5388
5368
4B47
4B47
4B27
4B47
4B27
4307
4B27
5347
63A8
5B48
4AA7
4A88
52A9
5288
52A9
4AA7
4AC8
4AC7
42C7
42C6
4306
4B27
4B47
4B66
5366
5387
5B87
5BA8
5BA7
5BA7
5BA7
6BC9
73EA
73EA
6BEA
6389
5327
4AE6
5327
5347
5347
5327
5B47
6388
5B67
5347
5327
5B68
5B68
5B68
5B68
6BC9
73EA
6BC9
6BA8
6BC9
73E9
6BC9
6BC9
63A8
6BC9
740B
842C
842C
842B
7C0B
73EA
740A
740A
73EA
7C0B
842C
8C6D
846D
7C2C
7C0B
73CA
6389
5B68
5B68
5348
5348
5347
5347
5328
5B68
6388
6389
6389
6BCA
73EB
7C0C
7C0C
842D
7C0C
7BEC
D6DA
D6BA
D6DA
D6DA
D6DA
D6DA
D6DA
D6DA
D6DA
D6DA
D6DA
D6DA
D6FB
D6FB
DEFB
DEFB
DEFB
DEFB
DEFB
DEFB
DEFB
DEFB
DEFB
DEFB
DEFB
DEFB
DEFB
DF1B
DF1B
DF1B
DF1B
DF1B
DF1B
DF3B
DF3B
DF3B
DF3C
DF3C
DF3C
DF3C
E73C
E75C
E73C
E73C
E73C
E73C
E75C
E75C
E75C
E75D
E73C
ADB5
530A
29A5
2164
2164
29A5
29C5
3225
52EA
6BAD
7C2F
7C30
8C92
8CB2
8C91
73F0
638F
534F
536F
534F
5B4E
5B6E
534D
4AEC
42CA
3ACA
3AAA
328A
32AA
2ACA
2ACB
2ACA
42EB
532C
638D
6B8D
636C
632B
5AEA
52CA
5ACA
5289
736D
94B3
A534
9491
7BCE
73CD
7BEE
7BEE
7BEE
7BEE
7BEE
7BEE
7BEE
73CD
7BCE
7BCE
7BCE
73AD
7BEE
94D3
94F5
8CD4
8CB3
94F5
94F5
94D4
8CD3
84B3
9D15
AD76
BD97
C5D8
C5D8
AD56
94B2
7BCE
7BEE
840F
840F
840F
7BEE
7BEE
7BEE
73CD
634B
5AE9
52A7
52C8
6B4A
7BAC
9490
AD73
BDD6
B5D5
9D13
94B2
8C71
8451
8451
8451
8451
8451
8471
8C91
8C91
8C91
8CB2
8CB2
94B2
94B2
94B2
94B2
9D13
94D3
94D2
94B2
94F3
8CB2
8C91
9CF2
C637
BDD5
B553
948F
9CD0
9CF1
A533
94D2
8470
73CD
6B6B
634A
6309
52A8
4247
3A26
3A26
3A46
3A66
4287
4AA7
4AC7
5307
5B28
6349
6348
5B28
5328
5B48
6389
6BAA
63A9
5B89
5B89
5B68
63A8
5B88
5BA8
5B68
5B88
5B88
63A9
63A9
63A9
5B88
5B68
5367
5367
63A9
63A9
63C9
5388
5388
5368
5368
4B47
4307
4B07
5347
5B88
5347
4AA7
4A47
4A68
4A48
4A88
4A87
4AC8
4AE8
42E7
4306
4B27
4B47
4B47
4B46
4B46
5366
5346
5B87
5B87
5366
5366
5B87
6BA8
73EA
740B
73EA
6BA9
5327
5B48
5347
5B48
5327
5B68
6BCA
5B48
5307
5307
6389
63AA
5B68
5B47
6388
6BE9
6BC9
6388
63A8
63A9
63A8
63A8
5B67
5B68
63A9
73CA
73EA
6BC9
63A8
6BC9
6BE9
6BE9
6BC9
6BE9
73E9
740A
740A
73EA
73CA
6BC9
6388
5B68
5328
5327
5307
5328
5348
5328
5B48
6369
6BAA
6BAB
73CB
73EB
842C
842D
842D
7C0C
7BEC
D6DA
D6DA
D6BA
D6DA
D6DA
D6DA
D6DA
D6DA
D6DA
D6DA
D6DA
DEFA
DEFB
D6FB
DEFB
DEFB
DEFB
DEFB
DEFB
DEFB
DEFB
DEFB
DEFB
DEFB
DEFB
DEFB
DF1B
DF1B
DF1B
DF1B
DF1B
DF1B
DF1B
DF3B
DF3B
DF1B
DF3C
DF3C
DF3C
DF3C
DF3C
E73C
E73C
E73C
E73C
E73C
E75C
E75C
E75D
E75D
E75D
CE9A
8470
29E5
2184
2164
2185
29C5
3A26
52EA
6BAD
7C10
740F
7410
7C30
7C50
7C50
7C30
7430
7431
7431
7430
6BF0
6BD0
638E
5B6D
5B6D
5B4D
534D
4B2C
4B2C
4B2C
4B2C
5B4D
6BAE
73EF
73EF
6BAE
634C
5AEA
52CA
5ACA
5AEA
738D
8C71
9CF3
8C70
7BEE
73CE
7BEF
7BEE
7BEE
7BEE
73CD
73CD
73CE
7BCE
7BCD
7BCD
7BEE
7BEE
7C0E
94D3
9515
9515
8CB4
9D36
9515
8CB4
8493
8CB3
9515
AD76
B577
BD77
BDB8
B576
9CF3
840F
840E
842E
8C2F
842E
83EE
83EE
840E
840E
73AC
5B09
5AE8
632A
73AC
9490
AD53
B5B5
BDD5
A553
9CD2
94B2
8C71
8451
8451
8450
8451
8451
8471
8C91
8CB1
8CB1
94B2
94B2
94B2
94B2
94B2
94B2
94B2
9D34
9CF3
A554
A534
8CB2
8C91
94D1
C637
BDD6
B574
94B0
94B0
94D0
9D12
A533
94F3
8450
738C
6B4A
5B09
52A8
4247
3A06
3A06
3A26
3A46
3A46
42A7
4AC7
4AE7
52E7
52E7
4AC7
42A6
4AC6
4AE7
5B28
6389
6369
5B69
5B69
5B68
5B88
5B68
5B88
5367
5B68
5B68
5B88
5B88
5BA8
5B68
5367
5367
5B88
63C9
63C9
63C9
5BA8
5BA8
5BA8
5BA8
5B88
4B27
4B07
5347
5B88
5347
4A87
4227
4247
4227
4A88
4AC8
5329
5328
4B27
4B26
4B26
4B46
4B46
4B46
4B46
5366
5366
5366
5B87
5366
5346
5366
5B67
63A8
6BEA
73EA
6BC9
5B88
6388
5B88
6389
6349
6BAA
6BAA
5B49
4AC7
5307
6369
6BAA
6389
5B68
6388
63C9
63A8
6388
6389
63A9
6388
5B68
5B67
5347
5347
5B68
6388
5B88
5B67
5B68
63A8
63C8
63A8
6388
63A8
63A8
63A8
6388
6388
63A8
6388
6388
5B48
5327
4B07
5B48
6369
6369
6369
6B8A
73CB
73EB
73EB
73EB
7C0C
7C0C
7C0B
7C0B
7BEB
D6BA
D6DA
D6BA
D6DA
D6DA
D6DA
D6DA
D6DA
D6DA
D6DA
D6DA
D6DA
D6FA
D6FB
D6FB
DEFB
DEFB
DEFB
DEFB
DEFB
DEFB
DEFB
DEFB
DEFB
DEFB
DEFB
DEFB
DEFB
DF1B
DF1B
DF1B
DF1B
DF1B
DF3B
DF3B
DF3B
DF1C
DF3C
DF3B
DF3C
DF3C
E73C
E73C
E75C
E73C
E73C
E73C
E73C
E75C
E75D
E75D
E73C
ADB5
4AA7
29A5
2185
29A5
29A4
3A46
5B4B
73CE
7C30
7C50
8471
8471
8491
8CB2
8CB2
8CB2
94D2
94D2
94D2
8471
8451
7C30
73EF
73EF
6BCE
6BAE
6BAE
638E
638E
63AE
6BAE
73CF
73EF
740F
73EF
636D
5B0B
52A9
5B0B
634C
73CE
8430
8C71
8450
7C10
7C10
7C10
740F
73EF
73EF
73EE
73CE
73EF
7BEF
73CE
73CE
7BEE
7C0F
7C0F
94D3
9D35
9D36
94F4
9D36
9D36
9515
8493
8CD4
9515
AD97
B5B8
BDD8
C5F9
B5B8
A514
8C4F
842E
8C4F
8C6F
8C4F
842E
83EE
840E
7BED
73AC
632A
6309
7BAC
946F
A512
AD74
B594
A553
9CF2
94D2
8C91
8C71
8451
8450
8450
8451
8451
8471
8C91
8CB1
8CB1
94B2
94B2
94B2
94B2
94B2
94B2
94B2
9D14
A595
AD95
94B2
8CB2
8C91
8C90
BDF6
BDD6
B594
9CD1
9490
9CF1
9D12
A554
9D13
94D2
7C0E
6B8C
6309
52A8
4227
3A06
3206
3A26
3A46
3A46
4287
4AC7
4AC7
4AC7
4286
3A66
3A66
3A86
42C7
5328
5B49
5B69
63AA
63AA
5B89
5347
5347
5347
5327
4B27
5327
5347
5348
5B68
5348
5347
4B47
5B88
5B88
5B88
5B88
5BA8
5387
5387
5BA8
5BA8
5B88
5347
5B88
5BA8
5347
4AA7
4207
3A07
3A06
4A87
5308
6389
5B89
5347
4B06
4306
4B26
4B26
4B26
4B46
4B46
5346
5366
5B87
5366
5366
5346
5B67
5B87
63A8
6BE9
6BC9
63A8
63C8
63A9
6BCA
73CA
73CB
73CB
6349
42A6
5307
6368
6389
5B88
6388
63C9
63A9
6BC9
63A9
6388
6BC9
63A9
5B68
5347
5327
4B07
4B07
5347
5347
5327
5327
5B67
5B88
5B68
5B47
5B67
5B68
5B68
5347
5B68
6388
63A9
6388
6388
5B48
5328
6369
6BAA
6BAA
6BAA
6BAA
73EB
73EB
7C0B
7C0C
7C2C
7C0B
7C0B
7C0B
7C0B
D6BA
D6BA
D6BA
D6BA
D6DA
D6DA
D6DA
D6DA
D6DA
D6DA
D6DA
D6DA
D6FA
D6DA
D6FB
D6FA
DEFB
DEFB
DEFB
DEFB
DEFB
DEFB
DEFB
DEFB
DEFB
DEFB
DEFB
DF1B
DEFB
DF1B
DF1B
DF1B
DF1B
DF1B
DF3B
DF3B
DF1C
DF3C
DF3C
DF3B
DF3C
DF3C
DF3C
DF3C
E73C
E73C
E73C
E73C
E75C
E75C
E75C
E75D
CE99
7C2F
29C5
2185
29A5
29E5
4288
6BCE
8471
94F2
9D13
9D34
A554
A574
AD74
AD74
AD95
B5B5
B5B5
AD74
9D13
9CD2
9491
8C70
8C50
842F
7C2F
7C0F
7C0F
7C0F
7C0F
7C30
8450
8450
7C50
7C30
73AE
632B
52C9
5AEA
6B8D
7C0F
8451
8471
8471
8451
7C50
7C30
7C30
7C10
7C30
7C30
7C30
7C30
7C30
7C30
7C30
7C50
8451
8450
94D3
94D4
94F5
8CB4
9D15
9515
94D4
8472
8CB3
9515
AD76
B5D8
BDF9
C619
BDD8
A534
8C90
8C4F
9CB1
9CD1
9CB1
9470
8C2F
840E
7BCD
738C
6B6B
73AD
8C70
A533
B595
B595
AD53
9D13
9CF3
94B2
8C71
8471
8450
8450
8450
8C91
8C92
8C91
8C91
8C92
94B2
94D2
94B2
94B2
94B2
94B2
94B2
94D3
A555
BE38
A554
94D2
94D3
8C91
8C70
B5B5
BDD6
B594
9CF1
9CF1
A533
9D12
9CD1
A533
9CF2
8C90
7BCD
6B4B
5AE9
4A68
4227
3A26
3206
3A26
3A46
3A66
42A7
42A7
42A7
3A66
3A45
3A66
42A6
4B08
5B49
5B49
5B69
63CA
63CA
5B89
4B27
4B27
4B07
4B07
4AE6
42C6
42E6
4B07
4B27
5327
4B07
4B06
5347
5B88
5367
5347
5B68
5367
5367
5367
5387
5B88
5367
5B68
5B87
5307
4287
3A06
39E6
3A06
4A87
5328
63A9
5BA9
5347
4B26
4B26
4B26
4B26
4B26
4B46
4B46
4B46
5366
5366
5346
5366
5346
5B47
5B67
5B47
6387
63A8
6BC8
63A8
63A8
63A9
73EA
7C2C
7C2C
6389
5307
5B48
5B68
5B68
5B68
5B68
63A9
6388
63A9
63A9
6368
63A8
63A9
5B88
5B48
4B07
42C6
4AE6
4B07
5307
5307
5327
5327
5348
5B48
5328
5327
5347
5327
5327
5B68
5B68
6388
6388
6388
63A9
6369
6BA9
6BCA
73CA
73CA
73EA
740B
73EB
7C0B
7C2C
7C2C
7C0B
7C0B
7C0A
7C0B
D6BA
D6BA
D6BA
D6BA
D6DA
D6DA
D6DA
D6DA
D6DA
D6DA
D6DA
D6DA
D6DA
D6DA
D6DA
D6DB
DEFB
D6FB
DEFB
DEFB
DEFB
DEFB
DEFB
DEFB
DEFB
DEFB
DEFB
DEFB
DEFB
DF1B
DF1B
DEFB
DF1B
DF1B
DF1B
DF1B
DF1B
DF3B
DF3C
DF3C
DF3C
DF3C
DF3C
DF3B
E73C
E73C
E73C
E73C
E75C
E75C
E75C
E75C
E73C
B5B6
4A88
29A5
29A5
3206
530A
8450
9D33
B595
B5D5
BDF6
BE16
C616
C616
C616
C637
CE78
CE37
BDD5
AD73
AD32
A512
9CF1
9CD1
9CD1
9CB1
94B1
9490
9490
94B1
9CD1
9CD2
9CD2
9CD2
94D1
840F
6B6C
52C9
5AEA
73AE
8450
94D2
9CF2
9CF2
94F2
94D2
8CB2
8CB1
8CB1
8CB1
8CB2
8492
8492
8CB2
8CB2
8CB2
8CD2
94D3
8CB2
94F3
8CD4
8CD4
8472
9D15
9515
8492
7C31
8CB3
94F4
A556
AD96
BDF8
BDF8
BDD8
AD75
A513
A512
A532
A532
A4F1
9490
8C2E
7BAC
738B
7BCC
840E
9490
A533
B5B5
B5B5
AD54
9D13
9D13
9CF3
94B2
8C71
8451
8450
8C71
8C91
94D3
9D34
94F3
94D3
94B2
94B2
9CF3
94D3
94B2
94B2
94B2
94D2
9D34
B5F7
BE38
9D13
A555
A575
94B2
8C91
A553
BDD5
AD53
9CF1
9CD1
AD74
94B1
8C8F
A532
A533
94D2
844F
73AC
6B4B
5AC9
4A68
3A26
3206
3205
3225
3A46
3A66
4286
3A66
3A45
3A46
42A7
4AE7
5349
5B69
5348
5328
5B68
5B89
5328
42C6
42C6
4B07
4AE7
42C6
42A6
42C6
4B07
4B27
4B07
4AE6
42E6
4B27
5367
5347
4B47
5327
4B27
4B26
5347
5347
5368
5368
5367
5367
4AE6
4246
31E6
31E6
31E6
4A87
5B28
63CA
63A9
5367
4B26
4B46
4B46
4B46
4B46
4B26
4B26
4B26
5346
5326
4B25
5326
5326
5B47
5B47
5346
5346
5B67
6388
6388
6388
5B68
73EA
7C2B
7C2B
73CA
6388
63A8
6BA8
63A8
5B88
5B88
63A8
5B88
5B88
5B68
5B68
5B47
5B68
5B47
5307
4AC6
42A6
4AC6
4B07
4AE7
5307
5307
5328
5348
5B48
5307
5307
5307
4B06
5327
5B68
6388
5B68
63A9
6BA9
6BE9
6BC9
6BC9
73EA
740A
740A
73EA
7C0B
7C0B
740A
7C0B
7C0B
73EA
73EA
73EA
73EA
D6BA
D6BA
D6BA
D6BA
D6BA
D6DA
D6DA
D6DA
D6DA
D6DA
D6DA
D6DA
D6DA
D6DA
D6FB
D6FB
D6DA
D6FB
D6FB
D6FB
DEFB
DEFB
DEFB
DEFB
DEFB
DEFB
DEFB
DEFB
DF1B
DF1B
DEFB
DF1B
DF1B
DF1B
DF1B
DF3B
DF3B
DF3B
DF3C
DF3C
DF3C
E73C
DF3C
E73C
E73C
DF3B
E73C
E73C
E73C
E75C
E75C
E75D
E75D
CE9A
7C2F
31C5
3A06
52EA
73EE
9CF2
B5B5
BDF6
C616
C636
C636
C636
C637
CE57
CE78
D698
CE37
BDB4
B573
AD53
AD33
AD33
AD33
AD33
A532
A512
A512
A512
A532
AD53
AD74
AD74
AD74
AD53
9490
7BCD
5AC9
5AEA
7C0F
94D2
AD74
B594
B5B5
B5B5
B595
AD74
AD74
A554
A554
A554
A534
9D34
9D34
9D34
A534
A554
A554
94F3
9D34
94D4
8CD4
8472
94F5
94F5
8CB3
7C31
8CB3
8CD3
A555
AD76
BDD8
BDD8
BDD7
B596
AD54
AD54
AD53
A532
9CD1
8C2E
7BCC
738B
7BAC
7BED
8C70
A513
B595
B5B5
AD53
9CD2
9CF2
9D13
9D13
94B2
8C91
8471
8471
94D2
8CB2
94D2
A575
AD96
A534
A534
9D13
9CF3
9CF3
94D3
94B2
94D2
94D3
ADB6
A575
B5D7
AD96
B5F7
A534
94D2
94B2
9D12
B5B5
A512
948F
948F
9CD1
842E
8C6F
94D1
AD74
9D13
94D2
7C0D
73AC
6B4B
52C9
4247
3206
31E5
3206
3A26
3A66
3A66
3A66
3A66
4287
4AC7
5328
5B49
5348
5328
42C6
4AE7
4B07
42C6
3AA6
3AA6
42E7
4B07
4AE7
42C6
4B06
4B27
4B27
4B06
42E6
42E6
5347
5B88
5B88
5B88
5367
5347
4B27
5347
5368
5B68
5B68
5B68
5B68
4AC6
3A26
31C5
31C5
31E5
4AA7
5B48
6BEA
63C9
5B88
5367
5367
4B46
4B26
4B06
4306
4B26
4B06
4B06
4B05
4B05
4B05
5326
5B47
5B47
5326
4B26
5326
5326
5346
5B67
5B67
63A8
73EA
7C0A
6BC8
6388
63A8
6BC9
6BC8
63A8
63A8
63A8
63A8
5B67
5347
5327
5327
5327
5327
4B07
42C6
42C6
4B06
4B07
4AE6
5307
5328
5B48
5B69
6369
5308
4AE7
4AE6
4B07
5327
5B68
6388
63A9
6BC9
6BC9
6BE9
6BE9
73EA
73EA
73EA
73EA
73EA
7C0B
7C2B
740A
740A
73EA
6BC9
6BC9
6BC9
6BC9
D6BA
D6BA
D6BA
D6BA
D6BA
D6DA
D6DA
D6BA
D6DA
D6DA
D6DA
D6DA
D6DA
D6DA
D6DA
D6DA
D6FA
D6FB
DEFB
DEFB
DEFB
DEFB
DEFB
DEFB
DEFB
DEFB
DEFB
DEFB
DF1B
DF1B
DEFB
DEFB
DF1B
DF1B
DF1B
DF3B
DF3B
DF3B
DF3B
DF3C
DF3C
DF3C
DF3C
E73B
DF3C
DF3B
DF3B
E75C
E75C
E73C
E75C
E75C
E75C
DF3C
ADB6
52E9
52A9
73CE
94D2
B594
BDF5
C616
C636
C636
C637
C657
CE57
CE78
D6B9
D6B9
CE57
C5D5
BDD4
B5B4
B5B4
B5B4
B594
B5B4
B594
B594
AD74
B574
B594
B5B4
BDD5
BDF5
BDD5
B5B5
A512
840E
5AEA
5AC9
842F
A513
BDD5
BDF6
C616
C616
C616
C616
BDF6
BDF6
BDF6
BDD5
BDD6
BDD5
B5D5
B5D5
B5D5
B5D5
B5B5
A554
A554
94F4
94F5
8472
94F5
9515
8CF5
8493
94F4
8CD4
A575
AD96
BDF7
BDF8
B5B6
B595
AD75
AD74
AD74
A532
9CB1
8C2E
7BAD
7BCD
8C0E
8C6F
9CF2
AD54
B595
AD74
9CF2
94D2
9CF3
9D13
9CF3
94D2
8CB2
8C91
9D13
CEBA
B5F7
A555
B5F7
BE38
B5D7
A575
ADB6
A575
A534
9CF3
94D3
94D2
9D13
B5D6
9D34
B5F7
B5F7
B5F7
94F3
94B2
94B2
94D2
AD54
9CF2
9490
94D1
9CF2
8C70
94D2
94F2
A553
AD95
ADB5
9CF2
842F
7BCD
634B
4AA8
4247
3A26
3A26
3A26
3A46
3A46
3A66
42A7
52E8
5308
5328
5328
5328
4AE7
42A6
42C6
42C6
3A86
3A85
3AA6
42E6
4B07
4B07
4B06
4B47
5347
5367
4B26
4B26
4B26
5367
63C8
63C8
63C8
5BA7
5387
5367
5B88
63A9
63A9
63A9
63A9
6BC9
52E7
3A26
31C5
31C5
31E5
4AA7
5B69
6BCA
6C0A
63C9
5B88
5367
4B47
4306
42E5
42E6
4B06
4B06
42E5
42C5
42C5
42E5
5326
5347
5B47
4B06
4B06
4AE5
4AE5
4AE6
4B26
5346
5347
6388
63A8
6387
6388
6388
6BC9
6BC9
63A9
5B67
5B87
6388
5347
5307
5307
5307
5327
5327
4B07
4AE6
4B07
4B07
4B07
4AE7
5328
5B28
5B48
6B8A
638A
5308
4AC7
4AE6
5348
5B68
5B68
5B68
6BA9
6BCA
6BCA
6BA9
6BA9
6BC9
6BEA
6BCA
6BA9
6BC9
740A
7C0B
7C0B
740A
73EA
6BC9
6BC9
63A8
6BC9
D6BA
D6DA
D6BA
D6BA
D6DA
D6BA
D6BA
D6BA
D6DA
D6DA
D6DA
D6DA
D6DA
D6DA
D6DA
D6DA
D6DA
D6DA
D6DA
DEFB
DEFB
D6FB
DEFB
DEFB
DEFB
DEFB
DEFB
DEFB
DEFB
DF1B
DEFB
DEFB
DF1B
DF1B
DF1B
DF3B
DF3B
DF3B
DF3B
DF3B
DF3B
DF3B
DF3B
E73C
DF3C
E73C
E73C
E73C
E73C
E73C
E73C
E75C
E75C
E75D
CE9A
94D1
6B8C
94B1
AD74
BDD5
BDF6
BE16
C616
C636
C637
CE57
CE78
D6B8
D6B9
D698
CE57
C615
C5F5
BDD4
BDD5
BDF5
C5F6
C616
BDF6
BDF6
BDF5
BDF5
BDF5
BE16
C616
C616
C616
C616
AD53
8C4F
632A
52C9
840F
A512
BDD5
BDD5
BDD5
BDD5
BDF5
C616
C616
C616
C616
C616
C616
C616
C616
BDF6
BDF6
BDF6
BDF6
B595
AD54
9D14
94F5
8C93
8CD4
9D36
9515
8CB3
94F4
8CD3
A554
AD95
BDF6
BDF6
BDD6
B5B5
B595
AD94
AD74
A512
9490
8C2F
83EE
8C2F
9470
9CD1
A533
AD75
AD95
A533
9CF2
9CF2
9D13
A534
9D13
94F3
94B2
8CB1
9CF3
DF1C
EF7D
D6FB
EFBE
EF9E
DF1C
D6DB
BE59
B5D7
AD96
9D34
94D3
8CB2
9D34
ADB6
9D34
BE38
B5F7
BE38
9D13
9CF3
94D2
94D2
A533
A554
A554
B5D6
CE9A
CE7A
C679
AD96
A595
CE99
B5F6
94F2
8C70
840E
73AC
5B0A
4A88
4247
4267
3A26
3A26
3A25
4266
4AC7
5308
5308
5308
5308
4AE7
4286
4286
42A6
42A6
42A6
42C6
42C6
42E7
4B07
4B07
4B26
5367
5367
5387
5367
5367
5347
5B87
63A8
5BA8
5BA7
5B87
5B87
5387
5BA8
63C9
6BC9
6BC9
6BE9
6BEA
5307
3A25
29C5
31C5
31E5
4AA7
6369
6BCA
6BEA
63C9
63A9
5388
5347
4306
42E5
42C5
42E6
42E5
3AA5
3A84
3A85
42A5
4AE6
4B26
5326
4B06
4AE6
42C5
4AE6
4B06
4B26
4B26
4B06
5326
5327
5B67
6368
6388
6BC9
73EA
63A9
5B68
5B68
5B68
5B48
4AE7
4AE7
4AE7
5307
5327
5327
5307
5327
4B07
4B07
5307
5B48
6369
6369
6BAA
6369
5B29
4AE7
4AE7
5B69
638A
6369
5B49
73CA
73CA
6BCA
6BAA
6389
6BCA
6BCA
6BC9
6BA9
6BCA
73EA
740B
7C0B
7C0B
73EA
6BC9
63A9
63A9
73CA
D6BA
D6BA
D6BA
D6BA
D6BA
D6BA
D6BA
D6DA
D6DA
D6DA
D6BA
D6DA
D6DA
D6DA
D6FA
D6DA
D6DA
D6DA
D6DA
D6FB
D6FB
DEFB
DEFB
DEFB
DEFB
DEFB
DEFB
DEFB
DEFB
DEFB
DEFB
DEFB
DF1B
DF1B
DF1B
DF3B
DF3B
DF1B
DF3B
DF1B
DF1B
DF3B
DF3B
DF3C
E73C
E73C
E73C
E73C
E73C
E73C
E75C
E75C
E73C
E75C
E73C
BE17
8C90
A513
BDB5
BDF5
BDF6
BDF6
C616
C616
C637
C637
C657
CE77
CE77
CE36
C5F5
C5F5
C5D4
BDD4
BDF5
C5F6
C637
C637
C636
C636
C616
C616
C616
C636
C636
CE56
CE36
CE37
B594
9490
6B4B
52A9
7BCE
9CD1
B594
B594
B594
B5B4
BDF5
C616
C616
C636
C636
C636
C636
C636
C616
C616
C616
C616
BE16
B5B5
AD54
9D15
9D36
94F5
94F4
9515
9536
94D4
94F4
8CD3
A554
AD74
BDF6
BE16
BDF6
BDF6
BDD5
BDD5
B594
A512
9490
9470
9490
9CD1
A512
A533
AD74
AD74
A533
9D13
9D13
A533
A534
A554
9D33
9D13
9D34
9CF3
9D13
CE99
EF9D
EF7D
CE9A
E75C
F7DF
E75D
D6FC
DF3C
CEBA
B5F7
A575
94F3
A575
ADB6
A554
C659
BE38
C679
A554
9D14
9D13
A574
AD95
C679
D6FB
E77D
EF7D
E75D
E75D
E73D
D6DB
BE38
9D13
9D13
94D2
8C70
7C0E
634B
52A9
4247
4247
3A26
3A05
3205
4246
4287
4287
4AA7
4AC7
4AC7
42A7
3A66
3A66
42A6
4B07
4B27
5348
5368
5348
5347
5347
4B26
5367
5367
5367
5B87
5B67
5347
5346
5347
5367
5366
5366
5366
5366
5B87
63C8
6BC9
6BC9
6BE9
6BE9
52E7
3205
29A4
29A5
3205
4AA7
6389
6BEA
63C9
63A8
63C9
5B88
5368
4B26
4306
42E6
42C5
42C5
3A85
3A65
3A65
3A85
42C5
4B06
4B06
4B06
4AE5
4AE6
5306
5B48
5327
5307
4AE6
4AE6
4AE6
5B48
6368
5B68
6368
63A9
63A9
6388
6388
5B48
5307
4AE7
4AC7
4AE7
5307
5328
5328
5328
5348
5B48
5328
5328
6369
6B8A
6389
6BA9
6389
5B48
5308
5328
638A
6BAA
6BAA
6BAA
7BEB
7BEB
73CA
73CA
73EB
73EB
73EB
73CA
6BAA
73CA
73CA
7BEB
7C0B
842C
7C0B
73EA
6BCA
6BA9
73EA
D6DA
D6BA
D6BA
D6DA
D6BA
D6BA
D6BA
D6BA
D6DA
D6DA
D6DA
D6DA
D6DA
D6DA
D6DA
D6DA
D6DA
D6FB
D6DA
D6FB
D6FB
D6FB
DEFB
D6FB
DEFB
DEFB
DEFB
DEFB
DEFB
DF1B
DEFB
DEFB
DF1B
DF1B
DF1B
DF1B
DF1B
DF3B
DF1B
DF1B
DF3B
DF3B
DF3C
E73C
DF3C
E73C
E73C
E73C
E73C
E73C
E73C
E75C
E75C
E75C
E75D
D6BA
AD95
A533
BDD5
BDF6
BE16
C616
C616
C616
C637
C637
C616
C5F5
C5F4
C5D3
BDB3
C5B3
BDB3
BDB3
BDD4
C5F6
C636
C657
C657
C636
C616
C616
C616
CE36
CE57
CE57
CE57
CE57
BDD5
9CD1
738C
52A9
7BCD
9CD1
BDB5
BDD5
BDD5
BDF5
C616
C636
C636
C636
C637
C636
C636
C637
C636
C616
C616
C616
C616
BDD5
AD74
9D34
94F4
8CD4
94F4
9515
94F5
94F4
9515
94F3
A554
AD74
BE16
C616
C616
BDF6
BDF6
BDD5
AD74
A512
9CD1
9CB0
A4F1
A4F2
AD54
AD74
AD74
A554
9D13
9D13
9D13
A533
A533
A533
9D33
9D13
AD95
ADB6
AD75
BE38
E75C
DF1B
CEBA
DF3C
F7BE
F7DF
EF9E
CEBA
CEBA
CEDB
BE38
A575
ADB6
B5D7
A575
CEBA
C69A
CEDB
ADD6
9D14
A575
B617
CEBA
E77D
E77D
E77D
EF7E
E75D
EF9E
EF9E
EF9E
E73C
CE9A
CEBA
A574
94F2
844F
6B6C
52A9
4247
4247
4247
3A26
3205
3A25
3A26
3A26
3A66
4287
4286
3A46
3A46
4286
4AE7
5348
5368
5B89
5B68
5B68
5347
4B06
4B06
4B06
4B06
4B26
4B06
4B26
4B06
4B06
4B06
5326
5326
4B26
4B26
4B25
5346
5366
5B87
6387
63C8
63A8
4AC6
31E5
29A4
29A4
3205
4AC7
6BCA
6BEA
6BC9
5B88
5BA8
5B88
5B88
5347
4B27
4B06
42E6
42C5
3A85
3A85
3A45
3A85
42A5
42E5
4B06
42E5
42C5
4AE6
5327
5B88
5B47
5307
4AE6
4AE6
4AC6
5307
5327
5327
5306
5327
5347
5347
5B47
5307
4AE7
4AC7
4AE7
52E8
5308
5B48
5B48
5B48
5B68
6389
5B68
5B69
6BAA
73EA
6BA9
6389
6389
5B49
5B28
5B49
6BAA
73CA
73AA
73CB
7C0C
7C0C
73CA
73EB
7C0B
7C0C
7BEB
7BEB
73EA
73EB
73EB
7C0B
7C0B
7BEB
73EB
73EA
73EA
73CA
73EB
D6BA
D6BA
D6BA
D6BA
D6BA
D6BA
D6BA
D6BA
D6BA
D6BA
D6DA
D6DA
D6DA
D6DA
D6DA
D6DA
D6DA
D6DA
D6DA
D6FB
D6FB
D6FB
D6FB
DEFB
DEFB
DEFB
DEFB
DEFB
DEFB
DEFB
DEFB
DEFB
DF1B
DF1B
DF1B
DF1B
DF3B
DF1B
DF3B
DF1B
DF1B
DF3B
DF3B
DF3C
E73C
E73C
DF3C
E73C
E73C
E73C
E73C
E73C
E73C
E75C
E75C
E73C
CE78
AD94
BDD5
BE16
C616
C637
C637
C657
CE57
C656
C636
C5F5
BDD3
BDB3
BDB3
BDD3
C5D4
BDD4
C5F5
C616
C636
C636
C636
C636
C616
C616
C616
C616
CE37
CE57
CE77
CE77
C5F6
A4F2
7BAD
52A9
7BCD
A513
C5F6
CE77
CE77
CE77
CE77
CE57
CE77
CE77
CE77
CE57
CE57
CE57
CE57
C637
C636
C636
C636
BDF6
AD74
A555
9D15
94F4
9515
9D56
9515
94F5
9D35
94F4
A554
AD74
BE16
C636
C636
C616
C616
BDD5
AD74
AD33
A512
A4F1
A4F1
A512
AD74
AD75
AD74
9D13
9CF2
9D13
9D13
9D33
A533
A533
9D34
A555
BE18
CEBA
D6FB
D6FB
E75C
E77C
E77D
E77D
F7BE
F7DF
F7DF
EF9E
DF1C
DF3C
CE9A
BE59
B5F8
BE18
A575
CEBA
DF3C
CEBA
C679
A555
B5F7
DF3C
EFBE
E77D
EF7D
F7BF
F7DF
EF7D
E75C
DF3B
E75C
EF7D
DF3C
CEBA
ADB5
94F2
8C90
6B8C
5AC9
5288
4A88
4268
4227
3A06
3A05
3205
3205
3226
3A26
3A26
3205
3A66
4AC7
5307
5B68
5B68
5B68
5327
4B07
42E6
42C6
42C5
42C6
42E6
42E6
42E6
42E6
42C5
42E6
42E6
4B06
4B06
4B06
4B06
4B05
4B06
4B06
5326
5326
5346
5347
4285
31E4
29A4
29A4
3A05
4AC7
6BAA
6BCA
63A8
5B88
5B88
5BA8
5BA9
5B88
5367
4B26
42E6
3AA5
3A65
3A85
3A65
4285
3A85
42C5
42C6
42A5
42A5
42C5
5327
5347
5327
4AE6
4AE6
4AE6
4AE6
4AC6
4AE6
4AE7
4AE6
4B06
4B07
4B07
5327
5307
5308
5308
5B28
5B28
5B28
6369
6389
63AA
6389
6389
5B88
6388
6BA9
73EA
6BCA
6BC9
6BAA
6389
6369
6369
6BAA
73AA
73CB
7C0B
7C0C
7C0B
73EB
73EB
7C0C
7C0C
7BEB
7BEB
7BEB
7C0B
7C0B
7C0C
7C0C
7BEB
7BEB
7C0B
7C0B
7BEB
7BEB
D6BA
D6BA
D6BA
D6BA
D6BA
D6BA
D6BA
D6BA
D6BA
D6BA
D6BA
D6DA
D6DA
D6DA
D6DA
D6DA
D6DA
D6DA
D6DA
D6DA
D6FB
D6FB
D6FB
DEFB
DEFB
DEFB
DEFB
DEFB
DEFB
DEFB
DEFB
DEFB
DF1B
DF1B
DF1B
DF1B
DF1B
DF1B
DF1B
DF1B
DF1B
DF3B
DF3B
DF3C
E73C
DF3C
DF3C
DF3C
E73C
E73C
E73C
E73C
E73C
E75C
E75C
E75D
DEFB
C637
BDF5
BE16
C637
C637
CE57
CE57
CE57
CE36
C615
C5F5
C5F4
C5F4
C5F4
C5F5
BDF5
BDF5
BDF6
C616
C636
C636
C656
C636
C636
C636
C636
C636
C636
C636
CE56
CE56
C616
A512
7BED
52C9
73AD
A513
BE16
CE98
D698
D698
D697
CE98
CE77
CE77
CE77
CE78
CE77
CE57
CE57
CE57
C637
C657
C657
C616
AD94
9D54
9515
9535
9515
9D35
9535
9514
9D35
94F4
A554
B5B4
C636
C657
C637
C636
C616
BDD5
B594
AD54
AD74
AD53
A512
AD53
AD74
B595
A554
9D33
9D13
A533
A533
A534
A554
A554
A554
B5D7
B5F7
B5D7
B5D7
CE9A
E73C
EF7D
EF7D
EF9D
EFBE
F7DF
F7DE
F7BE
EF9E
DF3C
DF3C
CE9A
C659
C679
9D54
BE38
EF9E
CEBA
C69A
BE38
DF1C
DF1B
E75C
E75D
EFBE
EF9E
E77D
E77D
D6FB
BE37
BE37
D6BA
E75C
C678
B5D6
9D33
94F2
73EE
5B0B
5AEA
5B0A
52C9
4A68
3A26
3A06
3A05
3206
3A06
3205
31E5
3205
3A86
4AE7
5328
5348
5327
4B07
42C6
42A6
3A65
3A65
3A85
42A5
42A5
42C5
42C5
3AA5
42C5
42E6
42E6
42E6
42E6
42C5
42C5
42C5
42E5
42E5
42E6
4B06
4B26
4B06
3A65
29C4
29A4
29C4
3A26
4AA7
5B69
6388
5B67
5B68
5367
5B88
63A9
5BA9
5B68
4B26
3AA5
3A65
3A65
3A65
3A65
3A85
3A85
42A6
42A6
42A5
3AA5
42A6
4AE6
4B07
4AE6
42C6
4AC6
4AC6
42C6
4285
4286
42A6
4AC6
4AE6
4B07
4AE7
5307
5308
6369
6369
636A
636A
6389
6B89
73EB
73CA
6BAA
63AA
5B69
6389
6389
6BCA
6BC9
6BEA
6BCA
6BCA
6BAA
6B8A
73CB
73CA
73EB
7C0B
7C0B
7BEB
7C0B
7C0C
7C0B
7C0C
7BEB
7C0B
7BEB
73EB
7BEB
840C
7C0B
7C0B
7C0B
7C0C
7C0C
7C0B
7BEB
D6BA
D6BA
D6BA
D6BA
D6DA
D6DA
D6DA
D6DA
D6BA
D6BA
D6BA
D6DA
D6BA
D6BA
D6DA
D6DA
D6DA
D6DA
D6DA
D6DA
D6FB
DEFB
D6FB
DEFB
DEFB
DEFB
DEFB
DEFB
DEFB
DEFB
DEFB
DEFB
DF1B
DF1B
DF1B
DF1B
DF1B
DF1B
DF1B
DF1B
DF3B
DF3B
DF3B
DF3C
E73C
E73C
E73C
E73C
E73C
E75C
E75C
E75C
E75C
E75C
E75C
E75C
E75C
D6B9
C636
C636
C637
CE57
CE57
CE57
CE57
CE36
C615
C615
C615
C615
C615
BDF6
BDF6
BDF6
BE16
BE16
C636
C636
C656
C636
C657
CE57
CE57
CE57
CE57
CE57
CE57
CE57
C616
AD12
840E
5AEA
6B6C
9CF2
BE16
CE98
D698
D698
CE98
CE77
CE77
CE77
CE97
CE77
CE77
CE57
CE57
CE57
C636
C636
C637
CE57
B594
9D33
8CD2
94F3
94F3
94F3
94F3
94F3
9513
94F3
A553
B5B4
C637
C637
C637
C616
BDF6
BDD5
BDD5
B5B5
BDD5
BDD5
B594
B594
B5B5
B5B5
B5B4
B5B5
B5B5
B5D6
B5B5
AD95
BDF7
CE9A
D6DB
DF1C
E75D
EF7D
DF1C
DF1B
DF3B
E77D
EF7D
EF7D
EF9D
F7BE
F7DE
EFBE
F7DF
EF9E
E77D
DF3C
C69A
CEBA
B5F7
B5F7
EF9D
DF1C
CE9A
DF3C
CE99
D6FB
E77D
F7BE
F7BE
EF7D
EF9E
E75C
DF3C
E75D
E77D
E75D
E75C
CEBA
BE37
BE37
ADD6
8C91
6BAD
6B8D
634C
636C
5B0B
4A88
4247
3A06
4247
4A88
3A06
31E5
3225
4286
4AE7
4B07
4B07
4AC6
42A6
3A65
3225
3204
3224
3245
3A65
3A85
3A85
3AA5
3A85
3AA5
3AC5
42C5
42C6
42C6
3A85
3A85
3A85
3AA5
42C5
42E6
4B06
5327
5307
3A65
29C4
29A4
29A4
3A26
4AC7
5328
5B68
5347
4B27
4B26
5347
5B68
5B89
5368
4B07
3AA5
3A65
3224
3225
3A45
3A65
3A65
42A6
42C6
42A6
3A85
42A6
4AC6
42C6
42A6
42A6
42A6
42A6
4286
3A66
3A86
4286
42C6
4AC7
4AE7
5308
5328
5B49
638A
6B8A
6BAA
6BAA
73CA
73CA
7BEB
7C0B
7C0B
73EB
6BAA
6389
6389
6BCA
6BAA
6BCA
6BCA
6BCA
6BCA
73EB
7BEB
73EB
7BEB
7C0B
73EB
73EB
7C0B
7C0C
7BEB
7BEB
7BEB
7BEB
73CA
73EB
73EB
7BEB
7BEB
7C0B
840C
842C
840C
840C
7BEB
D6BA
D6BA
D6BA
D6BA
D6BA
D6BA
D6BA
D6BA
D6BA
D6BA
D6BA
D6DA
D6BA
D6DA
D6DA
D6DA
D6DA
D6DA
D6DA
D6DA
D6DA
D6DA
D6DA
D6DA
DEFB
D6FB
D6FB
DEFB
DEFB
DEFB
DEFB
DEFB
DF1B
DF1B
DEFB
DF1B
DF1B
DF1B
DF1B
DF1B
DF1B
DF3B
DF3C
DF3C
E73C
E73C
E75C
E73C
E73C
E73C
E73C
E73C
E75C
E75C
E75D
E75D
E75D
DEFB
CE78
C616
CE57
CE78
CE78
CE78
CE57
C636
C635
C615
C636
C615
C615
BE16
BE16
BE16
C616
C636
C637
CE57
C657
CE57
CE57
CE57
CE78
CE78
CE77
CE78
CE78
CE77
CE37
AD53
8C4F
5B0A
636B
9CD1
BDD5
CE77
CE98
D698
CE98
CE97
CE97
CE98
CE77
CE78
CE77
CE57
CE77
CE57
BDF5
BDD5
B5D5
C637
B5B4
A554
94F2
9D33
A554
A533
A533
A534
A554
A533
AD74
B5B4
C636
C616
BDF6
BDF6
BDD5
BDD5
BDD5
BDF6
C616
C616
BDF6
BDF6
BDF5
BDF5
BDF5
BDF6
C616
C658
CE78
C679
D6FB
E77D
EF9D
F7BE
F7BE
F7BE
EF9D
E73C
D6DA
DF3C
F7BE
EF9D
EF7D
EF9E
F7DF
F7DF
F7DF
FFFF
F7DF
EF7D
D6FB
DF1C
D6DB
C679
E75D
DF3C
D6FB
E73C
DF1B
E77D
EF9E
F7DF
F7BE
F7DF
F7DF
F7BE
EFBE
F7DE
F7DF
F7DF
F7DF
EFBE
E75D
DF3C
D6FB
B5D6
94F3
8C71
9CF3
A534
94B1
73CD
52C9
4A88
6BAD
7C0F
4268
31E5
3A45
4286
42A7
4286
42A6
3A66
3A45
3225
31E4
29E4
29E4
3225
3A45
3A65
3A85
3AA5
3A85
3A85
3AA5
3AC6
3AC6
42A6
3285
3285
3A85
3AA5
42E6
4AE6
4B26
5B67
5B47
4266
29C4
29A4
29A4
3A26
4AC7
5B48
5B68
5327
4AE6
42E6
42E6
4B27
5348
5327
4B07
3AA5
3245
3225
3204
3225
3225
3A65
42A6
4AC6
42C6
42A6
42A6
4AC6
4AE6
4AC6
42A6
42A6
4266
4286
3A66
4266
4286
4AE7
5328
5B28
636A
638A
6B8A
6BCA
73CB
7C0C
7BEB
7C0B
7C0B
842C
842C
844C
7C2C
7C0C
73CB
73CA
73CA
6BCA
6BCA
6BCA
6BAA
6BCA
73EB
7C0B
7BEB
7BEB
7BEB
73CA
73CA
7C0B
7C0C
7C0C
7BEB
73EB
7BEB
73CA
73CB
7BEB
7C0C
7BEB
840C
840C
840C
840C
842D
7BEC
D6BA
D6BA
D6BA
D6BA
D6BA
D6BA
D6BA
D6BA
D6BA
D6BA
D6BA
D6DA
D6BA
D6BA
D6DA
D6DA
D6DA
D6DA
D6DA
D6FB
D6FB
D6DA
D6FB
D6DA
D6FB
DEFB
DEFB
DEFB
DEFB
DEFB
DEFB
DEFB
DEFB
DEFB
DEFB
DF1B
DF1B
DF1B
DF1B
DF1B
DF1B
DF3C
DF3B
DF3C
DF3C
DF3C
E73C
DF3C
E73C
E73C
E73C
E73C
E73C
E73C
E75C
E75C
E75C
E73C
D6B9
C636
CE57
CE57
CE57
CE77
CE77
CE77
CE77
CE57
CE56
C636
C636
C616
C616
C637
C657
CE57
CE77
CE77
CE77
CE57
CE78
CE78
CE98
CE98
D698
D698
D698
D698
CE57
B573
8C6F
632A
632B
94B1
B5B5
CE78
D698
D698
D698
D698
D698
D698
CE97
CE77
CE77
CE77
CE77
CE57
AD73
AD73
AD73
C636
B5D5
B594
AD54
B5D5
BDD6
B5D5
B5D5
BDD6
BDD6
AD74
AD94
B594
BDD5
B594
AD93
B594
B5B4
BDD4
BDD5
C616
C616
C657
C636
C616
BE16
BDF6
C616
C616
C637
C637
CE99
DF1B
E75C
E75D
EF7D
EF7D
EF7D
EF7D
F7BE
F79E
EF7D
EF7D
EF9D
F7BE
EF9D
F79E
F7DE
F7DF
F7BE
F7DF
FFFF
FFDF
EF9E
EF9E
DF3C
D6FB
E75C
DF3C
DF1C
EF7D
EFBE
F7BE
F7BE
F7DF
FFFF
FFFF
F7DF
EF9E
F7BE
F7DF
F7DF
F7DF
FFFF
FFFF
FFFF
F7BE
E75D
CEDB
D6DB
CE9A
9D12
842E
73AD
738C
6B8C
6B6C
9CF3
9D34
52CA
3A26
3A26
3A46
4266
3A46
3A46
3A46
3205
3205
29C4
29C4
29E4
3204
3A45
3A66
3A85
3A85
3A65
3A85
3AA5
3AA5
3AA5
3AA5
3AA5
3AA5
3AA5
42C6
42E6
4AE6
5347
5B88
5B68
4286
29A4
29A4
29A4
3A26
52E8
6389
5B69
5327
42E6
42C6
42C6
42C6
42E6
4B06
4B06
42A6
3A45
3205
3204
3205
3225
3A65
4286
42A6
42A6
42A6
42A6
4AC6
4B07
52E7
4AE7
4AC7
4286
4286
4266
4AA7
42A7
5308
6369
6389
73EB
7C0B
740B
7C0B
842C
844D
8C4D
8C4C
8C6D
8C6D
844D
8C6D
846D
844C
7C0B
7C0B
7C0B
73EB
6BCA
6BCA
6BCA
6BCA
73EA
73EB
73EB
73EA
73EB
73CB
73EB
7BEB
7C0C
7C0C
7C0B
7BEB
7C0B
73CB
73CB
73CB
7BEB
7BEC
840C
842C
840C
842D
8C4D
7BEC
D6BA
D6BA
D6BA
D6BA
D6BA
D6BA
D6BA
D6BA
D6BA
D6BA
D6BA
D6DA
D6DA
D6BA
D6BA
D6DA
D6DA
D6DA
D6DA
D6DA
D6DA
D6DA
D6FA
D6FB
DEFB
DEFB
DEFB
D6FB
DEFB
DEFB
DEFB
DEFB
DEFB
DF1B
DF1B
DF1B
DF1B
DF1B
DF1B
DF1B
DF1B
DF3B
DF3B
DF3B
DF3C
DF3C
DF3C
DF3C
E73C
E73C
E75C
E75C
E73C
E75C
E73C
E75C
E75C
E75D
DEFB
CE77
BDF4
BDD4
BDF4
C615
CE57
CE77
D698
D6B8
D698
D698
CE77
CE57
C637
CE57
CE98
D698
D6B8
D6B8
D6B8
CE98
D698
D6B8
D698
D698
D697
D698
D6B8
D698
CE77
B594
94B0
632A
5B0A
94B0
B5B5
CE78
D698
D698
CE98
D698
CE98
CE77
CE77
C656
CE56
CE57
CE77
CE57
A552
9D11
9D11
C636
B5D5
B5B4
B5B4
C616
C636
C637
C637
C636
C636
B5B4
A552
9D11
A531
94F0
9D11
A553
B5B4
BDD5
BDF5
C636
C636
C637
C616
BE16
BDF5
BE16
C658
CE99
DEFB
E73C
E75C
EF9D
EF9D
EF9D
EF9D
EF9E
F7BE
F7BE
E75C
E73C
DF3B
E73C
E77D
EF7D
EFBE
F7BE
EF9D
EF9D
EF7D
E77D
EF7D
F7BE
F7DF
F7DF
EF9E
E75D
E77D
E77D
EF7D
EF9E
FFFF
F7DF
F7BE
F7BE
F7BE
EF9E
EF9E
FFDF
F7DF
F7DF
F7DF
F7FF
F7FF
F7DF
F7FF
F7DF
F7BE
EFBE
E75D
C658
94F2
8C91
8C91
8C70
8C71
ADB6
D6FC
ADB7
5B0B
4A68
3A26
3A26
3A26
3A46
3A46
3A46
3226
31E5
29C5
29C4
29E4
3205
3225
3A65
3A65
3A65
3A65
3A85
3AA5
3AA5
3A85
3AA5
3AA5
42C6
42E5
42E6
42E6
4B06
5B67
6387
5B47
4265
29A4
29A4
29A4
4246
5308
6BAA
63A9
5347
4AE6
42E6
42C6
42C6
42C6
42E6
4AE6
42C6
3A66
3225
3204
3205
3205
3A45
3A66
4286
3A66
4286
42A6
4AC7
52E7
5B29
5308
4AC7
4266
3A66
4266
4AA7
5308
6369
6BAA
6BCA
73EB
7C0B
7C0B
844C
8C6D
948E
948D
8C6D
94AE
94AE
948D
8C6D
844C
844C
7C2C
7C0C
7C0B
73EB
6BCA
6BCA
6BCA
6BCA
6BCA
6BCA
73CA
73CB
7BEB
7BEC
7BEC
7C0C
842C
7C0C
7C0B
7C0C
7C0C
7BEB
73CB
73CB
73CB
7BEB
7BEC
7C0C
840C
842D
8C2D
7BEC
D6BA
D6BA
D6BA
D6BA
D6BA
D6BA
D6BA
D6BA
D6BA
D6BA
D6BA
D6DA
D6DA
D6DA
D6DA
D6DA
D6DA
D6DA
D6DA
D6DA
D6DA
D6DA
D6DA
D6FB
DEFB
DEFB
DEFB
DEFB
DEFB
DEFB
DEFB
DEFB
DEFB
DEFB
DF1B
DF1B
DF1B
DF1B
DF1B
DF1B
DF1B
DF1B
DF3C
DF3B
DF3B
E73C
DF3C
DF3C
DF3C
E73C
E73C
E73C
E75C
E73C
E75C
E75C
E75C
E75C
E73C
CE98
AD92
9D0F
A551
B592
BDF4
BDF5
C636
D677
D6B9
D6B8
CE77
C656
C657
CE78
D6B8
D6B8
D6B8
D6B9
D6B8
D6B8
D6B8
D6B9
D6B8
D698
D697
D698
D6B8
D6B8
D698
BDB4
9CD0
6B4B
5B0A
8C90
B594
CE77
CE98
D698
CE98
CE97
CE77
CE77
C636
C636
C616
C636
CE77
CE57
AD53
A511
9D11
C616
BDD5
B5B4
B5B4
C636
CE57
CE57
C657
C636
C616
AD73
9D11
8CAF
848E
848F
9512
ADB5
BE16
BDF6
BDF6
BDF5
C616
BE16
BDF6
BDD5
BDD5
C638
D6BA
E75D
F7BE
F79D
EF5C
E75C
E75C
EF7D
EF9D
F7DE
EF7D
E73B
E73B
DF3B
DF3B
DF1B
E75C
E77C
EF7D
E77C
E75C
E75D
E75C
E75C
E75C
E75D
EF7D
EF7D
EFBE
EFBE
EF7D
EF9D
EFBE
F7DF
FFDF
EF9E
EF9D
EF9E
EF9E
EF9D
F7BE
F7BE
EF9D
EFBE
F7BE
F7BE
EFBE
EF9E
EF7D
EF9D
EF9D
EFBE
F7BF
EF9E
DF3C
D6FB
D6BA
BE18
C659
EF7E
E77E
CEBA
A534
73CE
4AA9
4247
3A06
3A26
3A46
4246
3A26
31E5
31C5
29A4
29C4
31E5
3205
3225
3225
3A45
3A65
3A65
3A85
3A85
3A65
3A85
3AA5
3AC5
3AC5
42E6
4B06
5327
5B67
5B87
5306
3A45
21A4
29A4
29C4
4246
5B28
6BAA
6BCA
5348
4B27
4B27
42E6
42C6
42C6
42E6
42E6
42E6
42A6
3A45
3205
3205
3205
3225
3A45
3A46
3A25
4286
42A7
4AC7
52E7
5B09
52C8
4AA7
3A46
3A46
4266
4AC7
5B49
6BCA
6BEA
740B
7C0B
844C
7C2C
844C
8C6D
948E
948E
8C6D
948E
94AE
948E
842C
842C
7C0B
7C0C
7C0B
7BEB
73EB
6BCA
6BAA
6BAA
6BCA
6BCA
73EB
73EB
842C
844D
842D
840D
7C0C
7C0C
842D
840C
7C0C
842C
7C0C
73CB
73AA
73CB
73CB
7BEB
7BEC
7C0C
840C
83EC
7BCB
D6BA
D6BA
D6BA
D6BA
D6BA
D6BA
D6BA
D6BA
D6BA
D6BA
D6BA
D6BA
D6DA
D6DA
D6DA
D6DA
D6DA
D6DA
D6DA
D6DA
D6DA
D6DA
D6DA
D6FA
D6FB
D6FA
D6FB
DEFB
DEFB
DEFB
DEFB
DEFB
DEFB
DEFB
DEFB
DF1B
DF1B
DF1B
DF1B
DF1B
DF3B
DF1B
DF1B
DF3B
DF3C
DF3C
DF3C
DF3C
DF3C
E73C
E73C
E73C
E75C
E73C
E73C
E75C
E73C
E75C
E75C
D6DA
AD72
7C2A
846B
94EE
9D2F
AD71
B5D3
C615
CE77
CE77
CE77
C636
CE57
CE77
D6B8
D6B8
D698
CE77
CE77
D698
D698
D698
D698
D6B8
D698
D698
D6B8
DEF9
DEB8
C5F5
A4F1
6B8B
5AE9
844F
AD73
C656
CE77
CE77
CE77
CE77
CE77
C656
C636
C616
C636
CE56
CE57
CE77
AD73
A511
A511
C616
BDF5
B5D5
B5B4
C636
CE77
CE77
CE77
C656
BDF5
A552
8CAE
7C4D
7C4D
9511
ADD6
C658
CE99
C637
BDF5
B5D4
BDF5
BDD5
B5B4
B5B4
CE58
E73C
EF7D
EF5C
DEFA
CE78
D699
E73C
F79D
F7BE
F7DE
EF7C
E73B
DF1B
DF1A
DF1B
DF1B
E73C
E73C
E73C
E75C
E75C
E75C
E75C
E75C
E75C
E75C
E75C
E75C
E73C
E77C
E75C
E77D
F7BE
F7BE
F7DF
EFBE
EF9D
EF7D
EF7D
EF7D
EF9E
EF9D
EF7D
EF7D
EF9D
EF9D
EF9D
EF7D
E77C
E73C
E73B
E75C
EF9D
F7DE
F7DF
FFFF
F7DF
F7DF
EF9E
EFBE
EF9E
E77D
DF1B
CE98
BDD6
7C0E
52C9
4226
3A06
3A26
3A06
3A06
31E5
31C5
2984
29C4
29C4
31E5
31E5
3205
3225
3A25
3A25
3A45
3245
3245
3A85
3AA5
3AC5
3AC5
42E6
5327
5327
5347
5B67
4AE6
3A24
2184
2184
29C4
4246
5B08
6389
6BA9
5B68
5347
5347
4B07
4AE7
42E6
4AE7
42C6
42C6
42A6
3A66
3225
3205
3205
3205
3225
3225
3205
3A46
4287
4AA7
52C8
52E8
4AC8
4266
3A25
4266
4AA7
5308
5B69
6BCA
6BEA
7C0B
7C2C
844D
844C
844D
8C6D
948D
948E
8C6D
946D
946D
8C4C
7C0B
7C2B
7C0C
844D
842C
7C2C
7C0B
6BCA
6BAA
6BCA
6BCA
73CA
7C0C
7C0C
8C6D
948F
8C6E
948F
8C4D
7C0C
842D
8C4E
8C4D
844D
842D
73EB
73AB
73AB
73CB
7BEC
7BEC
7BEC
7BCB
73CB
73AB
D6B9
D6BA
D6BA
D6BA
D6BA
D6BA
D6BA
D6BA
D6BA
D6BA
D6BA
D6BA
D6DA
D6DA
D6DA
D6DA
D6DA
D6DA
D6DA
D6DA
D6DA
D6DA
D6DA
D6DA
D6DA
D6DA
D6FB
DEFB
DEFB
DEFB
DEFB
DEFB
DEFB
DEFB
DEFB
DEFB
DF1B
DF1B
DF1B
DF1B
DF1B
DF3B
DF1B
DF1B
DF1B
DF3C
DF3C
DF3C
DF3C
E73C
E73C
E73C
E73C
E73C
E73C
E75C
E73C
E75C
E75C
E73B
B5D4
6BA8
5326
6387
7409
844A
94ED
AD70
B5D3
BDF4
C614
BDF4
C635
C636
CE77
CE56
C635
C5F4
C615
BE15
C636
C636
CE77
D698
D6B8
DED9
DEF9
E71A
E6F9
CE77
AD52
73CC
52E9
842E
A553
C636
CE77
CE77
CE77
CE77
CE77
CE77
CE77
CE77
CE77
CE57
CE57
CE77
B594
A531
A531
C616
BE16
BDD5
B5B4
CE57
D698
D698
CE77
C656
BDF5
A552
7C2C
6BCA
6BEB
8CF0
B617
C699
D6B9
C657
BDF5
B5D4
BDD5
B5B4
B594
AD74
B5D6
CE78
D699
C657
C637
DEDA
EF7D
EF9D
EF5C
E75C
EF5C
E73B
DF1B
DF1A
DF1A
DF1B
E75C
E75C
E73C
DF1B
DF1B
DF3B
E73C
E75C
DF3C
E73C
E75C
E73C
E75C
DF3B
DF1B
E73C
E75D
EF9E
EF9E
EF9E
EF9D
E77D
E75C
E75C
E75C
E73C
E73C
E75C
E75C
E75C
E75C
E77D
E77D
E73B
DF1B
DF1B
E75C
EF7D
E75C
EF9D
F7BE
F7DE
EFBE
EF7C
DF1A
D6D9
C637
9D12
73AC
73AC
6B6B
5AE9
4A67
4226
3A06
39E5
39E6
31C5
31C5
2984
29A4
29C4
29C4
31E5
31E5
3204
3205
3205
3205
3225
3A45
42A6
42C6
42E6
42E5
4B06
5327
5B48
5347
5327
42A5
3204
2183
2184
29C4
4246
5B29
5B49
6368
5B48
5347
5347
5347
5348
5328
5328
4AE6
4AC6
42A6
3A66
3205
31E5
31E5
3205
3205
3205
3225
3A26
4266
4286
4AA7
4AA7
4287
4266
3A46
4266
4AC8
5308
5B49
6BCA
6BCA
7C0B
844C
8C6D
948D
8C6D
842C
842C
946D
948E
948E
8C6D
842C
7BEB
73EB
7C2C
8C4D
8C6D
842C
7C0B
73CB
73CB
73EB
73EB
7C0C
842D
8C6E
94AF
9CCF
948E
94AF
8C6E
842D
842D
8C4E
946E
8C4E
840C
73CB
73CB
73CB
7BCB
7BEC
7BEC
7BEC
7BEC
73AB
73AA
D6B9
CEB9
D6BA
D6BA
D6BA
D6BA
D6BA
D6BA
D6BA
D6DA
D6DA
D6DA
D6BA
D6DA
D6DA
D6DA
D6DA
D6DA
D6DA
D6DA
D6DA
D6DA
D6DA
D6DA
D6DA
D6DA
D6FA
D6FB
DEFB
DEFB
DEFB
DEFB
DEFB
DEFB
DEFB
DEFB
DF1B
DF1B
DF1B
DF1B
DF1B
DF1B
DF1B
DF1B
DF1B
DF3B
DF3C
DF3C
DF3C
DF3C
DF3C
E73C
E73C
E73C
E73C
E73C
E73C
E73C
E73C
E75C
C658
848E
4284
42A4
4AE5
5305
5B66
73E8
846B
94CD
94ED
9CEE
A550
AD71
B592
B572
AD50
9D0F
A52F
A550
AD92
BDD3
C615
CE56
CE77
D697
D697
DED8
DED9
D677
AD52
7BED
52E9
7C0E
A553
C616
CE77
C656
CE56
C656
CE77
D6B8
D6B8
D6B8
CE77
C656
C615
BDF5
AD73
A510
A510
BDD4
BDF5
BDD5
BDF5
CE57
D6B9
D6B9
D6B8
CE77
BDD4
A531
740C
5B69
6389
742C
9D73
BE17
CE98
C657
BDF5
BDF5
B5D5
B5D5
AD94
A553
AD54
AD74
B5B5
CE79
E73C
EF5C
EF5C
E73B
DEFA
DEFA
DEFA
DF1A
E73B
DF1B
DEFA
D6DA
DF1B
E75C
E73C
DF1B
DF3B
DF3C
DF3C
DF3C
DF1B
DEFB
E73C
E73C
DF1B
DF3B
DF1B
DF3B
E75C
EF7D
EF7D
E75C
E75C
DF1B
E73C
DEFA
D6BA
D6B9
D6DA
D6DA
D6DA
D6DA
D6DA
DEFA
E73C
E73B
E73B
E73C
EF7D
EF9D
EF7C
E75C
E75C
E73C
E77C
CE78
A553
9D11
8C8F
7BED
6B6B
6B4B
632A
5AC9
5288
4A47
4226
3A06
31C5
29A5
2985
2964
2984
29A4
29C5
31E5
31E5
31E5
31E5
31E5
3205
3204
3245
42A6
4AE6
4B06
4B06
4B06
5307
5347
5327
4AE6
4285
29E4
2183
2184
29C4
4266
5B09
5B29
5B08
52E7
4AE7
5327
5327
5B48
5B48
5B48
5308
4AA7
4AA7
3A46
3A06
31E5
31E5
3205
3206
3A26
3A26
4266
4266
4A87
4AA7
4A87
4287
4266
4266
4287
5B29
6369
6389
6BAA
73EA
7C0B
7C2C
842C
8C6D
948E
8C4D
842C
946D
9CAE
9CAF
946E
842C
73EB
73CA
7C0B
842C
844C
73EA
6BAA
73CA
7C0B
7C2C
7C0B
840C
8C6D
94AE
9CAF
9CAE
94AE
948E
8C6D
8C4D
8C4D
8C4D
8C2D
842D
7BEB
73CB
73CB
7BEC
7BEB
7BEC
840D
840C
7BEC
7BEB
7BEB
D6B9
D6B9
D6BA
D6BA
D6BA
D6BA
D6BA
D6BA
D6BA
D6BA
D6BA
D6BA
D6DA
D6DA
D6DA
D6DA
D6DA
D6DA
D6DA
D6DA
D6DA
D6DA
D6DA
D6DA
D6DA
D6DA
D6FA
D6FA
D6DA
D6FB
D6FB
DEFB
DEFB
DEFB
DEFB
DEFB
DF1B
DF1B
DF1B
DF1B
DF1B
DF1B
DF1B
DF1B
DF1B
DF1B
DF3C
DF3B
DF3C
DF3C
E73C
E73C
E73C
E75C
E73C
E73C
E73C
E73C
E75C
E75C
DF1B
A594
5307
3A64
42C5
42C5
42E5
4B05
5326
6367
6BA8
73C8
73C9
7C0A
842B
842A
7C0A
73C9
73C9
7C0A
8C6C
94CD
A52F
AD50
AD91
B5B2
B5B2
C5F4
C635
BDF4
A511
73AC
52C9
73AC
9D11
B5B3
C614
BDF4
BDD3
BDF4
C635
D697
D6B8
D6B8
CE36
BDD4
B593
AD72
A532
9CCF
948E
AD73
BDD5
BDD5
C616
CE77
DED9
DED9
D6B8
CE98
BDD4
94F0
73EB
5328
5307
5B69
8CB0
ADB5
C657
C656
BDF5
C636
C616
BE16
B5B5
AD74
AD74
B595
CE79
EF5C
EF5C
EF7C
E71A
D6B8
CE36
D678
D6B9
DF1B
E75C
E73B
DEFA
D6DA
DEFB
DF1B
DF1B
D6FA
D6FA
D6FA
D6FA
D6FA
D6FB
DEFB
DF3B
DF3B
DEFB
DEFB
DEFB
DF3B
E75C
E75C
E73C
E75C
DF1B
DF1B
D6DA
CE99
CE99
CE99
CE78
CE78
CE98
D6B9
D6BA
D6DA
DEFA
E71B
E73C
E73C
E75C
EF9D
EF7D
E75C
E75C
E75C
EF7D
E75C
AD94
844E
7BEC
73CB
6B4A
630A
5AE9
5AA9
5288
4A47
4227
3A06
31C5
2985
2984
2964
2964
2984
29C5
31E5
3205
31E4
29E4
31E5
3205
3204
3225
42A6
4AE6
4B06
4B06
4B07
5307
5307
5327
5306
3A65
29C4
2183
2184
31C5
4267
5AE9
5B29
5308
4AC7
4AC7
4AE7
5307
5B49
5B29
5B28
5308
4AA7
4AA8
4267
4247
3A06
3A26
3A26
4A67
4247
4247
4267
4A87
52E8
52C8
4A87
4267
4267
52C8
5AE9
6B6A
73CA
6BCA
6BA9
73EB
7C2C
842C
7BEB
840C
840C
842C
840C
8C2C
946E
946E
946E
8C4D
7BEB
73CA
7C0B
842C
842C
6BAA
6BA9
6BCA
7C0B
7C0B
842C
842C
842C
8C6D
948D
948E
948E
948E
8C4D
842D
8C4D
946E
8C2D
842C
7C0C
7BEC
840C
842D
7C0C
7C0C
8C2D
840C
842D
840C
840C
D6BA
D6B9
D6BA
D6BA
D6BA
D6BA
D6BA
D6BA
D6BA
D6BA
D6BA
D6BA
D6BA
D6DA
D6DA
D6BA
D6BA
D6DA
D6DA
D6DA
D6DA
D6DA
D6DA
D6FA
D6DA
D6DA
D6FB
D6FB
D6FB
D6FB
DEFB
DEFB
DEFB
DEFB
DEFB
DF1B
DF1B
DEFB
DF1B
DF1B
DF1B
DF1B
DF3C
DF1B
DF1B
DF1B
DF1B
DF1C
DF3C
E73C
DF3C
DF3C
E73C
E73C
E73C
E73C
E73C
E75C
E75C
E75C
E75C
C679
846E
4265
4285
42C5
42C5
42E5
4B06
5B27
5B47
6347
6347
6B68
6B68
6368
6348
6348
6327
6368
6B88
6BA8
73C9
7C09
7C0A
842A
8C4B
8C8C
94CD
94CE
842C
634A
52C9
634A
842D
9CEF
A530
A530
9CEE
9CEF
AD71
BDF3
C635
C635
BDF4
B572
AD31
A511
9CD0
948E
8C2D
A4F0
B5B4
B594
BDD5
C616
D698
D6B8
D6B8
CE77
BDD4
94AF
6BAA
4AE7
4AC6
5307
740C
A552
BDF5
C615
BDF5
C657
C637
BE16
BDD6
BDF6
C638
D6B9
E73B
EF7C
EF5C
DEDA
D698
C615
C5F5
CE37
CE78
DF1B
E75C
E75C
E75C
E73C
DF1B
D6FA
D6DA
D6BA
CE99
CE99
CE99
CEB9
D6DA
D6DA
DF1B
DF3B
D6FA
D6DA
D6FA
DF1B
E75C
DF3B
DF1B
DF1B
DF1B
D6FA
CEB9
CE98
CE98
CE78
CE78
CE78
CE99
D6B9
D6BA
D6BA
D6DA
DEDA
DF1B
E73C
E73C
E73C
EF7C
EF7C
EF7D
E75C
E75C
EF7D
E75C
AD74
7C0D
6B8B
6B6B
630A
5AE9
5AC9
52A9
5268
4A68
4206
39E6
31A5
2985
2964
2984
2984
31C5
31E5
31E5
29E5
29C4
31E5
31E4
3204
3225
42A6
42C6
42E6
42E6
5307
5B48
5B08
5B28
52E7
3A45
29C4
2183
2184
31E5
4A67
5AE9
5B29
5308
4AC7
4AA7
52E8
5B08
638A
6349
5B09
52E8
4AC8
4A88
4A88
4227
4247
4A68
5AC9
632A
52C9
52A8
4A88
52C8
5B09
5B09
5AE9
4A88
52C8
632A
6B6A
7BEB
7BEB
6BCA
6389
73EB
7C0C
7C0C
73EB
7C0B
840C
842C
842D
842C
842D
840C
8C4D
8C4D
7C0C
73CA
7C2C
844D
7C2C
6BAA
6BA9
6BA9
73EA
73EB
7C0B
7C0B
7C0B
7C0B
842C
844C
8C4D
8C6D
842C
840C
840C
8C4D
8C4D
842C
7C0C
842D
8C4E
8C4E
8C4D
7BEC
840D
840C
842D
8C2D
8C4D
D6B9
D6B9
D6BA
D6B9
D6BA
D6BA
D6BA
D6BA
D6BA
D6BA
D6DA
D6BA
D6BA
D6DA
D6DA
D6DA
D6DA
D6DA
D6DA
D6DA
D6DA
D6DA
D6DA
D6DA
D6DA
D6DA
D6FB
D6FB
D6FA
D6FA
DEFB
DEFB
DEFB
DEFB
DEFB
DEFB
DEFB
DEFB
DF1B
DF1B
DF1B
DF1B
DF1B
DF1B
DF1B
DF1B
DF1B
DF3B
DF3C
DF3C
DF3C
DF3C
E73B
DF5C
E73C
E73C
E75C
E75C
E75C
E75C
E75D
DF1C
ADB4
5307
3A85
3A85
3AA5
42E5
4AE6
5B27
5B27
5B27
5B27
6327
6348
6348
6327
5B27
5B27
6348
6348
6348
6348
6348
6368
6368
6B88
6B69
6B89
6B89
6349
5AE9
52C9
5B0A
6B6A
7BCB
7BCA
73CA
73CA
7BCA
842B
948D
9CCE
9CEE
A510
94AE
948D
9CCF
94AF
8C4D
7BEB
8C6D
9CF0
A511
AD51
B592
BDF3
C5F4
C635
BDD4
AD51
844D
5B69
4AC6
4AC6
4AC6
6389
8CAE
A551
B5B3
BDD4
BDD5
BDF5
B5B5
B595
BDF6
D699
DEFA
EF5C
EF5B
DEB9
D677
C5F5
C5F5
BDD5
BDF5
CE78
DEFA
DF1B
E73C
DF3B
D6FA
D6DA
D6DA
CEB9
CE99
CE78
C658
C658
CE99
D6DA
D6BA
DEFB
DF3C
DF1B
D6DA
D6DA
DF1B
E73C
DF1B
DF1B
DF1B
D6FA
D6BA
D699
CE99
CE98
CE78
C658
C658
CE58
CE78
D6BA
D6DA
D6DA
DEDA
DEFB
E73C
E73C
E71B
DF1B
DF1A
E73B
E73B
E75C
EF7D
EF9D
EF7D
BE37
8C90
73AC
6B8C
634B
632A
5AEA
5AC9
5AA9
4A68
4247
4207
39E6
31C6
31A5
29A5
31E5
31E5
31E5
29C5
29C4
31E5
3205
3A45
3A45
42A6
42C6
4AE6
4AE7
5B08
6B6A
6B6A
6349
5307
3A45
29A4
2163
2163
31E5
4A87
632A
6349
5B09
4AA7
4287
52E8
6349
6B8A
634A
6349
5B29
5AE9
4AA8
52A8
4A88
52A8
5AC9
6B6B
738C
6B6B
5B0A
52C9
5B09
634A
6B6B
632A
630A
6B6B
7BCC
7BEC
7C0C
73EB
6BA9
6389
73EB
7C0C
7C0B
7BEB
7C0C
842C
8C4D
8C4D
8C4D
842C
7BEC
842D
8C4D
7C2C
73EB
73EB
7C2C
7C0B
6BCA
6BA9
6BCA
73CA
73CA
73CA
73EA
7BEB
7BEB
7BEB
7C0B
840B
840C
7C0B
7BEB
7BEB
840C
842C
842C
7C0C
842D
946E
948E
8C4E
8C2D
840C
842C
842C
8C2D
8C2D
D6B9
D6BA
D6B9
D6BA
D6BA
D6BA
D6B9
D6BA
D6BA
D6BA
D6DA
D6BA
D6BA
D6DA
D6DA
D6DA
D6DA
D6DA
D6DA
D6DA
D6DA
D6DA
D6DA
D6DA
D6DA
D6DA
D6FB
DEFB
D6FB
D6FB
D6FB
D6FB
DEFB
DEFB
DEFB
DEFB
DEFB
DEFB
DEFB
DF1B
DF1B
DF1B
DF1B
DF1B
DF1B
DF1B
DF3C
DF3C
E73C
E73C
E73C
E73B
E73C
E73C
E73C
E73C
E73C
E75C
E75C
E75C
E75C
E75D
CE99
848E
3A65
3A44
3A84
4AC5
52E6
5B07
5B27
5B27
5B27
5B27
6328
5B27
5B27
5B27
5B48
6369
6369
6368
6348
6349
6369
6B69
6B69
6B69
6349
6349
6309
5AE9
52C9
5B0A
634A
6B4A
6B49
6349
6349
6B49
6B69
738A
7BCA
7BCA
7BEB
7BEB
7BEB
840C
8C2D
7BEB
73AA
7BCB
7BEB
840B
842B
8C6C
94AD
9CCD
9CEE
9CCE
8C6C
73AA
5307
4AC6
4AC6
4AE6
5326
73E9
948D
A50F
B592
B593
B5B4
B5B4
B5B5
C637
DEDA
EF5C
EF5B
DEF9
D677
C615
C616
CE57
BDF6
C657
CE99
D6DA
DF1B
DF1B
DEFA
D6DA
D6DA
CE99
CE78
C658
C657
C658
CE79
CE99
CEB9
CEBA
D6DA
DF1B
E73B
DEFB
D6DA
DEFB
DF1B
DEFB
D6FA
D6DA
D6DA
D6B9
CE99
CE79
CE78
C637
C637
C658
C658
CE58
CE79
D6B9
D6DA
DEDA
DEFB
E73B
E75C
E73B
DF1B
DF1B
D6D9
D6DA
DEFA
E73B
EF7C
EF9D
EF7D
DEFB
BE17
94B2
7BCD
6B8C
6B4B
632A
630A
5ACA
5289
4A68
4A68
4227
3A06
4226
3A26
3A06
3A05
31E5
31E5
3A26
3A26
3A66
3A85
4AC6
4AE7
5327
6389
6349
73AB
738A
6349
6349
3A45
29A4
2164
2163
3205
52A8
634A
634A
5B29
4AC7
4AA7
52C8
6349
6B6A
636A
6B8B
738B
634A
632A
5B0A
5AE9
5AE9
6B4B
738B
83ED
7BCC
6B6B
6B8B
73AC
7BCC
7BCD
738C
7BCC
840C
8C4D
8C4D
842C
7C0B
73C9
73CA
7C0B
7C0B
7C0B
7BEB
842B
844C
8C6D
8C6D
8C6D
842C
7C0C
7C0C
844C
7C2C
740B
6BCA
6BCA
6BA9
6389
6389
73EA
6BCA
6BCA
6BA9
6BAA
73CA
73CA
73AA
73CB
7BEB
7BEB
7BCB
73CB
73CB
7BEB
7BEB
7C0B
7BEB
7C0C
8C4D
948E
8C4D
8C4D
840C
842D
8C2D
8C2D
840C
D6B9
CEB9
D6B9
D6B9
D6BA
D6BA
D6BA
D6BA
D6BA
D6BA
D6BA
D6BA
D6BA
D6DA
D6DA
D6DA
D6DA
D6BA
D6BA
D6BA
D6DA
D6DA
D6DA
D6DA
D6DA
D6DA
D6DA
D6DB
D6FB
D6FA
D6FB
DEFB
DEFB
DEFB
DEFB
DEFB
DEFB
DEFB
DEFB
DF1B
DF1B
DF1B
DF1B
DF1B
DF1B
DF1B
DF1B
DF3C
DF3C
DF3C
E73C
E73C
E73C
E73C
E73C
E73C
E73C
E73C
E75C
E75C
E75C
E75C
DF1B
ADB4
4AC7
3244
3A64
4AC5
52E7
5307
5307
5B27
6348
6348
6348
6348
6348
6348
6349
6369
6B89
6B89
6B69
6B69
6B69
6B89
6B89
6B89
6369
6349
6329
5AEA
5AE9
5B0A
634A
6B6A
636A
6329
6329
6349
738A
738A
738A
73AA
73AA
73AA
73AB
7BEB
7BEB
73AB
6B69
7389
73AA
73A9
7389
6B89
7389
73AA
7BCA
7BCB
73AA
6348
52E6
4AE5
4AE6
5306
5306
5B67
73C8
842A
9CCE
A510
A531
AD53
B594
BDF6
E71B
E73B
DEF9
D677
CE36
C5F5
CE37
D6B9
DEFA
D6B9
CE78
CE78
CE99
D699
D6BA
DEFA
D6DA
CE99
CE78
C658
C637
C658
C638
C617
C658
CE99
CEB9
D6DA
DF1B
E73C
DF1B
D6FA
D6FA
D6DA
D6BA
D6B9
CEB9
CE99
CE79
CE78
C657
C637
C657
C658
C658
C658
CE78
CE99
D6BA
D6DA
D6DA
DEFB
DF1B
E73B
D6DA
DF1B
E73B
DEFA
DEDA
D6D9
E71B
EF5C
EF7C
E75C
DF1C
CE9A
B5B6
8450
73AC
6B6C
6B2B
5AEA
5AEA
5AC9
52A9
5288
5268
5AC9
5288
4A67
4226
3A05
4247
4A67
4A87
4266
4AA7
5308
6369
6B8A
7BEB
7BEB
73CB
6B8A
6B89
6389
4286
29C4
2163
2163
3205
52E8
6B6A
6BAB
6369
5B28
5308
5B28
636A
636A
6B8A
73AB
7C0D
73CC
73CC
6B8B
6B4A
632A
7BAC
83ED
8C4E
840D
7C0C
7BED
842E
8C4E
83ED
7BEC
840C
8C4D
948D
948D
8C6C
844C
7C0A
7C2B
7C2B
842B
842B
7C0B
7C0B
7C0B
844C
8C4D
842C
7C0C
73AA
73EB
7C2B
7C0B
73EA
6BCA
6389
6389
5B68
5B68
6BAA
6BAA
6BAA
6389
6389
6BA9
6B89
6B89
73CA
7BEB
7BEB
73CB
73AA
73CB
7BEB
73CB
73EB
73CA
7BEB
842C
8C4D
8C4D
842D
840C
840C
842C
8C2D
83EC
D6BA
CEB9
D6B9
D6B9
D6B9
D6BA
D6BA
D6BA
D6BA
D6BA
D6BA
D6BA
D6DA
D6DA
D6DA
D6BA
D6BA
D6BA
D6BA
D6DA
D6DA
D6DA
D6DA
D6DA
D6DA
D6DA
D6DA
D6FB
DEFA
DEFA
D6FA
DEFB
DEFB
DEFB
DEFB
DEFB
DEFB
DEFB
DEFB
DF1B
DF1B
DF1B
DF1B
DF1B
DF1B
DF1B
DF1B
DF1B
DF3C
DF3C
E73C
E73C
E73C
E73C
E73C
E75C
E75C
E73C
E73C
E73C
E75C
E75C
E75C
C658
740C
3A44
4285
4AE6
5307
5B07
5B27
5B48
6348
6368
6B69
6368
6369
6349
6329
6349
6349
6B8A
6B8A
6B89
6369
6B89
6B89
6B89
6B89
6349
6329
5B0A
5B0A
5B2A
6B6B
6B8B
6B8A
6349
6B49
6B4A
738A
736A
738A
738A
738A
738A
73AA
7BCB
7BCB
738A
6B49
6B68
6367
6367
6368
6B68
6B69
6B69
7BAA
7BAA
7389
6367
5B26
5305
5326
5326
5326
5B47
6387
6B88
73C9
844D
94D0
A532
BDF6
E6FA
E71A
E6D9
D657
D677
CE36
C615
C616
CE99
DF3B
E75C
E73C
D6DA
CE99
D6B9
DF1B
E73C
DF1B
D6BA
CE99
C658
BE17
BE17
C658
CE78
C679
CE99
CEBA
D6DA
DEFB
DF1B
DF3B
DF1B
D6DA
D6DA
CE99
CE99
CE99
CE99
CE78
C658
C657
C657
C658
C658
C658
C658
C658
CE78
CE99
D6B9
D6B9
D6DA
DF1B
E75C
DEFA
D6B9
DEFA
DF1B
E71B
DED9
D6D9
E71B
EF5C
EF7D
EF7D
EF5C
CE99
A534
7BEE
738C
6B6B
6B4B
6B2B
630A
630A
62EA
630A
630A
5AC9
52A8
4A87
4A66
52A8
52A7
52A8
4AA7
52E7
6369
73CA
842C
842C
842C
7C0C
73EA
6BC9
6BA9
4AA6
29C4
2163
2163
3A26
5B09
73AB
7C0B
73EA
6BAA
6BAA
6389
6BAA
6389
6B8A
73AB
7C0C
7C0C
7C0C
7C0C
7BEC
73AC
840D
8C6E
948E
8C6E
8C6E
8C6E
8C6E
8C6E
842C
840C
842C
844C
846C
846C
8C6C
846C
7C4B
7C2B
7C2A
7C0A
7C0A
7C0A
73EA
73EA
7C0B
7C2B
7C0B
73CB
6BAA
73CA
73EA
73EA
6BCA
73EB
6BCA
63A9
5B68
6369
6389
6389
6389
5B68
5B68
5B68
5B68
6368
6BA9
7BEB
7BEB
73AA
6B89
6BAA
73CA
73AA
6BAA
6BAA
7BCB
840C
842C
840C
840C
7BEC
7BEC
840C
840C
83EC
D6B9
CEB9
D6B9
CEB9
D6B9
D6B9
D6BA
D6BA
D6BA
D6BA
D6BA
D6BA
D6BA
D6BA
D6BA
D6BA
D6BA
D6BA
D6DA
D6DA
D6DA
D6DA
D6DA
D6DA
D6DA
D6DA
D6FA
D6DA
DEFA
D6FA
D6FA
DEFB
DEFB
DEFA
DEFB
DEFB
DEFB
DEFB
DEFB
DEFB
DF1B
DF1B
DF1B
DF1B
DF1B
DF1B
DF1B
DF3C
DF3C
DF3C
DF3C
E73C
E73C
E75C
E73C
E73C
E73C
E73C
E73C
E73C
E75C
E73C
E75C
DF1B
A553
4AE6
4AC5
5306
5B47
6368
6368
6348
6368
6368
6368
6B89
6369
6349
5B08
6309
6349
6B69
6B8A
6B89
6B69
6B89
6B89
6B89
6B89
6369
6349
630A
5B0A
634B
73AC
7BCD
73AA
6B69
6B69
736A
738A
738A
738A
73AA
73AA
73AB
7BEC
7BEC
7BEC
73AA
6B69
6348
5B26
5306
5306
5B27
6368
6B89
73AA
7BCA
7389
6368
5B46
5B26
5326
5326
5B47
6BA9
6BAA
6BA9
7C0C
A511
BDD5
CE78
E73B
EF3B
E6F9
D656
CE36
DEB8
CE36
BDD4
BDF5
CE78
D6DA
DEFA
D6FA
D6B9
CE99
D6DA
DF1B
DEFB
D6FB
D6DA
D6DA
CEB9
C638
BE17
C637
C658
CE79
CE99
D6BA
CEBA
D6DA
DEFB
DF3B
DEFB
DEFA
D6BA
CE99
CE78
CE99
CE99
C678
C658
C637
C637
C638
C637
BE16
BDD5
BE16
C658
CE79
CE99
CEB9
D6B9
D6DA
DF1B
E73C
DEFA
D6B9
D6D9
DEFA
DF1A
DED9
DEF9
E75C
EF7C
E75C
E71A
E71A
DEFB
AD75
7BEE
738C
738C
736B
6B6B
736C
736B
7B8C
736B
6B4B
5AE9
5AC9
52C8
5AE9
5B09
52A8
52C8
5B08
6BA9
7C0B
844C
7C0B
7C0B
7C0B
73EA
6BE9
6BA9
4AA6
29C4
2183
2183
3A46
6349
73EB
7C2B
7C2B
73EA
73EA
73EA
6BCA
6BA9
73CA
73EB
7C0B
7C0B
7C2B
844C
844C
7C0C
844D
8C6D
8C6D
8C6D
94AE
8C8E
844C
842C
842B
7C0A
740A
7C0A
7C0A
7C2B
8C8C
8C8D
844B
740A
6BC9
6BC9
73C9
6BC9
6BC9
73CA
73EA
7C0B
7C0B
73CA
6BA9
6BCA
73EA
6BCA
6BA9
73EA
740B
73EB
6BAA
6BCA
63A9
5B69
5B48
5B48
5B48
5347
5347
5347
5B48
6B89
6BAA
6B89
6369
6B89
6BAA
6BAA
6BAA
6B8A
73AA
7C0C
7BEB
7BEB
7BEB
7BCB
7BEB
840C
840C
7BCB
D6B9
D6B9
D6B9
D6B9
D6BA
D6B9
D6BA
D6BA
D6BA
D6BA
D6BA
D6BA
D6BA
D6BA
D6BA
D6BA
D6DA
D6BA
D6DA
D6DA
D6DA
D6DA
D6DA
D6DA
D6DA
D6DA
D6DA
D6FA
DEFA
DEFB
D6DB
DEFB
DEFA
DEFA
DEFB
DEFB
DEFB
DEFB
DF1B
DEFB
DF1B
DF1B
DF1B
DF1B
DF1B
DF1B
DF3B
DF3C
DF3B
DF3C
E73C
DF3C
DF3C
E73C
E73C
E73C
E75C
E75C
E73C
E73C
E75C
E75C
E75C
E75C
C638
740C
4AC5
5306
5B47
6388
6BA9
6389
6BA9
6368
6348
6368
6368
6348
5B08
5AE8
6329
6B8A
6B8A
6B89
6B89
73A9
73A9
6B89
6B69
6369
6329
5B09
5B0A
6B8C
73AD
7BED
73AB
6B8A
738A
73AA
73AB
7BAB
73AA
7BCB
73AB
73AB
842D
842D
8C2D
7BCB
73AA
6B68
5B06
52E5
4AC5
52E5
5306
6367
73A9
73AA
73CA
6B88
6347
5B47
5B47
5B48
6389
842D
9D11
AD93
C636
DED9
E71A
EF5B
EF7B
E6D9
CE36
C5F4
D657
D698
CE36
C616
CE78
D6B9
D6DA
CEB9
CE78
C658
CEB9
DEFB
D6BA
CE99
CEB9
CE79
C658
C637
BE17
BDF6
BE16
BE17
C637
C658
C678
CE79
CE99
D6B9
DEFA
DEFA
D6DA
D6BA
CE99
CE78
CE79
CE78
C658
C637
C637
C637
BE16
AD74
A532
B573
BDF6
C657
CE99
CEB9
CE99
D6B9
D6B9
D6DA
D6DA
D6DA
CE78
CE78
CE98
D698
DEF9
DEFA
E71B
EF5C
EF7C
DEFA
C5F6
B5B5
C617
B594
842E
7BCD
7BCD
7BCD
7BCD
7BAC
83ED
7BAC
736B
632A
6B4A
6B4A
6B4A
738B
6329
6329
5B48
6BA9
740A
7C2B
7C0A
73EA
740A
6BE9
6BC9
6388
42A5
29C4
2183
2183
3A46
6349
73CA
740A
740A
6BEA
73EA
73EA
73EA
73EA
842C
842C
842C
7C0B
7C2B
844B
844C
7C2B
7C2B
7C2B
7C4B
7C2B
846C
844C
844B
73EA
740A
73E9
73EA
73EA
6BC9
73EA
844C
8C6D
844B
6BC9
6388
6388
63A9
6BA9
6BA9
6BA9
6BCA
73EA
7BEB
73EA
6BCA
73EA
740B
73EA
6BCA
73EA
7C0B
7C0B
7C0B
7C0C
6BCA
6389
5B48
5B68
5B48
5327
5327
5327
5B47
5B68
6389
6369
6369
6B8A
6BAA
6BAA
6BAA
6B8A
73AA
73CB
7BEB
73CB
73AA
73AA
7BCB
7BEC
7BEB
7BAB
D6B9
D6B9
CEB9
D6B9
D6B9
D6B9
D6BA
D6BA
D6BA
D6BA
D6BA
D6BA
D6BA
D6BA
D6DA
D6DA
D6DA
D6DA
D6DA
D6BA
D6DA
D6DA
D6DA
D6DA
D6DA
D6DA
D6FA
D6FA
D6FA
DEFA
D6FA
D6FA
DEFA
DEFA
DEFB
DEFB
DEFB
DEFB
DEFB
DEFB
DF1B
DF1B
DF1B
DF1B
DF1B
DF1B
DF3B
DF3B
DF3B
DF3C
DF3C
E73C
E73C
E73C
E73C
E73C
E73C
E75C
E73C
E73C
E75C
E75C
E75C
E75C
D6FB
A552
5307
5306
5B68
63A9
6BA9
63A9
63A9
6388
6368
6368
6368
6368
6328
5B08
5B08
6369
6B89
73A9
73A9
73A9
73A9
73A9
6B89
6369
6329
5B09
5AE9
636B
6B8C
73CC
73CB
73AA
7BEB
7BEB
7BEB
7BCB
7BEB
7BEB
7BCB
73AB
840C
8C2D
8C4D
83EB
7BAA
7389
6327
5306
52E6
52E6
5B27
6348
73CA
7BAA
73AA
6B89
6BA9
73EA
844D
846E
AD52
B594
AD74
BE16
DEFA
EF5B
F77C
EF7B
DED9
CE56
C5F4
C5D4
D698
CE56
BDD4
C616
CE78
D6B9
CE99
C657
C637
C617
CE78
D6DA
CE99
C658
C637
BDF6
B5B5
B5B5
B5B5
B5D5
BDD5
BDF6
C616
C637
C637
C657
CE78
CE78
CEB9
D6DA
D6B9
D6B9
CE99
CE78
CE78
CE78
C637
C637
C637
BDF6
B594
AD33
AD73
B5B5
BDF6
C658
CE78
D6B9
D6DA
D6DA
D6DA
D6BA
CE78
C637
C657
CE57
CE57
CE77
CE77
D6B9
DEFA
E71B
EF5C
EF5C
D6B9
B595
94B1
9CF1
9CD1
8C4F
840E
840E
83ED
83ED
83CD
7BCD
738B
736B
738B
7BCC
7BAB
7BCC
6B8A
6B89
6389
6BC9
6BC9
73EA
73EA
6BE9
6BE9
63C9
63A8
5B67
4265
29C4
2184
2184
3A46
5B09
6B8A
73EA
73EA
6BCA
73EA
6BC9
740A
740A
8C6D
846D
844C
73EA
7C2B
7C0A
740A
73EA
73EA
740A
740A
740A
844B
7C2B
7C2A
73E9
73E9
6BE9
73EA
73EA
73EA
73EA
842C
8C8D
846C
6BC9
5B68
5B47
5B68
6368
6389
6389
6389
6389
6BA9
6BA9
6B89
6BCA
73EA
73EA
6BCA
740B
7C0B
7C0C
844D
844D
73EB
6389
6369
6BCA
63A9
5B69
5B48
5B48
5B48
5B68
6389
6BAA
6BAA
73CB
7BEB
73AB
6BAA
6B8A
6BAA
6BAA
73CA
6B8A
6B8A
6B8A
73AA
7BCB
7BCB
738A
CEB9
D6B9
D6B9
D6B9
D6B9
D6B9
D6B9
D6BA
D6BA
D6BA
D6BA
D6BA
D6BA
D6BA
D6DA
D6DA
D6BA
D6DA
D6DA
D6BA
D6DA
D6DA
D6DA
D6DA
D6DA
D6DA
D6FA
D6DA
DEFA
DEFA
DEFA
DEFA
DEFA
DEFB
DEFB
DEFB
DEFB
DEFB
DEFB
DF1B
DEFB
DF1B
DF1B
DF1B
DF1B
DF3B
DF3B
DF3B
DF3B
DF3C
DF3C
E73C
E73C
E73C
E73C
E73C
E73C
E75C
E75C
E75C
E75C
E75C
E75C
E75C
E75C
BE37
7C2C
5327
63A8
6BA9
63A9
6368
6368
5B48
6368
6B69
6B89
6B89
6348
6328
6348
6348
6B69
6B88
6B88
6B89
6BA9
6B89
6B89
6B69
6349
5B09
5AE9
52E9
5B2A
636A
73AA
73AA
7BCA
73AA
7BCA
7BCA
7BEB
7BEB
7BEB
7BCB
840C
840D
840C
7BCB
73AA
7389
6B69
6B69
6349
6348
6B69
73AA
83EB
8C2C
83EB
73AA
6B8A
6B8A
7C0D
94AF
94B0
AD73
CE78
DEFA
EF5B
EF5B
EF5B
DED9
CE56
CE15
C5D4
C5F4
CE56
C5F5
B552
B5B4
BE16
CE78
CE78
C637
C617
BE16
CE78
D6B9
C637
B594
AD73
A553
AD33
AD53
AD53
AD74
B594
B5B5
B5D5
BDD5
BE16
C616
C616
C637
CE58
CE78
CE79
CE99
CE79
C658
CE58
C658
C637
C637
BE16
B5D5
BDD5
BDD5
BE16
C658
CE78
C658
C678
CE99
CEB9
D6FA
D6FA
D6B9
CE78
C637
C617
C616
C637
C637
CE37
D698
DED9
DEFA
E6FA
EF5C
EF5C
DF1A
CE78
AD74
A512
8C70
8C2F
840E
840E
83ED
83ED
7BCD
7BAC
738B
738B
7BCC
7BEC
7BEC
7BEB
6BCA
6BA9
6BC9
6BC9
63A9
63A9
63A8
63A8
6388
5B87
5327
3A25
29A4
21A4
29A4
3A46
5B09
6B8A
73EA
6BEA
6BEA
73EA
73EA
7C0B
7C0B
844C
7C2B
73EA
6BC9
73EA
73E9
6BC9
6BA9
6BCA
73EA
6BE9
740A
7C2B
7C2A
7409
73E9
740A
73EA
740A
740B
7C0B
740B
7C2C
8C8D
844C
6BCA
5B48
5327
5327
5B48
5B48
5B48
6369
5B48
5B48
6369
5B48
5B68
6369
6B89
6BAA
7C0B
7C0B
842C
8C4D
844D
7C0B
6BCA
6BCA
73EB
6BAA
6389
638A
6389
6389
6389
6369
73CB
73EB
7C0C
7C0C
73CB
73CB
6BAA
6B8A
6389
6389
6369
6369
6369
6B8A
6B8A
6B6A
6349
D6BA
CEB9
D6B9
CEB9
D6B9
D6B9
D6B9
D6B9
D6BA
D6BA
D6BA
D6BA
D6BA
D6BA
D6BA
D6DA
D6DA
D6DA
D6DA
D6BA
D6DA
D6DA
D6DA
D6DA
D6DA
D6DA
D6DA
D6DA
D6DA
DEFA
DEFA
DEFA
DEFA
DEFA
DEFB
DEFB
DEFA
DEFB
DEFB
DEFB
DEFB
DF1B
DF1B
DF1B
DF1B
DF1B
DF1B
DF1B
DF3C
DF3C
DF3C
E73C
E73C
E73C
E73C
E73C
E73C
E73C
E73C
E75C
E75C
E75C
E75C
E75D
E75D
D6FA
A573
6BA9
6BC9
6368
5B27
5307
6368
6368
6368
6B89
6B89
6B89
6B68
6348
6348
6348
6368
6368
6368
6B88
6B88
6B88
6368
6368
6B69
6329
5B09
4A88
4AA8
52E9
6B8A
73AA
73AA
6B69
7389
7389
73CA
73AA
73AA
7BCB
840C
840C
83EC
73AA
73AA
7BAA
7BCB
840C
7BCB
7BCB
7369
83CB
8C0C
944D
944D
7BCA
73AA
842C
840D
94AF
AD73
CE57
E6FA
EF5B
E71A
EF5B
E6F9
D656
D656
C5D4
BD93
BDB4
CE36
B593
AD32
AD73
B5B4
BDF6
BE16
BDF6
BDD5
BDD6
C637
C657
B594
AD73
A533
A532
A532
A553
AD53
AD53
AD53
AD74
B574
AD73
B594
BDF6
BDD5
BDD5
BDF6
C616
C657
C657
CE58
C658
C637
C617
C617
C637
BE16
BE16
B5D5
BDF6
BE16
BE17
BE17
BE37
C637
C657
C678
CE99
D6B9
CE79
C637
BDF6
BDF6
C5F6
C616
C636
C5F5
CE56
D698
E71A
DED9
E71A
EF5B
EF7C
E73B
E6FA
D698
AD74
8C4F
7BED
840E
840E
840E
83ED
7BCD
7BCC
7BAC
7BCC
840C
840C
7BEB
73EA
63A9
6BA9
63A9
6388
5B68
5347
5347
5B47
5B47
52E7
3A25
29A4
21A4
29C4
3A46
5B29
6B8A
73EA
6BEA
73EA
740A
7C2B
7C2B
844C
7C2B
73EA
6BCA
6BA9
6BA9
6BA9
6389
6BC9
73EA
73EA
73EA
742B
7C2B
7C2A
6BE9
6BE9
740A
7C0B
7C4C
7C2B
7C2B
740B
7C0B
7C2C
7C0B
6BA9
5B48
5307
5307
5B48
5B28
5B49
5B49
5B28
5B29
5B49
5308
5B08
5B49
6369
6BAA
6BCA
73EB
7C2C
7C2C
7C0B
740B
740B
7C0C
73EB
6BCA
6BCA
73EB
740B
7C2C
6BCA
6B8A
73EB
7C2C
7C2C
73EC
6BCA
638A
6BAA
6389
6389
6389
5B49
5B48
5B48
6369
6369
6349
5B28
D6B9
D6B9
D6B9
D6BA
D6B9
D6B9
D6B9
D6B9
D6B9
D6DA
D6BA
D6BA
D6BA
D6BA
D6BA
D6BA
D6DA
D6DA
D6BA
D6BA
D6DA
D6DA
D6DA
D6DA
D6DA
D6DA
D6DA
D6FA
D6FA
D6FA
DEFA
DEFA
DEFA
DEFA
DEFB
DEFA
DEFA
DF1A
DEFA
DEFB
DF1B
DF1B
DF1B
DF1B
DF1B
DF1B
DF1B
DF1B
DF1C
DF3C
DF3C
DF3C
DF3C
DF3C
E73C
E73C
E73C
E73C
E75C
E73C
E75C
E75C
E75C
E75C
E75C
E75C
C637
848D
6BA8
5B47
5307
5307
6368
6389
6B88
6B68
6B68
6368
6368
6347
5B48
5B47
6347
6367
6367
6B88
6B88
6368
6348
6B69
6B89
6349
5B09
4288
4288
52E9
636A
73AA
7389
6B49
6B49
6B49
6B69
73AA
73AA
7BCB
840C
840C
83EB
738A
73AA
83CB
8C2C
944D
8C0C
83EB
7BAA
83CB
9C6D
A4CF
9C8E
8C4D
842C
842C
8C6E
A531
D698
EF3B
E6F9
DEB8
EF5B
EF1A
D677
D676
C5F4
BD72
B552
C5F4
BDD3
AD31
A511
B5B4
BDD5
BDD5
B5B5
B594
B5B4
BE16
C617
BDF6
B5B5
AD74
AD53
A533
A532
9D12
A532
A512
A512
AD53
AD53
AD33
AD53
B574
B5B4
B594
B594
BDD5
BDF6
C616
C616
C617
BDF6
BDF6
BDF6
BDD6
BDF6
B5B5
B594
B594
B594
B5D5
BDF6
BE17
BE37
C658
C658
C678
CE78
CE78
C658
C617
C617
C616
BDF5
C5F5
C636
BDD4
CE56
D698
DED9
DED9
EF3B
EF5C
EF7C
E71B
E6D9
DEB9
BDB5
94D1
842E
840D
840D
83ED
7BED
7BED
7BED
840D
840D
840C
7BEB
6BAA
6368
6388
5B68
5B48
5327
5307
4AE7
5327
5B27
52E7
3A45
29C4
29A4
29E4
4266
6329
6BAA
6BC9
6BE9
73EA
73EA
740A
740A
7C4B
7C2B
740A
6BCA
6BCA
6BA9
6388
63A9
73EA
7C2B
7C2B
740A
7C2B
740B
7C2B
6BEA
6BE9
73EA
740B
846D
7C2C
7C2B
740B
73EB
73EB
73EB
6BAA
5B69
5328
5307
5B48
5B29
6369
5B29
636A
5B29
5B49
5B08
5B08
636A
6B8A
6BAB
6BAA
6B8A
73EB
73EB
7C0B
6BCA
73CA
73EB
73EB
6BCA
73EB
7C0B
7C2C
7C0C
73EB
73EB
73EB
73EB
73EB
73EB
6389
6389
6BCA
63A9
6BCA
6389
5B69
5B68
6369
5B48
6349
5B28
5B28
D6B9
CEB9
D6B9
D6B9
D6B9
D6B9
CEB9
D6B9
D6B9
D6BA
D6BA
D6BA
D6BA
D6BA
D6BA
D6B9
D6BA
D6BA
D6BA
D6BA
D6DA
D6DA
D6DA
D6DA
D6DA
D6DA
D6DA
D6FA
D6FA
D6FA
D6FA
DEFA
DEFA
DEFA
DEFA
DEFB
DEFB
DEFB
DEFA
DEFA
DF1B
DF1B
DF1B
DF1B
DF1B
DF1B
DF1B
DF1B
DF1C
DF1C
DF1C
DF3C
DF3C
E73C
DF3C
E73C
E73C
E73C
E73C
E73C
E73C
E73C
E73C
E73C
E75C
E75C
D6FA
A572
6388
5B26
5306
5B27
6388
6BA9
6BA9
6B88
6368
6368
6B88
6388
6368
6348
5B47
5B47
5B47
6367
6388
6348
6348
6368
6BA9
6369
5B09
4A88
4268
52E9
6B6A
73AA
6B89
6B49
6B49
6B49
6B68
6B89
738A
73CB
73CB
7BEC
7BEB
7BCA
7BCB
840B
944D
9C6E
942D
8BCC
83CB
8C0C
9C6D
A4AE
9CAE
9CAE
8C4D
948F
AD73
D698
EF3A
DE97
D656
E6F9
EF3B
DE98
D656
CE14
BD92
AD31
AD31
C5F4
A510
A511
AD52
B594
BDD5
B593
A532
A4F1
B5B5
BE17
BE17
BDD6
B5B5
AD73
A553
A512
A512
9CF1
9CD1
A4F2
A4F2
A512
A512
A4F2
A512
AD32
AD53
AD73
AD73
B574
B5B5
BDD5
B5B4
BDB5
BDB5
BDF6
B5B5
AD74
AD74
AD53
A532
A532
AD53
AD74
B5B5
C637
C658
CE79
CE99
CEBA
D6BA
CE79
C678
C658
C637
BDD5
BDB5
BDB4
C5F5
C615
C5D4
D656
D6B8
DE98
E6FA
EF3B
EF3B
EF7C
DED9
D697
DED8
BDD5
9490
842E
7BED
73CC
73AB
7BCC
7BEC
7C0C
842C
7C0C
73EB
6BA9
5B68
5B48
5B48
5307
4AE7
4AE7
4AE7
5307
5307
4AC6
3A25
29C4
29C4
31E4
4266
634A
6BAA
6BCA
6BEA
6BEA
6BE9
6BEA
6BC9
740A
740A
740A
740A
73EA
6BCA
63A9
63A9
7C0B
7C2C
7C2C
73EB
73EB
73EB
7C2B
740B
6BEA
6BEA
73EA
7C2C
7C0B
7C2B
73EA
73EA
73EA
73EB
6BCA
63AA
5B28
5B69
6369
6349
6369
5B29
636A
6349
6349
5B09
5B29
6B8A
73CB
73CB
6BAB
6369
73CB
73CA
740B
6BCA
6BCA
6BCA
6BCA
73CA
7C0B
7C0B
73EB
73EB
73CB
73EB
73CA
6BCA
6BCA
63AA
6369
6389
6BCA
6BEA
740B
63AA
5B68
5B48
5B69
5B48
5B28
5B28
5B08
D6B9
D6B9
D6B9
D6B9
D6B9
D6B9
D6B9
D6B9
D6B9
D6B9
D6BA
D6BA
D6BA
D6DA
D6DA
D6DA
D6BA
D6BA
D6BA
D6DA
D6DA
D6DA
D6DA
D6DA
D6DA
D6DA
D6DA
D6DA
D6DA
D6FA
D6FA
DEFA
DEFA
DEFA
DEFA
DEFA
DEFB
DEFB
DEFB
DEFB
DEFB
DF1B
DF1B
DF1B
DF1B
DF1B
DF1B
DF1B
DF1B
DF1C
E73C
DF3C
DF3C
DF3C
E73C
E73C
E73C
E73C
E73C
E73C
E73C
E75C
E75C
E75C
E73C
E75C
E75C
C636
7C4B
5326
5326
5B47
63A8
6BA9
6BA9
6BA9
6B88
6368
6BA8
6BA8
6BA8
6368
6347
5B67
5B67
5B67
6388
6368
6388
6B88
73A9
6369
5B09
4A88
4A68
52E9
6B8A
73EA
73CA
6B89
6B68
6B89
6B89
73A9
6B89
73AA
73CB
7BEB
840C
840B
840B
8C2C
944D
9C6E
9C4D
8C0C
8BEC
8C0C
9C6D
9C6D
946D
8C4D
94AF
BDD4
D698
EF3A
D676
C5F4
DEB8
EF3A
E6D8
D677
CE15
C5D3
BD72
ACF0
B572
AD31
A4F0
A4F1
A511
AD53
B594
A532
946F
A533
C637
BDF6
BE16
B5B5
AD53
AD53
A512
A4F2
9CD1
9CB1
9490
9490
9CB0
9CD1
9CD1
9CD1
9CB0
A4F1
A512
AD32
AD53
AD53
B594
BDB4
AD32
AD53
B594
B5B5
AD74
AD33
A512
A4F2
9CD1
A4F1
AD32
AD53
B594
BDD5
BE17
C658
D6BA
DEFB
DF1C
D6DA
CE99
C658
C637
BDD5
BDB4
B593
BDB4
C5F5
BD93
C5F5
DEB8
D698
DEB8
E73A
E71A
EF5B
EF5B
DEB8
D677
DEB8
B594
844E
7BEC
73CB
73AB
6BAA
73AA
73CB
73CA
73EB
73CA
63A9
5B68
5B48
5327
4AE7
4AC6
52E7
52E7
52E7
52E7
4286
3225
29E4
29C4
3205
4266
5B29
638A
6BCA
73EA
6BEA
6BEA
6BE9
6BC9
740A
740A
7C2B
7C2B
844C
7C2B
73EA
6BCA
740A
7C2C
842C
73EB
6BAA
73CB
73EB
73EA
6BCA
6BCA
7C0B
7C2B
7C0B
740A
7C0B
7C2B
740A
740B
73EA
6BAA
5B48
6389
6B8A
6B8A
6B8A
636A
636A
6349
5B29
5B09
6B6A
6B6A
73AB
6BAA
6BAA
6BAA
73EB
73EB
7C0B
7C0B
740B
6BCA
73EB
73EB
73EB
73EB
6BCA
6BAA
6BAA
6BAA
6BAA
6389
6369
63A9
6389
6389
6BCA
742B
742B
6BEA
5B89
5B48
5B48
5B69
5B69
5328
5308
CEB9
D6B9
D6B9
D6B9
D6B9
D6B9
D6B9
D6B9
D6BA
D6BA
D6BA
D6BA
D6BA
D6BA
D6DA
D6DA
D6DA
D6BA
D6BA
D6BA
D6DA
D6DA
D6DA
D6DA
D6DA
D6DA
D6DA
D6DA
D6FA
D6DA
D6DA
DEFA
D6FA
DEFA
DEFB
DEFB
DEFB
DEFB
DEFB
DEFB
DEFB
DF1B
DF1B
DF1B
DF1B
DF1B
DF1B
DF1B
DF3B
DF1C
DF3C
E73C
DF3C
DF3C
E73C
E73C
E73C
E73C
E73C
E73C
E73C
E73C
E73C
E73C
E75C
E75C
E75C
D6DA
9D51
5B26
5306
5306
5B67
6388
6BA8
6BA8
6B88
6388
63A8
63A8
63A8
6347
5B47
5B47
5B67
5B67
6368
6368
6368
6B88
6BA9
6368
5B09
52C9
52C9
632A
6BAA
7BEA
7BEA
73C9
73C9
73C9
73C9
73CA
6BAA
73CB
7C0C
844D
8C6D
8C6C
8C4C
946D
9C8E
A4AE
9C6E
8BEC
8BCB
942C
9C8E
944C
946D
94AF
B593
DEB8
E71A
DE97
C5D3
D656
EF3A
DED8
DE97
D655
C5D3
BDB3
AD31
A4F0
B552
9CAF
A511
A4F0
9CAF
A4F1
A511
946F
9CD1
C658
C658
BDF6
B5B5
AD74
AD33
A4F2
9CD1
9CB1
9490
9490
8C4F
8C4F
944F
946F
948F
946F
946F
9C90
A4F2
A512
AD12
AD33
AD53
AD33
AD12
AD12
AD53
AD53
A532
9CF1
9CD1
9490
946F
9C90
9CD1
A512
AD53
B594
B5B5
BE16
C658
CE99
DF1B
E73C
D6DA
CE99
C657
B5B5
B594
AD12
B593
B573
B552
BD72
D676
D698
D677
DEB8
E73A
E71A
EF3B
E71A
D677
D656
E6D8
AD53
7C0D
73CB
73CB
6B8A
6B89
6389
6389
6389
6389
5B68
5B48
5B27
5307
4AE7
4AC7
5307
5308
52E8
4AA7
4266
3205
29E4
29E4
3A25
4287
5B09
6B8A
73EA
6BEA
73EA
6BEA
73EA
740A
740A
740A
7C0B
7C2B
8C8D
8C8D
7C4B
7C0B
7C0A
846C
8C8D
7C2C
73EB
73CB
7C0C
73CA
63A9
6BAA
844C
844C
7C4C
7C0B
7C2B
7C2B
740A
740A
73EA
6BA9
6BA9
6BAA
73CB
73CB
6BAA
6BAA
6B8A
636A
636A
634A
73AB
73CB
7BEB
73AA
73CB
73CB
73EB
740B
73EB
73EA
740A
73EA
7C0B
740B
73EA
6BCA
6BA9
6BA9
6389
6389
6369
5B48
6388
63A9
6BCA
6BCA
6BEA
740A
7C4B
6C0A
63A9
5B68
6389
6BCA
6389
5B48
5B48
D6B9
CEB9
D6B9
D6B9
CEB9
D6B9
D6B9
D6B9
D6B9
D6B9
D6B9
D6BA
D6BA
D6BA
D6BA
D6DA
D6DA
D6BA
D6DA
D6DA
D6BA
D6DA
D6DA
D6DA
D6DA
D6DA
D6DA
D6DA
D6DA
D6DA
D6FA
D6FA
DEFA
DEFA
DEFA
DEFB
DEFB
DEFA
DEFB
DEFB
DEFB
DF1B
DF1B
DF1B
DF1B
DF1B
DF1B
DF3B
DF1B
DF1B
DF3B
DF3B
DF3B
DF3C
DF3C
E73C
E73C
E73C
E73C
E73C
E73C
E73C
E75C
E75C
E75C
E75C
E75C
E75C
BE16
740A
52E6
52E6
5326
6387
6387
6387
6387
6367
6387
6387
6367
5B47
5B27
5B47
5B67
5B67
5B68
5B47
6347
6347
6367
5B28
5B08
5AE9
5AEA
6B8B
73EB
7C0A
7C09
73E9
73E9
7C0A
7409
73EA
6BAA
73CB
7C0C
8C8D
94CE
9CCE
94AE
948D
9CAE
A4AE
9C6D
8BEB
8BEB
9C2D
9C8E
9C8E
946D
B593
D677
E6F9
E6B8
CDF4
C5D4
E6F9
E6D8
D677
D656
CE14
BD92
B551
A4AF
A4AF
A4F0
9C8F
AD31
9CD0
946E
944E
9CB0
9CD1
BDD5
CE78
BE17
B5B5
AD74
A532
A512
9CF2
9CB1
946F
8C4F
8C4F
8C2E
840D
8C2E
8C2E
944F
8C4E
946F
9C90
A4D1
A4D1
A4F1
A4F2
A4F2
A4F1
A4F1
A4F1
A4F2
A4F2
A4D1
9CB0
9490
9CB0
944F
946F
946F
948F
9CD1
A512
AD53
B5B5
C637
CE99
CEBA
E73C
DF1B
CE78
C637
BDF6
BDF5
AD32
AD52
B552
ACF0
B531
CE15
DED8
DEB8
D677
E6F9
E6FA
E6FA
EF3B
D698
CDF5
D636
E6D9
A512
73CB
6B8A
6369
5B48
5B48
5B48
5328
5327
5327
5327
5307
4AE7
4AC7
4AC7
52E7
52E8
52E8
52C7
4266
3204
31E4
31E4
3A25
4287
5B09
6B8A
6BCA
6BCA
73CA
73EA
740A
844C
7C4C
844C
7C0B
73EA
846C
8C8C
8C8D
7C4B
7C2A
8C8C
94CF
8C8D
844C
7C2C
844C
73EB
6BAA
6BAA
7C0C
844C
846D
7C2B
7C2B
740A
73EA
6BCA
6BCA
6BA9
73EA
7C2B
7C0B
7C0B
73EB
73CA
6BAA
6BAA
6BAA
6BAA
7BEB
7BEB
7C0C
7BEB
73EB
73CA
73EA
73EA
73EA
6BCA
6BC9
73EA
740A
73EA
6BC9
6BA9
6BC9
63A9
6389
6389
5B48
5B48
5B68
63A9
73EA
740B
740A
6BE9
742A
6C0A
63A9
63A9
6389
6C0A
6BEA
63A9
6389
D6B9
D6B9
D6B9
D6B9
D6B9
D6B9
D6B9
D6B9
D6B9
D6B9
D6B9
D6BA
D6BA
D6BA
D6BA
D6BA
D6BA
D6DA
D6DA
D6DA
D6DA
D6DA
D6DA
D6DA
D6DA
D6DA
D6DA
D6DA
D6FA
D6FA
D6FA
D6DA
D6FA
DEFA
DEFA
DEFB
DEFA
DEFA
DEFB
DEFA
DEFB
DEFB
DF1B
DF1B
DF1B
DF1B
DF1B
DF1B
DF1B
DF1B
DF3B
DF3B
E73B
DF3B
DF3C
E73C
E73C
E73C
E73C
E73C
E75C
E75C
E75D
E75D
E77D
E75D
E75D
E75C
D6DA
9D10
5306
4AE5
5326
5B66
6387
6367
5B67
5B67
6387
5B66
5B47
5B27
5B27
5B47
5B67
5B47
5B47
5B27
5B27
6347
5B47
5B27
5B08
5B09
5B2B
6BAC
7C0C
7C0A
7409
7409
73E9
7C2A
7C0A
73EA
6B89
73CA
73EB
8C8C
94AD
94CD
94AD
948D
9C8D
A4AE
9C6D
8BEB
8BEC
9C2D
9C6D
944D
9CCF
C615
E6D8
E6D8
D635
BD72
CE36
E6F9
D656
D656
CE35
C5B3
BD72
B510
9C4E
ACF0
9C8F
9CAF
A511
9C8F
8C2D
8C4E
9CF1
AD54
C637
CE58
BDF6
AD74
A512
9CD1
9CB1
9490
946F
8C2E
83ED
840E
8C0E
7BAC
7BCC
83ED
8C4F
8C2E
946F
9C90
9CB1
9CB0
A4B1
A4D1
9CD1
9CD1
9CB1
9CD1
9CB1
9CB0
9C90
946F
944F
9C90
840D
83ED
8C0E
8C2E
9C90
9CB1
A512
AD53
B595
C637
CE99
D6DB
E75C
D6FA
CE78
BDD5
C616
BDB4
A4F1
AD32
A4D0
AD11
BDB3
D676
E6F9
DEB8
DEB8
E71A
DED9
E6D9
E6FA
CE36
C593
DE77
D677
8C8F
6369
5328
5307
5307
5307
5307
5307
5307
4AE7
5307
4AC6
4AC7
4AA6
52E7
52E8
52E8
52E8
4286
3225
29E4
3204
3A46
4287
5B29
6BAA
6BCA
6BCA
740B
7C0B
7C2B
8C8D
8C8D
8C8D
740A
73EA
7C2B
846C
8CAD
846C
7C2B
846C
94AE
94CE
8C8D
846C
8C6D
7C2C
740B
73EA
740B
7C2B
7C4C
7C2B
740A
73EA
73EA
6BCA
6BAA
6BA9
73EA
7C4B
7C4B
7C2B
740B
7C0B
73EA
6BCA
73CA
73EA
7C0B
7C0B
7C2B
7C2C
7C0B
73EA
6BCA
6BCA
6BC9
6BA9
6BC9
6BC9
73EA
6BCA
63A9
63A9
6BC9
63A9
6BA9
6389
5B69
6389
6388
6BC9
740A
742B
740A
740A
742A
6C0A
6BE9
6BC9
6BEA
742B
6C0A
6C0A
6BCA
D6B9
D6B9
CEB9
D6B9
D6B9
D6B9
D6B9
D6BA
D6B9
D6B9
D6B9
D6B9
D6BA
D6BA
D6BA
D6DA
D6DA
D6DA
D6DA
D6DA
D6DA
D6DA
D6DA
D6DA
D6DA
D6DA
D6DA
D6DA
D6DA
D6DA
D6DA
D6DA
D6FA
DEFA
DEFA
DEFA
DEFA
DEFB
DEFB
DEFB
DEFB
DEFB
DF1B
DF1B
DF1B
DF1B
DF1B
DF1B
DF1B
DF1B
DF3B
DF3B
DF1B
DF3B
E73C
E73C
E73C
E73C
E73C
E73C
E73C
E75C
E75C
E75C
E75C
E75D
E75D
E75D
E73C
B5D5
6BA9
4AC5
5305
5B46
5346
5346
5326
5B46
5B67
5B46
5B46
5B27
5B27
5B47
6368
6368
5B48
5B48
5B47
5B47
5B47
5B27
52E8
5AE9
634B
6BAC
73EB
7BEA
6BC8
73E8
7409
7C4A
7C2A
7C0A
6BAA
6BAA
73CA
7C2A
842A
844B
844B
946C
9C6D
A4AE
942D
8BCB
83AB
940C
942C
9C4D
B552
CE15
DE77
DE76
C592
BD52
D677
DE97
CE35
C5F5
CE15
BD92
B551
A4AF
9C6E
A4AF
944E
A4D0
A4F0
9C8F
8C0D
9CD1
B574
B5D6
CE58
C637
B594
AD53
A4D1
948F
946F
8C2E
8C2F
8C0E
840E
83CD
7BCD
7BAC
7B8C
83ED
8C2E
8C0E
942F
9C70
9CB1
9C70
9C90
9CB1
9C90
9C90
9C90
9C90
9470
9C90
9470
8C2E
840D
8C2E
7BAC
7BAC
83CD
8C0E
944F
9C90
A4F1
A512
AD73
B5B5
BDF6
CE79
DEFB
DF1B
C637
AD53
B5B4
C5F5
AD12
A511
A4CF
ACF0
B552
CE15
D677
E6F9
DE98
DEF9
DEB9
D677
E71A
D657
BD73
CDF4
E6B8
B5B4
7C0C
5327
4B07
4AE7
4AE7
4AE7
4AE7
4B07
4AE7
4AE7
4AC6
4AE7
4AC7
5308
52E8
52E8
5B08
4A86
3225
3204
3204
3A46
4A87
5B29
73EB
73EA
6BC9
73EA
7C0B
7C2B
846D
844C
846D
7C0B
740A
740A
7C4B
8C8D
8C8C
7C4B
7C2A
846C
8C8D
8CAD
8C8D
846C
844C
7C2B
740B
73EA
740A
7C2B
7C0B
740A
6BEA
73EA
6BEA
6BC9
6BC9
73EA
7C2B
7C2B
740A
740A
7C2B
73EA
73EA
73EA
740A
7C2B
7C0B
7C2B
7C0B
7C2B
73EA
73EA
6BCA
63A9
6BCA
6BC9
6BEA
6BCA
6BCA
6BA9
63A9
6BA9
6BA9
6BA9
6389
63AA
6389
6389
6BA9
6BEA
740A
740A
6BE9
742A
742A
6C0A
63C9
6BE9
740A
742A
740A
740B
D6BA
D6B9
CEB9
D6B9
D6B9
D6BA
D6B9
D6B9
D6B9
D6B9
D6B9
D6BA
D6B9
D6BA
D6DA
D6BA
D6BA
D6BA
D6DA
D6DA
D6BA
D6DA
D6DA
D6DA
D6DA
D6DA
D6DA
D6DA
D6DA
D6DA
D6DA
D6DA
D6FA
DEFA
D6FA
DEFA
DEFB
DEFB
DEFB
DEFB
DEFA
DEFB
DEFB
DF1B
DF1B
DF1B
DF1B
DF1B
DF1B
DF1B
DF3B
DF3B
DF3B
DF1B
DF3B
DF3B
E73C
E73C
E73C
E73C
E73C
E75C
E73C
E75C
E75C
E75C
E75C
E75C
E75C
CE99
8CAF
4AC5
4AE5
5325
5305
5306
5306
5326
5326
5326
5327
5307
5B07
5B27
6367
6368
6368
6368
5B68
5B48
5B47
5B27
5AE8
5AE9
6B4C
7BCD
7BCC
73C9
6388
6BA8
73E9
7C2A
7C0A
7C2B
73CA
6BAA
6B89
73C9
73C8
73C8
73C9
842A
8C2B
9C6D
8BEB
7BAA
6B29
7BAA
8BEB
946D
BDB3
CE15
D656
D635
B530
B551
DE97
D656
BD93
C5F5
C5F4
B552
B531
9C6E
A48E
9C6E
942D
A4D0
A4D0
944E
8C2E
AD53
B5D5
C637
CE58
BDD6
AD74
A4D1
948F
8C2E
83ED
7B8C
732B
6B0A
6B2A
734B
6AEA
734B
7B8C
840E
83ED
83ED
8C2E
9470
9CB1
9470
9C90
9CB0
946F
944F
946F
946F
944F
9470
944F
83ED
7B8C
7B6B
6B0A
6B2A
6B0A
7B8C
83ED
942E
9C8F
A4D0
A512
B594
BDD6
C637
CE99
DF1B
D6BA
B5D5
A532
B574
B573
A4F0
9C8E
A4AF
AD31
BDB3
CE35
DEB8
D697
DEB8
DED9
D656
DEB8
D698
BD73
C592
DE76
D677
9D11
5B49
4AC6
4AC7
4AC7
4AC7
42C6
4AE7
4AC6
4AE7
4AE7
4AC6
52E7
5B28
5B29
5B28
5B08
4286
3225
3204
3204
3A66
4AA7
5B29
73EB
73EA
6BC9
6BA9
6BCA
740A
7C4B
740B
7C2B
73EA
73EA
73EA
7C2B
7C2B
7C2B
740A
7C2A
844B
846C
8C8C
8C8D
846C
846C
844C
7C2B
742A
740A
7C2B
7C2B
7C2B
7C2B
740A
6BEA
6BEA
740A
7C2B
7C2B
740A
73EA
73E9
73EA
73EA
6BE9
6BC9
73E9
7C0A
7C0A
7C0B
73EA
7C0B
73EA
73EA
6BCA
6389
6BA9
6BA9
6BC9
6389
6BA9
6BA9
6389
6388
6389
6389
6369
6389
6389
6389
6389
6388
63C8
6BC9
6BE9
6BE9
740A
6BE9
63C8
63C8
6BE9
6BE9
740B
7C2B
D6B9
CEB9
D6BA
D6B9
D6B9
D6B9
D6B9
D6BA
D6B9
D6BA
D6BA
D6BA
D6BA
D6BA
D6BA
D6BA
D6DA
D6BA
D6BA
D6BA
D6DA
D6DA
D6DA
D6DA
D6DA
D6DA
D6DA
D6DA
D6DA
D6DA
D6DA
D6DA
D6FA
DEFA
DEFA
DEFA
DEFB
DEFB
DEFB
DEFB
DEFB
DEFB
DF1B
DF1B
DF1B
DF1B
DF1B
DF1B
DF1B
DF1B
DF1B
DF1B
DF1B
DF1B
DF3B
DF3B
DF3C
E73C
E73C
E73C
E73C
E73C
E73C
E73C
E73B
E73C
E75C
E73C
E75C
E71C
ADB4
5B68
4AC5
5305
52E6
4AE6
4AC6
4AE6
5306
5327
5327
52E7
52E7
52E7
5B27
5B07
6368
5B48
5B48
5B27
5B27
5307
5AE8
6B0B
838D
93EF
83CD
6B89
5B47
6368
6B88
73C9
73C9
740A
6BAA
6389
6348
6B68
6B87
6B88
6B88
7BE9
7BC9
83EB
738A
6308
4A86
6308
6B49
8C4D
AD51
CDF4
D635
CDD3
B531
C5B3
DEB8
C5D4
AD31
C5F4
BDB3
B552
AD10
A48F
A4AF
942D
9C6E
9CAF
9C8E
8C0D
944F
BDB5
BDF6
CE78
BE16
B574
A4F2
9CB0
946F
83ED
7B8C
62C9
4A06
49E6
41E6
49E6
5A88
6AEA
7B8C
83CD
7BAC
83ED
83EE
946F
9CD1
9470
9C90
9CB1
8C2E
944F
944F
942F
8C4F
9470
8C2F
83CD
734B
62C9
5A88
62C9
62A9
5A88
62C9
730A
7B8C
942F
A4F1
AD53
B574
BDD6
C637
D6B9
DF1B
C637
B5D5
AD94
B594
AD31
944E
A48F
A4D0
B552
C5D4
D656
D697
D677
E6D9
CDF5
CDF5
DEB8
BD93
ACF0
D5F4
DE97
B594
6BAB
4AE7
42A6
42A7
4AC7
42A6
4AA6
4AC6
4AC7
4AE7
4AC6
52E7
5B28
5B28
6349
5B28
4AA6
3225
3224
3224
3A66
4AA7
6349
73EA
6BEA
6BCA
6BA9
6BC9
6BC9
740A
73EA
740A
6BEA
740A
6BE9
73EA
6BC9
740A
7C2B
846C
844C
844B
7C4B
844B
846B
846B
846C
7C4B
742A
7409
7C4A
742A
846C
846C
7C2B
740A
740A
846C
846C
846C
7C2B
740A
740A
740A
73E9
6BE9
6BC9
6BC9
73EA
740A
7C0B
73EA
73CA
6BCA
6BCA
6BCA
6389
6389
6389
6369
6368
6388
63A9
6368
5B48
6368
6368
6368
6368
6368
6368
5B68
5B68
5B88
63A8
6BC9
6BC9
63C9
63C9
63C8
6BC9
6BC8
6BE9
7C2B
7C0B
D6B9
D6B9
D6B9
D6B9
D6B9
D6B9
D6B9
D6B9
D6B9
D6B9
D6BA
D6B9
D6BA
D6BA
D6BA
D6BA
D6DA
D6BA
D6DA
D6DA
D6BA
D6DA
D6DA
D6DA
D6DA
D6DA
D6DA
D6DA
D6DA
D6DA
D6DA
D6FA
D6DA
D6FA
DEFA
DEFA
DEFB
DEFA
DEFA
DEFB
DEFB
DEFB
DF1B
DEFB
DF1B
DF1B
DF1B
DF1B
DF1B
DF1B
DF1B
DF3B
DF3B
DF1B
DF1B
E73B
DF3B
E73C
E73C
E73C
E73C
E73C
DF3B
DF1B
DF3B
DF3B
E73C
E73C
E73C
E75C
CE79
848E
4AC5
52E5
4AC6
4AC6
4AA6
4AC6
52E7
5B07
5307
52E7
52C7
52C7
52E7
5307
5B28
5B08
5B49
5B28
5B28
5308
52C8
6B0A
836D
8BAE
7B6C
6B4A
5B28
5B48
6369
6368
6389
6389
6348
5B28
5B28
6348
6368
6347
6347
6B88
6368
6328
5AE7
4A86
3A04
4265
52E7
8C6E
BD92
C5B3
D635
C572
B531
D615
DE77
BD52
ACF0
BD72
BD72
B551
A4D0
A4D0
A4D0
942E
946E
9CAF
944E
8BED
9C90
BDD5
C616
BE16
B594
AD33
A4D1
944F
83ED
7B8B
732A
5AA9
3985
20E3
20E3
2923
41E6
5A68
62EA
7B8C
7B6C
8C0E
8C0E
8C4F
A4D2
9CB1
9C90
9CB0
8C0E
944F
944F
8C2F
8C2E
8C2F
83EE
7BAD
6AEA
5A89
5A48
5248
41A5
41A5
5227
5A88
732B
83ED
9CB0
A512
AD53
BDB5
BDF6
CE78
D6DA
CE99
B5B5
B5B5
BDD5
AD53
9C6F
9C6E
9C8F
AD11
BD93
C5D4
D676
D677
E6D9
D636
C572
D656
C5D4
9C4E
CDB3
DE55
D656
844E
52E8
4AC7
4AA7
4AA7
4AA7
42A6
4AC6
4AC7
4AC6
4AC6
52E7
5B08
5B28
6369
5B48
4AA6
3225
3224
3224
4266
4AA7
6349
6BCA
6BCA
6BCA
6BC9
6BE9
6BC9
6BEA
6BC9
63C9
6BC9
740A
6BE9
740A
6BE9
73E9
7C4B
846C
844C
7C0B
6BE9
740A
740A
7C2A
7C4B
742A
7409
7409
7429
742A
846C
846C
7C4B
742A
742A
846C
848C
844B
7C4B
7C2B
7C2A
740A
73EA
740A
740A
6BEA
6BC9
73EA
73EA
73EA
6BCA
6BA9
6BCA
6BA9
6389
6368
6369
5B68
6388
63A9
6389
5B48
5B47
6388
6BA9
6368
5B68
5B68
5B68
6388
63A9
63A8
63C9
6BE9
63A9
63A8
63A8
6BC9
6C09
6C09
6C09
7C2B
73EA
D6B9
D6B9
D6B9
D6B9
D6B9
D6BA
D6BA
D6BA
D6B9
D6B9
D6B9
D6BA
D6BA
D6BA
D6BA
D6DA
D6BA
D6DA
D6DA
D6DA
D6DA
D6DA
D6DA
D6DA
D6DA
D6DA
D6DA
D6DA
D6DA
D6DA
D6DA
D6DA
D6DA
D6FA
D6FA
DEFA
DEFB
DEFA
DEFA
DEFB
DEFB
DEFB
DEFB
DEFB
DF1B
DF1B
DF1B
DF1B
DF1B
DF1B
DF1B
DF1B
DF1B
DF1B
E73B
DF3B
E73B
DF3B
E73C
E73C
DF3C
E73C
DF3B
DF1B
DF3B
DF3B
E73C
E73C
E73C
E75C
DF1B
AD94
5B27
4AC5
4AC5
4AC6
4AA6
4AA6
52C7
5307
52E7
52C7
52C7
52C7
52E7
52E7
5B08
5B29
5B49
5B49
5B29
5309
52C9
5ACA
6ACA
730B
6B2B
634B
636B
636B
636B
636B
5B2A
5B2A
5B29
5309
5309
5B49
5B28
5B28
5307
5B08
52E8
52C7
4266
3204
29E4
31E4
4AC7
A511
9C8E
CE14
CDD3
B531
BD52
CE35
D655
B531
ACF0
B531
B551
AD10
A4CF
A4D0
A4B0
944E
944E
9C8F
942D
83CC
A4F1
BDD5
BDF6
B5D5
B574
9CD1
944F
83ED
7BAC
734B
5AA9
1081
0040
0041
0841
0841
2103
39C6
4A27
83AD
83AD
8C0F
9490
8C4F
A4F2
9C91
9C90
9CB1
944F
9C90
9C90
8C0E
8C0E
83CD
7B8D
7B8C
6AEA
5A68
49E6
3164
2103
18C2
2944
4A07
62C9
732A
83AC
948F
A4F1
B553
BDD5
C617
D6B9
D699
BDD5
AD32
AD32
B594
A4D0
9C6F
9C6E
A4D0
BD72
C5D4
D636
D676
DEB8
DEB8
BD93
C5B3
C5B3
9C2D
BD51
D615
DE76
AD32
5B49
4AA7
4AA7
4AC7
4AC7
4AC7
4AC7
4AC6
4AC6
4AE6
4AE7
5307
5307
6348
5B28
4AA6
3245
3224
3A44
4286
4AC8
636A
6BCA
6BA9
6BC9
6BE9
6BEA
6BC9
63C9
63A8
6388
6388
73EA
740A
740A
6BE9
6BE9
7C2A
7C4B
7C2A
6BE9
63A8
6BC9
6C09
7409
742A
6C09
6C09
6C09
6C09
742A
846B
846B
742A
73E9
740A
7C6B
7C4B
7C2B
7C4B
7C4B
7C4B
740A
73EA
740A
740A
740A
73EA
73EA
73EA
6BC9
6BCA
6BA9
6BCA
63A9
6389
6369
6348
6368
6388
6BA9
6BA9
6389
5B48
63A9
6BCA
6BCA
6BA9
6369
63A9
6388
6BC9
6BE9
6BC9
6BEA
63C9
63C9
6BE9
6BE9
7409
6C09
6BE9
742A
740A
D6B9
D6B9
D6B9
D6B9
D6B9
D6BA
D6B9
D6B9
D6BA
D6B9
D6B9
D6BA
D6B9
D6BA
D6BA
D6DA
D6BA
D6BA
D6DA
D6DA
D6DA
D6DA
D6DA
D6DA
D6DA
D6DA
D6DA
D6DA
D6DA
D6DA
D6DA
D6DA
D6DA
D6FA
DEFA
D6FA
DEFA
DEFA
DEFB
DEFB
DEFB
DEFB
DEFB
DEFB
DF1B
DF1B
DF1B
DF1B
DF1B
DF1B
DF1B
DF1B
DF1B
DF1B
DF1B
E71B
DF1B
DF3B
DF3B
E73B
DF3B
DF3B
DF3B
DF1B
E73B
E73B
E73C
E73C
E73C
E73C
E75C
CE78
846D
4AC6
4AA5
4AA6
4A86
4AA7
4AC7
52E7
52E8
52E8
52C8
52C8
52E8
52E8
5309
5B2A
636B
638C
638C
636C
5B4C
52EB
528A
5289
5AEB
636D
6BCE
7410
6BCF
6BAE
638D
638D
638D
636D
5B4C
5B4B
5B2B
5B2B
530A
5B0A
5B0A
4AA8
3A46
3204
29C4
29E4
634A
840D
946E
CDD4
B531
ACF0
BD72
C5D4
CE15
AD10
ACF0
ACF0
B531
AD10
A4CF
AD11
A4AF
8BEC
944F
9C8F
8C2D
946F
A532
BDF6
BDF6
B594
A4D1
8C4F
8C0E
83CD
7B8C
62C9
1081
0882
10C2
0882
10C3
1904
1082
2924
39A6
736D
944F
8BEE
B553
9491
A4F2
A4F2
A4D2
A4D2
A4B1
A4D2
9470
944F
8C0F
7B8C
734B
7B6C
62CA
41C6
3165
18C2
0040
0041
0020
1081
4A48
734B
736B
83ED
946F
A4D1
B553
C5D5
CE58
CE99
C616
A512
9CD0
946F
AD12
A4D1
9C90
A4B0
B552
BDB3
C5F4
D656
DEB8
E6F9
C5D4
C592
C592
9C2D
B4F0
CDD3
DE76
C5F4
73EC
52E8
4AA7
52C8
4AA7
4AC7
4AA7
4AA7
42A6
4AC6
4AC6
52E7
52E7
5B28
5307
4286
3244
3244
3A44
4286
52C8
636A
6BCA
63A9
6388
63A8
63A9
6388
6388
5B68
5B47
5307
6389
73EA
740A
73E9
6BE9
6BE9
7409
6BC8
63C8
63A8
6BC9
740A
6C09
6C09
6C09
6C09
6C09
740A
740A
742A
742A
740A
740A
740A
740A
7C4B
7C4B
7C4B
8C8C
7C2B
7C2B
73EA
6BEA
740B
73EA
7C2B
740B
73EA
6BA9
63A9
6BA9
6BA9
63A9
6389
6389
6369
63A9
6389
6BCA
6BCA
6389
6389
6BCA
73EA
73EB
6B89
6B89
6BA9
6389
63A9
742B
740B
6BEA
63C9
6BE9
6C09
7409
7409
7409
6C09
7409
742A
D6B9
CEB9
CEB9
D6B9
D6B9
D6B9
D6B9
D6BA
D6B9
D6BA
D6B9
D6B9
D6BA
D6BA
D6BA
D6BA
D6BA
D6BA
D6BA
D6BA
D6DA
D6DA
D6DA
D6DA
D6DA
D6DA
D6DA
D6DA
D6FA
D6DA
D6DA
D6DA
D6DA
D6FA
D6FA
DEFA
DEFA
DEFA
DEFA
DEFA
DEFB
DEFB
DEFB
DEFB
DEFB
DEFB
DF1B
DF1B
DF1B
DF1B
DF1B
DF1B
DF1B
DF1B
DF1B
DF3B
DF3B
DF3B
DF3C
E73C
E73C
DF3B
DF3B
E73C
E73C
E75C
E75C
E75C
E73C
E73C
E73C
DEFB
AD73
5B48
4AA6
4AC6
4AC7
4AC8
52E8
5308
52E9
5309
530A
530A
5B0A
5B2B
634C
6BAD
73EF
7C50
8471
7C71
7410
638E
530B
4AAA
5B2C
73F0
8471
8492
8492
7C51
7C51
7C51
7C51
7410
73EF
73EF
6BCF
6BCE
63AE
636D
5B4C
530A
4AA8
3A66
3205
29E4
636B
5AE9
9C8F
C593
ACCF
B511
BD72
BD93
C5F4
AD11
9C8F
A4AF
B531
AD10
A4CF
ACF0
944D
83AB
9C6F
9C8F
946F
9CD1
B5B4
BDF6
B594
A512
944F
8C0E
83ED
7B6B
6AC9
20E2
0861
18E3
10E3
10E4
10C4
1904
10C3
18E3
2944
5269
9470
9450
A4F2
B554
A4F2
AD53
B554
AD13
B554
AD33
9CB1
9C90
83CD
7B8C
736C
6B0B
4A27
2944
20E3
0882
2125
1925
1924
0882
0861
4A27
7BAC
7B8C
83ED
9C8F
A4F1
BD94
C637
CE78
C616
A512
948F
8C4F
8C4F
A4F1
A4D1
A4B0
B532
BD73
C5B3
C5D4
D656
E71A
CE15
C5B3
C5B3
9C4E
A48E
C592
DE55
D655
842E
52C8
4AA7
4AA7
4A87
4AA7
42A7
42A7
4AA7
42A6
4AA6
4AC7
52C7
52E7
4AC6
4265
3244
3244
3A65
4286
52E8
636A
6BCA
63A9
5B88
5348
5348
5347
5B48
5B48
5307
52E7
5B48
6BA9
6BC9
6BC9
6BC8
6BC9
63C8
6BC8
63C8
6BE9
6C09
740A
742A
7429
742A
742A
7C4B
7C2B
7C2B
7C2B
740A
740A
740A
7C2B
7C2A
7C6B
846B
844B
8CAD
846C
846C
740A
740B
73EB
740B
7C2B
7C0B
6BCA
6389
6389
6368
5B68
5B68
6368
6B89
6BCA
6BC9
6BC9
73EA
740B
73EA
6BCA
63A9
6BCA
6BCA
6BAA
6BAA
6BCA
6BA9
6388
7C2B
742B
6BC9
63A8
6BE9
7409
742A
740A
7409
740A
6BE9
73EA
D6B9
CEB9
D6BA
D6B9
D6B9
D6B9
D6B9
D6BA
D6BA
D6B9
D6B9
D6B9
D6B9
D6BA
D6BA
D6BA
D6BA
D6BA
D6BA
D6BA
D6DA
D6BA
D6DA
D6DA
D6DA
D6DA
D6DA
D6DA
D6DA
D6DA
D6DA
D6DA
D6FA
D6FA
D6FA
D6FA
DEFA
DEFA
DEFA
DEFA
DEFB
DEFB
DEFB
DEFB
DF1B
DEFB
DF1B
DF1B
DF1B
DF1B
DF1B
DF1B
DF1B
DF1B
DF1B
DF3B
DF3B
DF3B
DF3B
E73B
E71B
DF3B
E73C
E73C
E73C
E73C
E75C
E73C
E73C
E73C
E75C
E75C
C637
7C2D
4AC7
52E8
530A
5309
530A
532B
5B2B
5B4C
636D
6BAE
6BCF
7C30
7C51
8492
8CD3
94F4
94F4
8CD3
8472
6BCF
5B2C
52EB
638E
7410
8471
8472
8492
8492
8492
8493
84B3
8492
8492
7C71
7C51
7430
7410
7410
73EF
6BAE
5B4C
4AC9
3A47
3226
4AC8
4AA8
A4F1
C5D3
ACF0
B532
B531
B552
C5B3
ACF0
944D
9C6E
B531
AD10
A4AF
A4F0
8C0C
83AB
944E
946F
A512
AD74
BDD5
BDD5
AD73
9CB0
8C2E
8C2E
7BAC
6B0A
5206
18A1
0881
10C3
0882
0862
0041
0862
10A3
18E3
2944
4207
630B
83EE
9470
AD33
BDB5
B594
B594
AD54
B574
AD33
A512
8C2F
9C90
8BEE
6B0B
4A07
3985
2924
10A2
10C3
10C3
10C3
2166
10E3
10E3
0841
4A27
736B
7BAC
8C0E
A4D0
B553
C637
CE58
C636
AD73
9CB0
8C2F
7BAC
8C2E
944E
9C90
ACF1
BD73
BD93
C5D4
C5B3
DEB8
D656
C5D4
C5B3
ACD0
A46E
BD10
D614
D655
A511
52A7
4A87
4A87
4A87
4287
4266
4287
4286
4286
42A6
4AA7
52C7
52E8
4AC7
4286
3244
3244
3A65
4287
52E8
6369
6BCA
63A9
5B68
5327
5307
5307
5307
5307
4AC7
52E7
5B28
5B68
63A9
63A8
63A8
63C9
63C8
6BE8
6BE9
6BE9
6C09
6C09
7409
7429
742A
7C4B
7C4B
848C
8C8C
846C
7C4B
7C2A
7C2B
848C
846B
846B
8CAC
8CAC
94CE
8CAD
848C
7C4B
844C
7C2B
7C2B
73EA
73EB
6BAA
63A9
5B68
5B48
5327
5B48
5B68
63A9
6BCA
6BEA
6BCA
6BC9
6BCA
6BCA
6BA9
6389
6BA9
6BA9
6389
6369
63A9
6388
63A9
740B
740A
63C9
5B88
6BC8
6BE9
6C09
6BE9
740A
740A
6BC9
6BC9
CEB9
D6B9
D6BA
D6B9
D6B9
D6B9
D6B9
D6B9
D6BA
D6BA
D6BA
D6B9
D6B9
D6B9
D6BA
D6BA
D6BA
D6B9
D6BA
D6DA
D6DA
D6DA
D6DA
D6DA
D6DA
D6DA
D6DA
D6DA
D6DA
D6DA
D6DA
D6DA
D6DA
D6DA
D6FA
D6FA
D6FA
DEFA
DEFA
DEFB
DEFB
DEFB
DEFB
DEFB
DEFB
DEFB
DEFB
DF1B
DF1B
DF1B
DF1B
DF1B
DF1B
DF3B
DF1B
DF1B
DF3B
DF3B
DF1B
E73B
E73B
E73B
E73B
E73C
E73C
E73C
E73C
E73C
E73C
E73C
E75C
E75C
DEFA
A553
5B4A
532B
638D
638E
6BAE
6BCF
7410
7C31
7C71
8492
8CB3
8CD3
8CD3
8CD3
8CB2
8492
7C51
7430
73EF
638E
530B
4AAA
52EB
5B4C
638D
63AD
6BAE
6BCE
6BEF
740F
7410
7C30
8451
8472
8492
8492
7C51
7C30
8471
7C51
740F
5B4C
42A8
3246
3A47
4AA8
AD52
C5D4
ACF0
B551
B511
B531
BD93
ACF0
942C
9C4E
AD10
AD10
A4D0
A4EF
83AB
7BAB
8C2D
9CB0
AD53
AD53
BDF6
B5B5
AD32
9C90
944F
8BED
734A
5A88
5227
20E3
0861
18E3
08A2
0061
0862
0861
0881
2104
39C7
734C
7BAE
9450
9CB1
A513
B574
BDD6
B595
AD33
B574
AD54
AD33
B534
9CB1
8C0F
6AEA
5227
4A07
2944
10A2
0882
0882
0862
0882
0062
10C3
0861
18C2
6B0A
7B8B
8C0D
9C8F
AD32
BDD5
C637
C616
BDD5
A512
9CB1
7BAC
83CC
8C0E
9C90
9C90
AD11
BD73
CDF4
CDF4
CE35
DEB8
C5F4
BD72
BD51
A46E
B4CF
CDB3
DE55
C5B4
6329
52A8
52A8
4A87
4A87
3A66
4266
4266
3A66
4286
4AC7
52E8
6349
52E8
4286
3244
3244
3A65
42A7
52E8
6369
6BCB
63A9
5B68
5307
4AE6
4AC6
4AE7
4AE7
4AC7
5307
5B48
6369
63A9
5B88
5BA8
63C8
63C8
6BE8
6C09
6C09
6C09
6C09
6C09
6C09
742A
7C4A
846B
8CAD
94CE
8C8D
846C
7C2B
7C0A
844B
844B
846B
848B
8CAC
94EE
8CCD
848C
848C
8C8C
8CAD
848C
740B
6BCA
6389
6369
5B48
5328
5307
5327
5B48
6389
63A9
6389
6388
6388
6389
63A9
6389
6368
6388
63A9
6389
6369
5B48
5B48
63A9
6BE9
6BE9
6388
5B87
63C8
6BE8
6BE8
6BC8
6BE9
6BE9
6BC9
6BC9
D6B9
D6B9
CEB9
D6B9
D6B9
D6B9
D6B9
D6B9
D6B9
D6B9
D6B9
D6B9
D6B9
D6B9
D6BA
D6BA
D6BA
D6BA
D6BA
D6DA
D6BA
D6DA
D6DA
D6DA
D6DA
D6DA
D6DA
D6DA
D6DA
D6DA
D6FA
D6DA
D6FA
D6DA
D6DA
D6DA
D6FA
D6FA
D6FA
DEFA
DEFA
DEFA
DEFB
DEFB
DF1B
DF1B
DEFB
DF1B
DF1B
DF1B
DF1B
DF1B
DF1B
DF1B
DF1B
DF1B
DF1B
DF1B
DF1B
E73B
DF3B
E73B
E73B
E73C
E73B
E73C
E73C
E75C
E75C
E73C
E75C
E73C
E75C
BE37
8470
63AE
7C51
8472
8492
8CB2
84B2
8CB2
8CB2
8492
8471
7C30
740F
73EE
6BAD
636C
5B4C
530B
52CA
4ACA
4AAA
4269
4269
4289
4289
42AA
4AAA
4ACA
4ACA
52EA
52EB
5B2B
5B4C
636D
6BAE
73EF
7410
7C51
8471
8472
7410
638E
530B
4288
3A68
6BAC
BDD4
C5D4
AD10
B531
B531
ACF1
B552
ACF0
940C
9C4E
A4D0
A4CF
9C8E
A4AF
83CB
7B8B
8C2E
9CF1
AD53
A532
BDD6
B5B4
A512
9CB0
8C2E
734A
6AE9
6B09
62EA
39C6
18C2
0861
08A2
08A2
10A2
18E3
2965
3185
4A28
6B0B
9450
A533
B574
B574
BDB5
BDF6
B5B5
B574
B595
B594
B595
AD13
A4D2
8C2F
730B
6AEA
62A9
3124
2103
10A2
0882
0041
0061
0882
10A2
0841
20E2
62C9
83AC
83AC
942E
A4D0
B594
C5F6
C617
C637
AD74
9CF1
8C2E
736B
8C2E
9C6F
9C8F
A4D0
AD11
B531
CE14
CE36
D697
D677
BD52
BD72
A4AF
AC8E
BD51
DE76
C5D4
7BCC
52C9
5AC9
52A8
52A8
4267
4266
4266
3A46
4286
4AC7
5B07
6369
5B08
4286
3A45
3244
4286
4AA7
5308
6349
6BAA
6389
5B48
5307
4AC6
4AC7
5308
52E8
52C8
5308
5B48
6389
63A9
5B88
5B88
63A8
63C9
6BE9
6C09
6C09
6BE9
63C8
6BE9
6C09
742A
742A
846B
8CAD
94EE
8CCD
846C
7C2A
7C2A
7C4A
7C4A
7C4A
7C4B
846B
8CCC
8CAC
846B
846B
8CAD
9CEE
94CD
846D
740B
6BAA
5B48
5B48
5328
5308
5307
5328
5B68
5B68
5347
5347
5B48
5B68
6389
5B68
5B68
5B68
63A9
63A9
6389
5B48
5B48
63A8
6BE9
6BEA
63C8
63C8
6BE8
63C8
63C8
63C8
6BE9
6BE9
73EA
73EA
D6B9
CEB9
D6B9
D6B9
D6B9
CEB9
D6B9
D6B9
D6B9
D6B9
D6BA
D6BA
D6B9
D6BA
D6B9
D6BA
D6B9
D6BA
D6BA
D6DA
D6BA
D6DA
D6DA
D6DA
D6DA
D6DA
D6DA
D6DA
D6DA
D6DA
D6DA
D6DA
D6DA
D6DA
D6DA
D6DA
D6DA
D6DA
D6FA
DEFA
DEFA
DEFB
DEFB
DEFB
DF1B
DEFB
DEFB
DEFB
DF1B
DF1B
DF1B
DF1B
DF1B
DF1B
DF1B
DF1B
DF1B
DF3B
DF3B
E73B
E73B
E73B
E73B
E73B
E73C
E73C
E73C
E73C
E73C
E73B
E73C
E75C
E75C
D6DB
A574
73EF
7C51
8492
8492
7C71
7C30
740F
73EE
6BAE
638D
5B4C
5B2C
52EB
4ACA
4AAA
4289
3A49
3A48
3A28
3A49
3A69
3A69
3A49
3A69
3A69
3A69
3A69
3A69
3A69
3A69
4269
4269
428A
4AAA
52EB
532C
636D
6BCF
7410
7410
6BCE
638E
5B6D
532B
740E
AD94
BDB4
B572
B552
B531
ACCF
B531
AD10
942D
944D
ACF0
944E
942D
9C8E
83AB
83AC
948F
A511
9D11
A512
B5B5
B594
AD32
9CB0
83CD
730A
736B
7B8B
736B
734B
4206
20E3
18E3
2144
528A
738D
94B2
9CB2
9471
A513
AD74
B574
BDD5
BDD6
BDD5
BDD6
BDF6
BDF6
BDD5
BDF6
BDD6
BDB5
B554
A4D2
942F
6AEB
5A89
41E7
39C6
18E3
10A2
0861
0882
08A2
0881
18C3
41E6
732A
7B4B
7B6B
83AC
9C90
B593
BDD5
BDF6
C637
BDB5
AD33
946F
736B
83AC
944F
9CB0
9C8F
ACF1
ACD0
BD92
CE15
D677
D656
C5F4
B511
ACCF
ACCF
B510
D655
CE35
7BCC
5AE9
5AE9
52C8
5AE9
4AA8
4A87
4267
3A46
4266
52E7
5B08
6369
5B08
4286
3A45
3A45
4286
4AC8
5309
5B49
63AA
5B69
5B48
5307
4AE7
5B28
6349
5B29
5B09
52E8
5B48
5B88
5B88
5347
5347
5B88
6BE9
6BE9
6C09
6BE9
63E8
63C8
6BC8
7409
7429
7409
846B
8CAC
94CD
8CAD
846B
742A
742A
742A
744A
7C4A
7C4A
7C2A
848B
848C
846B
7C4B
94CD
9CEE
9CEE
8C8D
7C4C
6BAA
5B68
5B69
6369
5328
4AE7
5307
5348
5327
4B07
4B27
5B68
5B88
6389
5B68
5B68
5B68
63A9
6BC9
63A9
63A9
63A8
6BC8
6BE9
7409
7409
6C09
6C09
63C8
63A7
63C8
6BE9
740A
7C2B
740B
D6B9
D6B9
CEB9
D6B9
D6B9
D6B9
D6B9
D6B9
D6B9
D6B9
D6B9
D6B9
D6B9
D6B9
D6B9
D6B9
D6BA
D6BA
D6BA
D6DA
D6DA
D6DA
D6DA
D6DA
D6DA
D6DA
D6DA
D6DA
D6DA
D6DA
D6DA
D6DA
D6DA
D6DA
D6DA
D6DA
D6DA
D6DA
D6FA
DEFB
DEFA
DEFB
DEFB
DEFB
DF1B
DEFB
DF1B
DEFB
DEFB
DF1B
DF1B
DF1B
DF1B
DF1B
DF1B
DF3B
DF3B
DF1B
DF1B
DF1B
DF3B
E73B
E73B
E73B
E73B
E73C
E73C
E73B
E73B
E73B
E73B
E73C
E75C
E75C
BE17
7C2F
636D
6BAE
6BAE
638D
5B4C
5B2C
530B
52EB
4ACA
4AAA
428A
4269
3A49
3228
3208
3208
3208
3228
3A49
3A69
3A69
3A69
3A69
3A69
3A69
3A69
3A69
3A49
3A49
3A28
3A49
3A69
4269
4269
4269
42AA
52EB
5B6C
6BCE
740F
6BCF
7410
6BEF
63AE
7C2F
9D12
A532
B552
B551
ACCF
A4AF
A4CF
942D
9C8E
A4D0
946E
942D
8C0D
7BAB
8C0D
9C90
A532
A4F1
9CF1
AD94
B574
A511
946F
7B8C
83CC
7BAC
83CD
83CD
7BAC
6B2B
5268
5289
9491
BDF7
CE58
CE78
CE78
CE58
C657
C657
C657
C637
C637
BE16
CE58
CE58
C637
BDF6
C638
CE58
C637
BDF6
C5F6
CE58
CE79
C617
B595
840F
41E7
2124
2124
18E3
18E3
2124
3185
6AEA
7B8C
7B8B
7B6B
7B4B
942E
B573
C5F6
B594
C637
BDF6
AD53
946F
7BAC
732A
8C0D
9C6F
A4D0
A4B0
ACF0
B511
C5F4
CE15
C615
CE36
B510
B4F0
BD31
B510
CE14
C5F5
7BED
5AEA
5AEA
5AE9
5AE9
52C8
4AA8
4A87
4246
4267
5AE8
6349
6B69
5B08
4286
3A65
3A65
42A7
4AC8
5B29
6369
6BAA
6369
6369
5B48
5B28
6349
638A
634A
5B29
5B29
5B69
5B89
5B89
5347
5327
5B88
6C0A
740A
6C0A
6C09
6BE8
6BE9
7409
7409
742A
6C09
7C2A
7C6A
848B
8C8C
7C6B
7C4B
7C4A
7C4A
7C6B
848C
848C
7C4B
848C
848C
848C
846C
94CE
9D0F
9CEF
94CE
846C
73EA
6BA9
6BCA
6369
5B29
52E7
5307
5327
4B07
4AE6
4B07
5348
6389
6BAA
63A9
63A9
6388
6BA9
6BEA
6BC9
6BC9
6BC8
6BE9
6BE9
7429
7409
742A
6BE9
6BE8
63C8
6BE8
6BE9
740A
7C4B
740A
CEB9
CEB9
CEB9
D6B9
D6B9
D6B9
D6B9
D6B9
D6B9
D6B9
D6B9
D6B9
D6B9
D6B9
D6B9
D6BA
D6BA
D6B9
D6B9
D6BA
D6BA
D6BA
D6DA
D6DA
D6DA
D6DA
D6DA
D6DA
D6DA
D6DA
D6DA
D6DA
D6DA
D6DA
D6DA
D6FA
D6FA
D6FA
D6DA
DEFA
DEFB
DEFB
DEFB
DEFB
DEFB
DEFB
DEFA
DEFB
DF1B
DF1B
DF1B
DF1B
DF1B
DF1B
DF1B
DF1B
DF3B
E73B
DF3B
DF1B
DF3B
DF3B
DF3B
E73B
E73B
E73B
E73B
E73B
DF3B
E73B
E73B
E73B
E75C
E75C
D6BA
9D13
52CA
52EB
530B
52EB
52EB
52CB
4ACB
4AAA
42AA
428A
4269
3A28
3228
3208
3208
3208
3208
3228
3A49
3A49
3A49
3A49
3A49
3A49
3A49
3A49
3A49
3A49
3228
3208
3A48
3A49
3A69
3A69
3A69
3A49
3A49
428A
530B
638D
6BCF
63AE
7430
7C71
7430
7C50
8470
9CD1
B551
ACF0
A4AF
A48F
944D
9C6E
9C8F
9C8F
8C0D
83CC
7BAC
8C0D
A511
AD53
9CF1
A512
AD73
AD53
9CD0
8BED
8C0E
944F
946F
944F
8C0E
83CD
83CD
736C
8C50
A533
AD74
BDD5
BE16
C637
C637
C637
C658
CE58
C658
CE58
C617
CE58
C637
BDF6
C658
C637
C657
C617
CE57
D6B9
D6B9
CE99
D699
BDF6
9CD2
738D
4A48
39E7
31A6
39C6
5248
6B0A
83CD
8C0E
944E
942E
83CD
8BED
B594
BDD5
B574
BDD5
C637
AD53
946F
83CC
732A
8BED
944F
A4B0
A4B0
ACF0
ACF0
BD72
BD93
CE36
C5D4
BD52
ACAF
BD51
C5B3
C5D4
BDD5
94D1
73EE
634B
5AE9
5AE9
52E9
52C8
4A87
4287
4A87
5B29
6BAA
6B8A
5B08
4286
3A65
3A65
4AA7
4AA7
5B29
638A
6BCA
6BAA
6BAA
6369
5B49
5B48
5B49
5B29
5308
5B6A
6C0C
740C
63CA
5B89
5348
5B88
73EA
742B
6C0A
6BE9
63C8
6C09
742A
742A
742A
6C09
7409
7409
7429
848B
846B
848C
846C
8CAC
8CCD
8CCD
8CCD
8CAC
8CAD
8CAC
8C8C
94CE
9CEF
9D0F
94CE
94CE
846C
7C4B
73EA
740A
6BAA
5B49
4AE7
4AE7
4B07
4B07
4B07
5B48
5B48
6BCA
6BCA
7C2C
73EA
6BCA
73EA
740A
740A
6C09
6C09
7409
6C09
6C09
6C09
742A
6C09
6BE9
6BC8
7409
740A
73EA
740B
73EA
CEB9
CEB9
D6B9
D6B9
D6B9
D6DA
D6B9
D6B9
D6B9
D6B9
D6B9
D6B9
D6BA
D6B9
D6B9
D6B9
D6B9
D6B9
D6B9
D6B9
D6BA
D6DA
D6DA
D6DA
D6DA
D6DA
D6DA
D6DA
D6DA
D6DA
D6DA
D6DA
D6DA
D6DA
D6DA
D6DA
D6DA
D6FA
DEFA
DEFA
DEFA
DEFA
DEFA
DEFA
DEFB
DEFA
DEFB
DEFB
DEFB
DF1B
DF1B
DF1B
DF1B
DF1B
DF1B
DF1B
DF1B
DF3B
DF3B
DF3B
DF3B
DF3B
E73B
DF3B
DF3B
E73B
E73B
E73B
E73B
E73C
E73B
E73C
E75C
E75C
DF3B
BDD6
634B
4248
4A48
4A89
4AAA
4AAA
4AAA
4AAA
428A
428A
428A
3A69
3A49
3A49
3A28
3A28
3A28
3A28
3A49
3A49
3A49
3A49
3A49
3A49
3A49
3228
3228
3228
3208
31E7
3208
3A29
3A49
3A49
3A69
3A49
3A49
3A49
3A49
4ACA
5B4C
638D
63AE
7C51
8CD3
84B2
7C30
7C0F
A512
AD31
ACF0
A48F
942E
944E
9C6F
9C6F
8BEC
8C0D
840D
83ED
9CD1
A512
A512
A512
AD53
AD32
946F
9C8F
9CB0
9C90
9C90
946F
8C2E
8C0E
9450
9CB1
AD54
AD74
B594
B5B4
BDF6
C637
C616
C616
C617
C616
BDD6
BE17
BDF6
BDD6
B5B5
B5B6
BDD6
AD94
B5B5
C617
C637
C616
BDF6
CE37
C637
BDF6
BDD6
B595
9CD2
738D
5ACA
6B0A
83CD
942E
942E
944E
9C6F
946F
944F
8C0E
AD32
B594
B574
B574
C616
AD74
948F
7BAC
7B8B
83AC
942E
9CAF
A4D0
ACF0
B531
ACCF
B531
C5D4
C5D4
BD52
AC8E
BD31
C5D4
BDD5
BE17
C659
ADB6
8470
73CD
6BAC
6BAC
638B
636B
5B4A
5B4A
740C
7C4D
7C2D
636A
42A7
3A66
3A66
4AE8
4AC8
5B4A
63AA
6BCA
6BEB
6BEB
63CA
6389
6389
5B69
5329
6BAC
8CD1
9553
84B0
740C
6BCA
63A9
6389
6BEB
740B
740A
63C9
63C8
63E8
742A
740A
742A
7409
6BE9
6BE9
6C09
7C4A
7C4B
846B
846C
8CCD
8CAD
94CE
94EE
8CAD
8CAC
848C
846C
94EE
94CE
94CE
8CAD
846C
7C4B
7C2B
742A
740B
6389
5B28
4AE7
5308
5328
5328
5B69
6BCA
6389
6BCA
740B
844C
7C2B
740B
740A
740A
742A
6C09
6C09
6C09
7409
7409
6C09
740A
740A
6BE9
6BC9
73EA
7C2B
7C4D
740B
6BC9
CEB9
D6B9
D6B9
CEB9
D6B9
CEB9
D6B9
D6B9
CEB9
D6B9
D6B9
D6B9
D6B9
D6B9
D6B9
D6B9
D6B9
D6B9
D6BA
D6BA
D6BA
D6DA
D6DA
D6DA
D6DA
D6DA
D6DA
D6DA
D6DA
D6DA
D6DA
D6DA
D6DA
D6DA
D6DA
D6DA
D6DA
D6FA
D6FA
D6FA
DEFA
DEFA
DEFA
DEFB
DEFB
DEFA
DEFA
DEFB
DEFB
DEFB
DF1B
DF1B
DF1B
DF1B
DF1B
DF1B
DF1B
DF3B
DF3B
DF1B
DF1B
DF3B
DF3B
DF3B
E73B
E73B
E73C
E73C
E73B
E73C
E73B
E75C
E75C
E75C
E75D
CE9A
8C70
39C5
31A5
39E6
3A07
3A28
3A48
4249
4269
428A
428A
428A
428A
428A
4269
3A69
3A49
3A49
3A69
3A69
3A69
3A69
3A49
3A49
3A28
3228
3228
3208
31E7
29E7
31E7
3228
3228
3A28
3A28
3A49
3A49
3A49
3A28
3228
4289
530B
5B6D
6BEF
8492
8CF3
84B3
7430
8C91
A532
AD52
A4D0
9C8F
944F
944E
9C6F
8C2E
944E
946F
944E
9CB0
A512
AD32
A512
AD32
A511
A4D0
9CD0
946F
946F
9CB0
9C90
9C90
9C90
9C90
8C2F
9470
A532
A532
A532
A512
A533
B594
B5B5
B5B5
B5B5
B5B5
9CD2
7BCE
6B4C
6B6D
73AE
8C70
A513
B575
BDD6
C5F6
C5F6
C637
C616
C5F6
BDF6
C616
BDF6
B5B5
A513
9490
83CD
8C0E
946F
9C8F
A4D0
9CB0
9C90
9C6F
946F
9CD0
AD12
A4F2
A4D1
BDD5
B594
948F
83AC
83AC
83AC
8C2E
948F
A4F0
A4F0
AD11
A48F
ACAF
BD52
C5B3
B4F0
ACCF
ACF0
C5D4
C637
D6DB
E75D
DEFC
C659
B5B6
B5D6
ADD6
ADB5
AD94
A553
9D53
B5F6
BE37
AD95
73ED
5309
42A8
42A7
532A
740E
8CB1
94F1
9511
9531
9511
8D10
8CF0
8CD0
84AF
84B0
A595
C69A
CEFB
ADF6
84B0
6BEB
63AA
63AA
6BCA
6BEA
6C0A
63C9
63A9
63E9
6C09
6BE9
742A
740A
740A
63C9
6BE9
7429
7429
7429
742A
7C6B
846B
8CAC
8C8C
848C
844B
7C4B
846C
8CAD
8CAD
8C8C
846B
846B
7C4B
7C4B
7C4B
742B
63A9
5B49
5B29
636A
636A
636A
6BAA
7BEC
73CB
73EB
7C0B
844C
740B
740B
6BEA
6BE9
6BC9
6C09
6C09
6C09
6C09
740A
740A
6C09
6C09
6BE9
6BE9
73EA
7C4C
848E
740B
6BA9
D6B9
CEB9
CEB9
D6B9
D6B9
CEB9
CEB9
D6B9
D6B9
D6B9
D6B9
D6BA
D6B9
D6B9
D6B9
D6B9
D6B9
D6BA
D6BA
D6DA
D6BA
D6DA
D6DA
D6DA
D6DA
D6DA
D6DA
D6DA
D6DA
D6DA
D6DA
D6DA
D6DA
D6DA
D6DA
D6DA
D6DA
D6FA
D6FA
D6FA
D6FA
D6FA
DEFA
DEFA
DEFA
DEFB
DEFA
DEFB
DEFB
DEFB
DF1B
DF1B
DF1B
DF1B
DF1B
DF1B
DF1B
DF1B
DF3B
DF1B
DF3B
DF1B
DF1B
E73B
E73B
E73B
E73B
E73C
E73C
E73C
E73C
E75C
E75C
E75C
E75C
DF1C
AD95
4A68
2965
31A6
31C6
31C7
31E7
31E7
3207
3A08
3A28
3A49
3A49
3A69
3A69
3A49
3A49
3A49
3A69
3A69
3A69
3A69
3A69
3A69
3A69
3A49
3A49
3A28
3228
3208
3208
3228
3228
3228
3228
3228
3228
3228
3228
3228
3228
3A69
4AEB
5B6D
6BEF
7C71
84D3
84D3
8492
94D2
AD53
AD32
A4F1
9CB0
9CB0
9490
9CD0
9C8F
9CB0
944E
9CB0
AD52
AD32
A4F1
AD32
A4F1
9CD0
944E
946F
9CB0
9CB0
9CD0
A4D1
A4F2
AD33
BDD6
C637
C616
BDF5
B5B4
B574
AD53
AD53
AD54
AD54
A513
632B
4228
39E7
3186
31A6
39E7
4A49
5289
8C71
A533
B595
C5F6
BDF6
BDB5
BDB5
BDF5
C636
C637
C637
BDF6
A533
9CD1
9490
946F
948F
A4D0
ACF1
A4D1
A4B0
9CB0
9C90
A4B0
9C90
9C90
B573
BDB5
A4F1
83AC
83AC
8BED
8C0D
9C8F
A4F1
AD32
B532
A4B0
A48E
B531
C593
B4F0
B531
B572
C5F5
C657
CE99
D6BA
CE79
C679
D6DA
DF1B
DF1B
DF1B
DF1B
DEFB
DEFB
E73C
E73C
D699
A553
740E
73EE
636C
73CD
A554
BE38
C658
C699
C699
CEB9
CEB9
CEB9
CEB9
CE99
B616
C699
DF1C
D71C
BE59
9512
73EB
63AA
6BCA
6BEA
6BEA
740A
6BEA
6BCA
742B
740A
6C0A
742A
740A
7C4B
740A
6C09
6BE8
6C09
7429
6C09
742A
7C2A
846B
8CAC
8CCD
846B
7C4B
848B
848C
846C
7C4B
7C2A
846B
846B
846B
846C
7C2B
6BCA
6369
6BAB
6B6A
73AB
73CB
7C0C
73EB
6BAA
73CB
73EB
740B
73EA
73EA
6BEA
6BCA
6BEA
6BC9
6BE9
6BE9
6BE9
6C0A
6C0A
6C09
6BE9
6BE9
6BEA
6BEA
73EA
740B
73EA
6389
CEB9
D6B9
D6B9
D6B9
D6B9
D6B9
D6B9
D6B9
D6B9
D6B9
D6BA
D6BA
D6BA
D6B9
D6BA
D6B9
D6BA
D6B9
D6B9
D6BA
D6BA
D6BA
D6BA
D6BA
D6DA
D6DA
D6BA
D6DA
D6DA
D6DA
D6DA
D6DA
D6DA
D6DA
D6DA
D6DA
D6DA
D6DA
D6DA
D6FA
D6FA
D6FA
D6FA
DEFA
DEFA
DEFA
DEFA
DEFA
DEFB
DEFB
DF1B
DF1B
DF1B
DF1B
DF1B
DF1B
DF1B
DF3B
DF1B
E73B
DF1B
DF1B
DF3B
E73B
E73B
E73B
E73B
E73B
E73C
E73C
E73C
E73C
E73C
E73C
E73C
E75C
CE58
7BEE
29A6
31A7
29C7
29C6
29C6
29A6
29C6
29C6
29E7
29E7
3208
3208
3208
31E7
31E7
31E7
3208
3A28
3A49
3A49
3A49
3A49
3A49
3A69
3A69
3A69
3A49
3248
3A48
3228
3228
3228
3228
3228
3228
3228
3228
3228
3228
3A49
3A69
4ACA
5B4D
6BCF
7431
7C92
7C92
73EF
8CB1
A532
A532
9D12
9D13
9D13
A533
A4F1
9CB0
946E
9CD0
AD52
A4F1
A4F1
A511
A4F1
946F
9C8F
9CB0
A4D0
A4D1
A4D1
AD33
C617
D699
D6B9
CE98
C637
C616
BDD5
B594
AD74
A512
9CF2
9491
52AA
2965
1904
2124
2125
1904
2125
2124
2965
4A69
736D
A513
B594
BDD5
BDD5
BDF5
C616
C636
CE57
CE78
CE78
C617
B574
AD54
A512
9CB0
9C90
A4D1
A4D0
A4D1
A4D0
A4D0
9CD0
9CD0
A4F1
AD53
B594
AD52
8BED
83AC
940D
942E
9CAF
A4D0
B552
BDB4
B552
AD10
B531
BD72
B531
BD93
BDB4
B5B4
AD93
A573
AD94
A594
9D12
94F0
9D10
9D51
9D51
A551
A571
A551
A551
9D11
8CAF
846F
844F
8CD1
8470
73CD
844F
9D11
A573
AD93
ADB4
ADD4
B5F5
BE15
BE36
C657
C657
B5F5
B617
CEB9
BE57
9D32
740C
6BCA
63A9
6C0A
6C0A
7C4B
7C2B
740B
7C2C
7C4B
6BE9
6BE9
6C09
742A
742A
6BE9
63E8
6C09
742A
7409
742A
7409
7C6B
8CAC
84AC
84AC
7C6B
848B
846B
7C4A
7C2A
7C2A
7C4B
848B
848C
846B
7C4B
6BEA
6BCB
7BEC
73CB
73EB
73CA
7C2C
7C0B
6BAA
73CB
7C0B
73EA
73EA
740B
7C2B
6BEA
6BEA
63A9
6BCA
6389
63C9
6BC9
6BEA
6BE9
6BEA
740A
6BEA
73EA
6BCA
73EA
73CA
6B89
CEB9
CEB9
D6B9
D6B9
D6BA
CEB9
D6B9
D6B9
CEB9
D6B9
D6B9
D6B9
D6B9
D6B9
D6BA
D6B9
D6B9
D6BA
D6BA
D6BA
D6BA
D6BA
D6BA
D6BA
D6B9
D6BA
D6DA
D6DA
D6BA
D6DA
D6DA
D6DA
D6DA
D6DA
D6DA
D6DA
D6FA
D6FA
D6FA
D6FA
D6FA
DEFA
DEFA
DEFA
DEFA
DEFA
DEFA
DEFA
DEFB
DEFB
DEFB
DEFB
DF1B
DF1B
DF1B
DF1B
DF1B
DF1B
DF3B
DF3B
DF1B
DF1B
DF1B
DF3B
DF3B
DF3B
E73B
DF3B
E73B
E73B
E73C
E73B
E73C
DF3B
E73B
E73B
DEFA
A554
4ACA
3A49
3A48
3A28
3208
3207
31E7
31E7
3207
3208
3208
3208
3207
29E7
29E7
29E7
31E7
31E7
31E8
3208
3208
3208
3228
3A28
3A49
3A69
3A69
3A69
3A49
3A49
3A49
3A49
3A49
3A49
3A49
3A48
3228
3228
3228
3A29
3228
3A48
428A
5B2C
638E
6BCF
6BEF
638E
73EF
8C92
9513
9D34
9D54
A575
A575
AD74
9CD0
946F
AD12
AD73
A511
A4F1
A4F1
9C8F
9C8F
9CB0
A4D0
A512
A512
B594
CE37
D699
CE58
CE58
C637
CE58
C637
BDB5
B594
AD33
9CF2
94B1
52AA
2124
0882
0862
10A3
10C3
18E4
18E4
10C3
10A3
2945
5289
630B
A513
BDB5
B5B5
B5B4
BDF6
CE57
CE78
D6B9
D6B9
D699
CE58
C638
C617
AD53
A4F1
A4D1
ACF2
A4D1
A4D1
A4D0
9CB0
A4D0
AD32
B573
B593
AD52
944E
8C0D
940D
944E
9C8F
A4F1
AD32
BDB4
BDD4
B552
B531
B552
BD72
B593
AD72
9D11
848F
6BCC
6BAC
7C0E
73ED
634A
5B28
5B28
5B28
5B28
5B28
5B49
5B28
5308
5308
63AB
6BCC
6BCD
7C2F
6B8C
5B2A
5B49
636A
6369
5B69
6389
6389
6389
6BCA
740C
846E
8CD0
848F
94F1
ADB4
9511
7C4C
6BEA
6BC9
6BEA
740A
7C2B
844C
7C2B
742B
740A
63C9
63C8
63C8
6C0A
740A
6C09
6C08
742A
7C4A
740A
6BE9
7409
7C4A
848C
848C
848C
7C4B
7C4A
7C4A
7C4A
742A
7C2A
7C6B
7C6B
846C
846B
7C2A
7C0B
73EA
740B
7C0B
6BCA
6BAA
73EB
73EB
6BCA
73EB
7C0B
740A
740A
740B
7C0B
73EA
6389
6368
6389
63A9
6389
6389
63C9
6BEA
740A
7C2B
740B
740B
740B
73EB
73CB
6BAA
CEB9
CEB9
D6B9
D6BA
CEB9
D6B9
D6B9
D6B9
D6B9
D6B9
D6B9
D6B9
D6B9
D6B9
D6B9
D6B9
D6B9
D6B9
D6B9
D6BA
D6B9
D6B9
D6B9
D6D9
D6D9
D6DA
D6D9
D6DA
D6B9
D6D9
D6DA
D6DA
D6DA
D6DA
D6DA
D6DA
D6FA
D6FA
D6FA
D6FA
D6FA
D6FA
DEFA
D6FA
D6FA
DEFA
DEFA
DEFA
DEFA
DEFA
DEFA
DEFA
DF1B
DF1B
DF1B
DF1B
DF1B
DF1B
DF1B
DF1B
DF1B
DF3B
DF1B
DF3B
DF3B
E73B
E73B
E73B
E73B
E73B
E73B
DF1B
DF1B
DF1B
E73B
E73B
E73C
C659
8CB2
636D
5B6D
5B4D
5B4D
532C
530C
52EB
52EB
52EB
4ACB
4ACB
4ACB
4AAB
4AAA
428A
428A
4289
4269
3A69
3A69
3A69
3A69
3A69
3A69
3A89
428A
3A89
3A69
4289
428A
428A
428A
428A
428A
428A
3A49
3A28
3208
3208
3208
3208
3A28
428A
4AEB
532C
5B4C
5B4D
6BCF
8451
8CB2
8CD3
94F3
9D14
9D34
9D34
9CD1
9CB0
AD53
B573
A512
A511
9CB0
9C8F
9CB0
A4D0
A4D1
AD33
B595
BDF6
C657
C637
CE57
CE57
C657
BDD6
B594
AD53
AD33
9CF2
9CB1
840F
3185
10A3
0020
0000
0862
08A2
10A3
08A2
0020
0020
10A2
31C6
4207
9491
AD33
AD53
B573
B594
BDD5
CE37
D678
DED9
DEFA
DEDA
D699
CE58
C617
B594
B594
B574
AD33
AD12
AD12
A4F1
9CD0
AD11
B573
AD72
A4F1
8C0D
942D
9C4E
9C6F
9CAF
AD11
B552
B573
B593
AD52
AD32
AD31
AD11
948F
9CD0
8C6F
6BED
636B
5B4A
638B
6B8C
5B2A
6329
634A
636A
5B49
5B49
5B29
636A
638A
5B49
638A
636A
636B
638C
632A
52E9
5B09
5B29
5328
5327
5348
5B48
5B48
6389
63AB
638B
638B
638B
6BEC
8CCF
8CAE
846D
740B
6BC9
740A
740A
7C4B
7C4B
7C2B
740A
6BE9
63C9
63C8
63A8
6BE9
740A
6BE9
6BE8
744A
7C4B
742A
6BE9
6C09
742A
848C
94CD
8CAD
846C
7C4B
7C4B
7C4B
7C4B
7C4B
7C4B
7C6B
848C
7C6A
7C4A
7C4B
740B
740B
740B
740B
73EA
6BCA
7C0C
740B
7C0B
740B
73EA
740A
7C2B
7C2C
73EB
6389
5B48
6389
6BAA
6389
6389
63A9
740B
740B
7C2C
740B
7C2B
7C2B
844C
7C0B
73CB
CEB9
CEB9
CEB9
D6B9
D6B9
D6B9
D6B9
D6B9
D6B9
D6B9
D6B9
D6B9
D6B9
D6B9
D6B9
D6B9
D6B9
D6B9
D6BA
D6BA
D6B9
D6B9
D6B9
D6B9
D6D9
D6B9
D6B9
D6B9
D6D9
D6D9
D6DA
D6DA
D6DA
D6DA
D6DA
D6DA
D6DA
D6FA
D6FA
D6FA
D6FA
D6FA
D6FA
D6FA
DEFA
DEFA
DEFA
DEFA
DEFA
DEFA
DEFA
DEFA
DF1A
DF1A
DF1B
DF1B
DF1B
DF1B
DF1B
DF1B
DF1B
DF1B
DF1B
DF1B
DF3B
DF3B
E73B
DF3B
E73B
E73B
E71B
DF3B
E73B
DF1B
E73B
E73C
E73C
DEFB
B5D7
8471
7C71
7C71
7C71
7C51
7C31
7C30
7C30
7410
7410
73F0
73EF
6BEF
6BCF
6BCF
6BAF
6BAF
63AE
638E
638E
636D
5B6D
5B4D
5B4D
5B4D
5B4D
5B4D
5B4D
5B2C
532C
532C
532C
532C
532C
532C
530C
4AEB
4AAB
428A
428A
42AA
4AAA
4AAA
4AEB
530C
5B2C
5B6D
636E
6BAF
7410
7C30
8471
8C92
8CB2
8CB2
94D2
A512
B594
B594
AD53
A4F1
9CB0
A4D1
A512
AD53
BDB5
BDD5
BDB5
C616
CE78
D699
CE57
BDF6
BDD5
BDD5
BDD5
B5B5
AD32
9CD1
9CB1
840F
39A6
10A2
0020
0000
0841
0062
0062
0862
0000
0020
0882
2124
4227
8C50
A512
AD53
B574
B594
B5B4
BDD5
C5F6
CE58
DEDA
DEDA
DEDA
DEBA
D679
BDD6
BDD5
C5F6
BDF5
B594
AD53
A511
9CB0
A4F1
B573
BDB4
A511
942D
942D
A4AF
A4D0
A4F0
AD11
B552
BDB4
A532
A511
AD32
B532
A4F0
946F
94AF
9CD1
7C4F
6BCC
740E
7C0E
7C2E
6BAC
636A
6BAB
6BAA
63AA
5B69
5B69
638A
6BAA
6369
5B49
5B4A
5B4A
5B2A
52E9
52C8
5B29
5B69
5B68
5B68
63A8
63A8
63A9
6BCA
6BEB
63AB
5B8B
63AB
63AB
7C2C
846C
846D
742B
740A
740A
740A
742B
740A
740A
6C0A
6BE9
6BE9
6BE9
63C9
63A9
63C9
63C9
6BE9
740A
740A
6BEA
63C8
6C09
742A
848C
8CAD
94CE
8C8C
846C
848C
848C
8CAD
846C
846C
846C
84AC
848B
848B
7C6B
7C6B
7C4B
844C
8C8D
7C4C
7C2B
846D
846C
844C
740A
73E9
740A
7C4B
844C
7C2B
6BCA
6368
6B89
73CB
73CA
6BAA
6BCA
7C2C
740B
740B
6BEA
740B
7C2B
7C4C
7C2C
73EB
CEB9
CEB9
CEB9
D6B9
D6B9
D6B9
D6B9
CEB9
D6BA
D6B9
D6B9
D6B9
D6BA
D6B9
D6BA
D6B9
CEB9
D6B9
D6B9
D6BA
D6B9
D6B9
D6B9
D6B9
D6B9
D6B9
D6B9
D6B9
D6D9
D6D9
D6D9
D6DA
D6DA
D6DA
D6DA
D6DA
D6DA
D6FA
D6FA
D6FA
D6FA
D6FA
D6FA
D6FA
DEFA
DEFA
DEFA
DEFA
DEFA
DEFA
DF1B
DF1A
DEFA
DF1A
DF1B
DF1B
DF1B
DF1B
DF1B
DF1B
DF1B
DF1B
DF3B
DF3B
DF1B
DF3B
DF3B
DF3B
E73B
E73B
E73B
DF3B
E73B
E73B
E73B
E73B
E73C
E73C
C679
9D54
8CD2
8CF3
8CF3
8CF3
8CD3
8CD3
8CD3
8CD3
8CD2
8CD2
8CB2
8CB2
8CB2
8CB2
84B2
8492
8492
8492
8471
8471
7C71
7C51
7C51
7C51
7C51
7C51
7C31
7430
7410
7410
7410
7410
7410
7410
73F0
73F0
6BEF
6BCF
6BAF
6BAE
6BAE
63AE
638E
6BAE
6BCF
6BAF
6BCF
6BCF
73EF
7410
7C30
7430
7C30
7C50
8492
A554
B594
B594
B574
A512
A512
AD32
AD33
AD53
B5B5
B594
C5F6
CE78
CE57
C637
BDF6
C616
C637
BDF5
BDB5
BDB5
AD33
9CD1
9CB1
8C50
4228
1082
0020
0021
10A2
0041
0041
0882
0020
0020
0041
18E3
4A69
840F
9CD1
A512
AD74
B594
BDD5
BDD5
BDF6
C637
CE78
D6B9
D6B9
DEDA
D699
CE58
C5F6
BDD5
AD74
A512
A532
A532
A511
A511
AD52
BDB4
B593
A4D0
9C6E
A4AF
ACF1
AD52
B593
C5F5
CE36
B594
9CF1
AD32
B572
B552
AD31
AD31
AD72
A552
94D1
9D33
AD95
9D33
844E
6B6A
6B6A
638A
638A
5B69
5B69
638A
6BAA
5B48
5308
52E8
52E8
4AC8
4AA8
52C8
5B29
5B69
5B68
5B88
5B68
5B68
5B88
6388
63AA
6BAA
63CB
63CB
6BEB
7C2C
7C4B
7C2B
740B
740A
6C0A
6C0A
6BE9
6BEA
6BE9
6C0A
6C0A
6C0A
6C0A
6BEA
6BEA
6BEA
6BCA
63A9
740A
740A
6BE9
6BE9
6BE9
740A
7C2B
846C
8CAD
846C
846C
8CAD
94CD
94CD
8CAD
846C
846C
8CCD
8CAC
8CAC
848B
848C
8CAD
8CAD
8CCD
846C
846C
8CAD
8CCD
848C
740A
7409
7C4B
846C
848C
846C
740A
6BC9
6BCA
73EB
7C0C
73CB
7C0B
7C2C
740B
73EA
6BEA
740A
740A
740B
740B
73CA
CEB9
CEB9
CEB9
CEB9
D6B9
D6B9
D6B9
D6B9
D6B9
D6B9
D6BA
D6B9
D6B9
D6B9
D6B9
CEB9
D6B9
D6B9
D6B9
D6B9
D6B9
D6B9
D6B9
D6B9
D6B9
D6D9
D6D9
D6D9
D6D9
D6D9
D6DA
D6DA
D6DA
D6D9
D6DA
D6FA
D6DA
D6FA
D6DA
D6FA
D6FA
D6FA
DEFA
D6FA
DEFA
DEFA
DEFA
DEFA
DEFA
DEFA
DF1A
DF1A
DF1A
DF1A
DF1B
DF1A
DF1A
DF1B
DF1B
DF1B
DF1B
DF1B
DF3B
DF3B
DF1B
DF1B
DF3B
DF1B
DF3B
E73B
E73B
E73B
E73B
E73B
E73B
E73C
E73C
E73C
DEFB
BE38
9D54
9D54
9D54
9D54
9D54
9D54
9D54
9D54
9D54
9D54
9D54
9D54
9D54
9D34
9D34
9D34
9D34
9D34
9514
9514
9514
9514
9513
94F3
94F3
94F3
94F3
8CD3
8CD3
8CD3
8CD3
8CB2
8CB2
8CB2
8C92
8492
8492
8492
8491
8471
8471
7C51
7C51
7C51
7C71
7C51
7C51
7C51
7C51
7C51
7C71
8471
8471
8CB2
94F3
B5B5
AD74
B594
B594
A533
AD33
AD32
AD33
AD74
B594
BDD5
C636
C636
C616
BDD6
C616
BDF6
BDB5
BDB5
BDD5
AD33
9CB0
9CB1
9CB1
9470
5ACA
2965
1904
1904
0882
0041
0041
0882
18E3
10C3
1904
31A6
738D
8C50
9CD1
A512
AD33
B574
B594
BDB5
C616
C616
C637
CE77
D698
CE78
CE78
CE78
C637
C616
BDF6
B594
AD53
AD53
A532
A532
AD52
B594
B594
AD32
A4D0
A4F0
B552
B573
C5F5
DEB9
DED9
C616
9CF1
A511
B572
C593
C5B3
BD72
AD52
B572
A552
AD94
C637
A574
94D1
73CC
636A
636A
636A
5B4A
5B6A
636A
6369
5B08
42A6
3A66
3A66
4266
4AA7
4AC8
5309
5B48
5B88
63A9
6388
5B68
5B68
5B68
5B89
63AA
6BCA
740B
740B
742B
7C4C
742B
742B
6BE9
63C9
63E9
63C9
63C9
63C9
6C0A
7C4B
742B
740B
6BEA
742B
6BCA
63A9
63A9
740B
6BEA
6BEA
6BEA
6C0A
6BEA
740A
7C2B
844B
7C4B
848C
8CAD
8CAD
8C8C
848C
846B
848B
8CAC
8CCD
8CAC
846B
848B
8CAC
848C
848C
7C4B
7C4B
7C4B
848C
7C4B
7409
7409
7C4B
844B
844C
846C
7C2A
740A
7C2B
7C2C
844C
7C0B
7C2C
7C2C
7C2B
6BEA
740A
742B
7C2B
73EA
6BCA
6BA9
CEB9
D6B9
D6B9
D6B9
CEB9
D6B9
D6B9
D6B9
D6B9
D6B9
D6B9
D6BA
D6BA
D6B9
D6B9
D6B9
D6B9
D6B9
D6B9
D6B9
D6B9
D6B9
D6B9
D6B9
D6B9
D6D9
D6D9
D6DA
D6D9
D6D9
D6D9
D6DA
D6DA
D6DA
D6DA
D6DA
D6DA
D6DA
D6FA
D6FA
D6FA
D6FA
D6FA
D6FA
DEFA
DEFA
DEFA
DEFA
DEFA
DEFA
DEFA
DEFA
DF1A
DF1A
DEFB
DF1A
DF1A
DF1B
DF1B
DF1B
DF1B
DF1B
DF1B
DF1B
DF3B
DF1B
DF3B
DF3B
E73B
E73B
E73B
E73B
E73B
E73B
E73B
E73B
E73B
E73B
E73C
CE9A
ADD7
ADB6
ADB6
ADB7
ADD6
ADD6
ADD7
ADD7
ADD7
ADD7
ADD7
ADD7
ADD6
ADD6
ADD6
ADD6
ADD6
A5B6
A5B6
A5B6
A5B6
A5B6
A596
A595
A595
A595
A595
A575
A575
A575
9D55
9D55
9D55
9D54
9D54
9D54
9D34
9D34
9534
9514
9514
9514
94F4
9513
9513
94F3
94F3
94F3
8CD2
8CD3
94F3
9514
A555
AD96
C637
D699
BDD5
BDD5
B5B4
AD73
AD53
AD53
AD74
B574
BDD5
C616
CE37
C636
BDD5
C616
BDB5
B594
B594
B594
A512
9CB0
9CD1
9490
9CD1
9471
6B6D
39C7
0882
0061
0041
0041
0041
0041
0882
18E3
2145
4A69
73AE
94B2
9491
A512
A512
AD33
B594
BDB5
BDD5
C616
C616
C616
CE57
D699
CE58
BDF6
C5F6
BE16
C616
BDD5
BDD5
B574
AD74
B594
B574
B594
B594
BDB4
AD53
AD53
AD73
AD53
AD53
DEB8
E71A
CE57
AD53
9CD0
AD32
B573
BD93
B552
AD31
A511
A532
A532
B5F6
B5D6
9D13
7C2E
636A
634A
5B29
5B4A
636A
638A
636A
5308
4286
3A66
3A65
4286
42A7
52E9
5329
5B48
5B68
6BCA
6BCA
6389
5328
5348
5B48
6389
6BCA
740B
742B
742B
7C4B
742B
6C0A
63C9
5B88
5B88
5B88
5B88
5B88
6BCA
7C2C
7C4C
742B
6BEA
6BEA
63AA
63A9
6389
6BC9
6BC9
742B
740B
740A
6BC9
6BEA
73EA
7C2B
846B
848C
8CAD
848C
7C4B
740A
7409
7C4A
848C
8CAD
8CAD
848C
848B
848C
848C
7C4B
7C2A
740A
6BEA
740A
73E9
6BE9
742A
7C4B
7C2B
740A
7C4B
742A
7C4A
846C
846D
846C
7C2B
7C4B
7C4C
7C4B
740A
740B
742B
7C2C
73EB
6BC9
6BA9
D6B9
CE99
CEB9
D6B9
D6B9
D6B9
CEB9
D6B9
D6BA
D6B9
D6B9
D6BA
D6B9
D6BA
D6BA
D6B9
D6B9
D6B9
D6B9
D6B9
D6B9
D6B9
D6B9
D6D9
D6D9
D6D9
D6D9
D6D9
D6D9
D6DA
D6DA
D6DA
D6DA
D6DA
D6DA
D6DA
D6DA
D6FA
D6DA
D6DA
D6FA
D6FA
D6FA
D6FA
D6FA
DEFA
DEFA
DEFA
DEFA
DEFA
DEFA
DEFA
DF1A
DF1A
DF1A
DF1A
DF1B
DF1A
DF1B
DF1B
DF1B
DF1B
DF1B
DF1B
DF3B
DF3B
DF3B
E73B
E73B
E73B
E73B
E73B
E73B
E73C
E73B
E73B
E73B
E73B
E73C
DF1B
C679
B618
BE18
BE38
BE38
BE39
BE39
BE59
BE59
BE59
BE59
BE59
C659
BE59
BE59
BE59
BE59
BE59
BE59
BE39
BE39
B638
B638
B638
B618
B618
B618
B618
B5F7
B5F7
ADF7
ADD7
ADD7
ADD6
ADD6
ADD6
ADD6
ADD6
ADD6
A5B6
A5B6
A5B6
A5B6
A5B6
A5B6
A596
A596
A575
A575
A575
9D75
9D55
A595
BE17
CE78
CE78
BDD5
BDF5
B5B4
AD94
AD73
B574
B594
B594
BDD5
C636
CE37
C616
C615
B593
B593
AD52
AD53
9CB0
9CB0
A4F1
A4D1
8C2F
9491
8C70
6B4C
4A49
18E3
0882
0041
0041
0041
0041
0041
0041
31A6
5ACA
840F
9491
9CF2
9CB1
AD53
B574
AD33
AD73
B5B4
BDB5
C616
C636
BDF6
CE57
D699
CE78
BE16
C616
C616
BDF6
BDD5
BDD5
AD94
B594
B5B5
B5B4
B5B4
BDD5
B5B4
A533
94D2
8CB1
94B1
B5B4
CE57
BDD5
A532
8C90
94D1
A4F1
A512
A511
9CF1
94B0
9CF1
9D12
A553
B5D6
9D33
8470
6B8C
634B
634A
636B
638C
6BAC
638B
5B29
42A7
3A65
3A65
4286
4AA8
5309
5B4A
5B49
5B68
6BCA
6BEB
636A
5308
5308
5329
5B69
6BCA
6BCA
740A
740B
742B
740A
6BEA
5BA8
5367
5368
5367
5B68
6389
6BAA
740B
7C0B
73EA
6BEA
6BCA
6BAA
6389
5B68
63A9
63A9
6BEA
740B
740B
6BEA
6BC9
6BE9
740A
846C
8CAD
8CAD
846C
742B
6BC9
63C9
740A
846B
848C
8CAD
8CAD
8CAC
848C
84AC
7C4B
742A
6BE9
6BC9
6BC9
6BE9
7409
846C
7C4B
7C0B
6BE9
7409
7409
7C4A
8CAC
94CD
846C
844B
7C4B
846C
846C
846C
7C2B
7C2B
7C2B
844C
740B
6BCA
D6B9
D6B9
CEB9
D6B9
CEB9
CEB9
D6B9
D6B9
D6B9
D6B9
D6B9
D6B9
D6B9
D6B9
D6B9
D6B9
D6B9
D6B9
D6B9
D6B9
D6B9
D6B9
D6B9
D6D9
D6D9
D6D9
D6D9
D6D9
D6DA
D6DA
D6D9
D6D9
D6DA
D6DA
D6DA
D6DA
D6DA
D6DA
D6FA
D6FA
D6FA
D6FA
D6FA
D6FA
DEFA
DEFA
DEFA
DEFA
DEFA
DEFA
DF1A
DEFA
DF1A
DEFA
DF1A
DF1A
DF1A
DF1B
DF1B
DF1A
DF1B
DF1B
DF1B
DF1B
DF1B
DF3B
DF1B
DF3B
DF3B
E73B
DF3B
E73B
E73B
DF3B
E73B
E73B
E73B
E73C
E73B
E73C
CEBA
B5F7
B5F7
B5F7
BE18
BE38
C658
C659
C659
C679
C67A
C67A
CE9A
CEBA
CEBA
CEBB
CEBB
CEDB
D6BB
CEDB
CEBB
CEBB
CEBB
CEBB
CEBB
CEBB
CEBB
CE9A
CE9A
C69A
C67A
C65A
BE59
BE59
BE59
BE59
BE59
BE59
BE58
BE38
B638
BE38
BE38
B638
B618
B618
B5F7
B5F7
ADF7
ADF7
ADD7
ADD6
ADB6
C638
C637
BDD5
B594
BDF5
B5B4
B594
B594
B594
B594
BDB5
BDD5
C636
CE57
C616
BD94
B553
A511
AD12
9CD0
9CD1
9CB0
9CB0
8C2E
8C0E
9490
7BCD
6B6C
52AA
4208
2965
10C3
0061
0041
10A2
10A2
2124
4208
52AA
7BEF
9491
AD33
A4F2
9470
AD12
B574
AD33
AD32
AD53
B5B4
C616
C636
C636
CE78
D6B9
CE57
C636
C616
C616
BDD5
B5B5
B5B5
B5B5
BDF6
B5B5
B5B5
BDF6
B5B5
8CB1
7C50
7C30
7C30
8450
8CB1
8470
7C2F
7C0F
7C2F
7C2F
8450
8450
8450
7C30
8450
8470
8470
94B2
8C91
7C30
73EF
6BCE
6BAE
6BCE
740F
740F
73EF
5B6B
4AA7
3A66
3A66
4AA7
4AC8
5B4A
6BAC
6BCC
6BCC
742D
7C4E
63AC
5B4A
5309
5B4A
638B
740C
740C
742C
742C
742B
6C0A
63EA
63EA
63C9
5BA9
5B89
63CA
6BAA
6BEB
6BCB
6BEB
6BCA
6BCA
63AA
6389
5B69
5B89
6389
5B88
63C9
740B
740B
6BEA
63A9
6BE9
740A
7C4B
846C
8CAD
7C4B
7C2B
73EA
6BA9
73EA
7C2B
7C4B
846C
846C
8CCD
848C
848C
7C6B
742B
73EA
6BEA
6BEA
7C2B
7C2B
844C
844C
740A
6BE9
6BE9
7409
7C4A
848B
8CAD
844C
844B
7C2B
846B
8C8D
8CAD
846C
7C4C
844C
8C8D
844D
73EB
D6B9
D6B9
D6B9
D6B9
D6B9
D6B9
D6B9
CEB9
D6B9
D6B9
D6B9
CEB9
D6B9
D6B9
D6B9
D6B9
D6B9
D6B9
D6B9
D6B9
D6D9
D6B9
D6B9
D6B9
D6D9
D6D9
D6D9
D6D9
D6DA
D6D9
D6DA
D6DA
D6DA
D6DA
D6DA
D6DA
D6DA
D6FA
D6FA
D6FA
D6DA
D6FA
D6FA
DEFA
D6FA
DEFA
DEFA
DEFA
DF1A
DEFA
DEFA
DF1A
DF1A
DEFA
DF1A
DF1B
DF1A
DF1A
DF1B
DF1B
DF1B
DF1B
DF3B
DF1B
DF1B
DF3B
DF3B
DF3B
DF3B
E73B
DF3B
DF3B
DF3B
E73B
E73B
E73B
E73B
E73C
E73B
E73C
D6DA
B5D7
9D34
9D34
9D34
9D34
A534
A555
A554
A575
AD75
AD75
AD95
ADB6
ADB6
B5B6
B5D7
B5F7
BE17
BE18
C638
C638
C658
C659
C679
CE79
CE9A
CE9A
CE9A
CEBB
CEBA
CEBB
CEDB
D6DB
D6DB
D6FB
D6FB
D6FC
D6FB
D6FB
D6FC
D6DB
CEDB
CEDB
CEDB
CEBB
CEBA
C69A
C69A
C67A
C679
C659
CE99
DF1B
D6B9
C636
BDD5
BDB4
B5B4
B594
B5B4
B594
B594
B574
B5B5
D678
CE57
BDD5
B593
A4F1
A4D0
A4F1
9CD0
9C90
946F
946F
8C2E
946F
83EE
7BAD
738D
52AA
4A69
4249
2145
10C3
0861
2124
29A6
39E7
52AA
632C
7BCE
9470
9CB1
AD33
9CB1
9CD1
AD12
A512
AD32
AD32
AD52
BDB4
C636
C616
CE77
D6B9
D699
C657
C637
C616
BDD5
BDF5
B5B5
BDD5
C616
BDD5
BDD5
C616
BDF6
9D13
8CB2
8492
8471
8471
8471
8471
8471
8451
7C50
7C50
7C50
7C50
7C50
7C50
7C50
7C50
7C51
7C50
7C30
7C10
7C30
7C30
7C30
7C10
8451
8472
8471
6BAD
4AC8
3A66
4286
4AA7
4AC9
638C
7C2F
8490
8490
84B1
8CB1
740F
6BCE
6BAD
6BCE
7C2F
8470
8490
8490
8490
8490
7C6F
7C6F
7C6F
7C4E
742E
742E
7C4E
7C2E
7C6F
740D
740D
73ED
73ED
73CC
63AB
638A
63CB
63CB
63AA
6BCB
6BEB
6BEB
6BCA
6BCA
6BEA
740B
7C2B
7C4C
846D
846D
846D
740C
6BCB
73EB
740B
7C2C
844C
846D
94CE
848D
7C6C
7C4B
7C2B
7C4B
7C4C
7C4C
844C
7C4C
7C2C
7C2B
6BEA
6BE9
6BE9
742A
7C4B
846B
846C
844C
844C
7C2B
7C4B
846C
8CAD
848C
844B
844C
844C
844D
7C0C
D6B9
CEB9
D6B9
D6BA
CEB9
D6B9
D6B9
D6B9
D6B9
D6B9
CEB9
CEB9
D6B9
D6B9
D6B9
D6B9
D6B9
D6B9
D6B9
D6B9
D6B9
D6B9
D6B9
D6D9
D6D9
D6D9
D6DA
D6DA
D6D9
D6DA
D6DA
D6DA
D6D9
D6DA
D6DA
D6DA
D6FA
D6FA
D6FA
D6DA
D6FA
D6DA
D6FA
D6FA
DEFA
D6FA
D6FA
DEFA
DF1A
DF1A
DF1A
DF1A
DF1A
DEFA
DEFA
DF1A
DF1A
DF1A
DF1B
DF1B
DF1B
DF1B
DF1B
DF1B
DF1B
DF3B
DF3B
DF3B
DF1B
DF3B
DF1B
DF3B
DF3B
DF1B
DF3B
E73B
E73C
E73B
E73C
E73C
E71C
C659
A555
9D14
9D14
9D14
A535
A535
A535
9D55
9D55
A555
A555
9D55
A555
A535
A535
A555
A555
A555
A555
A555
A555
A555
A575
A575
A575
A575
A575
A595
AD95
AD95
ADB6
ADB6
ADD6
ADD6
B5F7
BE17
BE38
BE38
C659
C659
C679
C679
C699
CE9A
CE9A
CEBA
CEBA
CEDB
D6DB
D6DA
DEFA
CE98
BDF6
BDD5
BDB4
B594
AD73
B5D5
B5B5
B594
AD73
AD53
B5B5
CE98
C616
B594
AD12
A4D1
A4F1
A4D0
948F
944E
9C90
944F
8C2E
8C2E
83CD
7BAD
6B6C
5AEA
4A48
4228
39C7
2124
10A2
2986
3A07
4A69
5AEB
73AE
73AE
8C2F
9CB1
9C90
A4D1
9490
9CB0
AD12
9CB0
A511
AD32
AD53
BDB4
BDF5
CE57
D6B8
D6B9
C616
BDF6
BE16
BDF6
BDF5
BDF6
BDF6
BDF6
BDF6
BDF6
C616
C616
ADB5
9D34
9D34
9D34
9D34
9D34
9514
94F3
94F3
8CF3
8CD3
8CD2
8CD2
8CD2
8CD2
8CB2
8CB2
8C92
8491
8491
8471
8471
8471
8471
8471
8C92
94B3
8C92
73CE
4AC8
3A66
3A86
4AA7
4AA8
636C
8430
94B1
8CB1
8491
8470
7C30
740F
73EF
740F
8450
8CB1
8CD2
8CD2
8CD2
8CD2
8CF2
94F2
94F2
8CD2
8CD2
8CB2
8CB2
8CB1
8CB2
8491
8470
7C50
7C50
7C50
7C2F
740F
742F
742F
742F
742E
742E
742E
742E
7C2E
742E
7C4E
7C4E
846E
848F
848F
8C8F
846F
740D
7C2D
7C2D
844D
7C2D
846E
8CCF
8CAE
7C6D
7C4C
7C2C
846D
8CAF
8CAF
8C8E
844D
7C4D
740C
73EB
6BEA
6BEA
742C
7C4C
7C2C
740B
7C0B
7C2B
742B
7C4B
7C4B
7C4B
7C2B
7C4B
844C
842C
7C0B
73EA
D6B9
D6B9
CEB9
D6B9
D6B9
CEB9
D6B9
D6BA
D6B9
D6B9
D6B9
CEB9
D6B9
D6B9
D6B9
D6B9
D6B9
D6B9
D6B9
D6B9
D6B9
D6B9
D6D9
D6D9
D6D9
D6D9
D6DA
D6DA
D6D9
D6DA
D6DA
D6DA
D6DA
D6DA
D6DA
D6DA
D6FA
D6FA
D6FA
D6DA
D6FA
D6DA
D6FA
D6FA
D6FA
D6FA
D6FA
D6FA
DEFA
DEFA
DF1A
DF1A
DEFA
DEFA
DEFA
DEFA
DF1A
DF1B
DF1B
DF1B
DF1B
DF1B
DF1B
DF1B
DF3B
DF3B
DF3B
DF3B
DF3B
DF3B
DF1B
DF3B
DF3B
DF3B
E73B
E73B
E73B
E73B
E73B
E73C
E73C
D6BA
B5F7
9D34
9D14
9D34
A535
A535
A555
A555
A555
A555
A555
A555
A555
A555
A555
A555
A555
A555
A555
A555
A555
A555
A555
A555
A555
A555
A555
A555
A555
A555
A555
A555
A535
A555
A555
A555
A555
A555
A555
A555
A555
A555
A555
A575
A575
A555
A555
A575
AD75
BE17
D6B9
DED9
CE57
BDD5
B5B4
AD52
B593
BDF5
B5B4
B594
AD73
A512
B594
C616
BDD5
B573
A511
A511
A4F1
9C90
944E
944E
946F
8C2E
8C0E
83CD
7B6B
83EE
5A89
6B6C
4228
2965
4A48
2965
2124
39E7
2985
632B
4A48
738D
8C2F
83CD
8C2E
9C90
9C6F
9C90
9C90
9CB0
9CB0
9C90
A511
AD32
AD73
BDD5
C616
CE78
D698
BDF6
B5B5
B594
BDF6
BDF6
BE16
BDF6
BDF6
BE16
C636
C637
C637
B5D6
A596
A596
A596
A596
ADB6
A596
A596
A596
A596
A595
A575
A575
A575
A575
A575
9D55
9D55
9D54
9D34
9D14
9513
9513
9513
9513
9D34
A555
A555
7C2F
4AC8
3A66
3A66
42A7
4288
636C
8450
9CD2
94D1
8CB1
8C91
8470
7C50
7C30
7C50
8470
8470
8491
8491
8491
8491
8CB1
8CD1
94D2
94D2
94D2
94D2
8CD2
8CB2
8CB1
8C91
8491
8471
8471
8471
8471
8471
8491
8491
8471
8471
8471
8451
8470
8470
8471
8470
8470
8491
8471
8470
8491
8491
8470
8470
8470
8470
8470
8470
84B1
8CB1
8490
8490
846F
8490
8CD1
8CD1
8CB1
8470
8470
7C6F
7C4F
742E
7C2E
7C4F
846F
7C2E
7C2D
7C2D
7C2D
7C2D
7C4D
7C4C
7C4C
7C4C
846D
846E
844D
7C0C
73EB
D6B9
D6B9
D6B9
D6BA
D6B9
D6B9
D6B9
D6B9
D6B9
CEB9
D6B9
D6B9
CEB9
D6B9
D6B9
D6B9
D6B9
D6B9
D6B9
D6B9
D6B9
D6B9
D6B9
D6D9
D6D9
D6D9
D6D9
D6DA
D6DA
D6DA
D6D9
D6DA
D6DA
D6DA
D6DA
D6DA
D6DA
D6DA
D6DA
D6FA
D6FA
D6FA
D6FA
D6FA
D6FA
D6FA
DF1A
DEFA
D6FA
DEFA
DF1A
DEFA
DEFA
DEFA
DEFA
DF1A
DEFA
DF1A
DF1A
DF1B
DF1B
DF1B
DF1B
DF3B
DF1B
DF3B
DF3B
DF3B
DF3B
DF1B
DF3B
DF3B
DF3B
DF3B
E73B
E73B
E73B
DF3B
DF3B
E73B
E73C
DF1B
C659
A555
9D34
A535
A555
A555
A555
A575
A575
A576
A575
A575
A575
A575
A575
A575
A575
A575
AD75
A575
A555
A575
A555
A575
A575
A555
A575
A575
A576
A555
A555
A555
A555
A555
A555
A555
A555
A555
A555
A555
A555
A555
A555
A555
A535
A535
9D35
9D35
A555
B5B6
CE58
DEDA
D698
BE16
B594
A532
B594
BDF5
B5B4
B594
AD53
AD53
BDD5
C5F6
BDD5
B573
A4F1
AD32
9CB0
946F
944E
942E
942E
8C0D
83AC
7B6B
838C
6AEA
734B
5AA9
4207
5268
4207
39C6
31A6
4207
5289
5289
5ACA
5AC9
8C0F
942F
7B8C
942E
9C6F
946F
946F
9CB0
A4D0
946F
9CB0
A511
AD53
B5B4
BDD5
C616
CE57
C616
B5B5
B594
BDD5
BDD5
BDF6
BDD5
BDF5
C616
CE37
CE78
CE98
C638
ADD6
A5B6
ADB6
A5B6
ADB6
ADB6
ADB6
A5B6
A5B6
ADB6
ADB6
ADB6
A5B6
A5B6
A596
A596
A5B6
A596
A596
A596
A595
A595
A595
A5B6
AD96
BDF7
B5D7
8470
4AC8
3A65
3A66
4AA7
4A88
6B6C
8C50
9D12
A553
AD74
A554
9D33
9513
94F2
94F2
94D2
94F2
94F2
94F2
94F2
94F2
94F2
94F2
9512
9513
9D13
9D13
9D13
9513
94F3
94F2
94F2
8CD2
8CB2
8CB2
8CB2
8CB2
8CB2
8CB2
8CB1
8C91
8491
8491
8471
8491
8471
8470
8470
8450
7C50
7C50
8471
8491
8471
8471
8471
8471
8471
8471
8491
8491
8491
8491
8C91
8491
8491
8C91
8CB1
8C91
8C92
8CB2
8CB2
8492
8491
8492
8491
8491
8471
8471
8471
8471
8470
8470
8470
8470
8490
8490
8470
7C4F
7C2F
D6B9
D6B9
D6B9
D6B9
D6B9
CEB9
D6B9
D6B9
D6B9
D6B9
D6B9
D6B9
D6B9
D6B9
D6B9
D6B9
D6B9
D6B9
D6B9
D6B9
D6B9
D6B9
D6B9
D6D9
D6B9
D6D9
D6D9
D6D9
D6D9
D6D9
D6DA
D6DA
D6DA
D6DA
D6DA
D6DA
D6DA
D6FA
D6FA
D6FA
D6FA
D6DA
D6FA
D6FA
D6FA
D6FA
D6FA
DEFA
D6FA
DEFA
DEFA
DEFA
DEFA
DF1A
DEFA
DEFA
DF1A
DF1B
DF1B
DF1A
DF1A
DF1B
DF1B
DF1B
DF1B
DF3B
DF1B
DF1B
DF1B
DF1B
DF1B
DF1B
DF1B
DF3B
DF3B
DF3B
E73B
E73B
E73C
E73B
E73C
E75C
D6BA
B5B6
9D14
9D14
A535
A535
A555
A555
A575
A575
A575
A575
A575
A575
A575
A576
AD76
AD76
AD76
AD76
A576
AD76
AD76
AD76
A576
A576
A576
A576
A576
A576
AD76
A576
A575
A575
A555
A576
A555
A575
A575
A576
A555
A555
A555
A555
A555
A555
A575
A555
AD76
AD75
BE17
CE99
C657
B5B4
B573
AD32
AD73
BDF5
B5B4
B594
AD53
B574
BDD5
C5F5
BDB5
AD33
AD12
A4F1
9CB0
946F
942E
8BED
8BED
83AC
7B6B
6AE9
730A
62C9
5A88
62C9
5247
5A89
3164
2924
3165
2924
6B2B
4A48
62CA
5AA9
5A89
8C0E
83CD
7B6B
8C0D
9C6F
944F
946F
9CB0
9CB0
948F
9CD1
A532
BDB4
B5B5
BE16
C636
B594
B5B5
BDB5
B5D5
BDF5
BDF5
BDF6
BDF5
C616
CE77
CE98
CE78
CE79
C67A
C67A
C67A
BE59
BE59
BE39
BE38
B618
B618
B618
B5F7
ADD7
ADD7
ADD7
ADB6
ADB6
ADB6
ADD6
ADB6
ADB6
A5B6
A5B6
ADD6
ADF7
ADD6
BE18
BDF7
8470
4AC8
3A45
3A66
4AC8
634B
7C2F
94F2
AD74
B5D5
B5F6
B5D6
A595
A554
9D54
9D33
9D13
9513
9513
9513
9513
9513
9512
9513
9D33
9D54
A574
A595
ADB5
ADB6
A595
A595
A595
A595
9D75
9D74
9D75
9D75
9D75
9D54
9D54
9D54
9D54
9D34
9D34
9513
9513
94F3
8CF2
8CD2
8C91
8471
8C91
8CB2
8CB2
8CD2
8CD2
8CB2
8CB2
8CD2
8CB2
8CB2
8CB2
8CB2
8CB2
8CB2
8CB2
8CB2
8CB2
8CB2
8CB2
8CD2
8CD3
8CB2
8CB2
8CB2
8CB2
8CB2
8CB2
8CB2
8CB2
8CB2
8CB2
8CB2
8CB2
8CB2
84B1
8491
8491
8491
8471
D6B9
CEB9
CEB9
CEB9
CEB9
CEB9
D6B9
D6B9
D6B9
CEB9
CEB9
D6B9
D6B9
D6B9
D6B9
D6B9
D6B9
D6B9
D6B9
D6B9
D6B9
D6D9
D6D9
D6D9
D6D9
D6D9
D6D9
D6D9
D6DA
D6DA
D6D9
D6DA
D6DA
D6DA
D6DA
D6DA
D6DA
D6DA
D6FA
D6DA
D6FA
D6FA
D6FA
D6FA
D6FA
DEFA
D6FA
DEFA
DF1A
DEFA
DEFA
DEFA
DF1A
DF1A
DEFA
DEFA
DEFA
DF1A
DF1A
DF1B
DF1B
DF1B
DF1A
DF1B
DF3B
DF3B
DF3B
DF3B
DF1B
DF1B
DF3B
DF3B
DF3B
E73B
E73B
DF3B
DF3B
DF3B
E73B
E73B
E73B
E75C
DF3B
BE18
9514
9D14
9D14
9D14
A535
A535
A535
A535
A535
A555
A555
A555
A555
A555
A555
A555
A555
A575
A575
AD76
A576
A575
A576
A575
AD76
AD96
AD96
AD96
AD96
AD96
A576
A576
AD76
AD76
A596
A576
A576
A576
A576
A575
A575
A575
A575
AD76
AD76
AD76
A555
A555
ADB6
D6B9
D6B9
BDF6
B594
AD52
B5B4
BDD5
B5B4
AD93
AD53
B573
B574
BDD5
BDB4
AD12
A4F1
A4D0
9CB0
946F
8C2E
8BED
83AC
7B8B
732A
62A8
62A8
5A68
49E6
6B0A
2903
20C3
2103
1061
3165
1882
41E7
41E6
4A28
41C6
5A89
5A89
7B8C
732A
7B6B
942E
944E
944F
946F
9CB0
9CB0
9CD0
A512
B573
B594
BDF6
C616
B5B5
AD73
B5B5
BDD5
BDD5
BDF6
BDF5
C616
C616
CE57
C657
BDF6
BE38
C679
CE9A
CE9A
CE9A
CE9A
CEBA
CEBB
CEBB
CEBB
CEBB
CE9A
CE9A
CE9A
CE9A
CEBB
CE9B
CE9B
C69A
C67A
C67A
BE59
BE39
BE38
B618
ADD7
B5F7
AD96
8470
4AA7
3A66
4286
5B4A
8470
AD75
BDF7
C659
CE7A
D6DB
D6BB
CE9A
C659
BE18
BE18
B5F8
B5F7
B5D7
B5D7
B5D7
B5D7
ADD6
ADB6
ADD6
ADD6
ADD6
B617
B617
BE38
BE38
B618
B617
B5F7
ADD7
ADD6
A5D6
A5B6
A5B6
A5B6
A5B5
A5B5
A5B6
A5B6
A5B6
A596
9D95
A575
9D75
9D55
9D34
8CD2
8CD2
94D2
94F3
9534
9D34
9D34
9D34
9534
9534
9534
9514
9514
9514
9514
9514
9D14
9514
9D14
9514
9514
9514
9513
94F3
9513
94F3
94F3
94F3
94F3
94F3
8CF2
94F2
94F3
94F3
8CF2
8CD2
8CF2
8CD2
8CD2
8CB2
D6B9
CEB9
CEB9
CEB9
D6B9
D6B9
CEB9
CEB9
CEB9
CEB9
CEB9
CEB9
D6B9
D6B9
D6B9
D6B9
D6B9
D6B9
D6B9
D6D9
D6B9
D6B9
D6D9
D6B9
D6D9
D6B9
D6D9
D6D9
D6DA
D6DA
D6DA
D6DA
D6DA
D6DA
D6DA
D6DA
D6DA
D6DA
D6DA
D6FA
D6FA
D6FA
D6FA
D6FA
D6FA
D6FA
DEFA
DEFA
DEFA
DEFA
DEFA
DEFA
DEFA
DEFA
DF1A
DEFA
DEFA
DF1A
DF1A
DF1B
DF1B
DF1B
DF1B
DF1B
DF1B
DF1B
DF1B
DF1B
DF1B
DF1B
DF3B
DF1B
DF1B
DF3B
DF3B
DF3B
DF3B
DF3B
DF3B
DF3B
E73B
E73C
E75C
CEBA
A575
9D14
9D14
9D34
A535
A535
A535
A535
A535
A535
A555
A555
A555
9D55
A555
A555
A555
A555
A555
A555
A555
A555
A555
A555
A555
A555
A555
A555
A555
A555
A555
A555
A555
A555
A555
A555
A555
A555
A555
A555
A555
A575
A576
AD76
AD76
AD55
A555
A555
B5D7
DEFA
E73B
CE57
BDD5
AD73
BDD5
B5D5
B5B4
B594
AD53
AD32
AD53
BDD5
B573
A512
A4F1
9CB0
9CB0
946F
8C0D
83CC
83AC
734A
5A67
5A68
41E6
3144
18A2
49E7
1862
1882
1882
1061
1082
0841
18A2
3124
2904
3986
1882
41C6
5A68
62C9
6B0A
83AC
944E
944E
946F
9C90
9CB0
9CD0
A4F1
AD32
B594
BDB5
C616
BDB5
AD33
B5B4
BDD5
BDD5
BDF5
BDF6
C616
C636
CE77
C637
AD95
A555
AD96
AD96
A575
A555
A575
A575
AD96
A596
AD96
AD96
ADB6
ADB6
ADB6
ADB6
ADD7
B5F7
B5F7
B617
BE18
BE18
BE38
BE39
BE38
BE38
B5F7
B5D7
A555
7C0E
42A7
3A66
4286
636B
9D13
BDF7
BE18
C658
C679
D6BA
D6DA
D6BA
D69A
CE99
CE99
CE9A
CE9A
CE9A
CEBA
CE9A
CE9A
CE9A
CE9A
CE9A
CE9A
CEBB
D6BB
D6FB
DF1C
DF1C
DF1C
D71C
D6FC
CEDB
D6FC
D71C
D6FC
CEDB
CEBB
C69A
C69A
C69A
C69A
BE7A
BE79
BE59
B638
ADD7
9D55
9513
94F3
9513
9D34
A596
A595
9D75
9D95
A5B6
9D95
9D74
9D74
9D55
9D55
9D55
9555
9D54
9D55
9D55
9D55
9D55
9D55
9D55
9D55
9D55
9D55
9D55
9D55
9D55
9D55
9D54
9D54
9D34
9D34
9D34
9D55
9D34
9D34
9D34
9534
9514
CEB9
CE99
D6B9
CEB9
CEB9
CEB9
D6B9
CEB9
CEB9
CEB9
D6B9
CEB9
D6B9
D6B9
D6B9
D6B9
D6B9
D6B9
D6D9
D6D9
D6D9
D6B9
D6B9
D6DA
D6D9
D6D9
D6D9
D6DA
D6DA
D6DA
D6DA
D6DA
D6DA
D6FA
D6DA
D6DA
D6DA
D6DA
D6DA
D6FA
D6FA
D6FA
D6FA
D6FA
D6FA
D6FA
D6FA
D6FA
D6FA
D6FA
DEFA
DEFA
DEFA
DEFA
DEFA
DEFA
DF1A
DF1A
DF1A
DF1A
DF1B
DF1B
DF1B
DF1B
DF1B
DF3B
DF3B
DF3B
DF3B
DF3B
DF1B
DF3B
DF3B
DF1B
DF3B
DF1B
DF1B
DF1B
DF3B
E73B
E73B
E73C
E75C
DF1C
BE38
9D14
9CF4
9D14
A535
A535
A535
A535
A535
A535
A535
A555
A555
A535
A535
A555
A555
A555
A555
A555
A555
A555
A555
A575
A555
A555
A555
A555
A555
A535
A535
A535
A535
A535
A535
A535
A535
A535
A535
A555
9D35
9D35
A555
A535
A535
A535
A535
A555
BDF7
D6DA
E71B
D698
C636
BDF5
BDF5
B5B4
B5D4
B594
AD53
A511
AD32
B593
B553
AD32
A4D1
9CB0
9C8F
9C8F
8BED
83AC
7B6B
734B
41C5
3185
1061
18A2
1862
1882
1882
1883
1883
1862
0841
1062
1882
1882
1882
20C3
2082
2082
3965
49E6
5A88
736B
8C0D
944E
946F
9C90
9C90
9CB0
A4F1
A512
AD53
B594
BDB4
B573
A512
B594
BDD5
BDD5
BDF5
BDF6
BE16
C636
CE78
BE17
AD96
A555
A535
A535
A555
A555
A555
A556
A556
A555
A555
9D55
9D35
9D55
A555
9D55
9D55
A555
A555
9D55
9D55
A555
A575
A596
AD96
AD96
AD96
AD96
9D34
73CE
4267
3A66
4266
636B
9D13
B5D7
B5D7
B5D7
B5D6
BE17
C638
C638
C637
C637
C637
BE17
BE17
C617
BE17
BE17
BDF7
BE17
BE17
BE17
BE17
C638
C658
CE99
D6BA
D6DA
DEFB
DF1B
DF1B
DF1C
DF1C
DF1C
DF1C
DF3C
DF1C
D71C
D6FC
D6FC
D71C
D71C
D71D
DF1D
D6FC
BE5A
A576
94D3
94B3
A555
B5D7
BE39
BE39
BE5A
C69A
CEBB
C6BB
C69A
C69A
C67A
BE7A
BE5A
BE59
BE39
BE39
B639
B618
B618
ADF8
ADF7
ADD7
A5D7
A5B6
A5B6
A596
9D75
9D75
9D75
9D75
9D55
9D55
9D55
9D55
9D54
9D54
9D54
9534
9534
D6B9
CEB9
CEB9
D6B9
CEB9
CEB9
CEB9
CEB9
D6B9
CEB9
D6B9
D6B9
D6B9
D6B9
D6B9
D6B9
D6B9
D6B9
D6B9
D6D9
D6D9
D6D9
D6B9
D6D9
D6D9
D6D9
D6D9
D6DA
D6D9
D6DA
D6D9
D6D9
D6DA
D6DA
D6DA
D6DA
D6DA
D6DA
D6FA
D6FA
D6FA
D6FA
D6FA
D6FA
D6FA
D6FA
D6FA
D6FA
D6FA
D6FA
DEFA
DEFA
DEFA
DEFA
DEFA
DEFA
DEFA
DF1A
DF1A
DF1B
DF1A
DF1A
DF1A
DF1B
DF1B
DF1B
DF1B
DF1B
DF1B
DF3B
DF3B
DF3B
DF3B
DF3B
DF1B
DF1B
DF3B
DF3B
DF3B
E73B
E73B
E73C
E75C
E75C
CE99
9CF3
8430
8C71
8C91
8C92
94B2
94D3
94D3
94D3
9CD3
9CF4
9CF4
9CF4
9D14
9D14
9D14
9D15
A535
9D14
A535
A535
A535
A555
A555
A555
A535
A555
A555
A555
A555
A535
A535
A535
A535
A535
9D14
A514
A535
9D14
9D14
9D14
9D14
9D14
9D14
9D14
9D14
A535
B5B6
CE78
DEFA
DED9
CE57
C616
BDD5
BDD5
B5B4
B593
AD52
A511
A4D0
AD11
AD52
AD32
A4D0
948F
946F
944E
83ED
734B
732A
6AE9
41C5
3165
0020
0840
20A3
20A3
20A3
20C4
20A4
20A3
1062
18A3
20C3
20A3
20A3
20A3
20A3
28C3
20C3
1081
5248
5AA9
7B6C
8BED
8C0D
948F
9CB0
9CB0
A512
A4F1
A532
A532
AD32
A532
A512
B574
B5D5
BDD5
BDF6
BE16
BDF6
C636
CE78
B5D6
AD96
A555
A555
A555
AD76
AD76
AD76
AD76
AD76
A555
A555
A555
9D55
9D35
A535
A535
A535
A535
A535
9D35
9D34
9D35
9D55
A555
A555
A575
A575
B5D7
AD75
73EE
4287
4267
4267
634B
9D13
B5D7
B5D7
B5D7
B5D7
BDF7
BE38
C638
C658
C658
CE78
CE58
CE58
CE79
CE79
CE59
C638
C638
C638
C618
BE18
BE18
C638
C658
C658
CE58
C658
CE78
CE78
C658
C638
C638
BE18
BE18
BE18
BE18
BE18
BE38
BE39
BE59
C659
C679
C679
C659
BE38
ADB7
A555
AD96
B5B7
C659
CE9A
CE9A
CEBB
D6FC
DF1C
D71C
D71C
D6FC
D6FC
D6FC
D6FC
D6FC
D6FD
D6FD
D6FC
CEFC
CEDC
CEDC
CEBC
CEDC
CEDC
CEDC
CEBC
C6BB
C69B
C69B
C69B
BE7A
BE7A
BE7A
BE5A
B659
B659
B639
B638
B5F8
CEB9
D6B9
CEB9
D6B9
CEB9
CEB9
CEB9
CEB9
CEB9
D6B9
D6B9
D6B9
D6B9
D6B9
D6B9
D6B9
D6B9
D6B9
D6B9
D6B9
D6BA
D6BA
D6B9
D6B9
D6D9
D6D9
D6D9
D6D9
D6D9
D6DA
D6DA
D6D9
D6D9
D6DA
D6DA
D6DA
D6DA
D6DA
D6DA
D6FA
D6DA
D6FA
D6FA
D6FA
D6FA
D6FA
D6FA
D6FA
DEFA
DEFA
DEFA
DEFA
DEFA
DEFA
DEFA
DEFA
DEFA
DF1B
DF1A
DF1B
DF1A
DEFA
DF1A
DF1B
DF1B
DF1B
DF1B
DF1B
DF1B
DF3B
DF1B
DF1B
DF3B
DF3B
DF1B
DF1B
DF3B
DF3B
E73B
E73B
E73B
E73B
E73C
E75C
D6FA
A533
52C9
4A89
52A9
52CA
5B0B
632C
634C
636C
6B6D
6B8D
73AE
73CE
73EF
7BF0
7C10
7C10
8430
8451
8471
8C72
8C92
8C92
94B3
94B3
94D3
94D3
9CF3
9CF4
9CF3
9CD3
9CD3
9CF3
9CF4
9CF4
94D4
9CD4
9CF4
9CF4
9CF4
9CF4
9CF4
9CF4
9CF4
9D14
9D14
9D34
AD96
BDF7
DEDA
E73B
D6B9
C616
BDD5
B5B4
B594
B573
AD53
A511
A4D0
9CD0
AD32
AD11
9CB0
946E
944E
8C0D
8BED
732A
732A
62A8
5247
20C2
20E3
18A2
3925
30E4
30E4
3105
3105
28E5
1883
28E4
3105
30E5
28C4
30E4
3104
3925
2082
1061
41E6
41C5
6AEA
7B6B
8BED
8C2E
946F
9CB0
A4F1
A4F1
A4F1
A4D0
A4D1
A4F1
AD32
AD73
B5B5
BDD5
BE16
C636
C616
C637
CE78
B5D6
A555
A535
A535
A535
A555
A535
A535
A555
A535
A535
9D35
A535
A535
A535
9D14
9D14
9D14
9D34
9D35
9D35
9D34
9D34
9D34
9D14
9D34
A535
A555
C618
B5B6
7BEF
4248
4247
4247
6B6C
A534
BDF7
B5D7
B5B7
B5D7
B5D7
B5F7
BE17
BE17
C638
C658
C658
C658
CE59
C679
C659
C659
C659
C659
C639
C639
C659
C659
C659
C659
C659
C658
C658
C638
C638
BE18
BDF8
B5F8
BDF8
BDF8
B5F8
B5F8
B5F8
B5F8
B5F8
B5F8
B5F8
B5F8
B5F8
B5F8
BE18
AD96
A555
9D14
A575
A576
A576
A596
AD96
ADB6
ADB7
ADD7
ADD7
ADD7
B5D7
B5F7
B5F8
BE38
BE59
C679
C69A
CEBA
CEBA
CEBA
CEBB
CEBB
D6DB
D6FB
D6FC
D71C
D71C
D71D
D71C
D71D
D71C
D71C
D71C
D6FC
D6FC
D6FC
D6FC
CEB9
D6B9
CEB9
D6B9
CEB9
CEB9
D6B9
CEB9
D6B9
CEB9
D6B9
D6B9
D6B9
D6B9
D6B9
D6B9
D6B9
D6B9
D6B9
D6B9
D6DA
D6B9
D6B9
D6B9
D6B9
D6D9
D6D9
D6D9
D6D9
D6DA
D6DA
D6D9
D6D9
D6DA
D6DA
D6DA
D6DA
D6DA
D6DA
D6DA
D6FA
D6FA
D6FA
D6FA
D6FA
D6FA
D6FA
D6FA
D6FA
DEFA
DEFA
DEFA
DEFA
DEFA
DEFA
DEFA
DEFA
DEFA
DF1A
DF1B
DEFA
DEFA
DF1A
DF1A
DF1B
DF1B
DF1B
DF1B
DF3B
DF3B
DF1B
DF3B
DF3B
DF1B
DF3B
E73B
E73B
DF3B
DF3B
DF3B
E73B
E73B
E73C
E75C
E75C
BE17
52EA
10E2
10C2
10E2
18E3
18E3
1903
1923
2144
2144
2164
2185
29A5
31A6
31E6
39E6
3A07
4227
4268
4A89
4AA9
52CA
52CA
5B0B
5B2B
5B2C
634C
636D
6B6D
6B8D
6B8E
73AE
73EF
7BEF
7BF0
7BF0
7C10
8430
8431
8C51
8C71
8C72
8C92
8CB2
94B3
9CF3
AD75
CE99
E73B
E73B
DED9
C657
BDD5
B594
B573
B593
AD73
AD32
A4D0
9CB0
A511
A4F1
9CB0
946E
944E
83AC
7B6B
7B4B
732A
6AE9
62C8
5207
3965
51C6
5187
4946
4125
4146
4146
3926
28E4
3926
4166
4146
4125
4946
5187
61E8
28C3
1882
3164
4A06
83CC
7B6B
83AC
83AC
8C0D
9CB0
9C8F
A4F1
9CD0
946F
9CB0
A4F1
AD32
AD53
BDD5
BDF5
C616
C616
C616
CE57
CE78
B5B6
9D34
9D14
9D14
9D14
9D14
9D14
9D14
9D14
9D14
9D14
9D14
A535
9D14
9D14
9D14
9514
94F4
94F4
94F4
9CF4
9CF4
9D14
9D14
9D14
9D14
9D14
A555
C618
B575
738D
31C6
31C6
3A07
73CE
A534
B5B6
AD96
AD96
B5B6
B5B6
B5B6
B5D7
B5F7
BDF7
BDF7
BE17
BE17
C638
C658
C658
C638
BE38
BE18
BE18
BE38
BE18
BE18
BE18
BE18
BDF8
BE18
BE18
BE18
BDF8
B5D7
B5D7
ADB7
B5D7
B5B7
B5D7
B5D7
B5F7
B5F8
B5D8
B5D8
B5D8
B5D8
B5D8
B5F8
B5D7
AD96
A534
9D14
A555
A576
A576
A576
AD96
AD97
AD97
A596
A596
A596
A596
A576
A576
A596
ADB7
ADB7
ADB6
ADB7
ADB6
A596
A576
A576
A576
ADB7
ADB7
ADB7
ADB6
ADB7
ADB7
B5D7
B5F7
B5F8
B5F8
B5F8
BE18
BE38
BE38
CEB9
D6B9
CEB9
CEB9
D6B9
D6B9
D6B9
CEB9
CEB9
D6B9
D6B9
D6B9
CEB9
D6B9
D6B9
D6B9
D6B9
D6B9
D6B9
D6B9
D6D9
D6B9
D6B9
D6B9
D6D9
D6D9
D6D9
D6D9
D6B9
D6D9
D6D9
D6DA
D6DA
D6DA
D6DA
D6DA
D6DA
D6DA
D6FA
D6FA
D6FA
D6FA
D6FA
D6FA
D6FA
D6FA
D6FA
D6FA
D6FA
DEFA
DEFA
DEFA
DEFA
DEFA
DEFA
DEFA
DF1A
DF1A
DF1A
DF1A
DF1A
DF1A
DF1A
DF1A
DF1B
DF1B
DF1B
DF1B
DF3B
DF3B
DF1B
DF1B
DF3B
DF1B
DF3B
DF3B
DF1B
DF3B
DF3B
E73B
E73B
E73B
E73B
E73C
E75C
D6BA
8C71
10E3
0882
0882
0882
0882
08A2
08A2
0882
08A2
08A2
08A2
08A2
08A2
08A2
08A2
08A2
08C2
08C2
10C2
10C2
10E2
10E2
18E2
1903
1903
1903
1923
2124
2144
2164
2985
29A5
31C6
31E6
39E7
3A07
4228
4248
4A69
4A89
52AA
52EA
5B0B
632C
6B6D
94B2
CE58
D6B9
DEB9
D698
C636
BDD5
B594
AD32
AD73
B573
AD32
A4F1
9C90
946F
A4D0
9CB0
946E
942E
83AC
7B6B
7B6B
734A
732A
730A
6AE9
49C6
6208
61A8
5167
4967
4987
4987
4167
3926
4987
4967
4967
5166
61A7
7209
7A6A
28E3
18C2
41A5
734A
7B6A
7B6B
7B4B
83AC
83CC
946F
946F
9C90
946F
8C2E
946F
9CD0
A512
AD73
B5B5
BDD5
C616
BE16
C637
CE78
C657
AD95
9D14
9D14
9D14
9D14
9D14
9D14
9CF4
9CF4
9CF4
9D14
9D14
9D14
9D14
9CF4
9CF4
94F4
94F4
94D3
94F3
9CF4
9CF4
9D14
9CF4
9D14
9CF4
9D14
A555
BDD7
AD33
634C
39E7
31E6
4228
840F
A533
A554
9D14
A555
AD75
AD76
AD76
AD76
AD96
AD96
B5B6
B5B7
B5D7
BDF7
BE18
BE18
BE18
BE17
BDF7
BDF7
BDF7
BDF7
BDF7
BDF7
B5F7
B5D7
B5D7
BDF7
B5F7
B5F7
B5D7
ADB6
ADB6
AD96
AD96
ADB6
ADB6
ADD7
ADB7
ADB7
ADB7
ADB7
B5B7
B5D8
B5D8
B5D7
A555
A514
9D13
A575
A596
A596
A576
AD97
ADB7
AD97
AD97
AD97
AD96
A576
A576
A576
A576
AD97
AD97
AD96
AD97
AD97
AD97
A596
A596
A576
AD97
AD97
A596
A576
A576
A576
AD97
ADB7
ADB7
ADB7
AD97
ADB7
ADB7
AD97
CEB9
D6B9
CEB9
CEB9
CEB9
D6B9
CEB9
D6B9
CEB9
D6B9
CEB9
D6B9
CEB9
D6B9
D6B9
D6B9
D6B9
D6B9
D6B9
D6B9
D6B9
D6B9
D6B9
D6D9
D6D9
D6B9
D6D9
D6D9
D6DA
D6D9
D6D9
D6D9
D6DA
D6DA
D6DA
D6DA
D6DA
D6DA
D6DA
D6FA
D6FA
D6FA
D6DA
D6FA
D6FA
D6FA
D6FA
D6FA
D6FA
D6FA
DEFA
DEFA
DEFA
DEFA
DEFA
DEFA
DEFA
DF1A
DEFA
DF1A
DF1A
DEFA
DF1A
DF1A
DF1B
DF1B
DF1B
DF1B
DF1B
DF1B
DF1B
DF1B
DF1B
DF3B
E73B
DF3B
DF3B
DF3B
E73B
E73B
E73B
E73B
E73B
E75C
E75C
E73C
ADB6
4248
08A2
0082
0882
0882
0882
0082
0082
0082
0082
0082
0082
0082
0082
0082
0082
0082
0082
0882
0882
0882
0882
0882
0882
0882
0882
0882
0882
0882
08A1
08A1
08A2
08A2
08C2
08C2
08C2
10C2
10C2
10E2
10E2
10E2
1903
1903
1903
2985
7C0F
9491
BDD5
CE78
CE57
BDF5
BDD4
BDB4
AD53
AD32
B593
B573
A4F1
9CB0
944E
944E
948F
948F
8C2D
83CC
7B6B
7B6B
7B6B
7B6B
7B6B
732A
6AEA
7249
69E8
61A8
59A8
59A8
51A7
4987
4987
51A8
51A7
5187
5967
71E9
828B
6208
3164
4A06
734B
7B6B
7B4B
7B6B
7BAC
83CC
83AC
83ED
8C2E
83ED
944E
944E
946F
A4F1
A4F1
AD53
B594
BDD5
BDF6
BDF6
C657
CE98
B5D6
A535
9CF4
9CF4
9CF4
9CF4
9CF4
9CF4
9CF4
9CF4
9CF4
9CF4
9CF4
9CF4
9CF4
9CF4
9CF4
94F4
94F4
94F4
94F4
9CF4
9CF4
9D14
9CF4
9CF4
9CF3
9D14
94D3
A533
9CF2
7BCE
5B0B
5B2B
634C
842F
9CD2
9CD2
94B2
9CD3
9D14
9D34
9D34
9D35
A535
A555
A555
AD76
AD96
B5B6
B5B7
B5B7
B5D7
B5D7
B5D7
B5D7
B5D7
B5D7
B5D7
B5D7
B5D7
B5B7
B5D7
B5D7
B5D7
B5D7
B5B7
ADB6
AD96
AD96
AD96
AD96
ADB6
ADB6
ADB6
ADB7
AD97
ADB7
ADB7
B5D7
B5D7
ADB7
A554
9D14
9D13
A555
A596
A596
AD96
AD97
ADB7
ADB7
ADB7
AD97
AD97
AD96
A576
A576
A596
A576
A576
A576
A596
AD97
AD97
AD97
AD97
AD97
AD97
A597
AD97
AD97
A597
A576
A597
A576
A596
A576
A576
A576
A576
A576
CEB9
CEB9
CEB9
CEB9
D6B9
CEB9
D6B9
D6B9
D6B9
D6B9
D6B9
D6B9
D6B9
D6B9
D6B9
D6B9
D6B9
D6B9
D6B9
D6D9
D6B9
D6B9
D6B9
D6D9
D6D9
D6D9
D6D9
D6D9
D6D9
D6D9
D6D9
D6D9
D6D9
D6D9
D6DA
D6DA
D6DA
D6DA
D6DA
D6DA
D6FA
D6FA
D6FA
D6FA
D6FA
D6FA
D6FA
D6FA
DEFA
D6FA
DEFA
DEFA
DEFA
DEFA
DEFA
DEFA
DEFA
DEFA
DF1A
DF1A
DF1A
DF1A
DF1A
DF1A
DF1A
DF1B
DF1B
DF1B
DF1B
DF1B
DF1B
DF3B
DF3B
DF3B
DF3B
E73B
E73B
DF3B
DF3B
E73B
E73B
E73B
E73C
E73C
E75C
E75C
CE9A
7C0F
10C2
0882
0882
0882
00A2
0082
0082
0082
0082
0082
0082
0082
0082
0082
0082
0082
0082
0082
0082
0082
0082
0882
0082
0082
0082
0082
0082
0082
0082
0082
0082
0082
0082
0082
0082
0082
0082
0082
0082
0082
0082
0882
0081
10E3
52EA
5AEA
8C70
C5F6
CE77
BDD5
BDD4
BDD5
B594
AD52
B573
B593
A511
9CB0
944E
8C2E
944E
946E
8C4E
83EC
83AC
83AB
83CC
83CC
83AC
838B
7B6B
7AAA
7229
69E9
61A8
59A8
5187
51A7
5187
59A8
59A8
5967
6187
822A
8AEC
3944
4A27
7BAC
838C
83AC
83CC
8BED
8BED
8BED
8C0D
8C0D
8C0D
8C0D
942E
946F
9CD0
A532
A532
AD53
AD94
BDD5
C616
C616
D6B9
CE78
AD95
A534
9CF4
94D3
94D3
94D3
94D3
94F3
94D3
94D3
94D3
94D3
94D3
94D3
94D3
94D3
94D3
94D3
94D3
94F3
94D4
94D3
94F3
94D3
94D3
94D3
94B3
94B3
7C0F
6B8C
634B
632B
5B2B
5B2B
632B
6B6C
7BED
844F
8C71
8CB2
94D3
94F3
9CF4
9514
9D14
9D14
9D34
A555
A576
AD96
AD76
AD76
AD96
AD96
AD96
ADB6
B5B6
B5B7
B5B7
B5B7
B5B7
ADB7
ADB7
B5B7
B5B7
B5B7
B5B7
B5B7
AD96
AD96
AD96
AD96
A596
AD96
AD96
AD97
AD97
AD97
ADB7
ADB7
ADB7
ADB7
A555
9D14
9CF3
A555
A576
A576
AD97
AD97
AD97
ADB7
AD97
AD97
AD97
AD97
AD97
AD97
A576
A596
A576
A576
AD97
AD97
AD97
AD97
AD97
AD97
AD97
AD97
AD97
AD97
AD97
A597
A576
A576
A576
A576
A576
A576
A576
A576
D6B9
D6B9
CEB9
CEB9
CEB9
CEB9
CEB9
CEB9
CEB9
CEB9
D6B9
CEB9
CEB9
D6B9
D6B9
D6B9
D6B9
D6B9
D6B9
D6B9
D6B9
D6B9
D6B9
D6B9
D6B9
D6B9
D6D9
D6D9
D6D9
D6DA
D6DA
D6D9
D6DA
D6DA
D6DA
D6DA
D6DA
D6DA
D6DA
D6DA
D6FA
D6FA
D6FA
D6FA
D6FA
D6FA
D6FA
D6FA
D6FA
D6FA
D6FA
DEFA
DF1A
DEFA
DEFA
DEFA
DF1A
DEFA
DF1A
DF1A
DEFA
DEFA
DF1A
DF1A
DF1A
DF1A
DF1A
DF1B
DF1B
DF1B
DF1B
DF3B
DF3B
DF3B
DF3B
DF3B
E73B
E73B
E73B
E73B
E73B
E73B
E73B
E73C
E73C
E73C
E73C
A555
3A07
0882
08A2
08A2
08A2
0082
0082
0082
0082
0082
0082
0082
0082
0082
0082
0082
0082
0082
0082
0082
0082
08A2
0082
0082
0082
0082
0082
0082
0082
0082
0082
0082
0082
0082
0082
0082
0082
0082
0082
0082
0082
0082
0082
08C2
4268
4248
AD74
E6FA
CE77
C5F5
C5F5
C5F5
BDD4
B593
B594
B593
AD32
9CB0
944F
8C0D
8C0D
944E
946F
948F
946F
942E
8C0D
8C0D
8BED
83CC
83CC
6A89
7A6A
71E9
61A8
61A8
61C8
59A8
61C8
61E9
61C8
61A8
71E9
828B
6229
2924
5A88
83CD
83CD
83ED
8BED
8BED
8BED
8C0D
8C2D
8C2E
8C0D
8C0D
946E
9CB0
A512
AD53
AD73
B594
B5B5
B5D5
BE16
CE78
D6B9
AD75
94B2
8C71
8430
8430
8451
8451
8C71
8C71
8C92
8C92
8C92
8C92
8C72
8C92
8C72
8C92
9493
9493
94B3
94B3
94B3
94B3
94B3
94B3
8C72
8451
8451
8430
6B8D
52C9
4267
4268
4268
4268
4247
4247
52E9
73CD
8C70
8C91
94B2
94D3
94F3
9CF4
9D14
9D14
9D14
A555
A555
A575
A555
A555
A555
A555
A555
AD76
AD96
AD96
ADB6
AD96
AD96
AD96
AD96
AD96
AD96
AD96
AD96
AD96
AD96
A596
AD96
AD96
A576
A576
AD96
AD96
AD96
AD96
AD97
AD97
ADB6
ADB6
A555
A514
9CF3
A535
A576
A596
AD97
AD97
ADB7
AD97
AD97
A597
AD97
AD97
A597
A576
A576
A576
A576
A576
A597
AD97
AD97
AD97
AD97
AD97
AD97
AD97
AD97
AD97
AD97
A596
A596
A596
A576
A596
A576
A576
A576
AD96
CEB9
CEB9
CEB9
D6B9
D6B9
CEB9
CEB9
D6B9
D6B9
CEB9
D6B9
D6B9
D6B9
D6B9
D6B9
D6B9
D6B9
D6B9
D6B9
D6B9
D6D9
D6B9
D6B9
D6B9
D6D9
D6D9
D6B9
D6D9
D6D9
D6D9
D6DA
D6D9
D6DA
D6DA
D6DA
D6DA
D6DA
D6DA
D6DA
D6DA
D6FA
D6FA
D6FA
D6FA
D6FA
D6FA
D6FA
D6FA
D6FA
D6FA
DEFA
DF1A
DEFA
DEFA
DEFA
DEFA
DF1A
DEFA
DF1A
DEFA
DF1A
DF1A
DF1A
DF1A
DF1A
DF1B
DF1B
DF1B
DF1B
DF1B
DF1B
DF3B
DF3B
DF3B
E73B
E73B
E73B
DF3B
E73B
E73B
E73B
E73B
E73B
E73B
E73B
E73C
E75C
CE79
73EE
10C2
08A2
0882
0082
0082
0082
0082
0082
0082
0082
0082
0082
0082
0082
0082
0082
0082
0082
0082
0082
0082
0082
0082
0082
0082
0082
0082
0082
0082
0082
0082
0082
0082
0082
0082
0082
0082
0082
0082
0082
0082
0081
08A2
4248
5AEA
BDF6
D6B9
CE77
C616
C616
C636
C636
BDF5
B594
B594
AD52
9CB0
946E
8C0D
83ED
83ED
8C0D
944E
946E
944E
942E
942E
8BEC
83CC
83CD
62C9
6208
722A
69A8
71E9
7209
69E9
7209
7209
69C8
71E9
7229
6A4A
3104
2924
6B4B
942E
8C0E
8C0D
8C0E
8C0D
8C0E
8C0D
8C0D
942E
942E
8C2E
948F
A4F1
AD33
B573
B594
B5B5
B5B5
BDD5
C616
D6D9
D6DA
A534
632B
4248
4A89
4248
4248
4A68
4A89
4AA9
52AA
52CB
5AEB
5B0B
5B2C
634C
634D
6B6D
6B8E
6B8E
73AE
73CF
73EF
7BEF
7BEF
7BEF
73AF
73CF
73CF
6B8E
5B2C
4A89
4248
4248
4248
4269
4248
4268
52EA
73AE
8430
8C51
8C92
94B3
94D3
9CF3
9CF4
9D14
9D14
9D14
A535
A555
A555
A535
A535
A535
A535
A555
A555
A575
AD76
AD76
AD76
AD76
A576
A576
A576
A576
A576
A576
A576
A576
AD76
AD76
A576
A576
AD76
AD96
AD76
AD96
A596
A596
AD96
AD96
A555
9CF3
9CD3
9D34
A555
A576
A576
AD97
AD97
A576
A576
A576
A596
A576
A576
A576
A576
A576
A576
A576
A576
A576
A596
A576
A576
A576
A576
A576
A576
A576
A576
A596
AD97
A596
A596
A596
A576
A576
A576
AD96
CEB9
CEB9
D6B9
D6B9
D6B9
D6B9
CEB9
D6B9
D6B9
CEB9
D6B9
D6B9
D6B9
D6B9
D6B9
D6B9
D6B9
D6B9
D6B9
D6D9
D6B9
D6B9
D6B9
D6D9
D6B9
D6D9
D6D9
D6D9
D6D9
D6DA
D6DA
D6DA
D6DA
D6DA
D6DA
D6FA
D6DA
D6FA
D6DA
D6FA
D6FA
D6FA
D6FA
D6FA
D6FA
D6FA
D6FA
D6FA
D6FA
DEFA
DEFA
DEFA
DEFA
DEFA
DEFA
DEFA
DEFA
DF1A
DF1A
DF1A
DEFA
DEFA
DF1A
DF1A
DF1A
DF1B
DF1B
DF1B
DF1B
DF3B
DF3B
DF1B
DF1B
DF3B
E73B
E73B
E73B
E73B
E73B
E73B
E73B
E73B
E73B
E73B
E73B
E73B
E73C
E73B
A554
3A06
08A2
00A2
0082
0082
0082
0082
0082
0082
0082
0082
0082
0082
0082
0082
0082
0082
0082
0082
0082
0082
0082
0082
0082
0082
0082
0082
0082
0082
0082
0082
0082
0082
0082
0082
0082
0082
0082
0082
0082
0082
08A2
10E3
2985
6B8D
B5D6
D699
DED9
CE78
CE77
CE77
CE36
C615
BDD4
B594
B573
9CD0
948F
944E
8C2D
8C0D
8C0D
946E
948F
9C8F
9C6F
942E
8C0D
8C0D
8C2E
7BCD
41C6
6229
7A4A
7A29
822A
69A7
79E9
822A
822A
7A4A
59E8
28E3
3165
4A48
9490
9C90
944E
8C0D
944E
9C6F
942E
944E
9C6F
9C8F
946F
944E
946F
A511
AD73
AD74
B594
B5B4
B5B5
BDF5
CE58
DEFA
DF1B
BDF7
632C
2164
29C6
1903
10E2
10E2
10E2
10E2
10E2
10E2
1903
1923
1923
2143
2144
2164
2964
2985
29A5
29A5
31C6
31C6
31E6
3A07
3A07
3A07
4228
4248
4228
31E7
31C7
29A6
31C6
31C7
31E7
3A07
4A69
5AEB
634C
6B6D
73AE
73CF
7BEF
8430
8430
8451
8C71
8C71
8C92
94B2
94D3
94D3
94F3
9CF4
9D14
9D14
9D14
A535
A535
A535
A535
A535
A555
A555
A555
A555
A555
A555
A535
A555
A555
A555
A535
A555
A555
A555
A576
AD76
AD76
A576
A576
AD96
9D14
94B2
94B2
9CF4
A535
A555
A555
A556
A556
A555
A556
A556
A556
A556
A556
A556
A556
A556
9D55
9D55
9D35
A556
A556
A556
9D35
9D35
9D35
9D35
A555
A556
A576
A576
A576
A576
A576
A576
A596
A576
A576
A576
CEB9
D6B9
CEB9
CEB9
CEB9
D6B9
D6B9
D6B9
D6B9
CEB9
D6B9
D6B9
D6B9
D6B9
D6B9
D6B9
D6B9
D6B9
D6D9
D6B9
D6B9
D6B9
D6B9
D6D9
D6D9
D6D9
D6D9
D6D9
D6DA
D6DA
D6DA
D6DA
D6DA
D6D9
D6DA
D6FA
D6DA
D6DA
D6DA
D6FA
D6FA
D6FA
D6FA
D6FA
D6FA
D6FA
D6FA
D6FA
D6FA
D6FA
DEFA
DEFA
DEFA
DEFA
DEFA
DEFA
DF1A
DF1A
DEFA
DEFA
DF1A
DEFA
DF1A
DF1A
DF1A
DF1A
DF1B
DF1B
DF1B
DF1B
DF1B
DF1B
DF3B
DF3B
DF3B
E73B
E73B
E73B
DF3B
E73B
E73B
E73B
E73B
E73B
E73B
E73B
E73C
E75C
CE78
7C0E
10E2
08A2
0082
0082
0082
0082
0082
0082
0082
0082
0082
0082
0082
0082
0082
0082
0082
0082
0082
0082
0082
0082
0082
0082
0082
0082
0082
0082
0082
0082
0082
0082
0082
0082
0882
0082
0082
0082
0082
08A2
08C3
2165
4AAA
8C91
C658
D6DA
E75C
DF1A
D678
CE57
C616
BDD5
B5B4
B573
B593
A511
9CB0
9490
8C2E
83ED
8C0D
8C0D
9C8F
9CB0
9CB0
944E
944E
942E
8C2E
944E
7BAD
41C6
4986
7AAB
8AAB
826B
8AAC
826B
6A09
4145
2904
31A6
5289
8C4F
9CB0
9CB0
948F
946F
944E
9C8F
9C8F
944E
8C2E
8C2E
944E
944E
944E
9CD0
AD52
AD53
AD74
B5B4
BDD5
C616
CE98
DF1B
EF7D
D6DB
8C71
2144
29A6
10E3
0881
0881
0081
0081
0081
0081
0081
0081
0881
0081
0881
0881
08A1
08A2
08A1
08A1
08A1
08A2
08A1
08C2
08C2
10C2
10C2
10C2
10E2
10E3
10C3
10C3
10C3
10E3
10E3
1903
2144
2164
2985
29A5
31C6
31E6
39E7
3A27
4248
4268
4A89
52A9
52CA
5AEA
5B0B
634C
636C
6B8D
6BAD
73CE
73EE
7BEF
7C0F
8430
8451
8451
8C71
8C92
8C92
8CB2
94B3
94B3
94D3
94D3
9CF4
94D4
9CF4
9CF4
9CF4
9D14
9D14
A535
A555
A555
A556
A576
9CF3
8C91
8471
94D3
9D14
9D35
9D35
9D35
9D35
9D55
A556
9D55
9D35
9D55
9D55
A555
9D35
9D35
9D35
9D35
9D35
9D55
9D35
9D35
9D35
9D35
9D15
9D15
9D35
A556
A556
A556
A556
A556
A556
A576
A576
A576
A576
A576
CEB9
CEB9
CEB9
CEB9
D6B9
D6B9
D6B9
D6B9
CEB9
CEB9
D6B9
D6B9
D6B9
CEB9
D6B9
D6B9
D6B9
D6B9
D6B9
D6B9
D6B9
D6B9
D6B9
D6D9
D6D9
D6D9
D6D9
D6D9
D6D9
D6D9
D6DA
D6DA
D6DA
D6DA
D6DA
D6DA
D6DA
D6DA
D6DA
D6DA
D6FA
D6FA
D6FA
D6FA
D6FA
D6FA
D6FA
D6FA
D6FA
D6FA
DEFA
DEFA
DEFA
DEFA
DF1A
DEFA
DEFA
DF1A
DEFA
DF1A
DF1A
DF1A
DEFA
DF1A
DF1A
DF1A
DF1B
DF1B
DF3B
DF1B
DF3B
DF3B
DF3B
DF3B
DF3B
DF3B
DF3B
E73B
E73B
E73B
E73B
E73B
E73B
E73B
E73B
E73B
E73C
E73C
E73B
AD95
3A27
08A2
00A2
0082
0082
0082
0082
0082
0082
0082
0082
0082
0082
0082
0082
0082
0082
0082
0082
0082
0082
0082
0082
0082
0082
0082
0082
0082
0082
0082
0082
0882
0082
0082
08A2
08A2
0082
0882
08A2
1103
31C7
636D
94F3
BE38
DF1B
E75C
EF9C
E75C
DF1A
CE77
C616
B5D5
B594
B573
AD52
A512
A4F1
9CD0
946F
8C0D
83EC
8BED
9C6F
A4D0
9CAF
944E
9C4E
942D
948F
9CB0
94B0
842E
5AEA
4A07
49A6
4165
3945
28E3
2944
3185
3A07
632B
9490
A4F2
A4D1
9CD0
9C8F
946F
946F
9C8F
A4D0
A4D1
9C8F
944E
946F
8C2D
8C2D
946F
A512
AD73
B5B4
B5D5
BDD5
C637
D699
DF1B
EF7D
E73C
8C91
2165
31C7
10C2
0881
0081
0081
0081
0081
0061
0081
0081
0081
0081
0081
0081
0081
0081
0081
0081
0081
0081
0081
0081
0882
0882
08A2
08A2
08A2
0882
0082
0082
0082
0882
08A2
08A2
08A2
08A2
08A2
08A2
08A2
08A2
08C2
08A2
08C2
10C2
10C2
10E2
10E2
10E2
1903
1903
1923
2143
2163
2984
2984
29A5
31C6
39E6
3A07
4227
4248
4A88
4AA9
4AAA
52CA
52EB
5B0B
632C
634C
6B6D
6B8D
6B8E
73AE
73CF
73EF
7C10
7C30
8451
8451
8C71
7BEF
73CE
73CE
7C10
8C72
8C92
8C93
8CB3
94B3
94D3
94F4
94F4
94F4
94F4
9D14
9D14
9CF4
9D15
9D15
9D15
9D35
9D35
9D35
9D35
9D35
9D35
9D35
9D35
9D35
9D35
A555
A555
9D35
9D35
A556
A556
9D35
9D35
9D35
9D35
CEB9
D6B9
CEB9
CEB9
D6B9
D6B9
D6B9
D6B9
D6B9
CEB9
D6B9
D6B9
D6B9
D6B9
D6B9
D6B9
D6B9
D6B9
D6B9
D6B9
D6B9
D6B9
D6B9
D6D9
D6B9
D6D9
D6D9
D6D9
D6DA
D6D9
D6D9
D6DA
D6DA
D6D9
D6DA
D6DA
D6DA
D6DA
D6DA
D6DA
D6DA
D6FA
D6FA
D6FA
D6FA
D6FA
D6FA
D6FA
D6FA
D6FA
D6FA
DEFA
DEFA
DF1A
DEFA
DF1A
DEFA
DEFA
DEFA
DF1A
DEFA
DF1A
DF1A
DF1A
DF1A
DF1A
DF1B
DF1B
DF1B
DF1B
DF1B
DF3B
DF3B
DF3B
DF3B
E73B
DF3B
E73B
E73B
E73B
E73B
E73B
E73B
DF3B
E73B
E73B
E73C
E73C
E75C
C679
73EE
10E3
08A2
00A2
08A2
00A2
0082
0082
0082
0082
0082
0082
0082
0082
0081
0082
0081
0082
0082
0082
0081
0082
0082
0082
0082
0082
0082
0082
0082
08A2
08A2
08A2
08A2
0082
08A2
08A2
0082
08A2
1924
530C
94F3
C659
E73C
EF7D
EF9D
EF7D
E77C
E75B
DEFA
D698
C636
BDF5
B5B4
B594
AD53
A511
9CB0
9CD0
9CB0
8C4E
83CC
83CC
946F
A4D0
9C8F
9C6E
9C6E
9CAF
A4D0
A4F0
9CD0
9CB0
9CB1
840E
6B2C
4228
4A69
4A68
5ACA
73AD
8C50
9CD1
A4F2
A512
A4F1
A4F1
9CAF
9C8F
9C6F
A4D0
9C8F
A4F1
A511
9CB0
946E
8C4E
946E
9CB0
AD32
B594
B5B5
BDD5
BDD5
CE57
CE98
DF1B
E75C
EF7D
A555
3A07
31E7
08C2
0081
0081
0061
0081
0081
0081
0061
0081
0081
0081
0081
0081
0081
0081
0081
0081
0081
0061
0081
0081
0081
0882
0882
08A2
08A2
08A2
0082
0082
0082
0082
08A2
08A2
08A2
08A2
08A2
0082
0082
08A2
0882
0882
0081
0082
0082
0081
0081
0081
0082
0082
0081
0081
0081
0881
0081
0081
0081
0881
08A1
08A1
08A1
08A1
08A1
08C1
08C2
10C2
10E2
1902
1903
1923
2144
2164
2164
29A5
29C5
31C6
31E6
3A27
4248
4268
4227
3A07
4248
4268
4AA9
52CA
5AEB
5B0B
632C
634C
6B6D
6B8E
73AE
73CF
73EF
7C10
7C10
7C10
8431
8451
8471
8C92
8C92
8C93
8CB3
8CB3
94B3
94B3
94D3
94D4
94F4
9CF4
9CF4
9D15
9D15
9D35
9D15
9D15
9D15
9D15
CEB9
D6B9
D6B9
D6B9
CEB9
D6B9
D6B9
D6B9
D6B9
D6B9
D6B9
D6B9
D6B9
D6B9
D6B9
D6B9
D6B9
D6B9
D6B9
D6B9
D6B9
D6B9
D6D9
D6D9
D6D9
D6D9
D6D9
D6D9
D6D9
D6D9
D6D9
D6DA
D6DA
D6DA
D6DA
D6DA
D6DA
D6DA
D6DA
D6DA
D6DA
D6FA
D6FA
D6FA
D6FA
D6FA
D6FA
D6FA
D6FA
D6FA
DEFA
DEFA
DEFA
DF1A
DEFA
DEFA
DEFA
DEFA
DEFA
DEFA
DF1A
DF1A
DF1A
DF1A
DF1A
DF1A
DF1B
DF1B
DF1B
DF3B
DF3B
DF3B
DF3B
DF3B
DF3B
DF3B
DF3B
E73B
E73B
E73C
E73B
E73B
E73B
E73B
E73C
E73B
E73C
E73C
E75C
DF3B
A574
4248
1924
1924
1924
1104
10E3
10E3
10E3
10E3
10C3
08C3
08C3
00A2
08A2
08A2
08A2
08A2
00A2
00A2
08A2
08A2
08A2
0082
0082
0082
0082
0082
00A2
08A2
10C3
08C3
08A2
0082
08C3
08C2
08A2
1904
634D
B5D7
E71B
F79D
F79D
F79D
F7BD
EF9D
EF7C
E75B
DED9
C657
C616
BDF5
B594
AD73
AD53
A512
9CD0
9CB0
9CB0
944E
83CC
83CC
8C4E
9C8F
9C8E
A4AF
A4AF
A4D0
A4F0
A4F0
9CD0
A4F1
9CF1
9CB0
9490
8C2E
8C2E
9470
9CB0
9CD1
A4F1
A512
A512
AD12
A4F1
A4D0
9CB0
A4D0
9CAF
A511
A511
9CB0
A4F1
9CD0
946F
9C8F
A4F1
A512
B573
B5B4
B594
B5D5
BDF5
C637
CE78
E73C
EF9D
E75C
AD95
31E7
31E7
08C2
0081
0081
0081
0081
0081
0081
0081
0081
0081
0081
0061
0061
0061
0061
0081
0081
0061
0081
0081
0081
0081
0882
0882
08A2
08A2
08A2
0082
0082
0082
0082
0882
08A2
08A2
08A2
08A2
08A2
08A2
08A2
08A2
0082
0081
0081
0081
0082
0082
0081
0082
0082
0081
0081
0081
0061
0081
0061
0061
0061
0061
0061
0061
0061
0061
0061
0081
0081
0081
0081
0081
0081
0081
0081
0081
0081
0081
00A1
00A1
08A1
08A2
08C2
10C2
10C2
08C2
10C2
08C2
10C2
10E2
10E2
10E2
1902
1903
2123
2143
2144
2984
29A5
31C5
31E6
3206
3A27
4248
4268
4A89
52A9
52EA
5AEB
5B0B
632B
634C
6B6D
6B8D
6BAE
73CE
73EF
73EF
7C10
8430
8430
8431
8451
D6B9
D6B9
CEB9
D6B9
D6B9
CEB9
D6B9
D6B9
CEB9
D6B9
D6B9
D6B9
D6B9
D6B9
D6B9
D6B9
D6B9
D6B9
D6B9
D6B9
D6B9
D6D9
D6D9
D6B9
D6D9
D6D9
D6D9
D6D9
D6D9
D6D9
D6D9
D6D9
D6D9
D6D9
D6D9
D6D9
D6DA
D6DA
D6DA
D6DA
D6FA
D6FA
D6FA
D6FA
D6FA
D6FA
D6FA
D6FA
D6FA
D6FA
DEFA
DEFA
DEFA
DEFA
DEFA
DEFA
DEFA
DEFA
DEFA
DF1A
DEFA
DF1A
DF1A
DF1A
DF1A
DF1B
DF1B
DF1B
DF1B
DF1B
DF3B
DF3B
DF3B
DF3B
DF3B
DF3B
DF3B
DF3B
E73B
E73B
E73B
E73B
E73B
E73B
E73B
E73B
E73B
E73C
E73C
E75C
CE99
8450
3A48
3A28
3A08
3A08
31E7
31E7
31E7
29C7
29C6
2986
2986
2185
2165
2165
2165
2165
1944
1924
1924
1924
1904
1103
1103
10E3
10E3
10E3
10C3
10E3
1104
10E3
08C3
10C3
1904
1904
1945
5B0C
BDF7
E73C
EF7D
EF5C
EF7D
EF9D
EF7D
EF7C
E77C
E73B
D6B9
C636
C616
C616
BDD5
B573
AD53
AD53
A511
9CB0
946F
8C2E
83ED
83CC
83ED
8C0D
9C6E
9CAF
A4AF
9CB0
A4F0
A4F0
A511
A511
A4F1
A4F1
9CB0
8C4E
946F
946F
9CB0
9CB0
A4F1
AD12
AD32
AD32
AD32
A4F1
A4F0
A4F0
A511
AD32
AD52
9CD0
A4F1
9490
9CB0
A511
AD53
B573
BDB5
BDB4
B594
BDD5
BDF6
CE57
D6B9
DF1B
EF7D
DF3B
A555
52EB
4A8A
10E3
08A2
0081
0081
0061
0061
0061
0061
0081
0081
0081
0061
0081
0061
0081
0081
0081
0061
0081
0081
0081
0081
0082
0082
0082
0882
08A2
0082
0082
0082
0082
0082
0882
08A2
08A2
08A2
08A2
08A2
08A2
08A2
0882
0082
0081
0082
0081
0081
0081
0081
0082
0081
0081
0061
0061
0081
0061
0061
0061
0061
0061
0061
0061
0061
0061
0061
0062
0061
0081
0081
0081
0081
0081
0081
0081
0081
0081
0081
0081
0882
08A2
08A2
08A2
0882
0081
0081
0081
0081
0081
0081
0081
0081
0081
0081
0081
0081
0081
0081
0081
0081
08A1
08A1
08A1
08A1
08A1
08A2
08A2
08C2
10C2
10E2
10E2
1902
1903
1943
2143
2164
2984
29A5
31C5
39E6
3A07
CEB9
CEB9
D6B9
CEB9
CEB9
CEB9
CEB9
CEB9
CEB9
CEB9
D6B9
D6B9
D6B9
D6B9
D6B9
CEB9
D6B9
D6D9
D6B9
D6B9
D6B9
D6D9
D6D9
D6D9
D6D9
D6D9
D6D9
D6DA
D6D9
D6D9
D6D9
D6D9
D6DA
D6DA
D6D9
D6DA
D6DA
D6DA
D6DA
D6DA
D6DA
D6FA
D6FA
D6FA
D6FA
D6FA
DEFA
D6FA
D6FA
D6FA
DEFA
DEFA
DEFA
D6FA
DEFA
DEFA
DEFA
DEFA
DF1A
DF1A
DF1A
DF1B
DF1B
DF1A
DF1B
DF1B
DF3B
DF1B
DF1B
DF1B
DF3B
DF3B
DF1B
DF3B
DF3B
DF3B
DF3B
E73B
E73B
E73B
E73B
E73B
E73B
E73B
E73C
E73B
E73B
E73C
E73C
E73C
DF3B
AD95
636C
4AC9
52CA
52EA
52CA
4ACA
4ACA
4AAA
4AAA
4AAA
4A8A
4A8A
4289
4269
4269
4269
3A48
3A28
3A27
3207
3207
3207
31E7
31C7
31C7
29A6
29A6
29A6
29A6
2185
2185
2986
31E7
3208
530B
A575
DF1B
EF7C
E75C
E75C
EF7C
EF7C
EF7C
EF7C
E75B
DEFA
D6B9
CE77
C636
C636
BDF5
B5B4
AD73
AD53
A532
A4D1
9CAF
944E
840D
83ED
7BCC
8C0D
A4AF
946F
9C8F
9CD0
A4D0
A4F1
A511
A511
A4F0
A4F1
A4F1
8C2E
9C8F
9CB0
A4D0
A4D0
A4F1
AD12
AD52
B552
B552
AD32
A511
A511
AD31
AD52
AD52
A511
A511
9CD0
A4F1
AD73
B574
B5B4
BDF5
BDD5
BDD5
BDF5
C616
D6D9
E73B
D6DA
E73B
E75C
CEBA
A555
5B2D
2186
08C2
0081
0081
0081
0081
0081
0081
0081
0081
0081
0061
0081
0061
0061
0081
0081
0061
0081
0081
0081
0081
0082
0082
0082
0882
0882
0082
0082
0082
0082
0082
08A2
08A2
08A2
08A2
08A2
08A2
0882
08A2
0082
0082
0081
0082
0081
0081
0081
0081
0081
0081
0081
0061
0081
0061
0061
0061
0061
0061
0061
0061
0061
0061
0061
0061
0061
0061
0061
0081
0081
0081
0081
0081
0082
0081
0081
0081
0081
08A2
08A2
08A2
08A2
0882
08A2
08A2
0081
0081
0081
0081
0081
0081
0081
0081
0081
0081
0081
0081
0081
0081
0081
0081
0081
0081
0081
0081
0081
0082
0081
0081
0081
0081
0081
0081
0082
0882
08A2
08A2
08A2
08A2
08A2
CEB9
D6B9
D6B9
D6B9
CEB9
CEB9
CEB9
D6B9
CEB9
D6B9
D6B9
CEB9
D6B9
D6B9
D6B9
D6B9
D6B9
D6B9
D6B9
D6B9
D6B9
D6D9
D6D9
D6D9
D6B9
D6D9
D6B9
D6D9
D6D9
D6D9
D6D9
D6D9
D6D9
D6D9
D6D9
D6DA
D6DA
D6DA
D6DA
D6DA
D6FA
D6FA
D6FA
D6FA
D6DA
D6FA
D6DA
D6FA
D6FA
DEFA
DEFA
DEFA
DEFA
DEFA
DEFA
DEFA
DEFA
DEFA
DF1A
DF1A
DF1A
DF1A
DF1A
DF1B
DF1B
DF1B
DF1B
DF1B
DF1B
DF1B
DF3B
DF1B
DF1B
DF1B
DF3B
DF3B
E73B
E73B
E73C
E73B
E73B
E73B
E73B
E73B
E73B
E73B
E73B
E73B
E73B
E73B
E75C
C678
846F
42A7
42A7
4AA8
4AA8
4AC8
4AC9
4AC9
4AC9
52E9
4AE9
530A
52EA
52EA
52EA
52E9
52EA
4AC9
4AC9
52EA
52EA
52EA
52EA
4ACA
52EA
52CA
4AA9
4AA9
4AA9
4AA9
4289
530B
638D
8471
B5F7
E73C
EF7D
E73C
E73B
E75B
E73B
E73B
E73B
E73B
E71A
DEFA
DED9
D698
CE57
C616
BDD5
B594
AD73
AD53
A532
A4F1
9CD0
9CB0
946F
8C2E
83ED
8C2E
9C6F
946F
946F
9C8F
9C8F
A4D0
A511
AD11
A511
A511
A4F1
948F
A4D0
A4F1
A4F1
AD11
AD11
AD52
AD32
B552
AD52
AD52
AD31
A4F0
A4F0
AD32
AD32
A512
A511
A4D1
AD53
B574
B5B4
B5B4
B5B4
BDB5
BDF5
C616
CE78
E73B
EF7C
E75C
DF1B
E75C
EF9E
D6DB
9CF3
4AAA
1904
0081
0061
0061
0081
0061
0081
0061
0061
0081
0061
0061
0081
0061
0081
0081
0081
0081
0081
0082
0082
0081
0082
0082
0882
0882
0082
0061
0082
0082
0082
08A2
08A2
08A2
08A2
08A2
08A2
0082
0082
0082
0081
0081
0081
0081
0081
0081
0081
0081
0081
0081
0061
0061
0061
0061
0061
0061
0061
0081
0061
0061
0061
0061
0061
0061
0061
0061
0082
0061
0081
0081
0081
0081
0081
0081
0081
0081
08A2
08C2
08C2
08A2
08A2
08A2
0881
0081
0081
0081
0081
0081
0081
0081
0081
0081
0081
0081
0081
0081
0081
0081
0081
0081
0081
0081
0081
0081
0081
0081
0081
0081
0081
0081
0081
0081
0081
0081
0081
0082
0081
0082
CEB9
CEB9
CEB9
D6B9
CEB9
D6B9
CEB9
D6B9
D6B9
D6B9
CEB9
D6B9
D6B9
D6B9
D6B9
D6B9
D6B9
D6B9
D6B9
D6B9
D6B9
D6B9
D6B9
D6B9
D6D9
D6D9
D6D9
D6D9
D6DA
D6D9
D6D9
D6D9
D6D9
D6D9
D6DA
D6DA
D6DA
D6DA
D6DA
D6FA
D6FA
D6FA
D6FA
D6FA
D6FA
D6FA
D6FA
D6FA
DEFA
DEFA
D6FA
DEFA
DEFA
DEFA
DEFA
DEFA
DEFA
DEFA
DF1A
DF1A
DF1A
DF1A
DF1A
DF1B
DF1B
DF1B
DF1B
DF3B
DF1B
DF1B
DF3B
DF1B
DF1B
DF3B
DF3B
DF3B
E73B
DF3B
E73B
E73B
E73B
E73B
E73C
E73B
E73B
E73B
E73B
E73C
E73C
E73C
E75C
DF1B
A574
4B28
3264
3244
3244
3A44
3A65
3244
3A65
3A65
3A85
3A86
3A86
3A86
3A85
3A65
3A65
3A86
3A86
3AA6
42A7
42A7
42A6
42A7
4AC7
4AC7
42A7
4AC7
4AE8
5309
5329
73EE
9D53
CE99
E75C
E75C
E75C
EF7C
EF5C
E73B
DF1A
E71A
E71B
E71A
DEFA
DEFA
D6B9
D698
CE57
C616
B5D5
B594
AD53
A532
A512
A512
A4F1
9CB0
9CB0
948F
944E
8C0E
946F
9C90
946F
944E
8C0E
8C2E
946F
A4D0
A4D0
A4F1
A4D1
9CD0
A4D1
A4F1
A4D0
A511
A4F1
AD32
AD32
AD32
AD11
9CD0
9C8F
9CB0
9CD0
A512
A4F1
A512
A511
A511
B573
BDB4
B573
B573
B594
BDB4
BDD5
CE57
DEFA
E73B
E75C
E75C
DF1B
E75C
F7BE
EF9D
DEFB
5B0B
1923
0082
0082
0082
0082
0061
0082
0062
0062
0062
0082
0081
0061
0061
0061
0081
0081
0061
0081
0082
0082
0082
0082
0082
0082
0082
0081
0081
0082
0082
0082
08A2
08A2
08A2
08A2
08A2
0882
0082
0082
0082
0082
0081
0081
0081
0081
0081
0081
0081
0081
0061
0061
0061
0061
0061
0061
0061
0061
0061
0061
0061
0081
0081
0081
0061
0061
0061
0061
0061
0061
0081
0082
0082
0081
0081
0081
0082
08A2
10C3
10C2
08A2
08A2
08A2
0081
0081
0081
0081
0081
0081
0081
0081
0081
0061
0081
0081
0081
0081
0081
0081
0081
0081
0081
0081
0081
0081
0081
0081
0081
0081
0081
0081
0081
0081
0081
0082
0081
0081
0081
0081
D6B9
D6B9
D6B9
D6B9
D6B9
D6B9
D6B9
CEB9
D6B9
D6B9
D6B9
D6B9
D6B9
D6B9
D6B9
D6B9
D6B9
D6B9
D6B9
D6B9
D6B9
D6B9
D6B9
D6D9
D6D9
D6D9
D6B9
D6B9
D6D9
D6D9
D6DA
D6DA
D6DA
D6DA
D6DA
D6DA
D6D9
D6DA
D6DA
D6DA
D6FA
D6FA
D6FA
D6FA
D6FA
D6FA
D6FA
D6FA
D6FA
D6FA
D6FA
D6FA
DEFA
D6FA
DEFA
DEFA
DEFA
DEFA
DF1A
DF1A
DF1A
DF1A
DF1A
DF1B
DF1B
DF1B
DF1B
DF1B
DF1B
DF1B
DF1B
DF3B
DF3B
DF3B
DF3B
DF3B
DF3B
DF3B
DF3B
E73B
E73B
E73B
E73B
E73C
E73B
E73B
E73B
E73C
E73C
E73C
E75C
E75C
C658
7C6E
3284
3243
2A23
3243
3243
2A43
2A23
2A23
2A23
3243
3264
2A43
2A43
2A43
3243
3243
3243
3243
3244
3243
2A23
2A43
3244
3243
3244
3244
3A65
4AE7
5B6A
8CB0
B5F6
D6DA
E73C
EF9D
F79D
EF9D
E75C
E73B
DEFA
DEFA
DEFA
DEFA
DEFA
DED9
D698
D698
CE57
BDF6
B5B4
B594
AD73
AD53
AD32
A4F1
9CD0
9CB0
9CD0
9CB0
948F
8C4E
944E
9C90
9490
8C4E
83ED
83CC
7BAC
7B8C
7BCC
944F
944F
948F
9CB0
946F
944F
946F
946F
944F
944F
8C4E
944E
8C4E
946F
9CB0
A512
A512
9CD0
A511
A511
A4F1
B5B4
BDD5
B594
B5B4
BDD5
BDF6
CE57
D6D9
DEFA
DEFA
DEFA
DF1B
E73C
EF7D
F7BE
E75C
CEDA
530B
2184
10E3
08A2
08C2
08A2
00A2
08A2
08C3
00A2
0082
0082
0082
0082
0082
0082
0082
0082
0082
0082
0082
0082
00A2
0082
0082
0082
0082
0081
0081
0081
0082
0081
08A2
08A2
08A2
08A2
08A2
0882
0882
0082
0082
0082
0081
0081
0081
0061
0081
0081
0081
0081
0061
0061
0081
0061
0061
0082
0082
0061
0061
0061
0081
0081
0081
0081
0081
0061
0061
0061
0061
0081
0081
0082
0081
0081
0081
0081
0082
08C2
10E3
10A3
0882
08A2
0081
0081
0081
0081
0061
0081
0081
0061
0081
0081
0081
0081
0081
0081
0081
0081
0081
0081
0081
0081
0081
0081
0081
0081
0081
0081
0081
0081
0081
0081
0081
0081
0082
0082
0081
0081
0081
CEB9
D6B9
CEB9
D6B9
D6B9
D6B9
D6B9
D6B9
CEB9
D6B9
D6B9
D6B9
D6B9
D6B9
D6B9
D6B9
D6B9
D6B9
D6B9
D6B9
D6B9
D6B9
D6B9
D6B9
D6B9
D6B9
D6BA
D6B9
D6B9
D6B9
D6D9
D6D9
D6DA
D6D9
D6D9
D6DA
D6DA
D6DA
D6DA
D6DA
D6DA
D6DA
D6FA
D6FA
D6FA
D6FA
D6FA
D6FA
D6FA
D6FA
D6FA
D6FA
DEFA
D6FA
D6FA
DEFA
DEFA
DEFA
DEFA
DF1A
DF1A
DF1A
DF1A
DF1B
DF1B
DF1B
DF1B
DF1B
DF1B
DF1B
DF1B
DF3B
DF1B
DF3B
DF3B
DF3B
DF3B
E73B
DF3B
E73B
E73B
E73B
E73B
E73C
E73C
E73C
E73B
E73C
E73C
E75C
E75C
E75C
DF1B
A594
5347
3284
3264
3264
3A84
3AA4
3284
3263
3243
3263
3284
3264
3264
3263
3263
3264
3243
3263
3243
3243
3243
3243
3243
3243
3264
3264
3264
5308
6BEC
8CB0
BE37
E73B
E73C
E75C
E75C
E73B
DF1A
DEFA
DEFA
DED9
DEDA
DEFA
DEFA
DED9
D6B9
D698
CE57
C616
BDD5
B594
B594
AD73
AD53
A512
A511
9CF1
9CB0
9C90
9C90
948F
944F
9490
9C90
946F
8C4E
83ED
7BAC
7BAC
7B8B
7B8B
7BCC
8C2E
946F
8C2E
83ED
7BCC
83ED
83ED
83CC
83ED
8C2E
944E
9C90
9CD1
A512
A532
AD32
AD32
AD32
B573
BDB4
BDB4
BDB4
BDD5
C616
CE57
D6B9
DEFA
DEFA
D6DA
D6D9
DF1A
DF3B
E75C
EF7D
E73C
BE17
6B8D
4AA9
31E7
2165
2164
1944
1944
2165
1944
1924
1104
1103
1103
1103
10E3
10E3
08E3
08E3
08E3
08C2
08C2
08C2
08C2
08C2
08A2
08A2
08A2
08A2
00A2
0882
0882
0882
08A2
08A2
08A2
08A2
08A2
0882
0082
0082
0082
0081
0081
0082
0081
0061
0081
0081
0061
0061
0061
0061
0061
0061
0062
0061
0081
0081
0081
0081
0082
0062
0061
0081
0061
0061
0061
0081
0081
0081
0081
0082
0081
0081
0081
0081
0082
10C2
10E3
10C2
08A2
08A2
0082
0081
0081
0081
0081
0081
0081
0081
0081
0081
0081
0081
0081
0081
0081
0081
0081
0081
0081
0081
0081
0081
0081
0081
0081
0081
0081
0081
0081
0081
0081
0082
0082
0082
0082
0082
0082
CEB9
CEB9
D6B9
CEB9
D6B9
D6B9
D6B9
D6B9
D6B9
CEB9
CEB9
D6B9
D6B9
D6B9
CEB9
D6B9
D6B9
D6B9
D6B9
D6B9
D6B9
D6B9
D6B9
D6B9
D6B9
D6B9
D6D9
D6D9
D6D9
D6D9
D6DA
D6DA
D6D9
D6DA
D6D9
D6D9
D6DA
D6DA
D6DA
D6DA
D6FA
D6DA
D6FA
D6FA
D6FA
D6FA
D6FA
D6FA
D6FA
D6FA
D6FA
D6FA
DEFA
DEFA
D6FA
DEFA
DEFA
DEFA
DF1A
DF1A
DF1A
DF1A
DF1B
DF1B
DF1B
DF1B
DF1B
DF1B
DF1B
DF1B
DF1B
DF1B
DF3B
DF3B
DF3B
DF3B
DF3B
E73B
E73B
E73B
E73B
E73B
E73B
E73C
E73C
E73C
E73C
E73C
E75C
E75C
E75C
E75C
E75C
C658
7C6D
3AC5
3AA4
3AC4
3AC5
42E5
3AC4
3A84
3284
3AA4
3AC4
3AA4
3AA4
3AA4
3A84
3A84
3AA4
3AA4
3AA4
3A84
3284
3264
3263
3264
3A84
3263
3A84
5B6A
846F
ADB5
CE99
CE78
DF1B
E73C
DF1B
D6D9
D6B8
D6B9
D6B9
D6B9
DEFA
E71A
DEFA
DED9
D6B9
D678
C637
C616
BDF5
B5B4
B594
AD94
AD53
A532
A512
9CD0
9CD0
A4F1
9CB0
946F
946F
8C4F
8C2E
8C0E
840D
83ED
83CD
83CC
7BAC
83CC
83CC
83ED
8C0D
8C0E
83ED
83ED
8C0E
83ED
83CD
83ED
83ED
8C0D
8C2E
946F
A4F1
A512
AD32
A4F1
A4D1
A511
AD53
BDD5
BDD5
C5F5
C616
C637
D698
DEFA
DEFA
DEFA
D6DA
DEFA
E73B
EF7D
E77D
D6DA
A554
7C0F
8C71
636D
4AAA
4AAA
4A89
4289
4AA9
4269
4249
3A48
3A28
3A28
3A28
3208
31E7
31E7
29C6
29C6
29A6
29A6
2185
2185
2164
1944
1944
1944
1944
1944
1924
1924
1924
1924
1904
1103
1103
10E3
10E3
08E2
08E2
08E3
08C2
08C2
08C2
08A2
08A2
00A2
08A2
00A2
0082
0081
0081
0082
0082
0081
0081
0061
0081
0081
0082
0082
0082
0082
0082
0081
0061
0061
0081
0081
0081
0082
0082
0081
0082
0081
0081
0882
10E3
10E3
10C2
08A2
08A2
08A2
0082
0081
0081
0081
0081
0081
0081
0081
0061
0081
0081
0081
0082
0081
0081
0082
0081
0081
0081
0081
0081
0081
0081
0081
0081
0081
0081
0081
0081
0081
0082
0081
0081
0082
0081
0082
D6B9
D6B9
D6B9
D6B9
D6B9
D6B9
D6B9
D6B9
D6B9
D6B9
CEB9
D6B9
D6B9
D6B9
D6B9
D6B9
D6B9
D6B9
D6B9
D6B9
D6B9
D6B9
D6B9
D6D9
D6B9
D6B9
D6D9
D6D9
D6D9
D6D9
D6DA
D6DA
D6D9
D6DA
D6DA
D6DA
D6DA
DEDA
D6DA
DEDA
D6DA
D6DA
D6FA
D6FA
D6DA
D6FA
D6FA
D6FA
D6FA
D6FA
D6FA
D6FA
DEFA
DEFA
DEFA
DEFA
DEFA
DEFA
DF1A
DF1A
DF1A
DF1B
DF1A
DF1B
DF1B
DF1B
DF1B
DF1B
DF1B
DF1B
DF1B
DF3B
DF3B
DF3B
E73B
E73B
E73B
E73B
E73B
E73B
E73B
E73B
E73B
E73C
E73C
E73C
E73C
E75C
E75C
E75C
E73C
E75C
E75C
DF1B
A593
5367
3AC4
3AC4
42E4
42E5
3AE4
3AA4
3AA4
42E4
42E4
3AC4
3AE4
3AC4
3AC4
3AC4
3AC4
3AE4
3AC4
3AA3
3AA4
3AA4
3AA4
3AA4
3AA4
3AC4
3AE5
5369
9D52
C637
BE17
CE79
DEFA
D6DA
DEDA
DEDA
D6B9
CE98
CE98
D6D9
E71A
DEFA
D6B9
D698
CE78
CE57
C637
C616
BDF5
B5B4
AD94
AD73
AD53
A532
A511
A532
AD52
A532
A4F1
9CD0
948F
946F
944F
8C4E
83ED
83CD
7BCC
7BAC
7BAC
83ED
83ED
8C0E
8C2E
8C2E
944F
9470
9470
8C0E
840E
83CC
83CD
83ED
8C2E
9490
A4F2
A4F2
AD12
A4F1
A4F1
AD32
B593
BDD5
BDF5
C5F5
C5F5
C616
CE78
DEFA
DEFA
DEFA
DF1B
DEFA
E73B
EF9D
EF7D
D6DA
A554
9CD2
BDF6
7C2F
5309
5309
5309
52E9
5309
4AE9
52EA
530A
530B
5B2B
5B2C
5B2C
52EA
530B
530B
52EB
530B
52CA
4ACA
4ACA
4289
4289
4AAA
4A8A
4269
4269
4269
4269
4269
4249
3A28
3A08
3A08
31E7
29C6
29C6
31C6
31E7
31E7
29C6
29A6
29A6
2986
2185
2165
2165
1944
1924
1924
1924
1924
1923
1103
1103
10E3
10E3
08E3
08C3
08C3
08C2
08A2
00A2
08A2
00A2
00A2
00A2
0082
0082
0082
0082
0082
0082
0082
08A2
1924
1924
10E3
08C3
08C2
08A2
0082
0082
0081
0082
0061
0081
0081
0082
0061
0062
0082
0082
0082
0082
0082
0082
0082
0061
0061
0061
0081
0081
0081
0081
0081
0081
0081
0081
0081
0081
0082
0081
0081
0081
0081
0082
CEB9
CEB9
CEB9
CEB9
D6B9
D6B9
D6B9
D6B9
D6B9
D6B9
D6B9
D6B9
D6B9
D6B9
D6B9
D6B9
CEB9
D6B9
D6B9
CEB9
D6B9
D6B9
D6B9
D6B9
D6B9
D6B9
D6B9
D6D9
D6B9
D6B9
D6D9
D6DA
D6DA
D6DA
D6DA
D6D9
D6DA
DEDA
DEDA
DEDA
D6DA
D6FA
D6DA
D6DA
D6FA
D6FA
D6FA
D6FA
D6FA
DEFA
D6FA
D6FA
DEFA
DEFA
DEFA
DEFA
DEFA
DF1A
DF1A
DF1A
DF1A
DF1A
DF1A
DF1B
DF1A
DF1B
DF1B
DF1B
DF1B
DF1B
DF1B
DF3B
DF3B
DF3B
E73B
E73B
E73B
E73B
E73B
E73B
E73B
E73B
E73B
E73B
E73B
E73B
E73C
E73C
E73C
E73B
E73B
DF3B
E73B
E75C
C657
7C6D
42E4
42E4
4304
4305
4304
3AC4
3AC4
3AE4
42E4
42E4
42E4
42E4
42E4
42E4
3AE4
42E4
3AC4
3AC4
3AC4
3AE4
3AC4
3AA4
3AC4
3AC4
4305
5BA9
8CD0
B5F6
D699
DEFB
DF1B
DF3C
E73C
EF5C
E71B
DEFA
DEDA
DEFA
DEDA
D6B9
D678
CE78
CE57
CE57
C637
C616
BDF6
BDD5
B594
B5B4
AD73
A532
AD53
AD53
AD53
AD53
A512
9CF1
9CD0
9CB0
948F
946F
8C2E
83CD
7BAC
7B8B
736B
83ED
8C2E
8C4F
944F
9CB0
9CB1
A4F2
9CD1
946F
8C2E
83CD
83ED
8C2E
9C90
A4F2
AD33
B574
B573
AD53
AD53
B593
B5B4
BDD5
C5F5
BDF5
C5F5
C5F6
CE78
DEDA
DEFA
DEFA
DF1B
DF1B
E73C
EF9D
EF7D
D6FA
C658
C637
C637
6B8B
3A65
3AA5
3AA5
3AA5
3A85
3A85
3A65
4286
42A7
4AE8
5309
5309
4AE8
4AE9
52E9
530A
530A
530A
52EA
52EA
4AE9
52E9
530A
5B2C
530B
5B0B
530B
5B2B
5B2B
5B0B
530B
530A
52EA
52EA
4AA8
42A9
4AC9
52EA
52EA
52EA
52EB
52CB
4ACA
4AAA
4AAA
4AAA
4269
4268
3A47
4248
4248
3A48
3A48
3A28
3A28
3A28
3208
3207
31E7
29C6
2985
2185
29A5
29A5
29A6
2185
2185
1944
1944
1944
1944
1924
1924
2185
3A29
3A28
29A6
1944
1104
08C3
08A2
08A2
00A2
0082
08A2
0081
0081
0082
0081
0081
0081
0081
0082
0082
0082
0082
0081
0061
0061
0082
0081
0061
0081
0081
0082
0082
0082
0082
0082
0081
0081
0081
0082
0082
0081
0082
D6B9
D6B9
D6B9
D6B9
D6B9
D6B9
D6B9
D6B9
D6B9
D6B9
D6B9
CEB9
CEB9
D6B9
D6B9
D6B9
D6B9
D6B9
D6B9
D6B9
D6B9
D6B9
D6B9
D6B9
D6B9
D6B9
D6B9
D6D9
D6B9
D6D9
D6D9
D6D9
D6DA
D6D9
D6D9
D6DA
D6DA
D6DA
D6DA
DEDA
D6DA
D6FA
D6FA
D6FA
D6FA
D6FA
D6FA
D6FA
DEFA
DEFA
DEFA
DEFA
DEFA
DEFA
DEFA
DEFA
DEFA
DF1A
DF1A
DF1A
DF1A
DF1B
DF1A
DF1B
DF1B
DF1B
DF1B
DF1B
DF3B
DF3B
DF3B
DF3B
DF3B
DF3B
DF1B
DF3B
DF3B
E73B
E73B
E73B
E73B
E73B
E73B
E73B
E73B
E73B
E73C
E73B
E73B
E73B
E71B
E73B
E73B
E75C
DF1B
9D72
5367
4304
4324
4325
4304
42E4
42E4
4304
4304
4305
42E4
42E4
42E4
42E4
42E4
4304
4304
42E4
42E4
42E4
42E4
3AC4
3AC4
3AE4
4305
5B88
744D
9D32
BE17
DEFB
E73C
E75C
E77C
EF7C
E75C
E75C
E73B
DEFA
D6B9
D6B9
D698
CE78
CE57
CE57
CE57
C637
C616
BDD5
B594
B5B4
B5B4
A532
A512
A532
AD33
AD33
A512
9CF1
9CF1
A4D1
9CD0
9C90
944F
8C0D
83CC
7B8B
7B8C
8C2E
946F
9490
9CB1
9CD1
A4F2
AD33
A4F2
9C90
8C4F
8C0E
946F
9CB0
A4F1
AD33
B574
B5B4
B574
AD53
B574
B594
BDD4
C615
C5F5
BDD5
BDD5
C5F6
CE78
D698
DED9
DEFA
E71B
E73C
E75C
EF9D
EF7D
DF1B
DF1B
DF1B
AD94
4AC7
3243
3263
3263
3263
3243
3263
3243
3243
3244
3244
3A85
42A6
3A85
3A85
3A85
3AA6
3AA6
42A7
4AC8
4AC7
42A6
42A6
42A6
42A7
42A7
42A7
42A6
42C7
4AC8
4AC8
4AE8
4AC8
4AA7
4AC7
3A86
3A66
4286
4AC7
4AE8
4AE8
5309
5309
530A
532A
5B2A
532A
5309
4AE8
4AE8
5309
530A
530A
530A
5B2B
5B2B
5B2B
530B
530B
52EB
4ACA
4288
42A9
4AA9
4ACA
52CA
52CA
4A8A
4269
4269
4269
4269
4248
4248
4A8A
5B2C
632D
52CB
3A48
3A08
29C7
29A6
29A6
29A6
29A6
2986
2165
2165
2165
1924
1904
1104
1103
1103
10E3
08C3
1104
10E3
08C2
08A2
08A2
08A2
0082
0081
0081
0081
0081
0081
0081
0081
0081
0081
0081
0082
0082
0082
0081
D6B9
D6B9
D6B9
D6B9
D6B9
D6B9
D6B9
D6B9
D6B9
D6B9
D6B9
D6B9
D6B9
D6B9
D6B9
D6B9
D6B9
D6B9
D6B9
D6B9
D6B9
D6B9
D6B9
D6B9
D6B9
D6D9
D6D9
D6D9
D6D9
D6D9
D6D9
D6D9
D6DA
D6DA
D6DA
D6DA
D6DA
D6DA
D6DA
DEDA
D6FA
D6FA
D6FA
D6FA
D6FA
D6FA
D6FA
D6FA
D6FA
D6FA
DEFA
D6FA
DEFA
DEFA
DEFA
DEFA
DEFA
DEFA
DEFA
DF1A
DF1A
DF1A
DF1B
DF1B
DF1B
DF1B
DF1B
DF1B
DF3B
DF3B
DF3B
DF3B
DF3B
DF3B
DF3B
E73B
E73B
E73B
E73B
E73B
E73B
E73B
E73B
E73B
E73B
E73B
E73B
E73B
E73B
DF3B
DF3B
DF3B
E73C
E75C
E75C
BE37
6C2C
4304
4304
4324
4324
4324
4324
4325
4304
4304
3AE4
4304
4304
42E4
4304
4304
4304
4304
4304
42E4
42E4
42E4
3AE4
42E4
4305
5389
7C4E
9D53
BE17
DF3B
E73B
E73B
E71B
DEFA
DEFA
DEFA
E71A
DEFA
DEFA
D6D9
CE98
CE78
CE57
CE57
CE57
CE57
C616
BDF5
B5B4
B594
B5B5
AD53
A4F1
9CF1
A532
AD53
A532
9CD1
9C90
946F
944F
944F
944F
8C2E
8C0E
83CD
83ED
946F
9490
9CB1
9CB1
A4F2
AD53
AD53
9CF2
9CB0
946F
9490
A512
AD52
AD53
AD73
AD73
AD53
AD53
B573
B553
B594
BDF5
BDF5
C5F5
BDD5
BDD5
C5F6
CE37
CE77
D698
DEDA
DF1B
E73C
E75C
EF7D
EF7D
E75C
E75C
C657
740C
3AA5
3263
3263
3263
3263
3243
3243
3263
3263
3243
2A43
3243
3264
3243
3243
3243
3243
3263
3A84
3A84
3A85
3A84
3264
3244
3244
3244
3264
3244
3A65
4AC7
4AE8
3A86
3264
3244
3A64
3264
3264
3244
3244
3A64
3244
3A85
3A85
3A65
4286
42A6
3A85
3A85
3A64
3A64
3A85
42A6
42A7
42A6
4AE7
4AE8
4AE8
4AE8
4B09
4AE8
4AC7
42A7
42C8
4AE8
4AE9
530A
5B0A
530A
52E9
530A
5B2B
5B2B
5B2B
5B0B
5B2B
5B4B
634C
634C
5B2C
5B0C
530B
52EB
530B
52EB
52EB
52CB
4ACB
4AAB
4AAA
4AAA
428A
4269
4269
4269
4249
4249
4A8A
3208
29C6
29C6
29C6
29C6
29C6
29A6
29A5
2185
2185
2185
2165
1964
1944
1924
1103
1103
10E3
10E3
08C2
D6B9
CEB9
D6B9
D6B9
D6B9
D6B9
D6B9
D6B9
D6B9
D6B9
D6B9
D6B9
D6B9
D6B9
D6B9
D6B9
D6B9
D6B9
D6B9
D6B9
D6B9
D6B9
D6B9
D6B9
D6B9
D6B9
D6D9
D6B9
D6B9
D6DA
D6D9
D6D9
D6DA
D6D9
D6DA
DEDA
D6DA
D6DA
D6DA
D6DA
D6DA
D6FA
D6DA
D6FA
D6FA
D6FA
D6FA
D6FA
DEFA
DEFA
D6FA
DEFA
DEFA
DEFA
DEFA
DEFA
DEFA
DEFA
DF1A
DF1A
DF1A
DF1A
DF1B
DF1B
DF1A
DF1B
DF1B
DF1B
DF3B
DF3B
DF3B
DF3B
DF3B
DF3B
DF3B
E73B
E73B
E73B
E73B
E73B
E73B
E73B
E73B
E73B
E73B
E73B
E73B
E73B
E73B
DF3B
E73B
E73C
E73C
E73C
E75C
DEFA
9D51
4B46
4304
4304
4324
4324
4324
4324
3B04
3B04
3AE4
3B04
3AE4
3AE3
4304
4304
4304
4304
4304
4304
4304
4304
42E4
4304
4B46
63EB
9511
B5F6
DF1B
E73B
E71B
DF1B
DF1A
DED9
D6B9
DEFA
E73B
DEFA
D6B9
CE98
CE78
CE57
CE57
CE57
CE57
C637
C616
C616
C5F6
B594
B5B4
AD73
AD53
A511
AD53
AD74
AD53
A512
9CD0
948F
944F
944F
8C4F
8C4E
946F
8C4E
8C4E
948F
9CB0
9CB1
9CF1
A533
A553
A533
9CF2
9CD1
9CD1
A4F2
A532
B573
B573
AD53
AD53
AD53
B573
B573
AD53
B594
BDF5
BDD4
BDD4
BDD4
BDD5
C616
C637
CE57
CE78
D6D9
DF1B
E73B
E73C
EF7D
EF9D
E77C
DEFB
A573
5B69
3AA4
3284
3AA4
3AA5
3263
3264
3263
3284
3284
3284
3263
3283
3283
3263
3243
3243
3263
3263
3263
2A43
3243
2A43
2A43
3243
42A5
42C6
4286
3264
42A6
634A
636B
4AC7
3244
2A22
2A23
2A43
3243
2A23
2A23
3243
2A23
3264
3243
2A23
2A23
3264
3243
3243
3243
3263
3243
3243
3243
3263
3A84
3A84
3A84
3A64
3AA5
3A84
3263
3243
3A64
3A65
4285
42A6
42A6
42A6
42A6
42C7
4AE8
4AE8
4AC7
4AC7
4AC7
4AC8
5308
5309
5329
5B4A
5B4A
5329
5B4A
5B4B
636B
5B6B
636C
638D
6BAD
6BAE
6BAD
6BAD
6BAE
6B8E
638D
636D
638D
5B4C
530B
530B
530B
5B2C
5B2C
5B2C
530B
52EB
52EB
52EB
52CA
4ACA
4ACA
4AAA
428A
428A
4269
4249
3A28
D6B9
D6B9
D6B9
D6B9
D6B9
D6B9
D6B9
D6B9
D6B9
D6B9
D6B9
D6B9
D6B9
D6B9
D6B9
D6B9
D6B9
D6B9
D6B9
D6B9
D6B9
D6B9
D6B9
D6B9
D6B9
D6B9
D6D9
D6D9
D6DA
D6DA
D6B9
D6D9
D6D9
D6DA
D6D9
D6DA
D6D9
D6DA
D6DA
D6DA
D6DA
D6DA
D6FA
D6FA
D6FA
D6FA
D6FA
D6FA
D6FA
D6FA
DEFA
DEFA
DEFA
DEFA
DF1A
DF1A
DEFA
DF1A
DF1A
DF1A
DF1A
DF1A
DF1A
DF1B
DF1B
DF1B
DF1B
DF1B
DF3B
DF3B
DF3B
DF3B
DF3B
DF3B
DF3B
E73B
E73B
E73B
E73B
E73B
E73B
E73B
E73B
E73B
E73B
E73B
E73B
E73B
E73B
E73B
E73C
E73C
E73C
E73C
E75C
E75C
BE56
6C4B
4304
4304
4304
4324
4324
3B04
3B04
3AE4
4304
3B04
3B04
3B03
3AE4
4304
4304
42E4
42E4
4304
4304
4304
3AE4
4325
5BC9
848E
A573
C678
D6DA
DF1B
D6D9
DEDA
DF1A
DEFA
DEFA
E73B
E71A
DED9
D6B9
D698
CE57
C637
C637
C637
C636
C636
C636
C636
C616
B5B5
AD73
B594
B5B4
AD73
AD53
AD74
AD74
A533
9CF1
94B0
9CF1
A512
A533
A533
A512
9CD0
948F
9CB0
9CD1
9CD1
9CF1
A4F2
A532
A512
A4F2
AD33
AD32
A512
A532
AD53
AD53
AD53
AD53
AD73
B573
B573
B553
B594
BDD5
BDF5
BDD4
BDF5
C5F5
C616
CE57
CE57
CE78
D6D9
DEFA
DF1B
E73B
E75C
E77C
E73C
CE99
7C6F
4B28
42E6
42E5
4306
4B07
3AA5
3A84
3AA4
3AC4
3AA4
3AA4
3283
3283
3283
3283
3283
3A84
3AA4
3AA3
3AC3
3283
3283
3263
3263
3A84
5328
636A
5309
42A7
4AA7
5B29
636B
5308
3A84
3243
3223
3243
3243
3243
3263
3A84
3263
3264
3264
3263
2A23
3243
2A23
2A22
2A22
2A43
3263
2A43
3263
3283
3283
3263
3284
3263
3284
3263
2A43
2A02
2A23
3243
3263
3263
3243
3243
3263
3284
3A84
3A84
3A84
3264
3A64
3A85
3A85
3A84
3AA5
42C5
42C5
3AA5
42C6
4AE7
4AE7
42C7
4AE7
4B08
5329
5B4A
5B29
5329
5B4A
5B4A
5B6B
636B
5B4B
532A
5329
5309
5329
5B6B
6BAC
6BAD
638C
5B4B
5B4B
636B
638C
636C
6BAD
6BAE
6BAD
6BAD
636D
5B4C
5B4C
D6B9
D6B9
D6B9
D6B9
D6B9
D6B9
D6B9
CEB9
D6B9
CEB9
D6B9
D6D9
D6B9
D6B9
D6D9
D6D9
D6D9
D6B9
D6B9
D6B9
D6B9
CEB9
D6B9
D6B9
D6B9
D6B9
D6D9
D6B9
DEDA
DEDA
D6DA
D6DA
D6D9
D6DA
D6DA
D6DA
D6DA
D6DA
D6DA
D6DA
D6DA
D6DA
D6FA
D6FA
D6FA
D6FA
D6FA
D6FA
D6FA
DEFA
D6FA
D6FA
DEFA
DF1A
DF1A
DF1A
DEFA
DF1A
DF1A
DF1A
DF1A
DF1B
DF1A
DF1B
DF1B
DF1B
DF1B
DF1B
DF3B
DF3B
DF3B
DF3B
DF3B
DF3B
DF3B
DF3B
E73B
DF3B
E75B
E73B
E73B
E73B
E73B
E73B
E73B
E73B
E73B
E73B
E73B
E75C
E73C
E73C
E73C
E73C
E75C
E75C
DEFA
9D71
5366
4325
4324
4325
4325
3B04
3AE4
3B04
3B04
3B04
4304
3B04
4304
4304
3B04
3AE4
3AE4
4324
4325
4304
4B45
53A8
744C
B5F5
ADD5
ADB5
DEFB
D6B9
CE99
D6B9
D6B9
D6B9
DED9
DF1A
DEFA
DED9
D6B9
CE57
C637
C637
C636
C636
C636
C636
C616
C616
C616
B5B5
AD53
B594
BDF5
B594
AD73
AD74
AD54
AD53
9CF1
94B0
9CD0
A4F1
A512
A512
9CF2
9CD1
94B0
9CB0
9CB0
9CD1
A4F2
A512
A512
9CF1
A4F2
AD33
AD33
A512
A532
AD12
AD53
B573
B573
B573
B574
B594
B593
BDB4
BDD4
BDF5
BDD4
BDF5
C615
C616
CE57
CE78
D698
D6B9
D6D9
DEFA
DF1B
E73B
E73C
DF1B
BE17
8CD0
63AA
5368
5389
63EB
63CA
42E6
42E5
3AC4
3AC4
3AC4
3AC4
3AC4
3AC4
32A3
3283
3AA3
3AC3
42E4
3AC3
3AE3
3AC3
32A3
3283
3283
3AA3
4AE5
5327
5B49
5B4A
5309
42A6
42C6
3AC5
3AA4
3A84
3A84
3A84
3263
3263
3AA4
3AC4
3283
3284
3284
3AA4
3283
3263
3263
3263
3263
3263
2A43
3263
3283
3283
3AA3
3283
3AA3
3AA3
3AA4
3263
2A42
2A22
2A22
3263
3263
3263
3263
2A22
2A22
2A42
3263
3263
2A43
2A22
2A23
3263
3243
3243
3243
3263
3263
3263
3263
3264
3264
3A84
3A84
3A84
3A85
42A5
42A5
42A5
42A5
42A5
42A6
4AE7
4AE7
42A5
3AA5
3A85
42C6
4AE7
5308
4AE7
4AE7
42C6
42A5
42C6
4AE8
52E8
5B29
5B2A
5B4A
5329
5329
5329
5309
D6B9
CEB9
D6B9
D6B9
D6B9
D6B9
D6B9
D6B9
D6B9
D6B9
D6B9
D6B9
D6B9
D6B9
D6B9
D6B9
D6B9
D6B9
D6B9
D6B9
D6B9
D6D9
D6B9
D6B9
D6D9
D6D9
D6B9
D6B9
D6D9
DEDA
DEDA
D6DA
D6DA
D6DA
D6B9
D6DA
D6DA
D6D9
D6DA
D6DA
D6DA
D6DA
DEDA
DEDA
DEFA
D6FA
D6FA
D6FA
D6FA
D6FA
DEFA
D6FA
D6FA
DEFA
DEFA
DEFA
DEFA
DF1A
DEFA
DF1B
DF1A
DF1A
DF1A
DF1B
E71B
DF1B
DF1B
DF1B
DF3B
DF3B
DF3B
DF3B
DF3B
DF3B
DF3B
DF3B
E73B
DF3B
E75B
E73B
E73B
E73B
E73B
E73B
E73B
E73B
E73B
E75B
E75C
E75B
E75B
E75B
E75C
E73C
E75C
E75C
E75C
BE36
6C2B
4325
4325
4304
4304
3B04
3AE4
3AE4
3B04
4304
3B04
3B04
3B04
3B04
4304
4325
4324
4324
4324
4325
4B67
640A
8CF0
C678
D6FA
DEFB
D6FA
BE17
D6B9
DEDA
D6B9
CE78
D698
DEFA
DED9
DED9
D6B8
CE57
C636
BE16
BDF6
BE16
BDF6
C637
BE16
BDD5
BDF6
BDD5
AD73
B594
C616
B5B5
B594
AD74
B594
AD74
A512
A511
9CB0
946F
946F
8C4F
946F
948F
948F
9490
9CD1
9CF2
A512
A512
9CF1
9CB1
A533
AD94
B594
AD33
AD12
A532
AD53
B573
B574
B594
BDB4
BDB4
BDD5
BDB4
BDF5
BDF5
BDD5
BDD5
C616
C636
CE78
D6B8
D6B9
D6B9
D6D9
DEFA
DF1B
DF1B
DF1B
DF3B
CEB9
9D53
848F
7C6E
7C8F
9532
6C2D
5389
4B47
42E4
3AE4
3AE4
4304
4304
3AE4
3AC3
3AC3
3AE4
42E4
4304
42E4
3AE3
3AE4
3AA3
3283
3AA3
3AC3
42E4
3AC4
3AA4
5B48
636A
5308
4B06
3AE5
3AC4
3AC4
42E4
3AC4
3AA3
3283
3AC4
3AC4
3AA4
32A3
32A4
3AA4
3AC4
3AA3
3AA3
3283
3AA3
3AC4
3283
3283
32A3
32A3
3AA3
3AA4
3AA3
3AC4
3AC4
3283
2A42
2A42
3263
3A84
3263
3283
3283
3263
2A42
3263
3263
3283
3263
2A42
3263
3A84
3A83
3263
3283
3283
3AA3
3263
3263
3263
3263
3263
3283
3263
3263
3263
3263
3263
3263
3263
3263
3A84
3AA4
3283
3283
3263
3263
3A84
3283
3A84
3263
3263
3263
3243
3264
42A5
42A5
42A5
42C6
42C6
42A6
4285
3A65
D6B9
CEB9
D6B9
D6B9
D6B9
D6B9
D6B9
D6B9
D6B9
D6B9
D6D9
D6B9
D6D9
D6B9
D6B9
D6B9
D6B9
D6B9
D6B9
D6B9
D6B9
D6B9
D6B9
D6B9
D6B9
D6B9
D6B9
D6B9
D6B9
DEDA
D6B9
D6B9
D6D9
D6D9
D6DA
D6DA
D6DA
D6DA
D6DA
D6DA
D6DA
DEDA
DEDA
DEDA
DEDA
D6FA
D6FA
D6FA
D6FA
D6FA
DEFA
DEFA
D6FA
DEFA
D6FA
DEFA
DEFA
DEFA
DEFA
DF1B
DF1A
DF1B
DF1B
DF1B
E71B
E71B
DF1B
DF3B
DF3B
DF3B
DF3B
DF3B
DF3B
DF3B
E73B
E73B
DF3B
E73B
E73B
E73B
E73B
E73B
E73B
E73B
E73B
E73B
E73B
E75B
E75B
E75B
E75B
E75B
E73B
E73C
E73C
E75C
E75C
D6D9
9D51
4B66
4325
4305
4325
4325
4304
3AE4
3AE4
3B04
4324
4325
4325
4325
4325
4325
3B04
3B04
4325
4B46
5BC8
7C8D
9511
C678
CEB9
EF7D
C678
BDD6
DEFA
DEDA
D699
CE78
D698
DED9
DED9
DED9
D6B9
CE57
C637
BE16
BDF6
BDF6
BDF5
CE57
BDF6
B5B4
BDF6
BDD5
B594
BDD5
BDD5
B5B5
AD73
AD53
B594
AD74
AD53
A533
9CD1
9490
8C2E
840D
840D
840D
840D
8C2E
9CD1
A512
A533
A512
A4F2
AD53
B5B5
BDD5
AD74
A4F1
A532
AD53
AD53
B573
B574
B594
BDB4
BDF5
BDD5
BDB4
BDD4
BDD5
BDD5
BDD5
C636
C637
CE57
D6B9
D6B9
D6D9
DEFA
DF1A
DF1B
DF1B
DF1B
DEFB
CEB9
C658
BE37
C678
CEB9
A574
84D0
6C2B
4B25
3AE3
3B04
4304
4304
4305
3B04
4304
42E4
3AE4
42E4
4304
3AE4
3AE3
4304
3AE4
3AA4
42C4
4304
4304
42C3
32A3
3AA3
42E5
42E6
42E5
42E5
3AC4
42E4
4305
42E4
3AA3
3AA3
3AC4
3AC4
3AC3
3AE4
3AC4
3AC3
3AC3
3AE3
3AC3
3AC3
3AC3
3AC3
3AC4
3AA3
3AC3
3AA3
3AC4
3AC4
3AC3
3AC3
3AC4
3AA3
32A3
3283
3283
3284
3243
3262
3262
3282
3262
3AA3
3AA4
3AA3
3283
3AA3
3AC4
3AC4
3AC4
3AA4
3AA3
3283
3AA4
3AA4
3283
3283
3263
3263
3283
3283
3AA3
3263
3283
3283
3283
3263
3283
3283
3283
3283
3263
3263
3263
3283
2A42
3263
3283
3283
3283
3283
3283
3A84
3A84
3263
3A84
3A84
3A84
3A64
3244
D6B9
CEB9
D6B9
D6B9
D6B9
D6B9
D6B9
D6B9
D6B9
D6B9
D6B9
D6B9
D6B9
D6B9
D6B9
D6B9
D6B9
D6B9
D6B9
D6B9
D6B9
D6D9
D6B9
D6B9
D6D9
D6B9
D6B9
D6B9
D6B9
D6BA
DEDA
DED9
D6B9
D6DA
D6DA
D6DA
D6D9
D6D9
D6DA
DEDA
DEDA
DEDA
DEDA
DEDA
DEFA
D6FA
D6FA
D6FA
D6FA
D6FA
D6FA
DEFA
DEFA
DEFA
DEFA
DEFA
DEFA
DEFA
DEFA
DEFA
DEFA
DF1B
DF1B
DF1B
E71B
E71B
E71B
DF3B
DF3B
DF3B
DF3B
DF3B
DF3B
E73B
E73B
DF3B
DF3B
DF3B
DF3B
E73B
E73B
DF3B
E73B
E73B
E73B
E75B
E75B
E73B
E75B
E75B
E75B
E75C
E75C
E75C
E75C
E75C
E75C
E75C
BE16
6C2A
4325
4324
4324
4325
3AE4
3AE4
4304
4344
4B45
4325
4325
4B25
4B45
4325
4325
4304
4B46
6409
640A
746D
ADB4
DF1B
C678
D6FB
BE38
C658
D6BA
DEFB
DEDA
D6B9
DED9
DED9
DED9
D6D9
D6B9
CE78
CE57
C616
BDF6
BDF5
BDF6
CE57
BDF5
BDD5
C616
BDD5
BDD5
BDD5
B5B4
AD73
A532
AD53
AD53
AD53
A533
A512
9CD0
948F
948F
948F
944F
9490
9CD1
A512
AD53
A553
A533
A533
AD74
B5B5
BDF6
BDB5
A512
9CD0
AD32
AD53
AD53
AD73
B574
B594
B594
B5B4
B594
BDB4
BDD4
BDF5
BDD5
C616
C637
C637
C637
D698
D6D9
DED9
DED9
DEFA
DF1B
DEFB
DEFB
DEFB
D6DA
D6DA
DF1B
E75C
CEB9
ADF5
8D10
5367
3AE4
3AE3
3B04
4324
4304
4304
3B04
4305
4305
42E4
4304
4304
3AE4
3AE3
3B04
3AC3
3AC4
42E5
4304
4304
3AE3
3AC3
3AA2
3AA3
3AC4
4325
4305
42E4
4304
4324
4303
3AC2
3AC2
3AE3
3AC3
3AC4
3AE4
4304
42E4
3AE3
3AC3
3AC3
3AC3
3AE3
42E3
42E4
3AC3
3AC3
3AE3
4304
4304
3AE3
3AC3
3AC3
3AC3
3AC3
3AA3
32A3
3AA3
3283
3283
3262
32A3
3282
3283
3AC3
3AC4
3AC3
3AA3
3AC3
3AC4
3AC4
32A3
3AC3
3AC3
42E4
3AC4
3AA3
3AA3
3283
3A83
3AC4
3AA3
3AA3
3AA3
3AA3
3AA3
3AA3
3AA3
3AA4
3AC3
3AC4
3AA3
3283
32A3
3AA3
3AA3
3283
3AC4
3AC4
3AA4
3AA3
3AA3
3AC4
3AA4
42C5
3AA4
3A83
3AA4
3AC5
3AA4
3263
D6B9
D6B9
D6B9
D6D9
D6D9
D6B9
D6B9
D6B9
D6B9
D6B9
CEB9
CEB9
D6B9
D6B9
D6B9
D6B9
D6B9
D6B9
D6B9
D6B9
D6D9
D6B9
D6B9
D6B9
D6B9
D6D9
D6D9
D6B9
D6B9
DEDA
DEDA
D6D9
DED9
DEDA
D6DA
D6DA
D6DA
D6DA
DEDA
DEDA
DEDA
DEDA
DEDA
DEDA
DEFA
D6FA
D6FA
D6FA
D6FA
D6FA
DEFA
DEFA
D6FA
DEFA
DEFA
DEFA
DEFA
DEFA
DEFA
DF1B
E71B
DF1B
DF1B
DF1B
E71B
E71B
E71B
E73B
DF3B
DF3B
DF3B
E73B
DF3B
DF3B
DF3B
DF3B
E73B
E73B
E73B
E73B
E73B
E73B
E73B
E73B
E73B
E75B
E73B
E75B
E73B
E75B
E75B
E75C
E75C
E75C
E75C
E77C
E75C
EF7C
D6DA
9530
4B66
4324
3B04
4304
3B04
3B04
4344
4344
4B45
4B45
4325
4B45
4B46
4325
4325
4B45
53A7
53A8
63EA
744D
ADF5
DF3B
D6BA
D6FB
CE99
CE79
DEFA
DEFA
DF1B
E71B
DEFA
DEDA
DED9
D6B9
DED9
D698
CE78
C637
BDF6
BDD5
C636
C637
BDF6
BDF5
C637
BDF5
BE16
B5B5
AD53
A532
A532
AD33
A532
A512
9CF1
9CB0
9CB0
9CF1
A512
9CB0
9CB0
9CF1
A512
A532
A533
A533
A533
AD33
B595
BDD5
BDD5
B594
A512
9CB0
A532
AD53
AD73
AD73
B594
BD94
B594
B594
B573
B594
B5B4
BDD5
BDD5
C616
CE37
CE57
CE37
CE78
D698
D6B9
DED9
DEFA
DF1B
E73B
E73C
E75C
E75C
E77C
E75C
DF1B
C678
9D72
6C0B
4B45
4324
4324
4324
4324
4324
4304
3AE4
4304
4B05
4B25
4325
4B25
4304
4304
4304
3AC3
3AC3
4304
4304
3AE3
3AE3
3AE3
3B03
3AE3
3AE3
4325
4325
3AE4
42E4
4303
3AE2
3AE2
3AC2
3AC3
3AC3
3AC3
3AE3
4324
4304
42E4
3AC3
3AE3
3AE3
3B03
4304
4304
4304
3AE3
3AE3
4324
4324
3AE3
3AE3
3AC3
3AC3
3AC3
3AC3
3AC3
3AC4
3AC4
3AE4
3AC4
3AC4
3AA3
3AC3
3AC3
3AC4
3AC3
3AC3
3AC3
42E4
3AC4
3AC3
3AE4
42E4
4304
42E4
3AC4
3AA3
3AC3
3AC4
42E4
3AC3
3AC4
3AE4
3AC4
42E4
3AA3
3AA3
3AC3
3AE4
3AE4
3AC3
3AC3
3AC4
3AC3
3AA3
3AC3
42E4
4305
42E4
3AA3
3AE4
42E4
42E4
4305
42E4
3AE4
42E4
4305
42E5
3AC4
D6B9
D6B9
D6B9
D6B9
D6B9
D6B9
D6B9
D6B9
D6B9
D6B9
D6B9
D6B9
D6B9
D6B9
D6B9
D6B9
D6B9
D6B9
D6B9
D6B9
D6B9
D6B9
D6B9
D6B9
D6D9
D6D9
D6B9
D6B9
D6B9
D6DA
D6B9
D6DA
D6DA
DEDA
D6DA
D6DA
D6D9
D6D9
DEDA
DEDA
DEDA
DEDA
DEDA
DEFA
DEFA
DEFA
DEFA
DEFA
D6FA
D6FA
D6FA
D6FA
DEFA
DEFA
DEFA
DEFA
DEFA
DEFA
DEFA
DEFA
E71B
DF1B
DF1B
E71B
E71B
E71B
DF3B
DF3B
DF3B
DF3B
DF3B
E73B
E73B
DF3B
DF3B
E73B
E73B
DF3B
E73B
E73B
E73B
E73B
E75B
E73B
E75B
E75B
E75B
E75B
E75C
E75C
E75C
E75C
E75C
E77C
EF7C
EF7D
EF7D
EF7D
E75C
B5F5
63E9
3B04
3B04
4324
4324
4345
4B45
4B45
4B45
4B66
4B45
4325
4325
4304
4325
4B45
4B66
5387
6C2B
7C6E
94F2
C658
EF7D
D6DA
C638
D6DA
D6B9
DEFA
E71B
E71B
E71B
E71A
DEFA
DED9
D6B9
CE98
CE78
CE57
C616
BDD5
C636
C636
BDF6
BDD5
C616
C637
C616
B594
AD33
A533
AD53
A512
A512
A4F1
9CF1
9D12
AD53
A533
9CF1
9CD1
9CD1
9CF1
A512
AD53
AD53
A532
A532
AD74
B594
B5B5
BDB5
B594
A512
9CD0
A511
AD53
B574
B574
B594
B594
B594
B594
B594
B573
B594
BDD4
BDF5
C616
C637
CE57
CE57
CE78
D698
D6B9
D6D9
DEFA
DF1B
DF1B
E73C
E75C
E75C
E73C
CEB9
C658
9D53
744D
5BA9
4B45
4344
4324
4324
4324
4324
4304
4304
42E4
4304
4304
4B25
4324
4B25
4B45
4304
3AE3
3AE3
4324
4324
4324
4304
4303
4303
4303
3AE3
3AE4
4304
4304
3B04
3AE3
3AE3
3AE3
4303
3AE3
3AE3
3AE3
4304
4345
4304
3AE4
3AC3
3AE3
4324
4324
4304
4304
4304
42E4
4304
4324
4324
3AE3
3AE3
4304
3AE3
3AC3
3AC3
3AC4
42E4
3AE4
4304
4304
4304
3AE3
3AE4
4304
4304
3AE3
3AC3
3AE3
4324
4324
42E4
42E4
42E4
42E4
42E4
3AE4
3AC3
3AC4
42E4
4304
4304
4304
4304
3AE4
42E4
42E4
3AC3
3AC3
4304
42E4
3AE4
3AC3
3AE4
42E4
3AC4
3AC3
4304
4B25
4304
3AC4
3AC3
42E4
42E4
42E5
3AC4
4304
4304
3AE4
3AC4
3AC4
D6B9
D6B9
D6B9
D6B9
D6B9
D6B9
D6B9
D6B9
D6B9
D6B9
D6B9
D6B9
D6B9
D6B9
D6D9
D6B9
D6B9
D6B9
D6B9
D6B9
D6B9
D6B9
D6B9
D6B9
D6B9
D6B9
D6B9
D6B9
DEDA
D6DA
D6BA
D6B9
DEDA
DEDA
D6DA
D6D9
DED9
DED9
DEDA
DEDA
DED9
DED9
DEFA
DEDA
DEDA
DEDA
DEDA
DEFA
D6FA
D6FA
D6FA
DEFA
DEFA
DEFA
DEFA
DEFA
DEFA
DEFA
DEFA
DEFA
DF1B
E71B
DF1B
E71B
E71B
DF1B
DF1B
DF3B
DF3B
DF3B
DF3B
DF3B
DF3B
DF3B
E73B
E73B
DF3B
E73B
E73B
E73B
E73B
E75B
E75B
E73B
E73B
E75B
E75B
E75B
E75C
E75C
E75C
E75C
E75C
EF7C
E75C
E75C
E75C
E75C
E75C
CEB9
8CEF
4346
4324
4344
4344
4324
4325
4325
4B45
4B66
4B45
4325
4325
4304
4304
4325
4325
5387
6C2B
9D52
B617
E75C
C658
BDF7
CE99
DEDA
DEFB
E71B
E73B
E73B
E73B
DF1A
D6B9
D698
CE78
CE77
C637
C637
BDF6
BDB5
BE16
C637
BDD5
B5B5
B5D5
C637
BDD5
B574
AD53
A533
AD53
AD33
A512
A512
A533
A533
A532
A532
A532
A512
9CF1
9CD1
9CF1
A4F1
9CB0
9CB0
A4F2
AD33
B574
B5B5
B594
AD53
A512
A4F1
A4F2
AD53
B573
B574
B573
B573
B574
B573
B573
B573
B5B4
BDF5
BDD5
BDF5
C616
CE57
CE57
D698
D699
D699
D6D9
DEFA
DF1B
DF1B
E73C
E73C
E73B
DEFB
C658
9D53
7C8F
744D
640B
4B67
4324
4324
4324
4324
4304
4304
4304
3AE3
4304
4304
4304
4324
4325
4325
4324
3AE3
4304
4B45
4B45
4345
4324
3B03
4303
4303
3AE3
4303
4324
4304
3AE4
4304
3AE3
42E3
3AE3
4304
4304
4324
4324
4B45
4325
3B04
3AE3
4303
4324
4B45
4304
4B24
4B25
4304
4324
4B45
4324
3B04
3AE3
4304
4324
3AE3
3AC3
3AE3
3AE3
3AE3
4304
4304
42E4
3AC3
3AE4
4304
4304
4304
3AE3
4303
4B24
4B45
4324
3AE4
3AE3
4324
4B24
4304
4304
4325
4325
4325
4325
4304
4304
4B24
4324
4304
42E4
42E4
4304
4304
3AE4
4304
3AE4
42E4
42E4
4304
4324
4324
4304
42E4
4304
42E4
3AC4
3AE4
3AC4
42E4
4304
42E4
3AC4
3AC4
D6B9
D6B9
D6B9
D6B9
D6B9
D6B9
D6B9
D6B9
D6B9
D6B9
D6B9
D6B9
D6B9
D6B9
D6B9
D6B9
D6B9
D6B9
D6B9
D6B9
D6B9
D6B9
D6B9
D6B9
D6B9
D6BA
D6BA
D6B9
D6B9
D6B9
D6B9
D6DA
DEDA
D6B9
D6DA
D6D9
DED9
DED9
DEDA
DED9
DED9
DEF9
DEDA
DEDA
DEDA
DEDA
DEDA
DEFA
D6FA
D6FA
D6FA
D6FA
D6FA
DEFA
DEFA
DEFA
DEFA
DEFA
DF1A
DEFA
E71B
E71B
E71B
DF1B
E71B
E71B
DF1B
DF3B
DF3B
DF3B
DF3B
DF3B
DF3B
E73B
E73B
E73B
E73B
E73B
E73B
E73B
E73B
E73B
E73B
E73B
E75B
E75B
E75B
E75B
E75C
E75C
E75C
E75C
E75C
E75C
E75C
E75B
E75B
E75B
E73C
DF1B
ADD4
5BE9
4345
4344
4324
4324
4325
4325
4B45
4B66
4B66
4B46
4325
4325
4325
4305
4B46
63EA
7C6E
BE37
E75D
BE17
AD75
BE17
D6B9
DEFB
E73B
E73B
DF1B
E71A
DEFA
D699
CE78
CE77
CE57
C657
C637
C5F6
BDD5
B5B5
BDB5
BDF6
BDD5
B5B4
B5B5
BE16
BDD5
B594
AD53
AD53
AD74
AD53
A512
A512
A533
AD53
AD74
B594
AD74
A533
9CF1
9CD1
9490
946F
948F
A4F1
A533
AD73
B574
B574
AD53
AD53
A512
A512
A512
AD53
B573
B573
B573
B573
B573
B573
B573
B573
BDD5
CE57
C616
BDF6
C616
CE57
CE78
D6B9
D6B9
D6B9
D6D9
DEFA
DF3B
E73C
E75C
E75C
E73B
DF1B
D6DA
CE99
B5F6
9511
7C6E
5BA8
4325
4324
4324
4344
4324
4304
4304
42E3
4304
4324
4324
4324
4B45
4B25
4324
4303
4304
4B44
4B44
4344
4B45
4324
3AE3
3AE3
3AC3
4303
4324
4B45
4B45
4304
42E4
4304
4304
4304
4B24
4324
4324
4B45
4B45
42E4
3AE3
4303
4324
4345
4304
4324
4B25
4324
4B24
4B65
4B44
4324
3B04
3B03
3B04
3B03
3AE3
3AE3
4304
4303
4304
4304
4324
42E4
3AE4
4304
4B45
4324
4303
4324
4324
4B45
4324
3AE3
42E3
4B45
4B45
4B24
4B24
4324
4B45
4B45
4324
4324
4B44
4B65
4B65
4324
4325
4324
4324
4324
4304
3B03
4304
4324
4304
4304
4304
4323
4304
4325
4B25
4B45
4B25
4325
4304
4304
4324
4324
4304
3AC4
CEB9
CEB9
D6B9
D6B9
D6B9
D6B9
D6B9
D6B9
D6B9
D6B9
D6B9
D6B9
CEB9
D6B9
D6B9
D6B9
D6B9
D6B9
D6B9
D6B9
D6B9
D6B9
D6B9
D6B9
D6B9
D6B9
D6B9
D6B9
D6B9
D6B9
D6BA
D6B9
D6B9
D6B9
D6D9
DED9
DED9
DED9
DED9
DED9
DED9
DEFA
DEDA
DEDA
DEDA
DEFA
DEDA
DEFA
D6FA
D6FA
DEFA
DEFA
DEFA
DEFA
DEFA
DEFA
DEFA
DEFA
DF1A
DF1B
E71B
E71B
E71B
E71B
E71B
E71B
E71B
E71B
E71B
DF3B
DF3B
E73B
DF3B
E73B
E73B
DF3B
E73B
E73B
E73B
E73B
E73B
E73B
E75B
E75B
E75B
E75B
E75C
E75C
E75C
E75C
E75C
E75C
E75C
E75B
E73B
E73B
E73B
E73B
E75C
E75C
CEB9
84CE
4345
4345
4325
4345
4325
4B25
4B45
4B66
4B66
4B66
4B67
4B68
5369
5368
63CB
7C6F
BE37
DF3C
B5D7
8430
A554
CE99
DEDA
DEFA
DEDA
D6B9
D6B9
DEDA
D6B9
CE78
CE57
C636
C616
C616
C616
BDF5
B5B5
B5B4
B594
B5B5
BDD5
BDD5
BDD5
BDD5
B5D5
B594
A533
A532
AD53
AD53
AD33
AD74
B574
B594
B595
AD94
AD74
A532
948F
8C2E
8C2E
8C4E
9CF1
AD33
AD53
AD54
AD33
AD33
AD33
AD33
AD33
AD33
AD32
AD53
B573
B573
B574
B594
B594
B593
AD73
AD53
B5B4
C616
C637
C5F6
C616
CE57
CE98
D6D9
DEDA
D6D9
D6DA
DEFA
DF1B
E73C
E73C
E73B
DF1B
DF1B
D6FA
CE99
B616
A594
84D0
5BA9
4325
4B24
4B44
4B44
4324
4304
4304
4303
4324
4304
4324
4B45
4B45
4B25
4304
4324
4324
4324
4344
4344
4345
4324
3AE3
3AC3
3AC3
42E4
4304
4304
4304
4304
4324
4324
4B25
4B24
4B45
4324
4324
4325
4324
42E3
3AE3
4323
4324
4304
3AE3
42E4
4304
3AE3
4304
4B24
4324
4B24
4345
3B04
4324
4344
4324
4303
4324
4303
4303
4304
4304
4324
4304
4B24
4B44
4324
3AE3
4303
4324
4324
4304
3AC3
3AE3
4324
4304
42E3
4324
4344
4B65
4B65
4344
4303
4B44
5385
4B65
4324
4B45
4324
4324
4324
4344
4324
4304
4344
4B44
4324
4344
4323
3B03
4345
4B45
4B66
4B66
4325
4324
4324
4324
4B45
4B45
42E4
D6B9
D6B9
D6B9
D6B9
D6B9
D6B9
D6B9
D6B9
D6B9
D6B9
D6B9
D6B9
D6B9
D6B9
D6B9
D6B9
D6B9
D6B9
D6B9
D6B9
D6B9
D6B9
D6B9
D6B9
D6B9
D6B9
D6B9
D6B9
D6B9
D6B9
D6B9
D6B9
D6B9
D6B9
D6B9
DED9
DEDA
DED9
DED9
DEDA
DED9
DEDA
DEFA
DEFA
DEFA
DEDA
DEDA
DEDA
DEFA
DEFA
D6FA
DEFA
DEFA
DEFA
DEFA
DEFA
DEFA
DEFA
DEFA
E71B
E71B
DF1B
DF1B
E71B
E71B
E71B
E71B
E71B
E71B
E71B
E71B
E73B
E73B
E73B
DF3B
E73B
E73B
E73B
E73B
E73B
E73B
E75B
E75B
E75B
E75B
E75B
E75C
E75C
E75C
E75C
E75B
E75C
E75B
E73B
DF3B
DF3B
E73B
E73B
E75C
E77C
E73B
B5F4
5BE8
4B65
4345
4B25
4325
4B45
4B66
4B45
4345
4B67
53A9
744E
A5B5
8491
8CB1
CEBA
D6DA
A575
73AE
94B1
CE99
DEDA
D6B9
D6B9
D6B9
D699
D6B9
D699
CE78
CE57
C637
C616
BDF6
BDF6
BDD5
BDB5
B5B4
B594
B594
B594
B5B5
C616
BDF5
AD74
AD94
B5B5
A533
A512
A532
AD53
AD74
B5B5
B594
AD74
AD94
B595
AD53
9CD1
8C0E
8C0D
8C2E
948F
9CF1
A533
A532
A533
A532
A533
AD33
AD32
AD33
AD33
AD53
AD53
AD53
B573
B574
B594
B594
B594
BDD5
B573
AD73
BDD5
CE37
C616
CE57
CE78
CE99
D6B9
D6DA
DEFB
DEFA
DEFA
DEFB
DEFB
D6B9
D6B9
D6D9
DEFA
DF1A
DF1B
D6FA
C677
9D72
63EA
4325
4324
4B24
4324
4324
4325
4304
4324
4324
4304
42E3
4324
4B25
4325
4304
4304
4324
4B45
4B45
4B65
4344
4324
3AE3
4303
4324
4324
4304
3AE3
3AE3
3AE3
4304
4B24
4B45
4B45
4B45
4B44
4324
4304
4304
4304
4303
4324
4324
4304
3AE3
3AC3
3AA2
3AE3
4B44
4B44
4B24
4B65
4B65
4B65
4B45
4344
4324
4324
4324
3B03
3AE3
4344
4324
4324
4304
4324
4324
4323
4303
3B03
4324
3B03
4304
4304
4304
4304
3AE3
3AC2
3B03
4344
4B85
4B65
4B45
4344
4B45
4B44
4344
4324
4344
4304
3AE3
4304
4304
4324
4324
4324
4B44
4B65
4B65
4B44
4324
4324
4B45
4B65
4B65
4B45
4304
4324
4B45
4324
4B45
4304
D6B9
D6B9
D6B9
D6B9
D6B9
D6B9
D6B9
D6B9
D6B9
D6B9
D6B9
D6B9
D6B9
D6B9
D6B9
D6B9
D6B9
D6B9
D6B9
D6B9
D6B9
D6B9
D6B9
D6B9
D6B9
D6B9
D6B9
D6B9
D6B9
D6B9
D6B9
D6B9
D6B9
D6B9
D6DA
DEDA
DEDA
DED9
DED9
DED9
DED9
DED9
DEFA
DEFA
DEFA
DEDA
DEDA
DEDA
DEDA
DEDA
DEFA
DEFA
DEFA
DEFA
DEFA
DEFA
DEFA
DEFA
DEFA
DEFA
E71B
DF1B
DF1A
DF1B
E71B
E71B
E71B
E71B
E71B
E71B
E71B
E73B
E73B
E73B
E73B
E73B
E73B
E73B
E73B
E73B
E75B
E75B
E75B
E75B
E75B
E75B
E75B
E75B
E75B
E75C
E73B
E73B
E73B
E73B
E73B
E73B
E75B
E75C
E75C
E77C
EF7C
CE98
84AD
4B66
4325
4325
4305
4B25
4B45
4B45
4B67
5BA9
848F
BE37
8450
6B6D
8C91
B5D6
94D3
73AE
A513
D6BA
E73B
DEFA
D6B9
CE98
D698
D6B9
D6B9
D6B9
CE78
CE57
C636
BE16
BDD5
B5B5
B594
B5B4
B594
B594
B594
B594
B5B5
C637
C616
AD74
A533
B594
AD53
9CF1
A512
AD74
AD74
BDD5
AD74
AD53
AD74
AD74
A512
946F
8C2E
944F
946F
A4F1
A532
A512
AD33
AD33
A532
AD33
AD53
AD53
AD53
AD53
AD73
AD53
AD33
AD53
B574
B594
B573
BDB4
C616
B594
B593
B5B4
CE37
C616
CE37
CE98
D6B9
D6DA
D6DA
DF1B
DF1B
DF3B
DF1B
DEFA
CE99
ADB5
8CD0
8CD0
A592
ADD4
ADD4
9530
742B
5366
4B24
4304
4324
4B24
4325
4305
4304
4B25
4324
4303
3AE3
3AE4
4304
4324
4304
3AE3
3AE3
4304
4324
4324
3B04
3B04
4304
4324
4324
4324
3B04
3AE3
3AE2
3AE3
4324
4B24
4B45
4B25
4B45
4B65
4B45
4325
3B04
3AE3
4303
4344
4324
4B24
42E4
42E4
3AC3
42E3
4B44
5365
4B44
4B65
4B65
4B64
4343
3B23
3B03
3AE3
4303
3AE3
3B03
4324
4344
4324
4304
4303
3B03
4323
4323
4324
4304
3B04
4304
4304
4325
4344
4303
3AE3
3B03
4324
4B65
4B65
4B65
4B85
4B65
4B45
4324
4B45
4B45
4303
4324
4304
42E3
4324
4324
4324
4324
4B44
4B44
4324
4324
4324
4344
4B65
4B65
4B45
4B45
4324
4B44
4B44
4324
4324
D6B9
CEB9
D6B9
D6B9
D6B9
D6B9
D6B9
D6B9
D6B9
D6B9
D6B9
D6B9
D6B9
D6B9
D6B9
D6B9
D6B9
D6B9
D6B9
D6B9
D6B9
D6B9
D6B9
D6B9
D6B9
D6B9
D6B9
D6B9
D6B9
D6BA
D6B9
D6B9
D6DA
D6B9
DEDA
D6DA
D6D9
D6D9
DED9
DEDA
DED9
DED9
DEDA
DEFA
DEDA
DEDA
DEDA
DEDA
DEDA
DEDA
DEFA
DEFA
DEFA
DEFA
DEFA
DEFA
DEFA
DEFA
DEFA
DEFA
DF1B
E71B
E71B
E71B
E71B
E71B
E71B
E71B
E71B
DF1B
E73B
E73B
DF3B
E73B
E73B
E73B
E73B
E73B
E73B
E75B
E75B
E75B
E75B
E75B
E75B
E75B
E75B
E75B
E75B
E75B
E75B
E73B
E73B
E73B
E73C
E75C
E75C
E77C
EF7C
EF7C
EF7C
E73B
B5D4
7C8C
4B45
4305
4325
4B45
4B45
4B45
5388
84CF
C677
7C4F
7BEE
842F
73CE
5289
6B4C
A554
DEDA
E71B
DEFA
D6B9
D6B9
D698
CE78
D698
CE98
CE78
CE57
CE78
CE57
C636
BDF6
B5D5
B594
B594
B5B4
B5B4
B594
B5B4
B594
BDD5
C616
AD74
9CF1
A533
A533
9CF1
A533
A533
B594
BDD5
AD53
AD53
AD74
AD74
A4F1
9CB0
9490
9490
A4F2
AD53
AD54
B594
AD53
A533
A533
AD73
AD53
AD53
AD73
AD73
AD73
AD53
AD32
AD52
AD53
AD73
AD53
BDF6
C616
BDF6
BDD5
BDB4
BDD5
BDD5
C616
CE57
D698
DEDA
DEFA
DF1B
E73C
E75C
E73C
DEFB
CE99
B5F5
9D32
742C
5BA8
63A8
5BA7
63E8
53A6
4B24
4B24
4304
42E3
4304
4304
42E4
4304
4B44
4324
4303
3AE3
42E3
4304
4304
4324
4324
42E4
42E4
4304
4324
3B03
3B04
4324
4324
3B03
4303
4304
4304
3B03
3B03
4304
4324
4B24
4304
4324
4B44
4B45
4324
4323
3AE2
3AE3
4323
4304
4B24
4304
4304
42E4
4304
4B24
4B65
4B24
4B44
4B65
4323
4323
3AE2
3B02
3AE2
3AE3
4303
3B03
4324
4344
4344
4324
4303
4324
4324
42E3
4324
4324
4324
4324
4324
4B45
4B85
4344
4344
4344
4344
4344
4B65
4345
4B65
5386
5386
4B65
4B45
4324
3AE3
4324
4B45
4324
4B24
4324
4B45
4B44
4323
4323
3B03
4324
4324
4324
4324
4B86
5386
4344
4B44
4B44
4B64
4B64
4B44
D6B9
D6B9
D6B9
D6B9
D6B9
D6B9
D6B9
D6B9
D6B9
CEB9
D6B9
D6B9
D6B9
D6B9
D6B9
D6B9
D6B9
D6B9
D6B9
D6B9
D6B9
D6B9
D6B9
D6B9
D6B9
D6B9
D6B9
D6B9
D6B9
D6B9
D6B9
D6BA
DEDA
D6DA
DEDA
DEDA
D6DA
D6DA
DED9
DED9
DED9
DED9
DEF9
DED9
DEFA
DEDA
DEDA
DEDA
DEDA
DEFA
DEFA
DEFA
DEFA
DEFA
DEFA
DEFA
DEFA
DEFA
DEFA
DEFA
DF1B
E71B
E71B
E71B
DF1B
E71B
E71B
E71B
E71B
E73B
E73B
E73B
E73B
E73B
E73B
E73B
E73B
E75B
E75B
E75B
E75B
E75B
E75B
E75B
E75C
E75B
E75B
E75B
E75B
E75B
E75B
E75B
E75B
E73C
E75C
E75C
E77C
E77C
EF7C
E75C
EF7C
E75C
CE98
ADB3
5BA8
4325
4345
4B66
5367
5BA9
8CAF
B5D5
6BEC
63CB
A574
842F
5AEA
6B6C
7BEE
C637
E71B
E71A
D6B9
CE98
CE78
CE78
D699
D6B9
D699
D698
CE98
CE58
C637
C616
BDF6
BDD5
B594
B5B4
B5B5
B594
B5B5
B5B5
B594
AD74
B594
AD74
A512
A553
A532
9CF1
A512
A512
AD74
B594
A553
AD74
B5B5
B594
9D12
A532
9CD0
A512
AD33
B595
BDD6
B594
A512
A512
AD53
B594
AD53
AD53
AD74
AD74
AD74
B573
AD52
AD52
AD33
AD73
BDB5
C616
C637
CE37
C5F6
BDD5
BDD5
BDB4
BDB4
C5F6
CE57
D6B9
D6DA
DEFB
DF3B
E75C
E75C
DEFA
C678
ADD5
8CCF
6BEB
5B87
5386
4B24
4B24
4B45
4B24
4B24
4304
3AE3
42E4
42E4
42E4
4324
4B45
4304
4303
3B03
3AE3
42E4
4303
4324
4B65
4B45
4304
4304
4303
3AE3
3B04
4B24
4324
4304
3AE3
3AE3
3B03
3B03
3B03
3AE3
4304
4304
4304
4324
4324
4344
4324
3B02
3B22
4344
4324
4303
4324
4304
4B45
4324
4324
4B44
4B45
4324
4324
4344
4323
3B03
32C2
3AE2
3B02
3B03
4323
3B03
4344
4344
4344
4324
4303
4324
4304
3AE3
4304
4B24
4344
4324
4324
4B45
4B65
4323
4323
4324
4B44
4344
4B65
5386
4B65
4B65
5385
5385
4345
4304
4304
4324
4344
4324
4324
4323
4B44
4B44
4324
4303
4303
4324
4324
3B03
4B45
5386
4B65
4324
4344
4B44
4344
4324
4324
D6B9
D6B9
D6B9
D6B9
D6B9
D6B9
D6B9
D6B9
D6B9
D6B9
D6B9
D6B9
D6B9
D6B9
D6B9
D6B9
D6B9
D6B9
D6B9
D6B9
D6B9
D6B9
D6B9
D6B9
D6B9
D6B9
D6B9
D6B9
D6B9
D6B9
D6B9
D6BA
D6B9
D6BA
DEDA
D6DA
DEDA
DEDA
DED9
DED9
DED9
DED9
DED9
DED9
DEDA
DEDA
DEDA
DEDA
DEDA
DEFA
DEFA
DEDA
DEFA
DEFA
DEFA
DEFA
DEFA
DEFA
DEFA
DEFA
DF1B
DF1B
DEFB
E71B
E71B
DF1B
E71B
E71B
E73B
E73B
DF3B
E73B
E73B
E73B
E73B
E73B
E73B
E73B
E75B
E75B
E75B
E75B
E75B
E75B
E75B
E75B
E75C
E75B
E75B
E75C
E75B
E75B
E75C
E77C
E77C
E77C
E77C
E77C
E75C
E77C
EF7C
EF7C
E73B
D6B8
848D
5367
5368
6C0B
94F0
BDD4
9CF1
7BED
5327
4B47
7C2D
842F
8450
8C91
A513
D698
DEFA
DEDA
D698
CE57
C637
C637
CE57
CE78
D698
D698
CE78
C637
C616
BDF6
BDF6
BDD5
BDD5
BDD5
B5B5
B5B5
B5B5
B5B5
B594
AD53
A533
A533
A532
AD73
A533
9CF2
A512
A512
AD53
AD53
A533
AD53
BDF6
AD94
A553
AD74
A512
AD53
B5B5
BDD6
B5B5
AD53
A4F2
AD53
B594
AD74
AD53
AD73
B574
B574
B573
B573
B573
AD32
AD32
B594
C616
CE57
BDD5
C616
C616
BDD5
BDD5
C616
C636
C616
C637
CE58
D699
D6D9
D6FA
DF1B
DF3C
CEB9
A594
848F
6C0B
5367
4B25
4324
4324
4B24
4B65
4B45
4324
4325
4324
4304
3AE4
4304
4324
4324
4304
42E3
3AE3
42E3
4304
4324
4324
4B65
4B44
4324
3B03
3AE3
3AE3
3B03
4B24
4324
4324
3AE3
3AE3
3B03
3B03
4323
4303
3B03
4324
4304
4324
4304
4324
4323
3B02
4322
4B64
4B44
4303
4304
4B45
4B66
4B65
4B44
4B44
4B65
4B44
4344
4344
4323
3B03
3AE3
3AE2
3B02
4323
3B23
4323
4324
4344
4324
4324
4324
4324
4324
4324
4304
4324
4324
4324
4324
4344
4344
4344
4324
4324
4344
4344
4B65
53A6
4B65
5365
5386
4B85
4324
3B03
4344
4324
4323
4324
4324
3B03
3AE3
4323
4344
4324
4303
4303
4324
4B44
5385
4B65
4B44
4324
4B44
4344
4324
4B45
4304
D6B9
D6B9
D6B9
D6B9
D6B9
D6B9
D6B9
D6B9
D6B9
D6B9
D6B9
D6B9
D6B9
D6B9
D6B9
D6B9
D6B9
D6B9
D6B9
D6B9
D6B9
D6B9
D6B9
D6B9
D6B9
D6B9
D6B9
D6B9
D6B9
D6B9
D6B9
D6B9
D6BA
DEDA
DEDA
DED9
DED9
DED9
DED9
DED9
DED9
DED9
DED9
DEDA
DEDA
DEDA
DEDA
DEDA
DEDA
DEFA
DEDA
DEFA
DEFA
DEFA
DEFA
DEFA
DEFA
DEFA
DEFA
DEFA
DEFA
E71B
DEFA
E71B
E71B
E71B
E71B
E71B
E71B
E71B
E71B
E73B
E73B
E73B
E73B
E73B
E73B
E73B
E75B
E75B
E75B
E75B
E75B
E75B
E75B
E75C
E75C
E75C
E75C
E75B
E75C
E75C
E75C
E75C
E77C
E75C
E77C
E77C
E77C
EF7C
EF7C
EF7C
EF7C
DF1A
AD93
9D11
9D31
B593
C615
BDB4
A511
9490
6BEB
4B46
5B8A
8470
9D13
9D13
C617
DEDA
DED9
D699
CE78
C637
C616
C637
C637
CE57
CE78
CE57
C637
C616
BDF6
BDF6
BDD5
B5B5
B5B5
B5B5
B594
AD74
AD94
B594
AD53
A4F2
9CF1
A512
AD53
AD74
A533
A512
A533
AD73
AD53
A512
A553
AD53
BDD5
AD74
AD74
B594
AD53
AD94
A533
A533
AD74
AD53
A512
AD74
B594
AD33
AD53
B574
B574
B594
B594
AD73
B573
AD53
AD53
BDD5
C637
C637
B594
BDF6
C616
BDD5
BDB5
C5F6
C637
CE57
CE78
CE78
CE99
CEB9
D6DA
DEFB
DF1B
D6DA
BE37
9512
742C
4B46
4304
4304
4324
4B24
4B45
4B25
4324
4324
4325
4324
3B04
3B04
4324
4324
4324
4304
4304
4304
4303
4324
4344
4B44
4344
4324
3B03
3B03
4304
4324
4B45
4B65
4344
3B03
3B03
3B03
3AE3
3B03
4324
4344
4324
4324
4324
4324
3B03
4323
4323
4344
4B44
4304
42E3
4304
4B65
4B66
5386
4344
4B44
4B44
4B45
4344
4B64
4324
3B03
3B03
3B03
3B03
4324
4303
4324
4B65
4324
4324
4304
4324
4B45
4B45
4325
4304
4324
4324
4324
4344
4B44
4B65
4B65
4B65
4324
4304
4B65
4B65
4B85
5385
5385
4B85
4B44
4344
4324
4324
4303
4303
4324
4324
4324
4303
4324
4344
4303
4324
4324
4324
4B45
53A6
4B65
4B44
4B44
4B64
4324
4B45
5386
4B25
D6B9
D6B9
D6B9
D6B9
D6B9
D6B9
D6B9
D6B9
D6B9
D6B9
D6B9
D6B9
D6B9
D6B9
D6B9
D6B9
D6B9
D6B9
D6B9
D6B9
D6B9
D6B9
D6B9
D6B9
D6B9
D6B9
D6B9
D6B9
D6B9
D6B9
D6B9
D6DA
D6BA
DEDA
DED9
D6D9
DED9
DED9
DED9
DED9
DED9
DED9
DED9
DED9
DEDA
DEDA
DEFA
DED9
DED9
DEFA
DEFA
DEFA
DEFA
DEFA
DEFA
DEFA
DEFA
DEFA
DEFA
DEFA
DEFA
DF1B
DEFB
DF1B
E71B
E71B
E71B
E71B
E71B
E71B
E71B
E73B
E73B
E73B
E73B
E73B
E73B
E73B
E75B
E75B
E75B
E75B
E75B
E75B
E75B
EF5C
EF5C
EF5C
E75C
E75C
E75C
E75C
E75C
E77C
E77C
E77C
EF7C
EF7C
E77C
EF5C
EF5B
E73A
DED9
C616
A511
9CB0
83ED
946F
B552
B552
A4F1
948F
842D
5BAA
7C6F
B5F6
B5D6
C637
E71A
DEFA
DEF9
D699
CE78
C637
C637
C637
C637
C637
C637
C637
C616
BE16
BDD5
B5B5
B594
B594
B594
AD74
AD73
AD73
AD74
B594
AD53
9CF1
A512
AD53
A553
AD53
AD53
AD53
AD74
AD53
A512
9D12
AD53
A512
B594
AD74
B595
B5B5
AD74
A532
9CF2
B5B5
BDD6
AD53
AD74
AD73
A533
AD32
AD74
B574
AD73
B594
B5B4
B574
AD53
AD33
AD53
BDD5
C616
BDF6
BDB5
BDF6
C616
BDB5
BDF6
C616
C637
CE58
CE79
CE99
D6B9
D6BA
D6FB
DF1B
DF3C
DF3C
D6FA
B616
8CF0
5388
4325
4324
4324
4324
4B25
4325
3AE4
4325
4325
4304
4324
4345
4B45
4B25
4324
4324
4324
4324
4304
4324
4344
4B44
4324
4324
4303
3B03
4324
4324
4324
4B65
4365
3B24
3B03
4304
4304
3B04
4324
4345
4345
4324
4304
4304
4324
4324
4344
4344
4324
42E4
4304
4304
4B45
5386
4B65
4B24
4323
4344
4324
4324
4324
4344
4324
3B03
3AE3
3AE3
4344
4344
4B44
53A5
4344
4324
4304
4324
4B65
4B45
4325
4304
42E4
4304
4324
4B64
5385
4B65
4B44
4344
4324
4324
4B45
4B65
4B44
4B44
4B64
4344
4B45
4B65
4344
4324
4324
3B03
4324
4324
4324
4345
4B45
4344
4344
4344
4345
4B44
4B65
4B44
4B65
5386
4B65
4B44
4324
4B44
4B65
4B25
D6B9
D6B9
D6B9
D6B9
D6B9
D6B9
D6B9
D6B9
D6B9
D6B9
D6B9
D6B9
D6B9
D6B9
D6B9
D6B9
D6B9
D6B9
D6B9
D6B9
D6B9
D6B9
D6B9
D6B9
D6B9
D6B9
D6B9
D6BA
D6DA
DEDA
D6BA
D6BA
DEDA
DEDA
DED9
DED9
D6D9
DED9
DED9
DED9
DEDA
DED9
DED9
DEDA
DEDA
DED9
DEF9
DEF9
DEF9
DEFA
DEFA
DEFA
DEFA
DEFA
DEFA
DEFA
DEFA
DEFA
DF1A
DEFA
DF1A
DF1A
DF1A
DF1A
E71B
E71B
E71B
E71B
E71B
E71B
E73B
E73B
E73B
E73B
E73B
E73B
E73C
E73B
E75B
E75B
E75B
E75B
E75C
E75C
E75B
E75C
EF5C
EF5C
EF5C
EF5C
EF5C
EF5C
E75C
E75C
E75C
EF7C
EF7C
EF5B
E73A
DEB8
CE56
C5F4
C5D4
B593
83ED
7BCC
736B
840D
A4D0
9CD0
9CB0
8C4E
94B0
9D33
B5D6
B595
C617
E71B
E73B
DF1A
DEFA
DEDA
D699
CE57
C616
C616
C637
CE57
CE57
C637
C616
BDD5
B594
B594
B594
B594
AD74
B595
B5B5
B5D5
BDD5
B594
A532
A512
AD53
A553
A553
AD73
AD74
AD74
AD74
AD53
9CF2
9CF2
AD53
A532
AD53
AD74
B5B5
B5D5
AD74
9CF2
AD74
BDD6
B594
AD73
A532
9CF1
A4F2
AD53
AD74
AD74
AD53
AD74
B5B4
B594
AD53
AD53
AD53
B594
B5B5
BDF5
C5F6
C637
CE58
C637
C616
C637
C657
CE98
CE99
D6B9
D6DA
D6FA
DF1B
E73C
E73C
D6FA
C678
B5F5
9531
5BC9
4B25
4B44
4B65
4325
4305
4305
4325
4B46
4B45
4305
4B25
4B65
4B65
4B65
4324
4344
4344
4345
4324
4344
4344
4B45
4324
4324
4303
4324
4324
4324
4324
4344
4344
4344
3B03
4304
4324
4324
4B45
4344
4344
4324
4324
4324
4344
4344
4344
4343
4304
42E4
4304
4304
4324
4B45
4B44
4B64
4344
4B85
4344
3B03
4344
4B64
4B44
4324
3AE3
3AE3
4324
4344
4B44
4B65
4B65
4324
4304
4304
4B45
4B65
4B25
4305
4304
4304
4324
4344
4364
4344
3B03
3B03
4303
4B64
4B65
4B65
4B64
4323
4323
4344
4B65
4B65
4B65
4324
4303
4323
4344
4324
4324
4B45
4B65
4344
4B64
4B85
4B45
4324
4B44
4324
4344
4B45
4345
4324
4324
4344
4B64
4B45
D6B9
D6B9
D6B9
D6B9
D6B9
D6B9
D6B9
D6B9
D6B9
D6B9
D6B9
D6B9
D6B9
D6B9
D6B9
D6B9
D6B9
D6B9
D6B9
D6B9
D6B9
D6B9
D6B9
D6B9
D6B9
D6B9
DEDA
D6B9
D6B9
D6DA
DEDA
D6DA
D6DA
DEDA
DED9
DED9
DED9
DED9
DED9
DED9
DED9
DED9
DED9
DED9
DED9
DED9
DED9
DEFA
DEFA
DEFA
DEFA
DEFA
DEFA
DEFA
DEFA
DEFA
DEFA
DEFA
DF1A
DF1A
DF1A
DF1A
E71A
E71A
DF1A
E71B
E71B
E71B
E71B
E73B
E73B
E73B
E73B
E73B
E73B
E73B
E75B
E73B
E75B
E75B
E75B
E75B
E75C
E75B
E75C
EF5C
EF5C
EF5C
EF5C
EF5C
EF5C
EF5C
E75C
E75C
E75B
E73B
DED9
CE56
C5F4
C5F4
C5F4
C5F4
C5F4
BDD4
94B0
842E
840D
842D
8C6D
7C2C
6BCA
63AA
846F
A554
C638
DEFA
E73B
E73B
DEFA
DEF9
D6D9
D6B9
CE78
CE57
C636
BDF6
BDF6
C616
C616
BDF6
B5B5
B5B5
BDD5
BDD5
B595
B5B5
BDD5
BDD5
B5D5
B5B5
B594
AD73
AD73
AD74
AD73
AD53
AD53
AD53
AD53
B594
AD74
A512
9CD1
A533
B594
AD54
A512
AD53
B5B5
BDF6
AD54
AD53
B5B5
AD53
9CD1
A512
9CF1
9CF1
A512
AD53
AD73
AD53
AD53
AD74
B594
B5B5
B594
B594
AD74
B574
B5B4
BDD5
C637
CE78
CE78
CE78
CE78
CE58
C658
C658
CE98
D6B9
D6DA
D6FA
DF1B
DF1C
E73C
E75C
D6FA
B5F5
84CF
63C9
4B45
4B45
4B65
4B45
4B45
4B45
4B45
4B45
4B46
4B25
4B25
4B65
4B65
5386
4B65
4345
4345
4344
4B44
4B65
4B65
4B65
4B45
4324
4323
4324
4324
4324
4324
4345
4324
4324
4324
4324
4324
4324
4324
4344
4344
4B45
4B45
4B45
4345
4324
4324
3B03
3B03
3AE4
4324
4324
4344
4344
4323
4B64
4BA5
4B85
4B65
3B03
4303
4344
4B44
4B44
4304
4303
3B03
3B03
4303
4324
4344
4324
4304
4324
4B45
5365
4B45
4B24
4B45
4B44
4B45
4B65
4B64
4344
3B03
3AE2
4343
4B64
4B64
4344
4343
4323
4344
4B64
4B44
4B45
4B45
4344
4324
4344
4344
4B44
4B44
4B45
4B65
4324
4344
4B44
4B44
4B44
4B44
4B44
4B65
4B65
4B65
4344
4B44
4344
4B84
5384
CEB9
CEB9
D6B9
D6B9
D6B9
D6B9
D6B9
D6B9
D6B9
D6B9
D6B9
D6B9
D6B9
D6B9
D6B9
D6B9
D6B9
D6B9
D6B9
D6B9
D6B9
D6B9
D6B9
D6B9
D6B9
D6B9
D6B9
D6BA
D6DA
D6BA
DEDA
D6DA
DEDA
D6DA
DED9
DED9
DED9
DED9
DED9
DED9
DED9
DED9
DED9
DEF9
DED9
DEFA
DEFA
DEFA
DEF9
DEFA
DEFA
DEFA
DEFA
DEFA
DEFA
DEFA
DEFA
DEFA
DEFA
DEFA
DF1A
DF1A
DF1A
E71A
E71A
E71B
E71B
E71B
E71B
DF3B
E73B
E73B
E73B
E73B
E73B
E73B
E73B
E75B
E75B
E75B
E75B
E75B
E75C
E75C
EF5C
E75C
EF5C
EF5C
EF5C
EF5C
EF5C
EF5C
E75B
DEF9
CE57
BDB3
B593
BDD3
C5F4
C615
C615
C615
BE15
C636
CE78
BDD5
846D
5367
4B05
42C4
42E4
5B88
94F1
DF1B
F7BD
EF5C
E73B
DF1A
DED9
D6B9
CE78
CE57
C637
C636
C636
BE16
BDD5
BDD5
C616
BDD6
B5B5
BDD5
BDD6
B5B5
B594
B594
B594
B594
B5B5
B5B5
B594
AD73
AD74
AD74
AD53
AD73
AD74
AD53
AD54
AD94
AD74
A512
A533
AD74
B5B5
AD74
9CF1
A532
B594
BDF6
B594
AD74
A533
9CF1
9CD1
AD33
A532
A512
A533
AD53
AD73
AD73
AD73
AD74
B5B4
B5B5
B5B5
B5B5
B5B5
B594
B5B4
BDF6
BE16
CE78
CE99
CEB9
CEB9
CE99
CE98
D699
CE98
CE98
CE99
D6DA
DEFB
E73C
DF1C
DF3C
D6FB
C678
9D72
6C0B
5366
4B25
4B45
4B45
4B65
4B65
4345
4B45
4B45
4B45
4B25
4B45
4B45
4B66
4B45
4344
4324
4303
4344
4B65
4B65
53A6
5386
4324
4303
4323
4344
4B65
4B44
4B65
4B65
4324
3B04
4324
4324
4324
4324
4324
4324
4345
4B45
4B85
4B65
4324
3AE3
3AE3
4324
4304
4324
3B24
4324
4344
4344
4B65
4B85
4B65
4344
4303
4303
4324
4324
4B65
4324
4324
4344
3B03
3B03
4324
4324
4B24
4304
4304
4B45
4B64
5385
4B65
5385
5385
4B85
5385
53A5
4344
4344
4323
4344
4344
4324
4344
4344
3B03
4344
4B65
4B65
4344
4B85
4B65
4B65
4344
4344
4324
4B65
4B85
4344
4B44
4324
4B44
4304
4324
4B45
4B44
5385
53A6
5BC6
53A5
4B44
4324
4B44
5385
D6B9
CEB9
D6B9
D6B9
D6B9
D6B9
D6B9
D6B9
D6B9
D6B9
D6B9
D6B9
D6B9
D6B9
D6B9
D6B9
D6B9
D6B9
D6B9
D6B9
D6B9
D6B9
D6B9
D6B9
D6B9
D6B9
D6B9
D6DA
D6B9
D6DA
D6B9
D6B9
D6DA
D6B9
D6D9
DED9
DED9
DED9
DED9
DED9
DED9
DED9
DED9
DEDA
DED9
DED9
DEFA
DEFA
DEFA
DEFA
DEFA
DEDA
DEFA
DEFA
DEFA
DEFA
DEFA
DEFA
DF1A
DF1A
DF1A
DF1A
E71A
E71A
E71A
E71B
E71B
E71B
E71B
E73B
E73B
E73B
E73B
E73B
E73B
E73B
E73B
E75B
E75B
E75B
E75B
E75C
E75C
EF5C
EF5C
EF5C
EF5C
EF5C
EF5C
EF5B
E73A
D6B8
C635
B592
AD10
AD31
BDB3
BDF4
C616
CE57
CE98
D6B9
DF1B
EF7C
F7BE
E71B
A571
5387
4325
4305
4B47
744D
BE37
EF7C
EF7C
DF1A
DEF9
DEF9
D6B9
D698
CE77
C637
C636
C636
C636
C636
BDF5
BDD5
BDF6
B5B5
B5B5
BDD5
BDD5
B5B5
B5B5
B5B5
B5B5
BDD5
BDF6
B5D5
AD74
AD74
A553
A512
A533
AD53
AD53
A533
A512
B594
AD95
AD74
AD74
B5B5
B5B5
AD74
9CD1
9CF2
AD74
B5B5
B594
AD73
A553
9CD1
A512
B594
AD73
A533
AD53
AD53
AD73
AD94
B594
B594
B594
B594
B5B5
B574
B594
BDD5
B5B5
BE16
C637
C657
CE78
CEB9
D6DA
D6DA
D6B9
CE99
CE99
CEB9
D6B9
D6DA
DEFB
DF1C
E73C
D6FA
C678
BE37
A593
746D
5367
4325
4324
4B45
4B45
4345
4345
4B45
4B45
4B45
4345
4325
4B45
4B45
4345
4324
4304
4304
4344
4B65
4B65
5386
5386
4B66
4B45
4324
4324
4B45
4B45
4B65
4B86
4B45
4325
4325
4324
4324
4324
4B45
4325
4304
4324
4345
4345
4304
3AC3
3AE3
4324
4344
4324
4324
4344
4344
4B65
4B85
4B65
4344
4324
4324
4324
4344
4B44
4B44
4324
4344
4B65
4344
4324
4324
4324
4B25
4B25
4B25
4B65
4344
4363
4B64
4B85
4B64
4344
4B85
4B85
4344
4364
4344
4B45
4B44
4344
4B85
4B65
4344
4324
4B85
4B65
4B45
4B44
4344
4B45
4344
4324
4324
4344
4344
4324
4B44
4B24
4344
4324
4324
4324
4B44
4B44
4B44
4B65
4B85
4B44
4303
4324
4B65
D6B9
D6B9
CEB9
D6B9
D6B9
D6B9
D6B9
D6B9
D6B9
D6B9
D6B9
D6B9
D6B9
D6B9
D6B9
D6B9
D6B9
D6B9
D6B9
D6B9
D6B9
D6B9
D6B9
D6B9
D6B9
D6B9
D6B9
D6DA
DEDA
DEDA
D6DA
D6DA
D6B9
D6B9
DEDA
DED9
DED9
DED9
DED9
DED9
DED9
DED9
DED9
DED9
DED9
DEF9
DEFA
DEFA
DEFA
DEFA
DEFA
DEFA
DEFA
DEFA
DEFA
DEFA
DEFA
DEFA
DF1A
DF1A
DF1A
DF1A
E71A
DF1A
E71A
E71B
E71B
E71B
E71B
E73B
E73B
E73B
E73B
E73B
E73B
E73B
E73B
E73B
E75B
E75B
E75C
EF5C
EF5C
E75C
EF5C
EF5C
EF5B
E73B
DEFA
CE77
C5F4
BDB3
B5B3
B593
B5B4
BDD5
CE77
DEFA
E73B
E75C
EF7C
EF7D
EF9D
EF9D
EF9D
EF9D
C677
746B
4325
4325
5BA9
9D32
DEFA
EF5B
E71A
DED9
DED9
DED9
D6B9
D698
CE77
C637
C636
C616
C616
BDF6
BDD5
BDB5
BDD6
B5B5
B594
AD74
B5B5
B5B5
B5B5
BDD6
C616
C616
BDD6
B5B5
AD94
AD74
A533
A533
AD53
A553
AD53
A533
AD53
B5B5
B5B5
B5D5
AD95
AD95
B5B5
AD53
9CD1
A512
AD53
B5B5
AD94
AD74
A533
A4F1
AD73
B5D5
B594
AD53
AD73
A532
AD53
B594
B5B4
B594
B594
B5B5
BDD5
BDD5
B5B5
B5B5
B5B5
B5B5
C616
C658
CE78
CE78
D6BA
D6DA
D6DA
D6DA
D6DA
D6DA
D6DA
DEFB
DF1B
DF3C
DF1C
D6DA
C657
A573
84CF
6C0B
5387
4325
4324
4B25
4B46
4345
4325
4B45
4325
4324
4325
4325
4325
4B45
4325
4324
4324
4324
4344
4B65
4B65
4B45
4B66
4B46
4B45
4344
4324
4324
4B44
4B85
4B85
4B45
4325
4324
4304
4324
4324
4345
4B65
4B45
4344
4344
4324
3AE4
3B04
4324
4B45
4B65
4324
4324
4344
4B65
4B64
4B85
4B65
4B85
4345
4324
4324
4344
4B44
4344
4324
4344
4B85
4344
3B03
4324
4304
4B65
4B45
4B65
4B65
4344
4343
4343
4344
4344
4323
4323
4344
3B03
4324
4B65
4B85
4B85
4B65
53A5
4B65
4344
4B45
5385
4325
4304
4323
4323
4324
4324
4324
4324
4344
4345
4B65
4B85
4B45
4B44
4B44
4344
4344
4324
4B45
4B44
4B44
5386
5386
4B65
4B45
4B65
0000
0000
0000
0000
0000
0000
0000
0000
0000
0000
0000
0000
0000
0000
0000
0000
0000
0000
0000
0000
0000
0000
0000
0000
0000
0000
0000
0000
0000
0000
0000
0000
0000
0000
0000
0000
0000
0000
0000
0000
0000
0000
0000
0000
0000
0000
0000
0000
0000
0000
0000
0000
0000
0000
0000
0000
0000
0000
0000
0000
0000
0000
0000
0000
0000
0000
0000
0000
0000
0000
0000
0000
0000
0000
0000
0000
0000
0000
0000
0000
0000
0000
0000
0000
0000
0000
0000
0000
0000
0000
0000
0000
0000
0000
0000
0000
0000
0000
0000
0000
0000
0000
0000
0000
0000
0000
0000
0000
0000
0000
0000
0000
0000
0000
0000
0000
0000
0000
0000
0000
0000
0000
0000
0000
0000
0000
0000
0000
0000
0000
0000
0000
0000
0000
0000
0000
0000
0000
0000
0000
0000
0000
0000
0000
0000
0000
0000
0000
0000
0000
0000
0000
0000
0000
0000
0000
0000
0000
0000
0000
0000
0000
0000
0000
0000
0000
0000
0000
0000
0000
0000
0000
0000
0000
0000
0000
0000
0000
0000
0000
0000
0000
0000
0000
0000
0000
0000
0000
0000
0000
0000
0000
0000
0000
0000
0000
0000
0000
0000
0000
0000
0000
0000
0000
0000
0000
0000
0000
0000
0000
0000
0000
0000
0000
0000
0000
0000
0000
0000
0000
0000
0000
0000
0000
0000
0000
0000
0000
0000
0000
0000
0000
0000
0000
0000
0000
0000
0000
0000
0000
0000
0000
0000
0000
0000
0000
0000
0000
0000
0000
0000
0000
0000
0000
0000
0000
0000
0000
0000
0000
0000
0000
0000
0000
0000
0000
0000
0000
0000
0000
0000
0000
0000
0000
0000
0000
0000
0000
0000
0000
0000
0000
0000
0000
0000
0000
0000
0000
0000
0000
0000
0000
0000
0000
0000
0000
0000
0000
0000
0000
0000
0000
0000
0000
0000
0000
0000
0000
0000
0000
0000
0000
0000
0000
0000
0000
0000
0000
0000
0000
0000
0000
0000
0000
0000
0000
0000
0000
0000
0000
0000
0000
0000
0000
0000
0000
0000
0000
0000
0000
0000
0000
0000
0000
0000
0000
0000
0000
0000
0000
0000
0000
0000
0000
0000
0000
0000
0000
0000
0000
0000
0000
0000
0000
0000
0000
0000
0000
0000
0000
0000
0000
0000
0000
0000
0000
0000
0000
0000
0000
0000
0000
0000
0000
0000
0000
0000
0000
0000
0000
0000
0000
0000
0000
0000
0000
0000
0000
0000
0000
0000
0000
0000
0000
0000
0000
0000
0000
0000
0000
0000
0000
0000
0000
0000
0000
0000
0000
0000
0000
0000
0000
0000
0000
0000
0000
0000
0000
0000
0000
0000
0000
0000
0000
0000
0000
0000
0000
0000
0000
0000
0000
0000
0000
0000
0000
0000
0000
0000
0000
0000
0000
0000
0000
0000
0000
0000
0000
0000
0000
0000
0000
0000
0000
0000
0000
0000
0000
0000
0000
0000
0000
0000
0000
0000
0000
0000
0000
0000
0000
0000
0000
0000
0000
0000
0000
0000
0000
0000
0000
0000
0000
0000
0000
0000
0000
0000
0000
0000
0000
0000
0000
0000
0000
0000
0000
0000
0000
0000
0000
0000
0000
0000
0000
0000
0000
0000
0000
0000
0000
0000
0000
0000
0000
0000
0000
0000
0000
0000
0000
0000
0000
0000
0000
0000
0000
0000
0000
0000
0000
0000
0000
0000
0000
0000
0000
0000
0000
0000
0000
0000
0000
0000
0000
0000
0000
0000
0000
0000
0000
0000
0000
0000
0000
0000
0000
0000
0000
0000
0000
0000
0000
0000
0000
0000
0000
0000
0000
0000
0000
0000
0000
0000
0000
0000
0000
0000
0000
0000
0000
0000
0000
0000
0000
0000
0000
0000
0000
0000
0000
0000
0000
0000
0000
0000
0000
0000
0000
0000
0000
0000
0000
0000
0000
0000
0000
0000
0000
0000
0000
0000
0000
0000
0000
0000
0000
0000
0000
0000
0000
0000
0000
0000
0000
0000
0000
0000
0000
0000
0000
D6B9
D6B9
D6B9
D6B9
D6B9
D6B9
D6B9
D6B9
D6B9
D6B9
D6B9
D6B9
D6B9
D6B9
D6B9
D6B9
D6B9
D6B9
D6B9
D6B9
D6B9
D6B9
D6B9
D6DA
D6B9
D6B9
D6B9
DEDA
D6DA
D6B9
D6B9
D6BA
D6BA
DED9
DED9
DED9
DED9
DED9
DED9
DED9
DEFA
DED9
DED9
DEFA
DEF9
DEFA
DEFA
DEFA
DEFA
DEFA
DEFA
DEFA
DEFA
DEFA
DEFA
DEFA
DEFA
DEFA
DEFA
DEFA
DF1A
DF1A
E71A
E71A
E71A
E73B
E71B
E71B
E71B
E73B
E73B
E73B
E73B
E73B
E73B
E73B
E73B
E73B
DF1B
D6BA
CE79
C637
C657
C616
CE58
D6D9
E71B
E73B
EF5C
EF5C
EF5C
EF5C
EF7C
EF7C
EF7C
EF7C
EF9C
EF9C
EF9C
EF9D
EFBD
EFBD
EFBD
F7BD
EF9D
EF9D
0000
0000
ADB4
8CF0
C677
E71A
E73B
E71A
DEDA
D6B9
D6B8
D698
CE78
CE57
C636
C616
C616
BDF5
BDD5
BDB5
B594
B594
AD73
AD33
AD53
AD73
AD53
A533
AD74
BDD5
BDD6
BDD6
BDD6
B5B5
B595
B595
B595
B594
AD53
AD53
A512
9CD1
9CD1
A533
AD94
B5B5
BDF6
BDF6
B5D6
A512
9CD1
A512
AD53
AD53
AD74
B594
AD74
B594
BDD6
BDD5
B594
AD53
A533
AD53
B594
BDF6
BDD6
AD74
A512
A4F2
A533
AD33
A533
AD74
B595
B595
B5B5
B594
B5B5
BDF6
C617
CE58
C638
C637
C658
CE58
CE78
CE99
D6BA
D6FB
D6FA
CE99
A593
744C
5367
4304
4304
4304
4B45
4B45
4B45
4B25
4304
4305
4B46
4B46
4325
0000
0000
4324
4345
4345
4324
4324
4325
4325
4324
3B04
42E4
4304
4304
4325
4325
4304
3AE3
3AE3
4324
4345
4324
4323
3B03
4324
4B25
4B45
4B25
4B45
4B65
4B45
4345
4324
4344
4B64
4345
4B45
4B45
4B66
4B66
4B45
4B45
4344
4344
4B65
4345
4324
3B03
4324
4B44
4B44
4B44
4B45
4325
4B45
4B45
4B25
4324
4345
4345
4325
4345
3B03
4344
4B65
4B64
4343
4344
4344
4324
4324
4304
3B03
4344
4344
4344
4324
4B44
4B65
4B85
4B45
4344
4B65
4B65
4B65
4344
4344
4B64
4344
4324
4324
4345
42E4
3AE3
4B44
4B65
4345
4325
4304
4B65
4B85
4B65
4B65
4B65
4B65
4B45
4324
D6B9
D6B9
D6B9
D6B9
D6B9
D6B9
D6B9
D6B9
D6B9
D6B9
D6B9
D6B9
D6B9
D6B9
D6B9
D6B9
D6B9
D6B9
D6B9
D6B9
D6DA
D6B9
D6B9
D6B9
D6B9
D6B9
D6B9
D6B9
D6B9
D6D9
D6BA
D6BA
DEDA
D6D9
DED9
DED9
DED9
DED9
DED9
DED9
DEDA
DED9
DEFA
DEFA
DED9
DEDA
DED9
DEFA
DEFA
DEFA
DEFA
DEFA
DEFA
DEFA
DEFA
DEFA
DEFA
DEFA
DEFA
DF1A
DF1A
DF1A
E71A
E71A
E71B
E71B
E71B
E73B
E73B
E73B
E73B
E73B
E73B
E71B
DEFB
DEDA
CE99
C638
BDF6
B595
AD95
B5B5
CE78
E75B
EF5C
EF5C
EF5C
EF5C
EF5C
EF5C
EF5C
EF7C
EF7C
EF7C
EF7C
EF7C
EF9C
EF9C
EF9C
EF9D
EFBD
EFBD
EFBD
EFBD
EF9D
F79D
0000
0000
DEFA
CE77
DEF9
E6FA
E71A
DEFA
DED9
D6B9
D6B9
D6B9
D698
CE77
C636
C616
BE15
BDD5
B5B5
B594
B594
B594
AD73
AD53
A533
A4F2
9CD1
9CD1
A4F2
B574
BDD6
BDD6
BDD6
BDD6
B5B6
B5B5
AD75
AD54
A533
A512
9CF2
9CD1
9CF2
AD74
B594
AD94
BDF6
BE17
B5D6
9CF2
9CB0
A512
A553
A533
AD94
B594
B594
B5B5
BDD6
B5B5
AD74
AD74
A533
AD74
B594
BDD6
BDF6
B5B5
AD53
A512
A533
AD53
A533
AD74
B5B5
B5B5
B5B5
B5D5
B5B5
B5B5
BDB6
BDD6
BDF6
BDF6
BE17
C658
CE78
CE79
CE99
D6DA
DEFB
CE99
9D73
640B
4B66
4304
4304
4324
4B45
4B45
4B66
4B45
4B25
4B25
5366
5366
4B25
0000
0000
4324
4345
4325
42E4
4304
4325
4B45
4325
4305
4305
4305
4305
4325
4345
4325
3B04
3B04
4324
4324
4324
4324
3AE3
4304
4B45
4B45
4B45
4B25
4B65
4B65
4B45
4344
4344
4364
4344
4B65
4B66
4B45
4B46
5386
5386
4B65
4324
4345
4B66
4344
4324
4B44
4B45
4B65
5386
53A6
5386
4B65
4B45
4B45
4B45
4B65
4B45
4B45
4B45
4344
4344
4B65
4344
4323
4344
4324
3B03
4324
4324
4303
4323
4344
4364
4B65
53A6
4B85
4B65
4B85
4B45
4B45
4B65
4B65
4344
4344
4B85
4344
4324
4324
4B65
4B65
4324
4B44
4B85
4B86
4B45
4325
4325
4324
4B86
4B65
4B86
4B65
4B65
4B45
D6B9
D6B9
D6B9
D6B9
CEB9
D6B9
D6B9
D6B9
D6B9
D6B9
D6B9
D6B9
D6B9
D6B9
D6B9
D6B9
D6B9
D6B9
D6B9
D6B9
DEDA
D6B9
D6B9
D6B9
D6B9
D6B9
DED9
D6D9
D6D9
D6D9
D6BA
D6B9
D6D9
DED9
DED9
DED9
DED9
DEDA
DED9
DED9
DED9
DEDA
DED9
DED9
DED9
DEFA
DED9
DEFA
DEFA
DEFA
DEFA
DEFA
DEFA
DEFA
DEFA
DEFA
DEFA
DEFA
DEFA
DF1A
DEFA
DF1A
E71A
E71A
E71B
E71B
E71B
E73B
E73B
E73B
E73B
E73B
DEDA
BDD6
BDD6
B5B6
AD95
B5B5
B5B5
B5D6
C637
D699
E71B
EF5C
EF5C
EF5C
EF5C
EF5C
EF5C
EF7C
EF7C
EF7C
EF7C
EF7C
EF7C
EF9C
EF9C
EF9C
EF9D
EF9D
EFBD
EFBD
EFBD
EF9D
EF9D
F79D
0000
0000
EF5B
DEFA
DF1A
DEFA
DEFA
DED9
DED9
DED9
DED9
D6B9
D698
CE57
C636
BDF5
BDD5
B5B4
B594
B5B4
B5B5
B594
B574
AD53
AD33
A512
9CD1
9470
9470
A4D1
B553
BDB5
C5F6
BDF6
B5B5
B595
AD74
AD54
A533
A513
A533
A553
AD53
AD74
B594
AD53
BDF6
C637
B5B5
9CF2
9CF2
9CF2
A533
AD53
AD94
AD94
B594
B595
B5B5
AD74
AD74
AD74
AD53
AD74
AD53
B594
B594
B5B5
AD74
AD33
AD53
AD54
A533
AD53
B5B5
BDD6
B5B5
B5D6
B5B5
BDD6
B5B5
B574
B574
B5B5
BDF6
C637
CE78
CE99
CEB9
D6BA
DF1C
D6BA
ADF5
7C8E
5388
4325
4304
4324
4B45
4B46
4B66
5386
5366
4B66
4B46
4B66
4B66
0000
0000
3B04
3B24
3AE4
3AC4
3AE4
4305
4B45
4B46
4326
4306
4346
4345
4325
4325
4325
4325
4345
4345
4324
4345
4324
4304
4304
4B45
4B65
4B45
4324
4B25
4B45
4344
4B65
4344
4345
4B65
4B65
4B45
4325
4B45
4B66
4345
4345
4345
4B65
4B65
4344
4344
4B65
4B44
4324
4B44
4B65
4B65
4344
4344
4324
4B85
4B65
4324
4B45
4B44
4B65
4B65
4B65
3B03
3B03
4344
4324
4324
4B44
4B45
4B24
3B03
4323
4344
5385
53A6
4B65
4B44
4B65
4B65
4B65
4B65
4345
4324
4B65
53A6
4B85
4324
4324
4B45
4B65
4B45
4B45
4B44
4324
4345
4325
4324
4304
4324
4B65
4B86
4B45
4324
4B25
CEB9
D6B9
D6B9
D6B9
D6B9
D6B9
D6B9
CEB9
D6B9
D6B9
D6B9
D6B9
D6B9
D6DA
D6B9
D6DA
D6DA
D6B9
D6B9
D6DA
DEDA
DEDA
DEDA
D6B9
D6B9
D6B9
D6B9
DEDA
D6B9
D6D9
D6B9
D6B9
DED9
DED9
DED9
DED9
DED9
DED9
DED9
DED9
DED9
DED9
DED9
DED9
DED9
DEFA
DED9
DEFA
DEF9
DEFA
DEFA
DEFA
DEFA
DEFA
DEFA
DEFA
DEFA
DEFA
DF1A
DF1A
DF1A
E71A
E71A
E71A
E71A
DF1B
E71B
E73B
E71A
E71A
E71A
DEFA
D698
B594
AD95
BDD6
C617
CE79
DEDA
E71B
E75C
EF5C
EF5C
EF5C
EF5C
EF5C
EF5C
EF5C
EF7C
EF7C
EF7C
EF7C
EF7D
EF7D
F77D
EF9D
EF9D
EF9C
EF9D
EF9D
EF9D
EFBD
EFBD
EF9D
EF7C
EF7C
0000
0000
EF5B
E71A
DEFA
DED9
D6B9
DED9
DED9
DED9
DED9
D6B8
CE78
CE57
C636
BDF5
B5B4
B5B4
B5B4
B5B5
B5B5
AD74
AD73
AD53
A512
A4F1
9CB1
9490
9470
9C6F
A46F
B553
BDD6
BDB5
BD95
B574
AD54
AD33
AD33
A533
AD54
B595
AD54
A553
A513
AD53
B5D6
C637
B5D6
A533
A512
9CF2
A533
AD53
AD74
AD74
AD74
B595
B5B5
A533
AD53
AD74
B594
B594
A533
AD53
AD53
AD74
AD74
AD54
AD54
AD74
A512
AD53
B5B5
BDD6
B595
B5B5
B5B5
BDD6
B5B5
B575
AD74
B5B5
BDF6
C637
C658
CE99
D6BA
DEFB
DF3C
E73C
D6DA
A594
746D
5BA9
4B26
4325
4B45
4B46
4B45
4B45
4B46
4B66
4B46
4B46
4B46
0000
0000
3B04
3B04
4305
4305
4305
4325
4B45
4B65
4325
4325
4B66
4B66
4B45
4325
4325
3B04
4325
4345
4345
4B65
4344
4344
4324
4324
4324
4324
4304
4345
4345
4344
4B65
4B65
4325
4345
4B65
4B45
4B45
4B66
4B45
4345
4345
4B45
4B86
4B65
4344
4344
4344
4324
4324
3B03
4324
4324
4324
4324
4324
4344
4344
4324
4B44
4344
4B44
4B65
4B65
4323
4324
4B45
4B45
4325
4B65
4B45
4324
4324
4323
4323
4344
4B65
4324
4324
4324
4344
4344
4B45
4344
4304
4324
4B45
4345
4304
4304
4324
4304
4324
4304
4324
4324
4324
4345
4B45
4B65
4B86
4B45
4B85
4B45
4B45
4B65
CEB9
D6B9
D6B9
D6B9
D6B9
D6B9
D6B9
D6B9
D6B9
D6B9
D6B9
D6B9
D6B9
D6B9
DEBA
D6B9
D6B9
D6B9
D6DA
D6DA
DEDA
D6B9
D6B9
D6B9
D6B9
D6B9
D6B9
D6B9
D6DA
D6DA
DEDA
D6D9
D6D9
DED9
DED9
D6D9
D6D9
DED9
DED9
DED9
DED9
DED9
DED9
DED9
DED9
DED9
DED9
DEDA
DEDA
DEFA
DEFA
DEFA
DEFA
DEFA
DEFA
DEFA
DEFA
DEFA
DEFA
DF1A
DF1A
DF1A
DF1A
E71A
E71A
DEFA
D6B9
DED9
D6B9
D699
D699
DEDA
DEFA
D6B9
D6B9
E71B
E73B
E73B
EF3C
EF5C
EF5C
EF5C
EF5C
EF5C
EF5C
EF5C
EF5C
EF7C
EF7C
EF7C
EF7C
EF9C
EF9D
EF7D
F79D
EF9D
EF9D
EF9D
EF9D
EF9D
EF9D
EF9D
EF9C
EF7C
EF5B
E719
0000
0000
E73B
DEFA
DED9
D6B9
D6B9
DED9
DED9
DEB9
D6B9
D698
D698
CE78
C637
BDF5
B5B4
B594
B5B4
B5B5
B594
AD73
AD53
AD53
AD12
A4D1
9CB0
9CB0
9490
946F
9C2F
AC70
BD33
BD74
B574
AD33
ACF2
AD13
A4F2
A513
B5B5
B5B5
AD53
9CD1
9CF2
A553
B5B5
BE17
BDF6
A533
A512
9CF2
A533
AD53
AD53
AD53
AD74
B595
B5B5
AD74
A533
AD94
BDD6
B5B5
AD33
AD53
AD53
B594
B5B5
AD74
AD74
B594
A533
A512
B595
B5B6
AD74
AD74
AD54
B595
AD74
AD74
B574
BDD6
BDF7
BE17
C658
CE79
D6DA
DF1B
E73C
E73C
DF1C
CEDA
ADF5
84CF
5BC9
4B47
4B67
4B46
4B46
4346
4346
4B66
4B66
4B66
4B66
0000
0000
3B05
3B05
4325
4B25
4B25
4325
4345
4345
4325
4325
4B66
5366
4B46
4325
4304
4304
3B04
3B04
4324
4345
4345
4345
4324
4324
3B04
3AE3
3B04
4324
4B65
4B65
4B65
4B45
4325
4325
4345
4B46
4345
4B45
4B45
4345
4B65
4B45
4B65
5386
4B65
4324
4344
4344
4344
4324
4304
4305
4304
4B65
4B45
4344
4345
4324
4324
4B44
4B65
4B45
4344
4324
4344
4B65
5386
4B45
4325
4325
4345
4324
4344
4324
4B45
4B45
4304
3B04
4344
4324
4B65
4B65
4B45
4324
4304
3AE4
3AE4
3AE4
4325
4325
3AE4
3AE3
3AE3
4324
4345
4345
4B45
4B45
5386
5BC7
5386
5386
4B65
4325
4B65
D6B9
CEB9
D6B9
D6B9
D6B9
D6B9
D6B9
D6B9
D6B9
D6B9
D6B9
D6B9
D6BA
D6B9
D6B9
D6B9
D6B9
DEDA
DEDA
DEDA
D6B9
D6B9
D6B9
D6DA
D6B9
D6B9
D6B9
D6B9
D6DA
D6D9
DED9
D6D9
D6D9
D6D9
DED9
D6D9
DED9
842F
0020
C637
DEFA
DEDA
DEFA
DEFA
DEFA
DED9
DEDA
DEFA
DEFA
DEFA
DEFA
DEFA
DEFA
DEFA
DEFA
DEFA
DEFA
DEFA
DEFA
CE78
5289
0861
D6B9
D6B9
D6B9
D6B9
D6B9
DEDA
E71B
E71B
E71B
E73B
E73B
E73B
E73B
E73B
E73B
E73B
E73B
EF5C
EF5C
EF5C
EF5C
EF5C
EF5C
EF5C
EF5C
EF5C
EF5C
EF7C
EF7C
EF9D
F79D
F79D
F79D
F79D
F79D
F79D
EF9D
EF9D
EF9C
EF7C
EF7C
EF5B
E719
DED8
0000
0000
E71A
DED9
D6B9
DED9
DEF9
DED9
D6B9
D6B9
D6B9
D6B9
D698
CE78
C637
BDF5
B5B4
B5B4
B5D5
B5B5
B594
AD53
AD53
B574
AD33
A4F1
9CB1
9CB1
9490
9490
942F
93AD
AC71
B4F2
B513
ACF2
62EB
0020
9471
B574
BDD6
B595
A513
9470
9CD2
AD74
B595
BDD6
BE17
A533
9CF2
9CD2
A533
A533
A512
A553
AD74
B594
738D
2945
2103
840F
B5B6
AD74
A533
AD54
A533
B594
BDD6
B595
B5B5
B595
AD74
9CD2
AD74
AD74
AD53
A533
AD33
AD74
AD74
B574
B595
BDD6
BE17
C617
CE79
CEBA
D6FB
E73C
E75D
E75D
E75C
D6FA
B617
9532
7C6E
744D
6C4C
642B
640B
5BCA
53A9
53A9
4B88
53A8
4B88
0000
0000
4326
4346
4326
4326
4B46
4326
4305
4325
3B04
3B05
4B46
4B66
4B47
4326
4305
4325
4324
3B04
4304
4324
4304
3B04
3B04
3B04
4324
4305
4325
4344
4344
4B64
4344
4324
4304
4B45
4B66
4B66
4345
29E3
0000
4304
4B65
4B65
4B45
4B66
4B45
4324
3B23
4344
4B65
4344
4B25
4B25
4325
4B45
4345
4344
4345
4324
3AE4
1901
10C1
08A1
3243
4B44
4B44
4B45
5386
5386
4B45
4325
4B86
4B45
4344
4B44
5386
5386
4B45
4345
4345
4344
4B65
4B65
4324
4324
4304
3AE4
3AC3
42E4
4304
4325
4325
3B04
3B04
4B45
4B65
4B86
4B66
4B46
5386
5386
4B66
4B65
4B86
4B86
4B86
D6B9
CEB9
D6B9
D6B9
D6B9
D6B9
D6B9
D6B9
D6B9
D6B9
D6B9
D6B9
D6B9
D6DA
D6DA
DEDA
DEDA
DEDA
DEDA
D6B9
D6B9
D6B9
D6B9
D6B9
D6B9
D6B9
D6B9
D6BA
DEDA
D6D9
D6D9
DED9
DED9
D6D9
D6D9
DED9
DED9
4208
632B
8450
DED9
DED9
DED9
DED9
DED9
DED9
DED9
DED9
DEFA
DEFA
DEFA
DED9
DED9
DEDA
DED9
D6B9
D6B9
D698
D6B9
3185
7BCE
0861
DEFA
DF1A
E71B
E71B
E71B
E71B
E71B
E71B
E73B
E71B
E73B
E73B
E73B
E73B
E73B
E73B
E75C
EF5C
EF5C
EF5C
EF5C
EF7C
EF7C
EF5C
E73B
E73B
EF5C
EF7C
EF7D
F79D
F79D
F79D
F79D
F79D
F79D
F79D
F79D
EF9C
EF7C
EF5B
E73A
E719
DED8
E73A
0000
0000
DEF9
D6B9
D6B9
D6B9
D6B9
D698
D698
D698
D698
CE78
CE78
CE57
C637
BDF5
B5B5
B5B5
BDD5
B5B5
B594
AD73
AD53
B574
AD53
A512
A4F2
A4D1
9C90
9CB0
9C90
9C30
9C30
A410
A471
ACD2
3165
4A48
6B4C
BDB5
B595
AD33
9CB1
9450
A4F2
B595
B595
BDD6
BE17
A512
9CF2
9CF2
A512
A533
9CF2
A512
A553
A533
2965
B5B5
94B1
18E3
AD74
AD53
AD53
AD33
9CD2
B574
BDF6
B5B5
B5B6
B595
B595
9CD2
A513
AD54
A512
A513
AD33
AD54
AD74
B595
B5B5
BDF6
C617
C658
CE99
D6FB
DEFB
DF1C
E75D
E75D
E75D
E75C
DF3C
DF1B
D6FA
D6DA
CE99
C657
B616
ADD5
9D73
9552
8D11
8D31
84F0
0000
0000
6C4D
6C2C
640B
5BCA
5BCA
53AA
4B68
4B68
4347
3B06
4B68
4B88
4B67
4B47
4326
3B05
3AE4
3AE4
3B04
4325
4325
4305
4304
4324
4325
4325
4325
4324
4324
4323
4324
4324
4305
4B45
4B66
4B45
4325
10E1
1962
2A03
4B65
4B86
4B66
4B65
4325
3B03
3B03
4344
4B45
4324
4325
4B46
4B46
4B45
4345
4324
4324
4304
2182
21A2
4B45
42E4
0860
4B44
4344
4324
4B45
4B45
4B45
4B45
4B86
4B65
4B45
4B44
4B45
4B45
4B65
4B85
4B85
4344
4344
4B44
4324
4304
4304
3B04
3B04
4304
4B66
4B46
4346
4325
4B65
5386
53A6
5386
53A7
4B66
4B45
4325
4325
4345
4B65
4B86
4B66
D6B9
CEB9
D6B9
D6B9
D6B9
D6B9
D6B9
D6D9
D6B9
D6B9
D6B9
D6BA
D6B9
D6B9
D6B9
D6DA
D6B9
D6B9
D6B9
DEDA
DEB9
D6B9
D6B9
DEB9
D6B9
D6B9
D6B9
D6B9
D6D9
D6D9
D6D9
DEDA
D6D9
DED9
DED9
DEDA
D699
39C6
BDD5
4228
DED9
DED9
0861
5289
7BEE
CE58
4A69
39C6
3185
A513
CE77
A553
2965
2104
73AD
D6B9
DED9
DED9
DEFA
CE78
E71A
0861
E71B
E71B
E71B
E71B
E71B
E71B
E71B
E73B
E71B
E73B
E73B
E73B
E73B
E73B
E73B
E75C
EF5C
EF5C
EF5C
EF7C
EF7C
EF7C
EF5C
E73B
E73B
EF5B
EF7C
F79C
F79C
F79C
F79D
F79D
F79D
F79D
F79D
F79D
EF9C
EF7C
EF5B
EF3A
E6F9
DEB8
E6FA
F79D
0000
0000
D6B9
D698
D698
D678
CE78
D678
D698
D698
CE78
CE57
CE57
CE57
C616
BDF5
BDD5
BDD5
BDD5
B5B5
B594
AD73
AD53
B594
B594
AD53
AD33
A512
A4F2
A512
AD53
B595
B574
ACF3
9C30
93EF
2944
9430
39A6
AD33
A4F2
0841
39A6
5289
9491
39E7
2965
2965
94B2
9CF2
83EE
2124
18C3
5ACA
9D12
9CD1
A533
94B2
7BCE
B595
A513
0861
AD54
AD33
AD13
9C91
9C91
AD33
B5B6
B595
B5B6
B595
AD74
9CF2
A4F2
AD54
A513
A513
AD54
AD74
B594
B5B5
B5B5
BDF6
C638
C658
CE99
DEFB
E73C
E73C
E75D
E75D
E75D
E75D
EF7D
F7BE
FFFF
FFFF
FFFF
FFFF
FFFF
FFDF
F7DE
F7BE
EFBE
EF9D
E77D
0000
0000
D6FA
CEBA
C698
BE57
B636
ADD5
A5B4
9532
8CF1
7C8F
746E
744D
6C0C
640C
5BCA
5389
4B68
4347
4327
4347
4347
4347
4326
4325
4325
4325
4305
3AE4
3AE3
3AE3
3AE3
4324
4304
4325
4345
4325
4304
10C1
3AA3
1101
4B65
4B65
0020
1922
21C2
3AC4
1101
10E1
10C1
3263
4325
3AC4
10C1
0880
29E2
4B45
4324
3AE4
3AE4
3B04
3B04
3243
0860
4B44
4344
4324
3B03
4304
4324
4B45
4B45
4B44
4B44
4B44
4B24
4324
4324
4B64
4B85
4B45
4324
4324
4324
4B45
4324
3B04
4304
4324
4B45
53A7
4B66
4B45
4B86
53A7
4B86
5386
5387
4B66
4345
4325
4345
4325
4345
4B66
4B66
CEB9
D6B9
CEB9
CEB9
CEB9
D6B9
D6B9
D6D9
D6B9
D6BA
D6DA
D6BA
D6DA
DEDA
DEDA
DEDA
D6B9
D6B9
D6B9
D6B9
D6B9
D6B9
D6B9
D6B9
D6BA
D6B9
D6B9
D6B9
D6D9
D6D9
D6D9
D6B9
DEDA
DEDA
DEDA
DEDA
94B1
73CE
DEDA
2945
D6B9
D6B9
0020
94B1
CE57
4A48
94B1
C616
AD74
2124
CE98
52AA
A533
CE78
10A2
DEFA
DEFA
DEFA
DEFA
DEFA
DF1A
0861
E71B
E71B
E71B
E71B
E71B
E71B
E71B
E71B
E73B
E73B
E73B
E73B
E75B
E75B
E75B
EF5C
EF5C
EF5C
EF5C
EF7C
EF7C
EF7C
EF5C
E73B
E73B
EF5C
EF9C
EF9C
F79C
F79C
F79C
F79C
F79C
EF9C
EF9C
EF9C
EF7C
EF5B
EF3A
E6F9
DEB7
DEF9
F79D
EF7C
0000
0000
D6B8
D698
CE78
CE78
CE78
CE78
CE78
CE57
CE57
C637
C636
C616
BDF6
BDD5
B5D5
BDD5
B5B5
B594
B594
B594
B594
B595
B5B5
B594
B594
B595
BDB5
BDD6
BDF6
BDD6
BDB5
B595
AD33
6B4C
5269
8C10
18C3
8C0F
8BAE
0020
6AEB
9430
39C7
840F
AD34
A534
2104
9CF2
39E7
7BAD
9470
0861
9D12
9CD2
A513
AD75
B595
AD54
630B
39E7
AD33
A4F2
9C70
93EF
9430
A4F2
AD75
AD75
B5B5
AD54
A533
9CF2
A4F2
A533
A533
A533
AD74
B595
B595
B5B6
BDD6
BE17
C658
CE79
CEBA
D6DA
DF1C
E73C
E75D
E75C
E73C
DF3C
DF3C
E77D
EF9E
FFDF
FFFF
FFFF
FFFF
FFFF
FFFF
FFFF
FFFF
FFFF
FFFF
0000
0000
FFFF
FFFF
FFFF
FFDF
FFDF
F7DE
F7BE
EF9D
EF7D
E75C
DF1B
D6FB
CEBA
C678
B617
ADD5
9D73
9531
84D0
7C8F
6C4D
6C2C
5BEB
5389
4B89
53C9
4B68
4346
3B05
3B05
3AE4
4305
3B05
4325
4345
4325
2A23
21A2
4324
08A1
4324
4B45
0000
3264
4B45
1941
3283
4344
3AC3
0880
4345
1942
3243
3AE4
0040
4325
3B04
3AE4
4325
4324
1921
0020
3243
4304
4324
3B04
3B24
4344
4B44
4324
4344
4324
4324
4B65
5365
4B45
4344
4345
4B65
4304
3B04
4324
4344
4B45
4B65
4304
4324
3B04
4304
4B65
53A6
4B86
4B86
4B66
4B45
4B45
4B45
4B65
4B66
53A7
53A6
4B66
4B66
4B45
4B45
CEB9
D6B9
D6B9
D6B9
D6B9
D6B9
D6D9
D6D9
D6D9
D6B9
D6BA
D6BA
D6B9
D6B9
D6B9
D6DA
D6B9
D6B9
D6DA
D6B9
D6B9
D6B9
D6B9
D6B9
D6DA
D6DA
D6DA
D6B9
D6DA
DEDA
DEDA
DEDA
DEDA
DEDA
DEDA
D6D9
4A89
2124
2965
1082
8C4F
BDD4
0840
BDD5
C616
10A2
31A6
31A6
31A6
18E3
DEDA
D698
842F
632C
0841
DEFA
DEFA
DEFA
DEFA
DEFA
DEFA
0861
E71A
E71A
E71A
E71A
E71B
E71B
E73B
E73B
E73B
E73B
E73B
E73B
E75B
E75B
E75B
EF5B
EF5C
EF5C
EF7C
EF7C
EF7C
EF7C
EF5C
E73B
E73B
EF7C
EF9C
EF9C
F79C
F79C
EF9C
F79C
F79C
F79C
EF9C
EF7C
EF5B
EF3A
E6F8
DEB7
DEF9
EF9C
F79D
E73B
0000
0000
D698
D698
D678
D678
CE78
CE78
CE57
C636
C636
C616
BDF5
BDF5
BDD5
BDD5
BDD5
BDD5
BDD5
B5B5
AD74
B594
BDD5
BDD5
BDD6
BDD5
BDD6
C5F6
C5F6
C5F6
C5F6
BDD6
BDD6
BDB5
B595
4207
18E3
2104
0861
6B2C
83AE
0020
9430
8BEF
0861
2124
2944
2965
18C3
A4F3
8C70
62EB
4A28
0020
9CF2
9CD2
9CF2
A533
A513
83EF
10A2
9491
AD13
A491
9C30
8B8D
8BEF
9CB2
A533
AD54
B595
AD33
A4F2
9CF2
A513
A533
AD74
AD74
AD74
B5B5
BDF6
BE17
BE17
BE17
C658
CE99
D6BA
D6DA
D6DB
DF1B
DF1C
DF1B
DF1B
DF1C
E73C
EF7D
F7BE
F7DE
F7DF
F7DF
F7DF
F7DF
F7DF
FFFF
FFFF
F7FF
F7FF
0000
0000
FFFF
FFFF
FFFF
FFFF
FFFF
FFFF
FFFF
FFFF
FFFF
FFFF
FFFF
FFFF
FFFF
FFFF
F7DF
F7DF
F7BE
EF9E
EF7D
E75C
E73C
D6FB
CEB9
BE57
ADF5
A5B4
9552
84D0
748E
642C
53CA
5389
4B88
4B68
4367
4347
1922
0881
08A1
0040
3263
4345
0020
4325
4345
0040
10C1
10C1
08A0
0860
4325
4305
21E3
1962
0020
4324
3AE4
3B04
3AE4
4325
4325
3223
1921
3B03
4324
3B04
4344
4B45
4B45
4324
4324
4324
4304
4B45
4B65
4B46
4B45
4B45
4B66
4325
4304
4324
4B44
4B44
4B45
4B45
4325
3B04
4303
4324
4B65
4B66
4B25
4345
4B45
5386
4B66
4B45
4B65
53A6
5386
4B66
4B66
4B66
4B45
D6B9
D6B9
D6B9
D6B9
D6B9
D6B9
D6D9
D6DA
D6D9
D6D9
D6D9
D6D9
D6B9
D6D9
D6D9
D6DA
D6B9
D6B9
D6B9
D6BA
D6BA
D6B9
D6B9
D6BA
D6B9
D6BA
DEDA
DED9
DEDA
DEDA
DED9
D6B9
D698
CE77
CE36
BDD5
2944
B594
B594
842F
5289
CE57
0861
DED9
DEDA
10A2
D6B9
DEFA
DED9
A533
DEFA
39E7
842F
C637
0841
DEFA
DEFA
DEFA
DEFA
DEFA
DEFA
0861
DF1A
DF1A
E71A
E71A
E71A
E71B
E73B
E73B
E73B
E73B
E73B
E75B
E75B
EF5B
EF5B
EF5B
EF5B
EF7C
EF7C
EF7C
EF7C
EF7C
EF5C
E73A
E73B
EF7C
EF7C
EF9C
EF9C
EF9C
F79C
F79C
F79C
EF9C
EF7C
EF5B
EF3A
E6F8
DED7
DEF9
EF9C
F7BD
EF7C
DED9
0000
0000
D698
D698
CE78
D678
CE78
CE78
C637
C616
BDF5
BDD5
BDD4
BDB4
BDD5
BDD5
BDD5
BDF6
BDF6
B594
AD74
B594
BDD5
C616
C616
BDF6
BDF6
BDF6
C5F6
BDF6
BDF6
BDF6
BDF6
BDD5
B5B5
2944
B574
AD54
7BCE
4228
9CF2
0841
9CD2
94B1
0861
9470
9CD2
AD74
8C50
A533
2945
630B
8C2F
0840
9CD2
9CD1
9CD2
94B1
8C70
18C3
6B2C
AD34
9C71
A470
A450
832C
836D
9C91
9CB2
A513
AD54
AD34
A513
A513
A533
AD54
AD74
B595
B5B5
B5B5
BDF6
C658
CE58
C658
C678
CE99
CE9A
D6DA
DEFB
DF1C
DF1C
DF1C
DF3C
E73C
E77D
EF9D
F7BE
F7DE
F7DE
F7DE
F7DF
F7DF
F7DF
F7FF
F7DF
F7DF
F7FF
0000
0000
F7DF
F7DF
F7FF
F7DF
F7FF
F7FF
F7FF
F7FF
FFFF
F7DF
F7DF
F7FF
F7DF
F7DF
F7DF
F7FF
FFFF
FFFF
FFFF
FFFF
FFFF
FFFF
FFFF
F7FF
F7DF
F7BE
EF9E
E75C
DF3B
D6DA
C678
B616
A5B4
9553
84F0
748F
18E3
5C0B
53CA
3AA6
2183
4B68
0020
4347
4326
0040
3B05
3B24
3AE4
3243
4325
10E1
29E3
3AC4
0020
4304
4304
4304
1941
4304
4304
3AE4
0020
4304
4324
4344
4B65
4B65
4B45
4324
4324
4B45
4B65
4B45
4B25
4B45
5366
4B45
4B45
4B45
4324
4324
4324
4B45
4345
4345
4345
4324
4324
4324
4B45
4B46
4B66
5386
4B66
5386
5386
5386
53A6
5386
4B65
4B66
4B65
5386
4B45
D6B9
D6B9
D6B9
D6D9
D6B9
D6D9
D6DA
D6DA
D6DA
D6DA
D6D9
D6DA
D6DA
D6DA
D6B9
D6DA
DEDA
DEDA
DED9
DEDA
DEDA
DED9
D6B9
D6B9
D698
D698
CE77
CE57
C636
BDF5
BDD5
BDD4
B5B4
B593
B593
8C70
4A89
CE78
D6B9
D699
2104
DEDA
0861
DEDA
DEDA
4228
8C71
DEDA
9CD2
39E7
DEFA
1081
CE78
BDF6
0020
DEFA
DEFA
DEFA
DEFA
DEFA
DEFA
0861
DEFA
DF1A
DF1A
DF1A
E71A
E71B
E73B
E73B
E73B
E73B
E73B
E75B
E75B
EF5B
EF5B
EF5B
EF5B
EF7C
EF7C
EF7C
EF7C
EF7D
EF5C
E71B
E71A
EF5B
EF7C
EF9C
EF9C
EF9C
F79C
F79C
F79C
EF7C
EF5B
E73A
E6F8
DED7
DEF9
EF7C
F7BD
F79D
E73B
D6B9
0000
0000
D698
D698
CE78
CE78
CE58
CE57
C637
C616
C5F5
BDD4
BDB4
BDF5
BDF5
BDD5
BDD5
BDD5
B5D5
B594
B594
B594
BDD5
C616
C637
C616
C5F6
BDF6
BDF6
C616
C616
C616
BE16
C616
8C70
4A48
B5B5
B594
A533
18C3
A533
0841
9CF2
9CD2
3185
5ACA
9471
738D
3185
AD54
0861
A513
840F
0020
9CD2
9CD2
9CB1
8C50
2965
5AAA
9C91
AD34
838E
9C0F
93AD
72AA
7B2C
9450
9470
A4D2
A513
A533
A533
AD33
AD54
AD74
AD74
B595
B5B5
B5B5
BDD6
C637
CE79
CE99
CE99
D6BA
D6BA
D6DA
DEFB
DEFB
DF1C
DF3C
E73C
E75C
EF7D
EF9D
F7BE
F7DE
F7DE
F7DE
F7DF
F7DF
F7DF
F7DF
F7DF
F7DF
F7DF
0000
0000
F7DF
F7DF
F7DF
F7DF
F7DF
F7FF
F7FF
F7FF
F7FF
F7DF
F7DF
F7FF
F7FF
F7DF
F7DF
F7FF
F7FF
F7FE
F7DF
F7FF
FFFF
F7FF
F7FF
F7FF
FFFF
FFFF
F7FF
FFFF
FFFF
FFFF
FFFF
F7DF
F7BE
EF9E
E77D
AD75
52CB
CEB9
BE57
ADD5
18E3
9552
0841
7CAF
6C4D
2144
3266
4B88
3265
10E2
4347
0040
4306
3AA5
0000
3AE5
4305
3AE4
1101
2A03
4324
3243
08A1
4324
4B44
4B65
4B85
4B65
4B65
4B45
4B44
5385
4B65
4324
4B45
5366
53A6
4B45
4B45
4B45
4304
4304
4324
4304
4304
4345
4345
3B04
3AE3
4304
4B45
4B45
5386
53A6
5386
4B86
5386
5386
53C7
4B86
4B45
4B45
4B86
5386
4B45
D6B9
D6B9
D6B9
D6D9
D6D9
D6DA
D6D9
D6DA
D6DA
D6DA
D6DA
D6D9
D6D9
DED9
D6B9
D6B9
D699
D698
CE77
CE36
C616
C615
C615
BDD4
B593
B573
AD72
AD53
AD73
AD73
B594
BDF5
C637
CE78
D6B9
630B
9491
DEDA
DEDA
DEDA
31A6
B5B6
0861
DEDA
DEDA
C617
39E7
31A6
39C6
BDF6
DEF9
6B6C
2124
4A69
1082
D6B9
DEFA
DEFA
DEFA
DEFA
DEFA
0861
DF1A
DEFA
DEFA
DF1A
E71A
E71A
E73A
E73B
E73B
E73B
E75B
E75B
E73B
E75B
EF5B
EF5B
EF5B
EF5B
EF7B
EF7C
EF7C
EF7C
EF7C
E73B
E71A
E73B
EF5B
EF7C
EF7C
EF9C
F79C
EF9C
EF7C
EF5B
E73A
E6F8
DED7
DEF9
EF7C
F7BD
F79D
EF7C
DEFA
CE98
0000
0000
D698
CE78
CE78
CE77
C637
C636
C636
C616
C5F5
BDD5
BDD5
BDF5
BDF5
BDF5
B5D5
B5B5
B5B5
B5B5
B5B5
BDD5
BDF6
C637
CE57
C637
C616
C616
C616
C616
BDF6
C616
C616
C616
52A9
7BEE
B5D5
B5B5
AD74
2944
8C71
0841
A513
9CD2
840F
2124
2104
2124
8C71
AD54
52AA
18E3
31A6
0861
9CD2
9CD2
9470
5AAA
0020
2104
2945
2945
834C
AC91
9BCD
8B2C
7B0C
8C0F
9450
9CB1
A4D2
A513
AD54
AD74
AD74
B594
B574
B5B5
B5B5
B5B5
B5B5
BDD6
C638
CE79
CEB9
D6BA
D6DB
D6DB
D6DB
D6DA
D6FB
DEFB
DF1B
DF3C
E77D
EF9E
F7BE
F7DE
F7DE
F7DE
F7DE
F7DE
F7DE
F7DE
F7DF
F7DF
F7DF
0000
0000
F7DF
F7DF
F7DF
F7DF
F7DF
F7FF
F7FF
F7DF
F7DF
F7DF
F7DF
F7FF
F7FF
F7DF
F7FF
F7FF
F7FF
F7FF
F7FF
F7FF
F7FF
FFFF
F7FF
F7FF
F7FF
F7FF
F7DF
F7FF
F7DF
F7DF
F7DF
F7DF
F7DF
F7DF
F7FF
6B8E
A555
F7DF
F7DF
F7DE
39E7
C659
0861
E75C
DF1B
BE17
31C7
2985
2985
84B0
8D11
3A47
10A2
2164
0841
4B89
4B89
4348
3AA6
10C1
10C1
10C1
3AA4
4325
4304
4325
4B86
5386
4B45
4324
4324
4324
4324
4324
4B45
4B45
4B45
4B44
4B44
4B45
4324
4324
4B24
4304
4324
4345
4325
3B04
4304
4324
4B65
4B25
4324
4B45
4B65
4B65
5386
4B86
53A6
5386
4B45
4B66
5387
4B66
4B45
D6D9
D6D9
D6B9
D6B9
D6B9
D6B9
D6B9
D699
CE78
CE57
C637
C636
C616
BDF5
BDB4
B593
AD72
AD52
AD32
AD32
AD32
A532
AD52
AD53
AD94
B5B5
BDF5
C637
CE78
D6B9
D6D9
DEDA
DEDA
D6DA
DEDA
DEDA
DED9
DED9
DEDA
DEDA
DEDA
DED9
DEDA
DEDA
DED9
DED9
DED9
DED9
DEDA
DEDA
DED9
DEFA
DEFA
DEFA
DEFA
DEFA
DEFA
DEFA
DEFA
DEFA
DEFA
DEFA
DEFA
DEFA
DEFA
DF1A
E71A
E71A
E71A
E73B
E73B
E73B
E73B
E73B
E73B
E73B
E75B
EF5B
E75B
EF5B
E75B
E75B
EF5B
EF5B
EF7C
E75B
E71A
E6FA
E73B
EF5B
EF7B
EF9C
EF9C
EF7C
EF5B
E71A
E6F8
DEB8
E6FA
EF7C
EF9D
F7BD
F79D
E73B
D6B9
CE78
0000
0000
D678
CE78
CE57
CE57
C636
C636
C636
C616
C615
BDF5
BDD5
BDD5
BDD5
B5B4
B5B4
B5B5
BDD5
BDF5
BE16
C637
CE57
D698
CE78
C657
C637
C616
BE16
BDF6
C637
C637
C637
C616
BE16
BDD6
BDD5
B5B5
AD74
AD74
A534
9CF2
A533
9CF2
94B1
8C50
8C50
9491
9CF2
A533
AD74
A513
9CD2
9CD2
9CF2
94B1
9470
9491
94B1
A4F3
AD54
8C0F
940F
B4D1
A36C
7A49
7B0C
8C0F
9450
9C91
9CB1
A513
AD54
AD74
B5B5
B5B5
B595
B5B5
B5B5
BDD6
B595
B5B5
BDF6
C637
CE78
CE99
D6BA
D6DA
D6DA
D6BA
D6DA
D6DB
DEFB
DF1C
E75C
EF7D
F7BE
F7DF
F7DF
F7DF
F7DE
F7DF
F7DF
F7DE
F7DE
F7DF
F7DE
0000
0000
F7DF
F7DF
F7DF
F7DF
F7DF
F7DF
F7FF
F7FF
F7FF
F7DF
F7DF
F7FF
F7FF
F7DF
F7DF
F7FF
F7DF
F7DF
F7DF
F7DF
F7DF
F7DF
F7FF
F7FF
F7DF
F7DF
F7DF
F7DF
F7DF
F7DF
F7DF
F7DF
F7DF
F7DF
F7DF
F7DF
F7DF
F7DF
F7DE
F7DE
F7DF
F7DE
F7DE
F7DF
F7FF
FFFF
FFFF
F7DF
F7DF
F7BE
F79E
EF9D
E75C
DF1B
D6DA
CE99
BE58
ADF5
9D73
9552
84F0
746E
6C2C
5BCA
4B68
4B47
4B67
4326
3B05
4305
3AC4
3AE4
4304
4304
4324
4B45
4B24
4324
4324
4324
4304
4324
4324
4B44
4B45
4B45
4325
4325
4325
4B45
4B45
4B45
4324
4304
4344
4B45
4B66
4325
4B45
4B86
4B66
4B66
53A7
5386
4B25
CE78
CE57
C636
C616
C5F5
B5B4
B5B4
B594
B593
B573
AD52
AD32
AD32
A532
A532
AD52
AD52
AD53
AD73
B594
BDF5
C616
CE58
CE78
D6B9
DEDA
DEDA
DEDA
DEDA
DEDA
D6DA
DEDA
DEDA
DEDA
DEDA
DED9
DED9
DED9
DED9
DED9
DED9
DEDA
DED9
DEDA
DED9
DED9
DED9
DED9
DEF9
DEFA
DEFA
DEFA
DEFA
DEFA
DEFA
DEFA
DEFA
DEFA
DEFA
DEFA
DEFA
DEFA
DEFA
DEFA
DEFA
DF1A
DF1A
E71A
E71A
E71A
E71A
E71A
E71A
E71A
E71A
E6FA
E71A
E71A
E73A
E73A
E73B
E73B
E73B
EF3B
EF5B
EF5B
E73B
E73B
E71A
E73B
EF5B
EF7B
EF7C
EF7B
E73A
E719
DED8
E71A
EF7C
EF9D
F7BD
F79D
EF7C
E71A
D6B9
D698
0000
0000
CE78
C637
C657
C656
C616
C616
C636
C657
C636
BE15
BDD5
BDD5
B5B4
B5B4
B594
B594
B5D5
BDD5
BDF6
C637
D678
D698
CE78
C637
C637
C637
C637
C637
C657
C637
C616
C616
BDF6
BDD6
BDD5
B594
AD74
AD74
A513
9D13
A534
9CF2
9CB2
9491
9491
94B1
94B1
9CD2
9CF2
9CF2
9CF2
A4F2
9CD2
9CB1
9CB1
94B1
9CB1
AD54
A4F3
9450
9C50
A3EE
9B0B
828A
7B4C
8C0F
9450
942F
9C91
A533
AD74
B595
B5B6
BDD6
B5D6
B5B6
B5B5
BDF6
B5B5
B5B5
BDD6
BDF6
C617
C658
CE99
CE99
CE99
CEB9
D6BA
D6DA
D6DB
DF1C
EF7D
EF9D
F7BE
F7DF
F7DF
F7DF
F7DF
F7DF
F7DF
F7DF
F7DF
F7DF
F7DF
0000
0000
F7DF
F7DF
F7DF
F7DF
F7DF
F7DF
F7DF
F7FF
F7FF
F7FF
F7FF
F7DF
F7DF
F7DF
F7FF
F7FF
F7FF
F7DF
F7DF
F7DF
F7DF
F7DF
F7FF
F7DF
F7FF
F7DF
F7DF
F7DF
F7DF
F7DF
F7DF
F7DF
F7DF
F7DF
F7DF
F7DF
F7DF
F7DF
F7DF
F7DF
F7DE
F7FE
F7DE
F7FE
F7FF
F7FF
F7FF
F7FF
F7DF
F7DF
F7DE
F7DF
FFFF
FFDF
FFFF
FFFF
FFDF
F7DE
F7BE
EFBE
EF9D
E75C
DF1B
D6DA
BE57
ADF6
9D93
8D11
7CAF
6C2D
5BCB
5389
5389
4B47
4306
3B05
4305
4325
4B26
4B26
4325
4304
3B04
3B04
4324
4B65
4325
4325
4325
4324
5366
5366
4325
4304
4304
4304
4304
4304
4344
5386
5386
4B66
4B66
4B66
4B25
AD52
AD52
AD52
AD52
AD53
AD53
AD53
AD53
AD53
AD53
AD73
B594
B594
B594
B5D5
BDF6
C657
CE78
D699
D6B9
D6DA
DEDA
DEDA
DEDA
DEDA
DEDA
D6DA
DEDA
DEDA
DEDA
D6BA
D6B9
DED9
D6D9
D6D9
DED9
DED9
DED9
DEDA
DED9
DEDA
DED9
DED9
DED9
D6D9
DED9
DED9
DED9
DED9
DEDA
DEFA
DEFA
DEFA
DEFA
DEFA
DEFA
DEFA
DEFA
DEFA
DEFA
DEFA
DEFA
DEFA
DEFA
DEFA
DF1A
DF1A
E71A
E71A
DEFA
DEF9
DED8
DED8
DED8
DED8
E6D8
E6F9
E6F9
E719
E719
E71A
E71A
E71A
E71A
E73B
EF5B
EF7C
EF7C
EF5B
E73B
EF5B
EF7C
EF5B
EF5B
EF3B
E719
E71A
EF7C
EF9D
EFBD
EFBD
F79D
EF5B
E71A
D6B9
D698
0000
0000
CE57
CE57
CE57
C636
BDF5
C616
CE57
C657
C636
BDF5
B5B4
BDB4
BDB4
B5B4
B594
B594
BDD5
BDF6
C637
CE78
D698
CE78
C657
C637
C637
C637
C636
C636
C616
C616
C637
C5F6
BDF6
BDF6
B5D5
AD94
AD74
A553
A513
A533
A554
9CF2
9CD2
94B1
94B1
94D1
94B1
9CD2
A512
A513
A512
A4F2
9CF2
A4F2
9CD1
94B1
9CD2
AD34
9CD2
9C91
9C91
9C2F
9BEF
832C
8BAE
942F
8C2F
8C2F
9470
A513
AD74
B5B5
BDD6
BE17
BDF6
B5D6
B5B6
BE16
BDD6
B5D5
BDD6
BDD6
BDF6
BE17
C637
CE78
CE99
CE99
D6BA
D6DA
D6FB
DF3C
EF7D
F7BE
F7DE
FFDF
F7DF
F7FF
F7FF
F7FF
F7FF
F7DF
F7DF
F7DF
F7DF
0000
0000
F7DF
F7DF
F7DF
F7DF
F7DF
F7DF
F7FF
F7FF
F7FF
F7FF
F7FF
F7FF
F7FF
F7FF
F7FF
F7FF
F7FF
F7DF
F7DF
F7DF
F7DF
F7DF
F7DF
F7DF
F7DF
F7DF
F7DF
F7DF
F7DF
F7DF
F7DF
F7DF
F7DF
F7DF
F7DF
F7DF
F7DF
F7DF
F7DF
F7DF
F7DF
F7DF
F7DF
F7DF
F7DF
F7DF
F7DF
F7DF
F7DF
F7DF
F7DE
F7DE
F7DF
F7FF
F7DF
F7DF
F7FF
F7DE
F7DF
F7DF
F7FF
F7FF
FFFF
FFFF
F7DF
F7DF
F7BE
EF9E
E77D
E73C
D6FB
CEDA
BE57
ADD5
9D73
8CF1
7C8F
6C4D
6C0C
5BCA
4B68
4347
4306
3AE5
3B05
3B05
3B05
3B05
4346
4B66
4B46
4B66
4B66
4305
3AE4
42E4
3AE4
4324
4324
4B65
5386
4B66
4325
4B45
4B66
AD52
AD52
AD32
AD52
AD53
AD73
B594
B5B5
BDD6
BDF6
C617
CE58
CE98
D6B9
D6B9
D6DA
D6DA
D6B9
D6B9
D6BA
D6BA
D6BA
D6BA
D6B9
D6BA
D6DA
D6BA
D6DA
D6DA
D6DA
D6BA
D6D9
D6D9
D6D9
DED9
DED9
DED9
DED9
DED9
DED9
DED9
DED9
DED9
DED9
D6D9
D6D9
DED9
DED9
DED9
DEDA
DEDA
DEFA
DEFA
DEFA
DEFA
DEFA
DEFA
DEFA
DEFA
DEFA
DEFA
DEDA
DEDA
DEFA
DEFA
DF1A
DF1A
E71A
E6FA
E6FA
DED9
DED8
DEB7
DEB7
DEB7
DEB8
DEB8
DED8
DED8
E6D8
E6F9
E6F9
E6F9
E6F9
E71A
E73B
EF5B
EF7C
EF7C
EF5C
E75B
EF5B
EF5B
E75B
E73B
EF5B
EF7C
F79D
F7BD
F7BD
F79D
EF7C
E71A
DED9
CE78
CE78
0000
0000
D678
CE78
CE57
BE15
BE15
C636
C636
C616
BE15
BDD4
B5B4
BDB4
BDB4
B594
B573
B594
B5D5
BDF6
C637
CE78
CE78
CE57
C637
C637
C637
BDF6
BDF5
BDF6
C616
C637
BE16
BE16
BE16
BDD6
B5B5
AD74
A554
A533
A513
A554
A553
9D12
9CD2
94B1
94B1
9CF2
9CF2
A513
A533
A533
A513
A533
A533
A512
9CD1
9CB1
A513
A533
A4F2
A4D2
A4B1
A4D2
9C50
8BEF
8BEF
8BEE
8BEE
8C0F
9470
A512
AD74
B5D5
BDD6
C617
BE17
BE17
BDD6
C617
BDF6
BDD6
BDF6
BDF6
BDF6
C617
C617
C658
CE79
CE99
D6BA
D6BA
D6DA
E75C
EF9E
F7BE
F7FE
F7FF
F7FE
F7FE
F7FF
F7FE
F7FF
F7FF
F7FF
F7DF
F7DF
0000
0000
F7FF
F7DF
F7DF
F7DF
F7DF
F7DF
F7FF
F7FF
F7DF
F7FF
F7DF
F7DF
F7FF
F7FF
F7FF
F7FF
F7FF
F7DF
F7DE
F7DE
F7DE
F7FF
F7FF
F7DF
F7FF
F7DF
F7DF
F7DF
F7DF
F7DF
F7DF
F7DF
F7DE
F7DE
F7DF
F7DF
F7DF
F7DF
F7DF
F7FF
F7DF
F7DF
F7DF
F7DE
F7DF
F7DF
F7DF
F7DF
F7DF
F7DE
F7DE
EFBE
F7DE
F7DF
F7DF
F7DF
F7DF
F7DF
F7DF
F7DF
F7FF
F7DF
F7DF
F7DF
F7DF
F7DF
F7DF
F7FF
FFDF
FFDF
FFFF
FFFF
F7DF
F7DE
F7BE
EFBE
EF7D
E75C
DF1B
D6FB
C6B9
BE58
B616
9D94
8D11
7CAF
748E
6C4D
5BCA
5389
4B48
4327
4326
4306
4306
4306
4305
4325
4325
4345
4345
4325
4325
5366
5386
AD53
AD73
B594
B5B5
C616
C637
CE58
CE99
D6B9
D6B9
D6B9
D6BA
D6B9
D6B9
D6B9
D6B9
D6B9
D6B9
D6B9
D6B9
D6B9
D6BA
D6BA
D6B9
D6B9
D6DA
D6B9
D6B9
D6B9
D6DA
D6B9
DED9
D6D9
D6D9
D6D9
DED9
DED9
D6D9
D6D9
D6D9
D6D9
D6D9
D6D9
D6D9
D6D9
DED9
DED9
DED9
DEDA
DEDA
DEFA
DEFA
DEFA
DEFA
DEFA
DEFA
DEFA
DEFA
DEFA
DEF9
DEFA
DED9
DED9
DEFA
DEFA
DEFA
DEFA
DEFA
E6FA
E6F9
DED8
DE97
DE97
DE97
DE97
D697
D697
D676
D677
D697
DE97
DEB8
DED8
E6D8
E6F9
E6F9
E6FA
E71B
EF5C
EF7C
EF5B
EF5B
EF5C
E75B
EF5B
EF7C
EF7D
F79D
F7BD
F7BD
EF9C
E73B
DED9
D6B8
CE78
CE58
0000
0000
CE78
CE57
C636
C616
BE16
C616
C616
C616
BDF5
BDD4
B5B4
B5B4
BDB4
B594
B573
B573
B5D5
BDF6
C636
CE57
CE78
CE57
C637
C637
C616
BDF6
BDF6
C616
C616
BE16
BE16
BE16
BDD6
B5B5
B595
AD74
A533
A533
A533
A554
A533
A513
9CD2
9CD2
9CF3
A513
A513
A533
A553
A533
A533
AD53
A533
A513
9CD1
9CD2
A4F2
A513
AD33
AD13
A4B1
A4D2
AD13
A4D3
9450
8C0F
8BEE
83EE
9490
A512
AD74
BDD6
BDF7
C617
C637
C617
BE17
C637
C617
BDF6
BDF6
C617
C617
C638
C637
C638
CE78
CE99
D6BA
D6DA
D6DA
DF1B
EFBE
F7FE
FFFE
FFFE
FFFE
FFFE
FFFE
F7FE
FFFE
FFFE
FFFE
F7FE
F7FE
0000
0000
F7DF
F7DF
F7DF
F7FF
F7FF
F7DF
F7FF
F7FF
F7FF
F7FF
F7FF
F7FF
F7FF
F7FF
F7DF
F7FF
F7FF
F7DF
F7DE
F7DE
F7DF
F7DF
F7DF
F7DF
F7DF
F7DF
F7DF
F7DF
F7DF
F7DF
F7DF
F7DF
F7DF
F7DE
F7DF
F7DF
F7DF
F7DF
F7DF
F7DF
F7DF
F7DF
F7DF
F7DF
F7DF
F7DF
F7DF
F7DF
F7DF
F7DE
F7BE
F7BE
F7DE
F7DF
F7DF
F7DF
F7DF
F7DF
F7DF
F7DF
F7DF
F7DF
F7DF
F7DF
F7DF
F7DF
F7FF
F7FF
F7DF
F7DF
F7DF
F7DF
F7DF
F7DF
F7DF
F7DF
FFDF
FFDF
FFFF
FFFF
FFFF
FFFF
F7DF
F7BE
EFBE
EF9E
E77D
E75C
D6FB
CEB9
C678
B637
ADD5
9D73
8CF1
7C8F
744D
63EB
5BCA
5368
4326
4B27
4B26
4B47
4B67
C637
CE78
D6B9
D6B9
D6D9
D6B9
D6B9
D6B9
D6B9
D6B9
D6B9
D6B9
D6B9
D6B9
D699
D6B9
D6B9
D6B9
D6B9
D6B9
D6B9
D6B9
D6B9
D6B9
D6B9
D6BA
D6DA
DEDA
D6DA
D6DA
D6D9
D6D9
D6D9
D6D9
D6D9
D6D9
D6D9
D6D9
D6D9
D6D9
D6D9
D6D9
D6D9
D6D9
DED9
DED9
DEDA
DEDA
DEDA
DEFA
DEFA
DEFA
DEFA
DEFA
DEFA
DEFA
DEF9
DED9
DEFA
DED9
DEFA
DED9
DED9
DED9
DEF9
DEFA
DEFA
DED9
DEB8
D677
D676
D676
DE76
D676
D656
D656
CE36
CE35
CE36
CE35
CE36
CE56
D676
DE97
DEB8
E6D9
E6D9
E6FA
E71A
E73B
EF5B
EF5C
EF7C
EF7C
EF7D
F79D
EF9C
F79D
F7BD
F79D
EF7C
E71A
D698
CE77
CE57
CE77
0000
0000
C636
C636
C636
C636
C616
C636
C616
C615
BDF5
BDD4
B594
B594
B5B4
B594
AD73
AD73
B593
B5B4
BDD5
C637
CE78
C637
C637
C637
C637
C637
BDF5
BDF5
BDF6
BE16
BDF6
BDD6
BDD5
B5D5
AD94
AD54
A554
A533
A533
A554
A533
A513
9CF2
A513
A513
A533
9D12
A533
AD53
A553
AD74
AD74
AD53
A533
9CD2
9CB1
9CD2
AD33
AD54
AD54
A4F2
9C91
9CB1
AD34
AD54
9CD2
9470
8C4F
9CB1
A4F2
AD54
BDD6
BE17
BE17
C637
C637
C637
C637
BE17
C617
C617
C617
C617
CE58
CE58
C638
C658
CE78
CE99
D6BA
D6FB
E73C
EF7D
FFDE
FFFE
FFFE
FFFE
F7FE
FFFE
FFFE
FFFE
FFFE
FFFE
F7FE
F7FE
0000
0000
FFDF
FFDF
F7FF
FFFF
F7FF
F7FF
F7FF
F7FF
F7FF
F7FF
F7FF
F7FF
F7DF
F7DF
F7DF
F7DF
F7DF
F7DF
F7DE
F7DE
F7DE
F7DE
F7DF
F7DE
F7DE
F7DE
F7DF
F7DF
F7DF
F7DF
F7DF
F7DF
F7DF
F7DE
F7DF
F7DF
F7DF
F7DF
F7DF
F7DF
F7DF
F7DF
F7DF
F7DF
F7DF
F7FF
F7DF
F7DF
F7DE
F7BE
F7BE
F7BE
F7BE
F7BE
F7DF
F7DF
F7DF
F7DF
F7DE
F7DF
F7DF
F7DF
F7DF
F7DF
F7DF
F7DF
F7DF
F7DF
F7FF
F7DF
F7DF
F7DF
F7DF
F7DF
F7DF
F7DF
F7DF
F7DF
F7DF
F7DF
F7DF
F7DF
F7FF
F7FF
F7FF
F7FF
F7FF
F7DF
F7DF
FFDF
F7DF
F7DF
F7DF
F7BE
EF9E
E77D
E75C
DF3B
D6FA
CEB9
C678
BE57
ADF6
A5B4
9552
D6B9
D6B9
CEB9
D6B9
D6B9
CEB9
D6B9
D6B9
D699
D6B9
D6B9
D6B9
D6B9
D699
D699
D6B9
D6B9
D6B9
D6B9
D6B9
D6B9
D6B9
D6BA
D6B9
D6B9
DEDA
DEDA
DEB9
DEDA
DEDA
DEDA
DED9
D6D9
D6B9
D6B9
D6B9
D6B9
D6B9
D6B9
D6B9
D6B9
D6D9
D6D9
D6D9
DED9
DED9
DEDA
DEFA
DEFA
DEFA
DEFA
DEFA
DEFA
DEFA
DEFA
DED9
DED9
DED9
DED9
DED9
DED9
DED9
DED9
DED9
DED9
DED9
DEB9
DEB8
DE97
D676
D676
D655
D635
D615
CE15
CDF5
C5F4
C5F4
C5F4
C5D4
C5D4
C615
CE35
D677
DE98
DEB8
E6D9
E6F9
E71A
E73A
E73B
EF5B
EF7C
F79D
F7BD
F7BD
EF9C
EF9C
F7BD
F7BD
EF5C
DED9
CE77
C636
C636
CE78
0000
0000
C636
C636
C636
C636
C636
C616
C616
BE15
BDF5
B5B4
B594
B593
B573
B594
AD53
AD53
AD73
B594
BDF6
CE78
CE57
C637
C616
C637
C657
C616
BDF5
BDF6
BDF6
BDF6
BDF6
BDF6
B5D5
AD94
AD74
AD74
AD54
A533
A533
A553
A533
A533
A513
A533
A533
A533
A512
AD53
AD54
AD74
B5B5
AD74
AD54
A533
A4F2
A4F2
A512
AD54
B574
B575
B554
A4D2
9450
9CB1
B575
B595
A513
9CB1
9CB1
A512
AD54
B5B5
C617
C617
C637
C637
C637
C637
C637
C617
C5F6
C5F7
C617
C638
CE58
C637
C658
C678
CE78
CEB9
D6FA
EF7D
F7DE
FFDE
FFFE
FFFE
FFFE
FFFE
FFFE
FFFE
F7FE
FFFE
FFFE
F7FE
F7DE
0000
0000
FFFF
FFFF
FFDF
F7FF
FFFF
F7FF
F7FF
F7FF
F7FF
F7FF
F7FF
F7FF
F7DF
F7DF
F7DF
F7DF
F7DF
F7DF
F7DF
F7BE
F7BE
F7DE
F7DF
F7DE
F7DE
F7DE
F7DF
F7DE
F7DF
F7DF
F7DF
F7DF
F7DF
F7DF
F7DF
F7FF
F7DF
F7DF
F7DF
F7DF
F7DF
F7DF
F7DF
F7DF
F7DF
F7DF
F7DF
F7DF
F7DE
F7BE
F7BE
F7BE
F7BE
F7BE
F7DE
F7DF
F7DF
F7DF
F7DF
F7DF
F7DF
F7DE
F7DE
F7DE
F7DE
F7DE
F7DF
F7DE
F7DE
F7DE
F7DE
F7DE
F7DF
F7DE
F7DF
F7DF
F7DF
F7DF
F7DF
F7DF
F7FF
F7DF
F7FF
F7FF
F7FF
F7FF
F7DF
F7DF
F7DF
F7DF
F7DF
F7DF
F7FF
F7FF
F7FF
F7FF
F7FF
FFFF
FFFF
FFFF
F7FF
F7DF
F7DF
F7BE
EF9E
CEB9
CEB9
D6B9
D6B9
D6B9
D6B9
D699
D699
D699
D6B9
D6B9
D699
D6B9
D699
D699
D699
D699
D6B9
D6B9
D6B9
D6B9
D6B9
D6D9
D6DA
D6DA
DEDA
DEB9
DED9
D6BA
D6BA
D6D9
D6B9
D6B9
D6B9
D6B9
D6B9
D6B9
D6B9
D6B9
D6B9
D6B9
D6D9
D6D9
DED9
DED9
DEDA
DEFA
DEFA
DEFA
DEFA
DEFA
DEFA
DEFA
DEFA
DEFA
DED9
DED9
DED9
DED9
DED9
DED9
DED9
DED9
DED9
D6B9
D6B9
D698
D697
D656
D615
CDF4
C5D3
C5B3
C593
BD72
BD72
BD72
BD93
C593
C5D4
CDF5
CE36
D676
D697
DEB8
E6D8
E6F9
E6F9
E6FA
E71A
E71A
E73B
EF5C
EF7C
F79D
F7BD
F79C
EF9C
F79D
F7BD
EF7C
DED9
CE77
C636
C636
CE78
0000
0000
C636
C636
C616
C616
C616
BE15
BDF5
BDF5
BDD4
B5B4
B594
AD73
AD73
B594
AD53
AD32
AD53
B5B4
CE57
CE78
CE57
C616
BDF6
C616
C636
BE16
BDF5
BDF6
BDF6
BDF6
BDD5
B5D5
B5B5
B594
AD74
AD74
AD53
A533
A533
AD54
A533
A513
A513
A533
AD54
AD53
A533
AD74
AD74
B5B5
B595
AD74
AD74
A533
A533
A513
A4F2
AD33
B595
B595
B595
A513
9450
942F
A4F3
BDB5
B5B5
A513
9CD1
A512
AD53
B595
BDF6
C617
C617
C637
C637
C637
C658
C637
C617
BDF6
C616
C657
C637
C637
C637
C678
CE79
CE99
DEFB
EF7D
F7DE
F7FE
FFFE
F7FE
FFFE
FFFE
F7FE
F7FE
FFFE
FFFE
F7DE
F7FE
F7FE
0000
0000
FFFF
FFDF
FFFF
FFDF
F7FF
FFFF
FFFF
F7FF
F7FF
F7FF
F7FF
F7FF
F7DF
F7DF
F7DF
F7DF
F7DF
F7DE
F7DF
F7DE
F7DE
F7DE
F7DE
F7DF
F7DF
F7DE
F7DE
F7DF
F7DE
F7DE
F7DE
F7DE
F7DE
F7DE
F7DE
F7DE
F7DF
F7DF
F7DF
F7DF
F7DF
F7DF
F7DF
F7DF
F7DF
F7DF
F7DF
F7DF
F7DF
F7DE
F7BE
F7DE
F7DE
F7DF
F7DE
F7DF
F7DF
F7DF
F7DE
F7DE
F7DE
F7DE
F7DE
F7DE
F7BE
F7DE
F7DE
F7BE
F7DF
F7DF
F7DE
F7DE
F7DE
F7DF
F7DE
F7DF
F7DF
F7DF
F7FF
F7DF
F7DF
F7FF
F7FF
F7FF
F7FF
F7FF
F7DF
F7DF
F7DF
F7DF
F7FF
F7DF
F7FF
F7FF
F7FF
F7DF
F7DF
F7FF
F7FF
F7FF
F7FF
F7FF
F7FF
F7DF
F7DF
CEB9
D6B9
D6B9
D6B9
D6B9
D6B9
D6B9
D699
D699
D6B9
D6B9
D699
D699
D699
D699
D699
D6B9
D6B9
D6B9
D6B9
D6B9
D6BA
DEDA
DEDA
D6BA
DEDA
DEBA
DEBA
D6B9
D6B9
D6B9
D6B9
D6B9
D6B9
D6B9
D6B9
D6B9
D6B9
D6B9
D6B9
D6B9
D6D9
DED9
DEDA
DEDA
DEDA
DEFA
DEFA
DEFA
DEFA
DEFA
DEFA
DEFA
DED9
DED9
DED9
DED9
DED9
DED9
DED9
DED9
DED9
DED9
DED9
D6B9
D698
D677
D656
CE14
CDD4
C593
BD72
BD31
B531
B511
B531
BD72
BD93
C5D4
CDF4
CE15
CE15
CE35
D677
DE98
DEB8
DEB8
DEB8
DEB8
DED8
E6D9
E6FA
E71A
E73B
EF5B
EF7C
EF7C
EF9C
EF9C
F79D
EF5C
D6B9
CE77
CE57
CE57
CE98
0000
0000
C637
C616
BE15
BDF5
C615
BE15
BDF5
BDD5
BDB4
B594
AD73
AD52
AD52
AD53
AD52
AD32
AD32
AD73
C637
CE78
CE57
C636
C5F6
BDF6
C616
BE16
BDF6
BDF6
BDF6
C616
BDF6
B5B5
B594
AD74
AD53
AD53
A553
A533
A533
A533
A533
A533
A533
AD53
AD74
AD54
AD53
AD74
AD74
B5B5
AD74
AD54
AD74
A533
AD53
AD53
A512
A533
AD74
B5B5
BDB6
AD54
9470
944F
9CB1
AD53
BDD6
B5B5
A512
A512
A553
B595
BDF6
C617
BDF7
C637
C658
C658
CE58
C637
C617
BDF6
BDF6
C637
C616
BDF6
C637
C658
CE99
CE99
DF1B
EF7D
F7BE
F7DE
F7FE
F7DE
F7DE
F7FE
F7DE
F7FE
F7DE
F7DE
F7DE
F7FE
F7FE
0000
0000
F7DE
F7FE
F7FE
F7FE
F7FE
FFFF
F7FE
F7FE
F7FF
F7DF
F7FF
F7DF
F7DF
F7DF
F7DF
F7DE
F7DF
F7DE
F7DE
F7BE
F7DE
F7DE
F7DF
F7DF
F7DF
F7DF
F7DE
F7DF
F7DE
F7DE
F7DF
F7DE
F7DE
F7DE
F7DE
F7DE
F7DF
F7DF
F7DE
F7DF
F7DF
F7DF
F7DF
F7DF
F7DF
F7DF
F7DF
F7DF
F7DF
F7DE
F7DF
F7DF
F7DF
F7DF
F7DF
F7DF
F7DF
F7DE
F7DE
F7DE
F7DE
F7BE
F7DE
F7BE
F7BE
F7BE
F7BE
F7BE
F7DE
F7DE
F7DE
F7DE
F7DF
F7DE
F7DF
F7DF
F7FF
F7DF
F7FF
F7DF
F7DF
F7DF
F7FF
F7FF
F7DF
F7FF
F7FF
F7DF
F7DF
F7DF
F7FF
F7FF
F7FF
F7FF
F7FF
F7FF
F7FF
F7DF
F7FF
F7FF
F7FF
F7DF
F7FF
F7FF
F7FF
CEB9
D6B9
D6B9
D6B9
D6B9
D6B9
D6B9
D6B9
D6B9
D699
D699
D699
D699
D699
D699
D699
D699
D6B9
D6B9
D6B9
D6B9
D6BA
DEBA
DEB9
DEDA
DEDA
D6BA
D6B9
D6B9
D6B9
D6B9
D6B9
D6B9
D6B9
D6B9
D6B9
D6B9
D6B9
D6B9
D6B9
D6D9
DED9
DED9
DEDA
DEDA
DEFA
DEFA
DEFA
DEFA
DEFA
DEFA
DEFA
DEFA
DED9
D6D9
DED9
DED9
DED9
DED9
DED9
DED9
DED9
DED9
D6B9
D6B9
D678
CE36
CE15
CDD4
C593
BD51
B511
B510
B531
BD72
C5B3
C5D4
CDD4
C5D4
C5D4
C5D4
CE15
D656
DE77
D676
D656
D655
D656
D676
D697
DE98
DEB8
DED9
E6FA
E71A
E73B
EF5C
EF7C
EF7C
EF7D
E73B
DED9
D698
D698
D698
D698
0000
0000
C657
C636
C616
C615
BDF5
BDF5
BDD5
BDD5
B594
B573
AD53
AD32
AD32
AD32
AD32
AD32
AD32
B573
CE57
CE57
C657
C637
BE16
BDF6
C616
C616
C616
C616
C637
C637
B5D5
AD53
AD53
AD74
A553
A533
A512
A512
A533
A533
A533
A533
AD53
AD74
B595
AD74
AD53
AD74
B595
B5B5
A554
AD54
B594
A512
AD53
AD94
A533
A512
A533
B5B5
BDD6
B575
A4D2
9470
9470
A4F2
B574
BDF6
B595
A512
AD33
B594
BDF6
C617
C5F7
BDF6
C637
C658
CE58
CE58
C617
BDD6
BDB5
C616
BDF6
C616
C637
CE78
CE99
D6DA
EF7C
F7DE
FFDE
FFDE
FFDE
FFDE
F7DE
F7DE
F7DE
F7DE
F7DE
F7DE
F7DE
F7DE
F7FE
0000
0000
F7DE
F7DE
F7FE
F7DE
F7FE
F7FE
F7DE
F7DE
F7FE
F7DF
F7DF
F7FE
F7DE
F7DF
F7DF
F7DE
F7DE
F7DE
F7DE
F7DF
F7DF
F7DF
F7DF
F7DF
F7DF
F7DF
F7DF
F7DE
F7DE
F7DE
F7DE
F7DE
F7DE
F7DE
F7DE
F7DF
F7DF
F7DF
F7DF
F7DF
F7DF
F7DE
F7DF
F7DF
F7DF
F7DF
F7DF
F7DF
F7DF
F7DF
F7DF
F7DF
F7DF
F7DE
F7DF
F7DF
F7DE
F7DE
F7DE
F7BE
F7DE
F7BE
F7BE
F7BE
F7BE
F79E
F7BE
F7BE
F7BE
F7DE
F7DE
F7DE
F7DF
F7DF
F7FF
F7FF
F7DF
F7DF
F7FF
F7DF
F7DF
F7FF
F7FF
F7DF
F7DF
F7FF
F7FF
F7FF
F7FF
F7FF
F7FF
F7FF
F7FF
F7FF
F7DF
F7DF
F7DF
F7FF
F7FF
F7DF
F7FF
F7FF
F7FF
F7FF
F7FF
CEB9
D6B9
D6B9
D6B9
D6B9
D6B9
D6B9
D6B9
D699
D699
D699
D699
D699
D699
D699
D699
D699
D6B9
D6B9
D6B9
D6B9
DEDA
D6BA
D6BA
DEDA
D6BA
D6B9
D6B9
D6B9
D6B9
D6B9
D6B9
D699
D699
D699
D6B9
D6B9
D6B9
D6B9
D6B9
D6D9
DED9
DEDA
DEDA
DEFA
DEFA
DEFA
DEFA
DEFA
DEFA
DEDA
DED9
DED9
D6D9
D6B9
D6B9
D6D9
DED9
DED9
DED9
DEDA
DEDA
DED9
D6B9
D698
CE77
CE15
C5D4
C593
BD72
BD52
BD72
C593
CDD4
CDD4
C5D4
C5B4
C5B4
C5D4
CDF4
D636
D677
D676
D635
D635
CE35
CE35
D635
D656
D656
D677
D677
DE97
DEB8
DED9
E6FA
E71B
E75B
EF5C
EF5C
E71B
DEFA
DEF9
DED9
D6B9
D698
0000
0000
C616
BDF5
BDD5
BDD4
BDD5
BDD5
BDD4
B594
AD52
AD32
AD32
A511
A511
A532
AD32
AD32
AD52
B594
C636
CE78
CE58
CE57
BDF6
BDF5
BE16
C616
C637
C637
C637
BDF6
AD74
AD74
AD74
AD54
A532
9D12
9CD1
A512
AD53
AD54
AD53
AD53
AD74
B594
B5B5
AD74
AD53
AD74
AD94
B595
AD53
B595
B595
A512
AD53
B5B5
AD54
A512
A512
B594
BDF7
BDB6
A4D2
9490
9470
9CD1
A533
BDD6
BDD6
AD53
A533
B595
BDD6
C617
C617
BDF6
BDF6
C617
C658
CE58
C637
BDD6
B5B5
BDF5
BDF6
C636
C657
CE99
D6B9
D6DA
EF7D
F7DE
FFDE
FFDE
FFDE
FFDE
FFDE
F7DE
F7DE
F7DE
FFDE
FFDE
F7DE
F7DE
F7DE
0000
0000
F7DE
F7DE
F7DE
F7DE
F7DE
F7DE
F7DE
F7DE
F7DE
F7DE
F7FE
F7DE
F7DE
F7DE
F7DF
F7DF
F7DE
F7DE
F7DE
F7DE
F7DE
F7DE
F7DF
F7DF
F7DF
F7DF
F7DF
F7DF
F7DF
F7DF
F7DE
F7DE
F7DE
F7DE
F7DE
F7DE
F7DF
F7DF
F7DF
F7DF
F7DF
F7DF
F7DF
F7DE
F7DF
F7DE
F7DF
F7DF
F7DE
F7DE
F7DE
F7DF
F7DE
F7DE
F7DF
F7DE
F7DF
F7DF
F7DE
F7DE
F7BE
F7BE
F7BE
F7BE
EF9E
EF9E
EF9E
F7BE
F7BE
F7DE
F7DE
F7DE
F7DF
F7DF
F7DF
F7FF
F7DF
F7DF
F7DF
F7DF
F7FF
F7FF
FFFF
F7DF
F7FF
F7FF
F7FF
F7FF
F7FF
FFFF
FFFF
F7FF
F7FF
F7FF
F7DF
F7FF
F7FF
F7FF
F7FF
F7FF
F7FF
F7FF
F7DF
F7FF
F7FF
D6D9
D6B9
D6B9
D6B9
D6B9
D6B9
D6B9
D699
D699
D699
D699
D699
D699
D699
D6B9
D6B9
D6B9
D6B9
D6B9
D6B9
D6B9
D6BA
D6B9
D6B9
D6B9
D6B9
D6B9
D6B9
D6B9
D699
D698
D698
D698
D698
D698
D6B9
D6B9
D6B9
D6D9
DED9
DED9
DED9
DEDA
DEFA
DEFA
DEFA
DEFA
DEFA
DEFA
DEFA
DED9
DED9
DED9
D6B9
D6D9
D6B9
DED9
DED9
DED9
DEFA
DEDA
DEDA
DED9
DED9
D698
CE57
C5F5
C5B3
BD93
C593
C5B3
CDB4
C5B4
C593
BD72
BD72
BD72
BD72
BDB3
D656
DEB8
DE77
D635
D635
D635
CE35
CE35
D636
D656
D656
D656
D676
D676
D697
DE98
DEB8
DEF9
E71A
EF5B
E73B
DF1A
DEFA
DED9
DED9
DED9
D6B8
0000
0000
C616
BDD5
BDD5
BDD5
BDF5
BDD5
B594
AD52
A511
A511
AD32
AD32
A532
AD32
AD32
AD52
AD73
BDD5
CE57
D698
CE78
C637
BDD5
BDD5
BDF6
C616
C637
C637
BE16
B5B5
B5B5
BDD5
B594
A533
A533
9D12
9CF2
AD53
AD74
AD74
AD74
AD74
B594
B5B5
B595
AD74
AD53
AD74
AD74
AD94
AD74
B5D5
AD74
A512
AD74
B5B5
AD74
A512
A512
AD53
BDD6
BDF6
A4D2
9C91
9490
9CB1
9CD1
AD53
BDD6
AD74
AD54
B594
BDD6
C617
C616
C617
C617
C617
C637
C637
C637
BDD5
B5B5
BDD5
BE16
C637
CE78
CEB9
CEB9
DEFA
F79D
FFDE
FFDE
FFDE
FFDE
F7DE
FFDE
F7DE
FFDE
F7DE
FFDE
FFDE
FFDE
F7DE
F7DE
0000
0000
F7DE
F7DE
F7DE
F7DE
F7DE
F7DE
F7DE
F7DE
F7DE
F7DE
F7DE
F7DE
F7DE
FFDE
F7DE
F7DE
F7DE
F7DE
F7DE
F7DE
F7DE
F7DE
F7DF
F7DE
F7DE
F7DE
F7DF
F7DF
F7DF
F7DF
F7DF
F7DE
F7DF
F7BE
F7DF
F7DF
F7DF
F7DF
F7DF
F7DF
F7DE
F7DE
F7DF
F7DE
F7DE
F7DF
F7DE
F7BE
EFBE
EFBE
F7BE
F7BE
F7DE
F7DE
F7DE
F7DE
F7DE
F7DF
F7DF
F7DE
F7DE
F7DE
F7DE
F7DE
F7BE
F7BE
F7BE
F7DE
F7DE
F7DE
F7DF
F7DF
F7DF
F7DF
F7DF
F7DF
F7DF
F7DF
F7FF
F7DF
F7FF
F7FF
FFFF
F7FF
FFFF
F7FF
F7FF
FFFF
FFFF
FFFF
FFFF
FFFF
F7FF
F7FF
F7FF
F7FF
F7FF
F7FF
F7FF
F7FF
F7DF
F7FF
F7DF
F7FF
F7DF
D6B9
D6B9
D6B9
D6B9
D6B9
D6B9
D699
D699
D699
D699
D6B9
D6B9
D699
D6B9
D699
D6B9
D6B9
D6B9
D6B9
D6B9
D6B9
D6B9
D6B9
D6B9
D6B9
D6B9
D699
D6B9
D699
D698
D698
D698
D698
D699
D6B9
D6B9
D6B9
D6D9
D6D9
DED9
DED9
DEDA
DEDA
DEFA
DEFA
DEFA
DEFA
DEFA
DEDA
DED9
D6D9
D6B9
D6B9
D6B9
D6D9
D6D9
DED9
DED9
DEDA
DEDA
DEDA
DEDA
DEDA
DEB9
D698
CE36
C5D4
C593
BD72
BD72
B531
B511
B4F0
ACCF
ACAF
A4AE
ACF0
BD92
D676
DED8
DE77
D655
D635
CE34
D614
CE14
CDF4
CDF4
CDF4
CDF5
CE15
CE15
CE36
D656
D677
D697
DEB8
DEFA
E73B
E71A
DEFA
DED9
D6D9
DED9
D6D9
D698
0000
0000
C636
BDF5
BDF5
BDF5
BDD5
B594
AD52
AD32
A532
A532
AD32
A511
A512
A512
A512
AD53
B5B4
C616
CE78
CE78
C657
C616
BDD5
BDD5
BE16
C617
C637
BE37
BDF6
BDF6
C617
B5B5
AD53
AD53
A553
A532
A532
AD74
AD74
AD54
AD74
B594
B594
B594
B595
AD74
AD73
AD73
AD53
AD53
B595
B5B5
A533
A533
AD74
B5D5
AD74
AD33
A512
AD33
B5B5
BDF6
A513
9490
9C90
9CB1
9CD1
A4F2
B5B5
B594
AD74
B595
BDD5
BDF6
BDF6
BDF6
BDF6
C617
C617
C637
C616
BDD5
BDD5
BDF6
C637
C657
CE78
D6B9
D6B9
E73B
F79D
F7DE
FFDE
F7DE
F7BE
F7BE
F7DE
F7BE
F7BE
F7DE
F7DE
F7DE
F7DE
F7DE
F7DE
0000
0000
F7DE
F7DE
F7DE
F7DE
F7DE
F7DE
F7DE
F7DE
F7DE
F7DE
F7DE
F7DE
F7DE
F7DE
F7DE
F7DE
F7DE
F7DE
F7DE
F7DE
F7DE
F7DE
F7DE
F7DE
F7DE
F7DE
F7DF
F7DF
F7DE
F7DF
F7DF
F7DF
F7DF
F7DF
F7DF
F7DF
F7DF
F7DE
F7DE
F7DE
F7DE
F7BE
F7DE
F7DE
F7DE
F7DE
F7DE
F7DE
F7BE
F7BD
EFBD
F7BE
F7BE
F7BE
F7BE
F7BE
F7BE
F7BE
F7BE
F7DE
F7DE
F7DE
F7DE
F7DE
F7BE
F7DE
F7DE
F7BE
F7DE
F7DE
F7DF
F7DF
F7DF
F7DF
F7DE
F7DF
F7DF
F7DF
F7DF
F7DF
F7DF
F7DF
F7FF
F7DF
F7FF
F7FF
F7FF
FFFF
FFFF
F7FF
F7FF
F7FF
F7FF
F7FF
F7FF
F7FF
F7FF
F7FF
FFFF
F7FF
F7FF
F7FF
F7FF
F7FF
F7DF
D6B9
D6B9
D6B9
D6B9
D699
D6B9
D699
D699
D699
D699
D699
D6B9
D6B9
D6B9
D6B9
D6B9
D6B9
D6B9
D6B9
D6B9
D6B9
D6B9
D6B9
D6B9
D6B9
D6B9
D698
D698
D698
D698
D698
D698
D698
D699
D699
D6B9
D6B9
D6D9
DED9
DED9
DEDA
DEDA
DEFA
DEFA
DEFA
DEFA
DEDA
DEDA
DED9
D6D9
D6B9
D6B9
D6B9
D6B9
D6D9
D6D9
DED9
DED9
DEFA
DEFA
DEFA
DEFA
DED9
DEB9
D698
CE57
C5D4
BD72
B531
ACEF
A48E
A46D
9C4D
A46D
9C4D
A48E
BD52
D656
DEB8
DE97
D676
D635
CE14
CDF4
CDB2
C571
BD50
B510
B510
B530
BD52
C593
C5D4
C5F4
CE15
D677
DEB8
DEF9
E71A
DEFA
D6B9
D6B9
DED9
D6D9
D698
CE78
0000
0000
BE15
BDF5
BDD5
BDD4
B594
B573
AD53
AD52
AD52
AD32
A511
A511
A511
A4F1
A511
AD53
B594
BDF6
CE78
CE78
C637
BDF6
BDD5
BDF6
BE16
BE37
C617
BE16
BE37
C637
BDF6
B594
B594
AD53
AD53
AD73
AD73
AD74
AD53
AD74
B594
B594
B594
B5B4
B5B4
AD74
AD74
A553
A533
A553
B594
B5B5
A533
A532
B5B5
BDF6
B595
AD53
AD33
AD32
B574
BDF6
A513
9470
9CB1
9CB1
9CD1
A4F2
AD74
B5B5
B595
B5B5
B5B5
BDF6
BE16
BE16
BDF6
BDF6
BDF6
BDF6
BDF6
B5B5
BDD5
BDF6
C637
C657
CE98
CEB9
D6DA
EF7C
F7BE
F7DE
FFDE
F7DE
F7BE
F7DE
F7BE
F7BE
F7BE
F7DE
F7BE
F7DE
F7BE
F7BE
F7BE
0000
0000
F7DE
F7BE
F7DE
F7DE
F7DE
F7DE
F7DE
F7DE
F7DE
F7DE
F7DE
F7DE
F7DE
F7DE
F7DE
F7DE
F7DE
F7DE
F7DE
F7DE
F7DE
F7DE
F7DE
F7DE
F7DE
F7DE
F7DE
F7DF
F7DE
F7DE
F7DE
F7DE
F7BE
F7DF
F7DE
F7DF
F7DE
F7DE
F7BE
F7DE
F7BE
F7BE
F7BE
F7DE
F7DE
F7DE
F7DE
F7DE
F7DE
F7DE
F7DE
F7DE
F7DE
F7DE
F7DE
F7BE
F7BE
F7BE
F7BE
F7BE
F7BE
F7BE
F7DF
F7DE
F7DE
F7DE
F7DE
F7BE
F7DF
F7DF
F7DE
F7DF
F7DF
F7DF
F7DF
F7DF
F7DE
F7FF
F7DF
F7DF
F7FF
F7DF
F7DF
F7FF
F7DF
F7DF
F7FF
F7DF
F7FF
F7FF
F7FF
F7FF
F7FF
F7FF
F7FF
F7FF
F7FF
FFFF
F7FF
F7FF
F7FF
F7FF
F7FF
F7FF
F7FF
D6B9
D6B9
D6B9
D6B9
D699
D699
D699
D6B9
D699
D699
D6B9
D6B9
D6B9
D6B9
D6B9
D6B9
D6B9
D6B9
D6B9
D6B9
D6B9
D6B9
D6B9
D6B9
D6B9
D698
D698
D698
D698
D698
D698
D698
D698
D6B9
D6B9
D6B9
D6D9
D6D9
DEDA
DED9
DEFA
DEFA
DEFA
DEFA
DEFA
DEDA
DEDA
DED9
D6D9
D6B9
D6B9
D6B8
D6B9
D6B9
DED9
DED9
DED9
DED9
DEFA
DEFA
DEFA
DEDA
DEB9
D6B9
D698
CE57
BDD4
B552
AD10
ACF0
ACCF
ACCF
ACF0
ACF0
ACCF
A4CF
BD52
D677
DEB8
D676
CE14
CDD4
CDF4
C592
BD30
B50F
B4EF
ACCF
ACCF
ACCF
ACF0
B511
B531
BD72
C5B4
CE15
D677
DEF9
DF1A
DED9
D699
D6B9
D698
CE78
CE78
CE57
0000
0000
C616
BDF5
BDF5
B5B4
B5B4
B594
B573
AD53
AD52
A512
A511
A511
A4F1
A4F1
A4F1
AD32
B594
C636
CE78
CE78
C636
BDF6
BE16
BDD5
BE16
C617
BE17
BE17
BE37
BE17
B5B5
B5B5
B5B5
AD74
AD74
AD74
AD53
A553
A533
AD74
AD74
AD94
B594
B5B5
B5B5
AD74
A553
A553
A533
A553
AD74
AD74
A533
A533
BDD5
BE16
B5B5
AD53
AD33
AD33
AD54
BDB5
A4F2
944F
9CB1
9CB0
9CD1
A4F2
AD33
B595
B5B5
B5B5
BDD6
BDF6
BDF6
BDF6
C616
BDF6
BDD5
BDD5
BDD5
BDD5
BDD5
C617
C637
CE78
CE98
CE99
DEFB
EF9D
F7DE
FFDE
FFDE
F7DE
F7BE
F7BE
F7BD
F7BE
F7BE
F7BE
F7BE
F7BE
F7BE
F7BE
F7BE
0000
0000
F7BE
F7DE
F7DE
F7DE
F7BE
F7BE
F7BE
F7DE
F7DE
F7DE
F7BE
F7DE
F7BE
F7BE
F7DE
F7DE
F7DE
F7BE
F7DE
F7DE
F7DE
F7DE
F7DE
F7DE
F7DE
F7DE
F7DE
F7DE
F7DE
F7BE
F7DE
F7DE
F7DE
F7DE
F7DE
F7DE
F7BE
F7BE
F7BE
F7BE
F7BE
F7BE
F7BE
F7BE
F7BE
F7DE
F7DE
F7DE
F7DE
F7BE
F7DE
F7DE
F7DE
F7BE
F7BE
F7DE
F7DE
F7DE
F7BE
F7DE
F7DE
F7BE
F7DE
F7DE
F7DE
F7DE
F7DE
F7DF
F7DF
F7DF
F7DF
F7DF
F7DF
F7DF
F7DF
F7DF
F7DF
F7DF
F7DF
F7DF
F7FF
F7FF
F7DF
F7DF
F7DF
F7DF
F7DF
F7DE
F7DE
F7DF
F7DF
F7FF
F7FF
F7FF
F7FF
F7FF
F7FF
F7FF
F7FF
F7FF
F7FF
F7FF
F7FF
F7FF
FFFF
D6B9
D6B9
D699
D699
D699
D699
D699
D699
D699
D699
D6B9
D6B9
D6D9
D6D9
D6D9
D6B9
D6B9
D6B9
D6B9
D699
D6B9
D6B9
D6B9
D699
D698
D698
D699
D698
D698
D698
D699
D699
D6B9
D6B9
D6B9
D6D9
D6D9
D6DA
DEDA
DED9
DEFA
DEFA
DEFA
DEFA
DEFA
DED9
DED9
D6B9
D6B9
D6B9
D6B9
D6B9
D6B9
D6D9
DED9
DED9
DEDA
DEFA
DEFA
DEFA
DEFA
DED9
D6B9
D698
D698
CE57
C616
BDB4
B572
B552
B552
B531
B531
B531
B510
ACF0
BD72
D656
DE97
CE14
CDF4
D635
CE14
BD51
B4CF
ACAE
ACCF
ACCF
B4F0
B531
BD52
BD93
BD93
BDB4
C5D4
C615
D677
DEF9
DED9
D6B9
D698
CE98
CE78
CE78
CE57
C637
0000
0000
C616
BDF5
BDD5
BDD4
B5B4
B5B4
B573
AD52
AD32
A511
AD31
A511
A4D0
9CD0
9CD0
A532
B594
C616
CE77
CE57
C616
C616
BDD5
BDD5
C616
C616
BDF6
BDF6
BE17
BDF6
B5B5
B5B5
B5B5
B594
B5B5
AD94
AD53
A533
A553
AD74
AD74
AD74
B594
B5B4
AD74
AD53
AD53
A533
A512
A533
AD33
A533
A532
A533
B5B5
C616
B5B5
B594
AD53
AD74
AD53
AD74
9CB1
944F
9CD1
9CB1
A4D1
A512
AD33
AD54
BDD5
BDD6
BDF6
BDF6
BDF6
BDF6
BDF6
C5F6
BDF6
BDF6
BDD5
BDF5
BDD5
C637
CE57
CE58
CE78
D6BA
EF5C
F7BD
FFDE
FFDE
F7DE
F7BE
F7BE
F7BD
F7BD
F7BE
F7BE
F7BE
F7BE
F7BE
F7BD
F7BE
F7BE
0000
0000
F7BE
F7BE
F7BE
F7DE
F7BE
F7BE
F7BD
F7BE
F7BE
F7BE
F7BE
F7BE
F7BE
F7BE
F7DE
F7DE
F7BE
F7BE
F7DE
F7BE
F7BE
F7BE
F7BE
F7DE
F7BE
F7DE
F7BD
F7BE
F7BE
F7BE
F7BE
F7BE
F7BE
F7BE
F7BE
F7BE
F7BE
F7BE
F7BD
F7BE
F7BE
F7BE
F7BE
F7BE
F7BE
F7BE
F7BE
F7BE
F7BE
F7BE
F7BE
F7BE
F7BE
F7BE
F7BE
F7BE
F7DE
F7BE
F7DE
F7DE
F7DE
F7BE
F7DE
F7DE
F7BE
F7DE
F7DF
F7DF
F7DF
F7FF
F7DF
F7DF
F7DF
F7DF
F7DF
F7DF
F7DF
F7DF
F7DF
F7FF
F7DF
F7DF
F7DF
F7DF
F7DF
F7DF
F7DF
F7DF
F7DF
F7DF
F7DF
F7DF
F7FF
F7DF
F7DF
F7FF
F7FF
F7FF
F7FF
F7FF
F7FF
F7FF
F7FF
F7FF
F7FF
D6B9
CEB9
D699
D699
D699
D699
D699
D6B9
D6B9
D6B9
D6D9
D6B9
D6D9
D6D9
D6DA
D6D9
D6B9
D6B9
D6B9
D699
D699
D699
D698
D698
D698
D698
D698
D699
D699
D698
D6B9
D6B9
D6B9
D6B9
D6D9
D6D9
D6D9
D6DA
D6DA
D6DA
DEFA
DEFA
DEFA
DEDA
DEDA
DED9
D6B9
D6B9
D6B9
D6B9
D6B9
D6D9
D6D9
D6D9
DED9
DED9
DEFA
DEFA
DEFA
DEFA
DEFA
DED9
D6B9
D698
D678
CE57
CE36
C5F5
C5F5
C5B4
BD72
BD52
C593
C5B4
C593
B531
BD51
CDF4
D655
CDF4
D614
DE76
CDF4
BD51
ACCF
ACCF
B510
B552
BD93
C5D4
CE15
CE56
D657
D677
D678
DEB8
DED9
DEFA
D6B9
D698
CE78
CE57
CE57
CE57
C657
C637
0000
0000
C616
BDF5
B5B4
B593
B573
AD73
AD53
AD52
AD52
A532
A531
9CD0
9CB0
9CB0
9CF1
A532
BDD5
C637
CE57
C637
C616
BDF6
BDD5
BE16
BE16
BDD5
BDD5
BE17
BE16
B5B5
B5B5
B5D5
B5B5
B5D5
BDF6
AD94
A533
A533
AD74
AD94
AD74
AD74
B594
B594
AD74
AD53
AD53
A512
A512
A532
A512
A512
A533
AD53
B5B5
BDF6
BDD5
B5B4
AD73
B594
AD33
A4F2
9470
9470
9CD1
A4D1
A4F2
AD12
AD33
AD53
B5B5
BDF6
BDF6
BDF6
BDF6
BDF6
BDF6
C5F6
C616
C616
C616
C616
C616
C637
CE58
CE57
CE78
DEFA
F79D
FFDE
FFDE
F7DE
F7BE
F7DE
F7BD
F7BD
F7BD
F7BD
F7BD
F7BD
F7BD
F7BE
F7BE
F7BD
F7BE
0000
0000
F7BD
F7BD
F7BD
F7BE
F7BD
F7BE
F7BE
F7BE
F7BE
F7BE
F7BE
F7BE
F7BE
F7BE
F7BE
F7BE
F7BE
F7BD
F7BE
F7DE
F7BE
F7BD
F7BD
F7BD
EF9D
F7BD
F7BD
F7BD
F7BD
F7BE
F7BE
F7BD
F7BD
F7BE
F7BE
F7BD
F7BE
EFBD
F7BE
F7BE
F7BE
F7BE
F7BE
F7BE
F7BE
F7BE
F7BE
F7BE
EFBE
EFBE
EFBE
F7BE
EFBE
F7BE
F7BE
F7BE
F7BE
F7BE
F7BE
F7BE
F7BE
F7BE
F7BE
F7BE
F7DE
F7BE
F7DE
F7BE
F7DE
F7BE
F7DE
F7DF
F7DF
F7DF
F7DF
F7DF
F7DF
F7DE
F7DF
F7DF
F7DF
F7FF
F7DF
F7DF
F7DF
F7DF
F7DF
F7DF
F7DF
F7DE
F7DE
F7DE
F7DE
F7DE
F7DF
F7FF
F7DF
F7DF
F7DF
F7FF
F7FF
F7FF
F7FF
F7FF
F7FF
D6B9
CE99
CE99
D699
D699
D699
D6B9
D6B9
D6B9
D6B9
D6B9
D6DA
D6DA
D6D9
D6D9
D6DA
D6B9
D6B9
D699
D699
D698
D698
D698
D698
D698
D698
D698
D698
D698
D6B9
D6B9
D6B9
D6B9
D6D9
D6DA
D6DA
D6DA
D6DA
D6DA
D6FA
D6FA
DEFA
DEDA
DEDA
D6D9
D6B9
D6B9
D6B9
D6B9
D6B9
D6B9
D6D9
D6D9
DED9
DEF9
DEFA
DEFA
DEFA
DEFA
DEFA
DED9
D6B9
D698
D678
D678
CE57
CE36
CE16
CE36
C5F4
BD72
BD52
BD92
C5D4
CDD4
C5B3
C593
C5B3
CDF4
CDD3
CDD3
CE14
CDF4
C592
BD72
C5B3
C5D4
CDF5
CE16
CE16
CE15
C615
C636
CE57
D678
DED9
E71A
E71A
D698
CE78
CE57
C657
CE57
CE57
CE57
CE57
0000
0000
C616
BDF5
B5B4
B573
AD73
AD53
AD52
AD52
A532
A511
9CF0
9CB0
9CB0
9CD0
A511
B594
C637
C637
C616
C616
C616
BDF5
BDF5
BDF5
B594
B5B5
BDD5
BE16
BDD5
B5B5
BDD5
B5D5
B5B5
BDF6
BDD5
AD74
A533
AD53
AD94
AD94
AD74
AD33
AD74
B5B5
AD74
A533
9CF2
A4F2
A532
A512
9CF2
A533
AD53
AD53
BDD5
BDD6
BDF6
B5D5
B594
BDB5
A512
9470
9C90
9C90
9CD1
A4D1
A4F2
AD33
AD53
AD74
B595
BDD6
BDD6
BDF6
BE16
BE16
BE16
BDF6
BDF6
BDF6
BDF6
BDD5
BDF6
C636
CE57
CE57
CE98
E73B
F7BD
FFDE
F7DE
F7DE
F7BD
F7BE
F7BD
F7BD
F7BD
F7BD
F7BD
F7BD
F7BD
F7BD
F7BD
F7BD
F7BE
0000
0000
F7BD
F7BD
F7BE
F7BD
F7BD
F7BE
F7BE
F7BE
F7BD
F7BE
F7BD
F7BD
F7BD
F7BD
F7BD
F7BD
F7BD
F7BE
F7BE
F7BE
F7BD
F7BD
F7BD
F7BD
F7BD
EF9D
EFBD
F7BD
F7BD
EFBD
F7BD
F7BD
F7BD
F7BD
EFBD
EFBD
EF9D
EF9D
EF9D
EF9E
F7BE
F7BE
EFBE
EFBE
F7BE
EFBE
EFBE
EFBE
EFBE
F7BE
F7BE
F7BE
EFBE
F7BE
F7BE
F7BE
F7BE
F7BE
EFBE
F7BE
F7BE
F7BE
F7BE
F7DE
F7BE
F7BE
F7BE
F7BE
F7BE
F7BE
F7BE
F7BE
F7DE
F7DE
F7DE
F7DF
F7DE
F7DE
F7DE
F7DF
F7DF
F7DF
F7DF
F7DF
F7DE
F7DE
F7DF
F7DF
F7DF
F7DE
F7DE
F7DE
F7BE
F7BE
F7BE
F7DE
F7DE
F7DE
F7DE
F7DF
F7FF
F7FF
F7FF
F7FF
F7FF
D699
D699
D699
D699
D6B9
D6B9
D6B9
D6B9
D6B9
D6B9
D6D9
D6DA
D6DA
D6DA
D6DA
D6D9
D6B9
D6B9
D699
D698
CE98
D698
D698
D698
CE98
D699
D698
D698
D698
D6B9
D6B9
D6B9
D6D9
D6DA
D6DA
D6DA
D6DA
D6DA
D6DA
D6FA
D6FA
D6FA
DEDA
D6D9
D6D9
D6B9
D6B9
D6B9
D6B9
D6B9
D6D9
D6D9
D6D9
DEDA
DEFA
DEFA
DEFA
DEFA
DEFA
DEFA
DED9
D6B9
D698
CE77
CE77
CE57
CE36
CE36
CE36
C5D4
BD72
B531
B530
BD72
C5D4
CDF4
CDD4
C5B3
C593
C5B3
CDD3
CDD4
CDD4
CDD3
CDB3
C5B3
C5B3
C593
BD73
BD73
BD93
BDB4
C5F5
CE36
D698
DED9
E71A
DED9
CE98
CE57
CE57
CE57
CE57
CE57
CE57
CE57
0000
0000
BE15
BDF5
BDD4
B5B4
B594
B573
AD52
AD52
A532
A4F1
A4D0
9CAF
9CAF
9CD0
AD73
C637
CE57
C616
C5F6
C616
BDF6
BDF5
BDD5
B5B4
AD94
B5B5
BDD5
BDF6
B5D5
BDD5
B5B5
B5B5
BDF5
BE16
B5B5
AD73
AD53
AD74
B594
B594
AD53
A533
AD53
AD53
A553
9CF2
9CF1
A4F2
A533
A533
A532
AD53
A553
AD74
BDD5
B5D5
C616
BDF6
B5B5
BDD5
AD33
9470
9C90
9CB1
A4D1
A4F2
A512
AD53
B594
B5B5
B5B5
B5B5
BDD6
BDF6
C616
C616
BDF6
BDD5
BDD5
BDD5
BDD5
BDB5
BDD5
C616
CE57
CE78
DEFA
F79D
FFDE
FFDE
FFDE
F7BD
F7BD
F7BE
F7BD
F7BD
F7BD
F7BD
F7BD
F7BD
F7BD
F7BD
F7BE
F7BE
F7BE
0000
0000
F7BD
F7BD
F7BE
F7BD
F7BD
F7BD
F7BD
F7BD
F7BD
F7BE
F7BD
F7BD
F7BD
F7BD
F7BD
F7BD
F7BD
F7BD
F7BD
F7BD
F7BD
F7BD
F7BD
EFBD
EFBD
EF9D
EFBD
EFBD
EF9D
EF9D
EF9D
F7BD
EFBD
EFBD
EFBD
EF9D
EF9D
EF7D
EF9D
EF9D
EF9E
EF9E
EF9E
EFBE
EFBE
F7BE
EFBE
EFBE
F7BE
F7BE
EFBE
EFBE
EFBE
F7BE
F7BE
F7BE
F7BE
F7BE
F7BE
EFBE
F7BE
F7BE
F7BE
F7BE
F7BE
F7BE
F7BE
F7BE
F7BE
F7BE
F7BE
F7DE
F7BE
F7DE
F7BE
F7DE
F7DE
F7DE
F7DE
F7DE
F7DF
F7DE
F7DF
F7DF
F7DF
F7DE
F7DF
F7DF
F7DF
F7DE
F7DE
F7DE
F7DE
F7DE
F7DE
F7DE
F7DE
F7DF
F7DE
F7DF
F7DF
F7FF
F7DF
F7FF
F7FF
CE98
CE99
D699
D6B9
D6B9
D6B9
D6B9
D6DA
D6D9
D6D9
D6DA
D6DA
D6DA
D6DA
D6D9
D6B9
D6B9
D6B9
D698
D698
D698
D698
D698
D698
D698
D698
D698
D6B9
D6B9
D6B9
D6B9
D6B9
D6D9
D6DA
D6DA
D6DA
D6FA
D6DA
D6FA
D6DA
D6FA
D6DA
D6D9
D6B9
D6B9
D6B8
D6B8
D6B9
D6D9
D6D9
DED9
DED9
DED9
DEFA
DEFA
DEFA
DEFA
DEFA
DEFA
DED9
DED9
D6B9
D678
CE57
CE57
CE57
CE57
CE36
CE56
BDD4
B551
ACF0
A4AE
A4AE
B530
C5B3
CDB3
C592
C592
C572
BD31
BD71
C592
BD31
B4EF
ACCF
ACF0
ACF0
AD11
B552
BD93
C5F5
CE36
DEB8
DEF9
E6F9
DED9
D6B8
CE78
CE57
CE57
C656
C637
CE57
CE57
CE57
0000
0000
C616
BDF5
B5B4
B594
B594
AD73
AD52
AD52
A512
A4F1
9CD0
94AF
948F
94B0
B574
C616
C616
BDD5
BDF6
C616
BDF5
BDD5
BDD5
B594
AD73
B5B5
BDD5
BDD5
B5B4
B594
B5B5
BDD5
BDF6
BDD5
AD94
AD74
AD74
AD74
B5B4
B5B5
B594
A553
A512
94B0
94B0
9CD1
A4F1
9CD1
A532
A533
A553
AD53
AD53
AD74
B5D5
B5B5
C616
BDF6
BDD5
BDB5
AD53
9C90
9CB1
A4D1
A4F1
A512
A533
B594
B5B5
BDD6
BDD5
B5B5
BDF6
C616
BDF6
BDD5
BDD5
BDD5
BDD5
BDF6
BDF6
BDD5
BDF6
C616
CE58
D699
E71B
F7DE
FFFE
FFDE
FFDE
F7BD
F7BD
FFDE
FFDE
F7BD
F7BD
F7BD
F7BE
F7BD
F7BD
F7BD
F7BD
F7BD
F7BD
0000
0000
F7BD
F7BD
F7BD
F7BD
F7BD
F7BD
F7BD
F7BD
F79D
F7BE
F7BD
EFBD
EFBD
F7BD
EFBD
EFBD
EFBD
EFBD
EF9D
EFBD
EFBD
F7BD
EFBD
F7BD
F7BD
EF9D
EF9D
EF9D
EF9D
EF9D
EF9D
EF9D
EF9D
EF9D
EF9D
EFBD
EF9D
EF9D
EF9D
EF9D
EF9D
EF9E
F79E
EF9E
EF9E
EFBE
EFBE
EFBE
F7BE
F7BE
EFBE
EFBE
F7BE
EFBE
F7BE
EFBE
EFBE
F7BE
F7BE
F7BE
F7BE
EFBE
EFBE
F7BE
F7BE
F7BE
F7BE
F7BE
F7BE
F7BE
F7BE
F7BE
F7BE
F7BE
F7BE
F7BE
F7BE
F7BE
F7BE
F7DE
F7DE
F7BE
F7BE
F7DE
F7DF
F7DE
F7DF
F7DF
F7DF
F7DE
F7DF
F7DE
F7DE
F7DE
F7DE
F7DE
F7DF
F7DF
F7DF
F7DF
F7DF
F7DF
F7DF
F7DF
F7DF
D699
D699
D699
D6B9
D6B9
D6B9
D6D9
D6D9
D6DA
D6DA
D6DA
D6DA
D6DA
D6D9
D6B9
D6B9
D6B9
D698
D698
D698
D698
D698
CE98
D698
D698
D698
D698
D6B9
D6B9
D6B9
D6B9
D6D9
D6D9
D6DA
D6DA
D6DA
D6DA
D6FA
D6FA
D6DA
D6D9
D6D9
D6B9
D6B9
D6B8
D6B9
D6B9
D6B9
D6D9
DED9
DED9
DED9
DEFA
DEFA
DEFA
DEFA
DEFA
DEFA
DEFA
DED9
D6D9
D6B9
CE77
CE36
CE36
D677
D677
CE57
D677
C615
BD92
B531
B510
ACF0
ACF0
B531
BD52
BD31
B510
B4EF
B4EF
BD71
B530
ACAF
A48E
A4AF
A4CF
ACF0
B532
BDB4
CE16
D697
DEB8
E6D9
DEF9
D698
D698
D698
CE77
CE57
CE57
C636
C657
CE77
CE57
C657
0000
0000
BDF5
B5B4
B5B4
B593
B574
AD73
AD53
AD52
A532
9CF1
9CB0
948F
944E
946F
AD53
BDD5
BDB5
B594
C616
C616
BDD5
BDD5
BDD5
AD73
AD53
B5B5
BDF5
B5D5
B594
B5B5
B5B5
B5B5
BDD5
B5B5
AD73
AD74
B594
B594
B5B5
B5D5
B5D5
B594
A512
94B0
94B0
9CD1
9CF1
9CD1
A532
AD53
AD53
A533
A533
AD94
B5B4
BDD5
BDF6
B595
B5B5
B595
AD33
A4F1
9CD1
9CD1
A4F1
A512
AD74
B5B5
BDD5
BDF6
BDF6
BDD5
C617
C616
B5D5
B594
B5B5
B5B5
BDD5
BDD5
C616
BDF6
C616
C637
CE78
D699
DEFA
F79D
FFDE
FFDE
FFDE
F7BD
F7BD
FFDE
F7DE
F7BD
F7BD
F7BE
F7BD
F7BD
F7BD
F7BD
F7BD
F7BD
F7BD
0000
0000
F7BD
F7BD
F7BD
F7BD
F79D
F79D
F7BD
F7BD
F7BD
F7BD
F7BD
F7BD
EFBD
F7BD
EFBD
EFBD
EFBD
EF9D
EF9D
EF9D
EF9D
EF9D
EF9D
EF9D
EFBD
EF9D
EF9D
EF9D
EF9D
EF9D
EF9D
EF9D
EF9D
EF9D
EF9D
EF9D
EF9D
EF9D
EF9D
EF9D
EF9D
EF9D
F79E
EF9E
EF9E
EF9E
EF9E
EF9E
EF9E
EF9E
EF9E
EF9E
EFBE
EFBE
EFBE
F7BE
EFBE
EFBE
EFBE
EFBE
EFBE
EFBE
EFBE
EFBE
F7BE
F7BE
EFBE
F7BE
F7BE
EFBE
F7BE
F7BE
F7BE
F7BE
F7BE
F7BE
F7BE
F7BE
F7BE
F7BE
F7BE
F7BE
F7BE
F7BE
F7DE
F7DE
F7DE
F7DE
F7DE
F7BE
F7DF
F7DE
F7DE
F7DF
F7DE
F7DE
F7DE
F7DE
F7DE
F7DE
F7DF
F7DF
F7DF
F7DF
F7DF
D699
D699
D6B9
D6B9
D6B9
D6DA
D6DA
D6DA
D6DA
D6DA
D6DA
D6DA
D6D9
D6D9
D6B9
D6B9
D6B9
D698
CE98
D698
D698
CE98
D698
D698
D699
D698
D6B9
D6B9
D6B9
D6B9
D6D9
D6D9
D6D9
D6DA
D6DA
D6DA
D6DA
D6DA
D6DA
D6D9
D6B9
D6B9
D6B8
D698
D698
D6B8
D6B9
D6B9
D6D9
DED9
DED9
DEFA
DEFA
DEFA
DEFA
DEFA
DEFA
DEFA
DED9
DED9
D6B9
D698
CE77
CE15
C5F4
CE36
D677
CE57
D677
D657
C5F4
BD93
B552
B531
ACF0
B511
BD51
B510
A48E
ACAE
BD31
C593
B510
ACCF
A4AF
ACD0
AD11
B552
BDB4
CE16
D697
E6F9
DEB8
D677
D677
D677
D698
D6B9
CE77
C657
CE57
C637
C637
CE57
CE57
CE57
0000
0000
BDF5
B5D4
BDD4
B5B4
B5B4
B594
AD73
AD53
A532
9CF1
9CB0
946F
944F
8C4F
9CD1
A532
AD53
BDD5
C637
BDF6
B5B4
BDB5
B5B4
AD53
AD73
BDD5
BDF6
B5D5
B594
AD74
B594
B5B5
B5B4
AD74
AD53
AD74
B594
B594
B5B5
B5B5
B5D5
B5B5
AD53
9D12
9CB1
9CD1
A512
A512
A532
AD53
AD53
AD74
B574
B594
AD74
BDB5
BDD6
B594
B5B5
B594
AD53
A4F2
9CD1
9CF1
A512
AD53
B594
BDD5
BDF6
C616
BDF6
BDD5
C637
BDF6
B5B4
B594
B5B5
B5B5
BDB5
BDB5
BDF6
C636
CE57
CE78
D699
D6B9
DEFA
EF7C
FFDE
FFDE
F7DE
F7BD
F7BD
F7DE
F7DE
F7BE
F7BE
F7BE
F7BD
F7BE
F7BD
F7BD
F7BD
F7BD
F7BD
0000
0000
F7BD
F7BD
F7BD
F7BD
F7BD
F7BD
F7BD
F7BD
F7BD
F7BD
F7BD
F7BD
EFBD
EFBD
EFBD
F7BD
EFBD
EFBD
EFBD
EF9D
EF9D
EF9D
EFBD
EF9D
EF9D
EF9D
EF9D
EF9D
EF9D
EF9D
EF9D
EF9D
EF9D
EF9D
EF9D
EF9D
EF9D
EF9D
EF9D
EF9D
EF9D
EF9D
EF9D
EF9E
EF9E
EF9E
EF9E
EF9E
EF9E
EF9E
EF9E
EF9E
EF9E
F7BE
EFBE
EFBE
EFBE
EFBE
EFBE
EFBE
EFBE
EFBE
EFBE
EFBE
EFBE
EFBE
EFBE
EFBE
EFBE
EF9E
EFBE
F7BE
EFBE
F7BE
EFBE
F7BE
F7BE
F7BE
F7BE
F7BE
F7BE
F7BE
F7BE
F7BE
F7BE
F7BE
F7BE
F7BE
F7BE
F7BE
F7BE
F7BE
F7BE
F7BE
F7BE
F7BE
F7DE
F7DE
F7DE
F7BE
F7DE
F7DF
F7DF
F7DF
F7DF
D699
D6B9
D6B9
D6B9
D6D9
D6DA
D6DA
D6DA
D6DA
D6DA
D6D9
D6D9
D6B9
D699
D6B9
D699
D698
CE98
CE98
D698
D698
D698
D698
D699
D6B9
D6B9
D6B9
D6B9
D6B9
D6D9
D6DA
D6DA
D6DA
D6DA
D6DA
D6DA
D6FA
D6DA
D6DA
D6D9
D6B9
D6B9
D698
D698
D698
D6B9
D6B9
D6B9
D6D9
DED9
DEFA
DEFA
DEFA
DF1A
DF1A
DEFA
DEFA
DEF9
D6D9
D6B9
D698
D678
CE57
C615
BDB3
BDB3
CE36
CE56
D657
D677
D656
C5F4
C5B3
BD93
B551
B531
B531
B530
ACAE
ACCF
BD72
CDD3
BD51
B510
B511
BD52
C5B4
CE15
CE15
D656
DEB8
D676
C5D3
C5F4
CE35
CE56
D698
D6B8
CE77
C637
CE57
CE57
C637
C637
C657
C657
0000
0000
BDF5
BDD4
BDD4
B5D5
B5B4
B5B4
B594
B594
A532
9CF0
94B0
9490
948F
946F
8C6F
94B0
AD53
BDF5
C616
BDD5
AD73
AD53
B573
AD53
AD74
BDD5
BDF6
B5B5
AD73
AD53
AD74
AD94
AD73
AD53
AD53
AD53
B594
B594
B5B5
B5B5
B5B5
AD74
AD74
AD53
A512
A4F2
AD53
A512
A532
AD53
AD53
B594
B5B5
AD94
AD74
B5B5
B5B5
B594
B594
AD74
AD74
A512
A4F2
A4F2
A533
AD74
B5B5
BDB5
BDD6
BDF6
BDD6
BDF6
BDF6
B594
B594
B594
B5B5
BDD5
B5B5
BDB5
BDD5
C616
CE98
D699
D6B9
DEDA
DEFA
EF5C
F7DE
FFDE
F7DE
F7BD
F7BD
F7BD
F7DE
F7BD
F7BE
F7BE
F7BD
F7BE
F7BD
F7BD
F7BD
F7BD
F7BD
0000
0000
F7BD
F7BD
F7BD
F7BD
F7BD
F7BD
F7BD
F7BD
F7BD
F7BD
F79D
EF9D
EF9D
EF9D
EF9D
F79D
F79D
EF9D
EF9D
EF9D
EF9D
EF9D
EF9D
EF9D
EF9D
EF9D
EF9D
EF9D
EF9D
EF9D
EF9D
EF9D
EF9D
EF9D
EF9D
EF9D
EF9D
EF9D
EF9D
EF9D
EF9D
EF9D
EF9E
EF9D
EF9D
EF9E
EF9D
EF9D
EF9D
EF9E
EF9D
EF9E
EF9E
EF9E
EF9E
EF9E
EF9E
EF9E
EF9E
EF9E
EFBE
EF9E
EF9E
EFBE
EFBE
EF9E
EFBE
EF9E
EFBE
EFBE
EFBE
EFBE
EFBE
EFBE
EFBE
F7BE
F7BE
F7BE
F7BE
F7BE
EFBE
F7BE
F7BE
F7BE
F7BE
F7BE
F7BE
F7BE
F7BE
F7BE
F7BE
F7BE
F7BE
F7BE
F7BE
F7BE
F7BE
F7BE
F7DE
F7DE
F7DE
F7DE
F7DE
F7DE
F7DE
D6B9
D6B9
D6B9
D6D9
D6DA
D6DA
D6DA
D6DA
D6DA
D6D9
D6B9
D6B9
D699
D6B9
CE98
CE98
D698
CE98
CE98
CE98
D698
D698
D698
D6B9
D6B9
D6B9
D6B9
D6D9
D6B9
D6DA
D6D9
D6D9
D6DA
D6DA
D6DA
D6FA
D6FA
D6DA
D6D9
D6B9
D6B8
D698
D698
D698
D6B8
D6B9
D6D9
D6D9
DED9
DEFA
DEFA
DF1A
DF1A
DF1A
DEFA
DEFA
DEFA
DED9
D6B9
D6B9
D698
D678
CE56
C5F5
BD93
B552
BDB3
C5F5
CE36
D677
D677
CE56
C5F4
C5B3
BD92
BD51
B531
B531
B4F0
B4F0
C592
CDF4
C5B3
C5B3
BD72
BD72
C5D4
CE15
CE35
D676
D676
C5F4
BDB3
CDF5
CDF5
CE36
D678
D698
CE78
C657
C637
C636
C636
C636
C616
C636
0000
0000
BDD5
B5D4
BDD4
BDD5
B5B5
B594
B594
AD73
A511
9CF1
9CB0
94B0
948F
8C2E
842E
8C6F
94B0
AD53
BDB4
B593
AD52
AD52
B594
B573
AD73
B5D5
BDF6
B5B5
AD73
AD53
AD53
AD53
AD53
AD53
A553
AD53
AD74
B594
B5B5
B594
AD74
AD74
AD53
AD53
A553
A513
AD53
A533
A553
AD53
AD53
AD53
AD74
AD53
AD53
B594
B5B5
B594
B594
AD53
AD74
AD32
A4F2
A512
AD53
B574
B594
B594
B594
B595
B5B5
B5B5
B594
AD74
B594
B594
B5B5
BDF6
BDB5
B5B5
BDB5
C616
CE78
D6B9
D6B9
DED9
DEDA
EF7C
F7BD
FFDE
FFDE
F7BD
F7BD
F7BD
F7BD
F7BD
F7BE
F7BD
F7BD
F7BD
F7BD
F7BD
F79D
F79D
F79D
0000
0000
F79D
F79D
F79D
F7BD
F79D
F79D
F79D
F79D
F79D
F79D
F79D
EF9D
EF9D
EF9D
EF9D
F79D
F79D
F79D
EF9D
EF9D
EF9D
EF9D
EF9D
EF9D
EF9D
EF9D
EF9D
EF9D
EF9D
EF9D
EF9D
EF9D
EF9D
EF9D
EF9D
EF9D
EF9D
EF9D
EF9D
EF9D
EF9D
EF9D
EF9D
EF9D
EF7D
EF9E
EF9D
EF9D
EF9D
EF9E
EF9D
EF9E
EF9D
EF9E
EF9E
EF9E
EF9E
EF9E
EF9E
EF9E
EFBE
EF9E
EF9E
EF9E
EF9E
EF9E
EF9E
EFBE
EF9E
EF9E
EF9E
EFBE
EFBE
EF9E
EFBE
EFBE
EF9E
EFBE
EFBE
EF9E
EFBE
EFBE
EFBE
EFBE
F7BE
EFBE
F7BE
EFBE
EFBE
EFBE
F7BE
F7BE
F7BE
F7BE
F7BE
F7BE
F7BE
F7BE
F7BE
F7BE
F7DE
F7DE
F7DE
F7DE
F7DE
D6B9
D6B9
D6B9
D6DA
D6DA
D6DA
D6FA
D6DA
D6D9
D6D9
D6B9
D6B9
D699
D699
CE98
CE98
D698
CE98
CE98
CE98
D698
D6B9
D6B9
D6B9
D6B9
D6B9
D6B9
D6D9
D6D9
D6D9
D6DA
D6D9
D6DA
D6FA
D6FA
D6FA
D6DA
D6D9
D6B9
D6B9
D6B8
D698
D698
D6B8
D6B9
D6B9
DED9
DED9
DEFA
DEFA
DF1A
DF1A
DEFA
DEFA
DEFA
DEF9
DED9
D6D9
D6B9
D698
D678
CE57
CE36
C5F4
B592
AD11
AD10
B551
BD93
CE16
D677
D697
D656
CDF4
C5B3
BD72
B531
B551
BD51
B510
BD51
C5D3
CDD3
C5B2
B4EF
B510
C5B3
CE15
D656
CE35
CE14
BDB3
BD92
C5F4
C5D4
C5F5
D677
D678
CE78
CE57
C636
C616
C616
C616
C636
C636
0000
0000
BDD5
BDD4
BDD5
BDD5
B5B4
B594
AD73
A552
A532
A4F1
9CB0
948F
8C4F
8C4E
946F
8C6F
8C4E
9490
AD32
B593
B5B4
B5B4
BDB5
B594
AD53
B5B5
BDD5
BDD5
AD74
AD53
AD53
AD53
AD73
AD53
A533
A553
AD53
B594
B594
B594
AD74
AD53
AD33
A553
AD53
A532
AD53
AD74
AD74
AD74
AD53
AD74
AD74
AD73
A533
AD53
AD74
AD53
AD53
A533
AD33
AD33
A512
A512
AD53
AD53
AD33
AD33
A532
AD53
B574
AD74
AD74
AD74
B574
B594
BDD5
C616
BDD5
B5B5
BDD5
BE16
CE57
D6B9
D6B9
D6B9
DEDA
EF7C
FFDE
FFDE
FFDE
FFDE
F7BD
F7BD
F7BD
F7BD
F7BD
F7BE
F7BD
F7BD
F7BD
F79D
F7BD
F79D
F79D
0000
0000
F79D
F79D
F79D
F79D
F79D
F79D
F79D
F79D
F79D
F79D
F79D
F79D
F79D
EF9D
EF9D
F79D
F79D
F79D
EF9D
EF9D
EF9D
EF9D
EF9D
EF9D
EF9D
EF9D
EF9D
EF9D
EF9D
EF9D
EF9D
EF9D
EF9D
EF9D
EF9D
EF9D
EF9D
EF9D
EF9D
EF9D
EF9D
EF9D
EF9D
EF9D
EF9E
EF9E
EF9E
EF9D
EF9D
EF9D
EF9D
EF9E
EF9D
EF9E
EF9D
EF9E
EF9E
EF9E
EF9D
EF9D
EF9E
EF9E
EF9E
EF9E
EF9E
EF9E
EF9E
EF9E
EF9E
EF9E
EFBE
EFBE
EF9E
EF9E
EFBE
EFBE
EFBE
EFBE
EFBE
EFBE
EF9E
EF9E
EFBE
EFBE
EFBE
EFBE
F7BE
EFBE
EFBE
F7BE
F7BE
F7BE
F7BE
F7BE
F7BE
F7BE
F7BE
F7BE
F7BE
F7BE
F7BE
F7BE
F7BE
F7BE
F7BE
D6B9
D6B9
D6B9
D6DA
D6DA
D6DA
D6DA
D6DA
D6B9
D6B9
D698
D698
D698
D698
CE98
CE98
CE98
CE98
CE98
D698
D698
D6B9
D6B9
D6B9
D6B9
D6B9
D6B9
D6B9
D6DA
D6D9
D6D9
D6DA
D6DA
D6DA
D6FA
D6DA
D6D9
D6B9
D6B8
D698
D698
D698
D698
D6B8
D6B9
D6D9
DED9
DEDA
DEFA
DEFA
DF1A
DEFA
DF1A
DEFA
DEFA
DED9
D6D9
D6B9
D698
D678
CE57
CE36
C615
C5D4
B572
AD11
A4AF
9C8E
9C8F
ACF1
BDB4
CE36
D657
CE36
CDF5
C5D4
BD72
BD52
BD93
BD52
B531
BD72
C5D3
C5B3
B530
AD10
C5B3
D635
D635
C5D4
CDF4
BD93
BD72
C5B4
BD93
BDB4
CE36
CE77
CE78
C657
C636
CE37
C636
C636
C657
C637
0000
0000
BDD5
BDD5
BDF5
BDD5
B5B4
AD73
AD53
AD53
A533
9CF1
94B0
946F
948F
9490
948F
8C4F
8C4E
842E
9CB0
AD53
BDD5
BDD5
BDF5
BDD5
AD73
B574
BDD5
BDD5
B594
AD74
AD54
AD53
AD74
AD53
A532
AD53
AD53
AD74
B594
B594
B594
AD53
A532
A533
AD53
A512
A512
AD74
B5B5
AD53
AD53
AD74
B574
B594
AD74
AD53
AD53
AD53
A512
9CF1
A4F2
AD32
A512
A512
A532
9CD1
9CB1
A4F1
A512
AD53
AD53
AD53
B574
B594
AD32
AD53
BDB5
C616
BDF6
B5B5
BDB5
C616
CE57
D698
CE78
D698
DF1A
F79D
FFDE
FFDE
FFDE
FFDE
FFDE
FFDE
F7BE
F7BE
F7BD
F7BD
F7BD
F7BD
F7BD
F79D
F79D
F79D
F79D
0000
0000
F79D
F79D
F79D
F79D
F79D
F79D
F79D
F79D
F79D
F79D
F79D
F79D
F79D
F79D
EF9D
F79D
F79D
F79D
EF9D
EF9D
EF9D
EF9D
EF9D
EF9D
EF9D
EF9D
EF9D
EF9D
EF9D
EF9D
EF9D
EF9D
EF9D
EF9D
EF9D
EF9D
EF9D
EF9D
EF9D
EF9D
EF7D
EF9D
EF9D
EF9D
EF9D
EF9D
EF9D
EF9D
EF9E
EF9D
EF9D
EF9E
EF9D
EF9E
EF9E
EF9E
EF9E
EF9E
EF9E
EF9D
EF9E
EF9E
EF9E
EF9E
EF9E
EF9D
EF9D
EF9E
EF9D
EF9E
EF9E
EF9E
EF9E
EF9E
EFBE
EF9E
EF9E
EFBE
EF9E
EF9E
EF9E
EF9E
EF9E
EF9E
EF9E
EFBE
EFBE
EF9E
EF9E
EF9E
EFBE
EFBE
EFBE
EFBE
F7BE
F7BE
F7BE
F7BE
F7BE
F7BE
F7BE
F7BE
F7BE
F7DE
F7BE
D6D9
D6D9
D6D9
D6DA
D6DA
D6DA
D6DA
D6D9
D6B9
D699
D698
CE98
D698
CE98
CE98
CE98
CE98
CE98
D698
D698
D6B9
D6B9
D6B9
D6B9
D6B9
D6B9
D6B9
D6D9
D6D9
D6DA
D6DA
D6FA
D6FA
D6DA
D6DA
D6D9
D6B9
D6B9
D698
D698
D698
D698
D6B9
D6B9
D6D9
DED9
DEDA
DEFA
DEFA
DF1A
DF1A
DEFA
DEFA
DEFA
DEFA
DED9
D6B9
D698
D698
CE77
CE36
C615
C5F5
BDB4
B573
AD10
A48E
940C
83AA
838A
9C6E
B552
C5F5
CE36
CE36
CE15
CDF5
C5B4
BD93
BD93
BD72
B551
BD93
C5D3
BD92
C5B3
CDF4
CDF4
CDF4
C5B3
C5B3
C5B4
BD93
C5D4
BD93
BDD4
CE36
CE77
CE77
C657
C636
C636
C636
CE57
CE57
C637
0000
0000
BDD5
BDF5
BDF5
BDD5
B594
AD53
AD53
AD53
AD53
9D11
94B0
94B0
9CD0
94B0
8C6F
8C4F
8C2E
83ED
840D
A511
BDD5
BDD5
C616
BDF5
AD53
AD32
AD73
B5B5
B5B5
B594
AD74
AD74
B594
AD53
A512
A553
AD53
AD53
AD94
B5B5
BDF6
B594
A533
A533
A512
A4F2
A4F2
A533
B5B5
AD53
A533
A533
A533
AD33
B574
B574
AD74
AD53
AD33
A4F2
A4F1
A512
A4F2
9CD1
A4F2
9490
944F
9CB0
A512
AD53
AD53
AD54
BDB5
BDD5
AD53
AD32
B594
BDD5
BDF6
BDD5
BDD5
C616
CE57
D678
D678
D698
DEFA
F79D
FFDE
FFDE
FFDE
FFDE
FFDE
FFDE
FFDE
F7DE
F7BD
F7BD
F7BD
F7BD
F79D
F7BD
F79D
F79D
F7BD
0000
0000
F79D
F79D
F79D
F79D
F79D
F79D
F79D
F79D
F79D
F79D
F79D
F79D
EF9D
F79D
EF9D
EF9D
EF9D
EF9D
EF9D
EF9D
EF9D
EF9D
EF9D
EF9D
EF9D
EF9D
EF9D
EF9D
EF9D
EF9D
EF9D
EF9D
EF9D
EF9D
EF9D
EF9D
EF9D
EF9D
EF9D
EF9D
EF9D
EF9D
EF9D
EF9D
EF9D
EF9D
EF7D
EF9D
EF9D
EF9D
EF9D
EF9D
EF9D
EF9D
EF9D
EF9E
EF9E
EF9D
EF9D
EF9D
EF9E
EF9D
EF9E
EF9E
EF9D
EF9D
EF9E
EF9D
EF9D
EF9E
EF9E
EF9E
EF9D
EF9E
EF9E
EF9E
EF9E
EF9E
EF9E
EF9E
EF9E
EF9E
EF9E
EFBE
EFBE
EF9E
EF9E
EFBE
EF9E
EF9E
EF9E
EFBE
F7BE
F7BE
EFBE
F7BE
F7BE
F7BE
F7BE
F7BE
F7BE
EFBE
F7BE
F7BE
F7BE
D6DA
D6D9
D6D9
D6DA
D6DA
D6D9
D6B9
D6B9
D6B9
D698
D698
D698
CE98
CE98
CE98
CE98
CE98
D698
D6B9
D6B9
D6B9
D6B9
D6B9
D6B9
D6B9
D6B9
D6B9
D6D9
D6D9
D6D9
D6DA
D6FA
D6FA
D6DA
D6D9
D6B9
D698
D698
CE98
CE98
D698
D6B9
D6B9
D6B9
D6D9
DEDA
DEFA
DEFA
DEFA
DEFA
DEFA
DEFA
DEFA
DEFA
DED9
D6D9
D6B8
D698
CE78
CE57
CE36
C5F5
C5D4
BDB3
B572
AD10
9C8E
8BEB
7B69
838B
946E
A4D0
AD31
BDB3
C5F4
C5F5
C5D4
C5D4
C5D4
C5B3
BD92
B551
BD52
C5B3
CDD4
CDF4
C5B3
C5B3
C593
BD92
BD72
BD73
C5D4
C615
BDD5
BDF5
CE36
CE77
CE57
C636
C616
C616
C636
CE57
C657
C637
0000
0000
BDF5
BDF5
BDF5
B5B4
AD73
AD53
AD53
AD53
A552
9CF1
94B0
9CD0
9CD0
946F
8C4E
8C4E
840E
7BCC
7BED
A4F1
BDB4
BDD4
C5F5
BDD5
AD53
A532
AD32
B574
B5B4
B594
B594
AD94
B594
A512
A512
A512
A533
AD73
B594
BDF6
C616
B5B5
AD53
A533
A512
A512
A512
AD53
B5B5
AD33
AD53
AD53
A512
9CB0
9CD1
A512
AD33
AD53
AD53
A512
A4F1
9CD1
9CB0
94B0
9CD1
9490
946F
944F
9CD1
A532
AD53
B574
BDD5
BDD5
AD73
AD32
B573
B5B4
BDD5
C616
C616
C616
C616
CE57
CE57
D678
DED9
EF9D
FFDE
FFDE
FFDE
FFDE
FFDE
F7DE
F7BE
F7BD
F7BD
F7BD
F7BD
F7BD
F7BD
F7BD
F79D
F79D
F79D
0000
0000
F79D
F79D
F79D
F79D
F79D
F79D
F79D
F79D
F79D
F79D
F79D
F79D
F79D
F79D
EF9D
EF9D
EF9D
EF9D
EF9D
EF9D
EF9D
EF9D
EF9D
EF9D
EF9D
EF9D
EF9D
EF9D
EF9D
EF9D
EF9D
EF9D
EF9D
EF9D
EF9D
EF9D
EF7D
EF7D
EF9D
EF7D
EF9D
EF9D
EF9D
EF9E
EF9D
EF9D
EF9D
EF9D
EF9D
EF9D
EF9D
EF9D
EF9D
EF9D
EF9D
EF9D
EF9D
EF9E
EF9D
EF9D
EF7D
EF7D
EF9D
EF9D
EF7D
EF9D
EF9D
EF9D
EF9E
EF9E
EF9D
EF9E
EF9D
EF9D
EF9D
EF9E
EF9E
EF9E
EF9D
EF9D
EF9E
EF9E
EF9E
EF9E
EF9E
EF9E
EF9E
EF9E
EF9E
EF9E
EF9E
EFBE
EFBE
EFBE
EFBE
EFBE
F7BE
F7BE
EFBE
EF9E
EFBE
F7BE
F7BE
F7BE
F7BE
D6DA
D6DA
D6DA
D6DA
D6B9
D6B9
D6B9
D6B9
CE98
D698
CE98
CE98
CE98
CE78
CE98
CE98
D699
D699
D6B9
D6B9
D6B9
D6B9
D6B9
D6B9
D6B9
D6B9
D6D9
D6D9
D6DA
D6DA
D6DA
D6FA
D6DA
D6D9
D6B9
D698
CE98
CE98
CE98
D698
D6B8
D6B9
D6D9
D6D9
DED9
DEDA
DEFA
DEFA
DEFA
DF1A
DEFA
DEFA
DEFA
DED9
D6D9
D6D9
D6B8
CE98
CE77
CE36
CE36
C5F5
BDD4
BD93
B572
ACF0
9C6D
83CB
8BEC
A4B0
A4F1
A511
A511
AD31
B572
BD93
BD93
BD93
C5D4
C5D4
C5D4
C5B3
BD72
C592
C593
C592
C593
BD72
BD72
BD72
B531
B531
BD73
C5F5
CE36
CE57
D678
CE78
CE57
C636
BDF5
C616
C637
C637
CE57
C637
0000
0000
C616
BE16
BDD5
B5B4
AD94
AD73
AD73
AD53
A512
9CD1
9CD0
9CD1
9CB0
8C4F
8C4E
842E
840D
7BAC
83ED
9CB0
B594
BDD5
BDD5
BDD5
AD73
AD53
AD53
AD53
AD73
B594
B5B4
B5B5
B594
A533
A512
A512
A533
AD94
BDD5
BE16
BDF6
B594
AD53
A512
A532
AD53
A512
AD53
AD74
AD33
AD53
AD53
AD33
9CB0
946F
9CB0
A4F2
A512
AD53
AD53
A4F2
9CD1
9490
9CB0
9CB1
946F
948F
8C4E
9490
AD33
AD73
B574
BDB5
BDD5
B573
AD53
B573
B594
BDD5
C636
C615
C5F5
C615
D677
CE57
CE77
D6B9
EF7C
FFDE
FFDE
FFDE
FFDE
F7BD
F7DE
FFDE
F7BD
F7BD
F7BD
F7BD
F7BD
F7BD
F7BE
F79D
F79D
F79D
0000
0000
F79D
F79D
F79D
F79D
F79D
F79D
F79D
F79D
F79D
F79D
F79D
F79D
F79D
F79D
EF9D
EF9D
EF9D
EF9D
EF9D
EF9D
EF9D
EF9D
EF9D
EF9D
EF9D
EF9D
EF9D
EF9D
EF9D
EF7D
EF7D
EF7D
EF9D
EF9D
EF9D
EF7D
E77C
EF7C
EF7D
EF9D
EF9D
EF9D
EF9D
EF7D
EF9D
EF9D
EF9D
EF9D
EF9D
EF9D
EF9D
EF9D
EF9D
EF9D
EF9D
EF9D
EF7D
EF9D
EF7D
EF9D
EF9D
EF9D
EF9D
EF9D
EF9D
EF7D
EF9D
EF9D
EF9D
EF9D
EF9D
EF9E
EF9D
EF9D
EF9D
EF9E
EF9D
EF9E
EF9D
EF9D
EF9E
EF9E
EF9D
EF9E
EF9E
EF9D
EF9E
EF9E
EF9E
EF9E
EF9E
EFBE
EFBE
EFBE
EFBE
EFBE
EFBE
EFBE
EFBE
F7BE
EFBE
F7BE
F7BE
F7BE
EFBE
D6DA
D6DA
D6DA
D6B9
D6B9
D6B9
D699
D699
D698
D698
CE98
CE98
CE98
CE98
D698
D699
D699
CEB9
D6B9
D6B9
D6B9
D6B9
D6B9
D6B9
D6B9
D6B9
D6D9
D6D9
D6DA
D6DA
D6DA
D6DA
D6D9
D6B9
D698
D698
CE98
CE78
CE98
D698
D6B9
D6B9
D6B9
DED9
DED9
DEDA
DEFA
DEFA
DEFA
DEFA
DEFA
DEFA
DED9
D6D9
D6B9
D6B9
D698
CE77
CE57
CE36
C615
C5D4
BDB3
B592
AD51
A4CF
942D
942D
AD11
B552
B552
AD52
AD32
AD31
AD31
AD31
AD52
AD51
B572
BDB3
C5D4
C5D4
C5B3
C5B3
C5B3
C5B3
BD72
AD11
B511
B552
B572
B552
B573
BDB4
C5F5
CE57
D698
D698
CE78
C636
C615
C616
C636
C637
CE57
CE57
0000
0000
C616
C616
BDF6
B5D5
AD94
AD73
AD73
A532
A512
9CF1
9CF1
9CF1
94B0
946F
8C4F
842E
840E
7BED
83ED
948F
B574
BDD5
BDD4
B5B4
B574
B594
AD53
AD53
AD33
AD53
AD74
B5B5
B5B5
AD53
A532
A532
AD74
B5D5
BDD5
BDD5
B594
AD74
AD54
A513
AD33
AD53
AD53
AD53
AD53
AD53
AD74
AD53
A512
9CB0
946F
9C90
9CD1
A4F2
A512
AD53
A512
9CD1
9490
9490
944F
946F
948F
8C4E
9490
AD53
B574
AD53
B594
B594
AD53
B573
B573
BDB4
C616
CE36
C5F5
C5F5
CE36
CE56
CE57
CE77
DED9
F79C
F7DE
F7DE
FFDE
F7BD
F7BD
F7BD
F7BD
F7BD
F7BD
F7BD
F7BD
F79D
F79D
F79D
F79D
F7BD
F7BD
0000
0000
F79D
F79D
F79D
F79D
F79D
F79D
F79D
F79D
F79D
F79D
F79D
F79D
EF9D
EF9D
EF9D
EF9D
EF9D
EF9D
EF9D
EF9D
EF9D
EF9D
EF9D
EF9D
EF9D
EF9D
EF9D
EF9D
EF9D
EF7D
EF7D
EF7D
EF9D
EF7D
EF7C
EF7C
E77C
EF7C
EF7D
EF7D
EF9D
EF9D
EF9D
EF9D
EF9D
EF9D
EF9D
EF9D
EF9D
EF9D
EF7D
EF7D
EF7D
EF7D
EF7D
EF7D
EF7D
EF7D
EF7D
EF7D
EF7D
EF7D
EF9D
EF9D
EF7D
EF7D
EF9D
EF9D
EF9D
EF9D
EF9D
EF9D
EF9D
EF9D
EF9D
EF9D
EF9D
EF9D
EF9D
EF9D
EF9D
EF9D
EF9D
EF9D
EF9D
EF9D
EF9E
EF9E
EF9E
EF9E
EF9E
EFBE
EF9E
EFBE
EFBE
EF9E
EFBE
EF9E
EF9E
EFBE
EFBE
EFBE
EF9E
EFBE
EFBE
D6D9
D6D9
D6DA
D6B9
D6B9
D699
D699
D698
D698
CE98
CE98
CE78
CE78
CE98
D699
D6B9
D6B9
D6B9
D6B9
D6B9
D6B9
D6B9
D6B9
D6B9
D6B9
D6B9
D6D9
D6DA
D6DA
D6DA
D6D9
D6D9
D6B9
D6B8
CE98
CE78
CE78
CE78
D698
D6B9
D6B9
D6B9
DED9
DEDA
DEDA
DEFA
DEFA
DEFA
DEFA
DEF9
DED9
DED9
D6D9
D6B9
D6B8
D698
CE98
CE77
CE56
CE36
C615
BDD4
BDB3
B572
AD10
9C8E
9C8F
AD52
B593
B593
BD93
B593
B573
B573
B552
AD52
AD51
AD31
AD31
AD31
B552
B572
BD72
BD72
BD52
B531
AD11
ACF0
AD10
B532
B573
BDB4
C5F5
C616
CE57
D698
D6B9
D698
CE78
C657
C637
C637
CE57
CE77
CE77
CE57
0000
0000
C637
C616
BDF5
B5D5
B594
B594
AD73
A533
A512
A512
9CF2
9CD1
94B0
948F
8C6F
8C2E
842E
840D
83ED
9490
B594
BDD5
BDB4
B594
B5B4
BDB5
AD53
AD53
AD33
AD33
AD53
AD74
B5B5
B594
AD74
AD73
AD74
AD74
AD74
AD74
AD74
AD74
AD74
AD53
AD53
AD74
AD74
AD74
AD74
B574
B594
AD53
A4F1
9CB0
948F
9CB0
9CB1
9CD1
9CD1
A511
A512
9CD1
946F
944F
8C2E
946F
9490
946F
9CB0
AD53
AD53
AD53
B573
AD53
AD53
B574
B574
B5B4
C616
CE36
C615
CE36
CE57
CE77
D677
DEB8
E71A
EF9C
F7BD
F7BD
F7BD
F7BD
F7BD
F7BD
F7BD
F7BD
F7BD
F7BD
F7BD
F7BD
F79D
F79D
F7BD
F79D
F7BD
0000
0000
F79D
F79D
F79D
F79D
F79D
F79D
F79D
F79D
F79D
F79D
EF9D
EF9D
EF9D
EF9D
EF9D
EF9D
EF9D
EF9D
EF9D
EF9D
EF9D
EF9D
EF9D
EF9D
EF9D
EF9D
EF9D
EF9D
EF9D
EF9D
EF7C
EF7D
EF9D
EF9D
E75C
E77C
EF7D
EF9D
EF7D
EF9D
EF9D
EF9D
EF9D
EF9D
EF9D
EF9D
EF7D
EF9D
EF9D
EF7D
EF7D
EF7D
EF7D
EF7D
EF7D
EF7D
EF7D
EF7D
EF7D
EF7D
EF7D
EF7D
EF9D
EF9D
EF7D
E75C
EF7D
EF9D
EF7D
EF7D
EF9D
EF9D
EF7D
EF7D
EF9D
EF9D
EF9D
EF9E
EF9D
EF9D
EF9E
EF9D
EF9D
EF9E
EF9E
EF9E
EF9E
EF9E
EF9E
EF9E
EF9D
EF9E
EF9E
EF9E
EF9E
EFBE
EFBE
EF9E
EFBE
EF9E
EF9E
EFBE
EF9E
EFBE
EFBE
D6B9
D699
D699
D699
D698
D698
D698
CE98
CE78
CE78
CE78
CE98
D698
D698
D6B9
D6B9
D6B9
D6B9
D6B9
D6B9
D699
D6B9
D6B9
D6B9
D6B9
D6D9
D6DA
D6DA
D6DA
D6DA
D6D9
D6B9
D698
CE98
CE78
CE78
CE78
D698
D6B9
D6B9
D6B9
DEDA
DEDA
DEDA
DEFA
DEFA
DEFA
DEF9
DEFA
DEF9
DED9
DED9
D6B9
D6B8
D698
D698
CE78
CE57
CE36
CE36
C5F5
BDD4
B592
AD31
9CAF
9CAF
B573
BDB4
BDB4
BDB4
BDB4
BDB4
B594
B593
B593
B573
B552
AD52
AD52
AD31
AD11
A510
A510
AD10
AD11
AD31
AD31
AD31
AD11
AD31
B552
BD93
BDD4
CE36
D678
DED9
DED9
D698
CE78
CE57
C637
CE57
CE78
CE57
CE57
C636
0000
0000
C637
C616
BDF6
BDD5
B5D4
B5B4
AD73
A553
AD53
A533
A512
9CF1
9CD1
9490
8C4F
8C4E
8C2E
840E
840D
9490
AD53
B5B4
BDD5
B594
B594
B594
AD73
B574
AD53
AD53
AD53
AD53
AD74
B5B5
B594
AD53
A533
AD53
A533
AD53
AD74
B594
B594
AD53
AD53
AD74
AD74
B594
B594
B595
B594
AD53
9CD1
9490
8C4F
9490
9CB0
9CD0
9CB0
9CD0
9CF1
9CD1
9490
8C2E
8C2F
948F
9CD0
9490
A4F1
AD53
AD33
AD53
B573
AD53
AD73
B594
B594
BDB4
CE36
CE57
CE36
CE57
D697
DEB8
D6B8
DEFA
E73B
EF7C
F79D
F7BD
F7BD
F7BD
F7BD
F7BD
F7BD
F7BD
F7BD
F7BD
F7BD
F79D
F79D
F79D
F79D
F79D
F79D
0000
0000
F79D
F79D
F79D
F79D
F79D
F79D
F79D
F79D
F79D
F79D
EF9D
EF9D
EF9D
EF9D
EF9D
EF9D
EF9D
EF9D
EF9D
EF9D
EF9D
EF9D
EF9D
EF9D
EF9D
EF9D
EF9D
EF9D
EF7D
EF9D
EF7D
EF7D
EF7D
EF9D
EF7D
EF7D
EF7D
EF9D
EF9D
EF9D
EF9D
EF7D
EF9D
EF9D
EF9D
EF9D
EF9D
EF9D
EF9D
EF7D
EF7D
EF7D
EF7D
EF7D
EF7D
EF7D
EF7D
EF7D
EF7D
EF7D
EF7D
EF7D
EF7D
EF7D
EF7D
EF7D
EF7D
EF7D
EF7D
EF7D
EF9D
EF9D
EF7D
EF9D
EF9D
EF7D
EF7D
EF9D
EF9D
EF9D
EF9D
EF9D
EF9D
EF9D
EF9D
EF9D
EF9D
EF9E
EF9D
EF9E
EF9D
EF9E
EF9E
EF9E
EF9E
EF9E
EF9E
EF9E
EF9E
EF9E
EF9E
EFBE
EF9E
EFBE
EF9E
D6B9
D699
D699
D698
D699
D698
CE98
CE98
CE78
CE98
CE98
D698
D6B9
D6B9
D6B9
D6BA
D6B9
D6B9
D6B9
D6B9
D699
D6B9
D6B9
D6B9
D6D9
D6FA
D6FA
D6DA
D6DA
D6D9
D6B9
D698
CE98
CE78
CE78
CE98
CE98
D698
D6B9
D6B9
DED9
DEDA
DEDA
DEDA
DEFA
DEDA
DED9
DED9
DEF9
DED9
D6D9
D6B9
D698
D698
D698
CE78
CE77
CE57
CE36
CE35
C5F4
BDB3
B551
A4CF
9CCF
B593
BDF5
C616
C615
BE15
C5F5
BDF5
BDD4
B5D4
B5B4
B5B4
B593
B573
AD72
AD52
AD52
AD52
AD52
AD52
B573
B573
B573
B573
B573
B572
B572
B593
BDD4
C636
D698
D6D9
D6B9
D698
CE78
CE57
C637
C637
CE57
C637
C636
C616
0000
0000
C637
BDF6
BDD5
B5B5
B5B4
B594
AD73
AD53
AD73
A533
A512
9D12
9CD1
9490
8C6F
8C4F
8C4E
840E
83ED
842E
9490
AD73
BDD5
B594
AD73
AD73
B594
B594
AD73
AD53
A532
AD53
AD73
B5B4
B5B5
AD53
A512
AD53
A533
A532
AD74
B5B5
B5B5
AD74
AD53
AD54
AD74
B5B5
B594
B5B5
B594
AD53
A4F2
9490
946F
8C4F
946F
94B0
948F
9490
9C90
9C90
946F
8C2F
946F
9CB0
9CD1
94B0
A532
AD33
AD33
B574
B573
AD73
B573
BDB4
BDB4
BDD5
CE56
D657
CE57
CE77
D698
DED9
DED9
E6FA
EF5C
EF7C
F79D
F7BD
F79D
F7BD
F7BD
F7BD
F7BD
F7BD
F7BD
F7BD
F7BD
F79D
F79D
F79D
F79D
F79D
F79D
0000
0000
F79D
F79D
F79D
F79D
F79D
EF9D
F79D
F79D
EF9D
F79D
EF9D
EF7D
EF9D
EF9D
EF9D
EF9D
EF9D
EF9D
EF9D
EF9D
EF9D
EF9D
EF9D
EF9D
EF9D
EF9D
EF9D
EF7D
EF7C
EF7D
EF7D
EF7D
EF7D
EF9D
EF7D
EF9D
EF7D
EF9D
EF9D
EF9D
EF9D
EF9D
EF7D
EF9D
EF9D
EF7C
EF7D
EF7D
EF7D
EF7D
EF7D
EF7D
EF7D
E77D
E77D
E77D
EF7D
EF7D
E77D
EF7D
EF7D
EF7D
EF7D
EF7D
EF7D
EF7D
EF7D
EF7D
EF7D
EF7D
EF7D
EF7D
EF7D
EF7D
EF7D
EF7D
EF7D
EF9D
EF7D
EF9D
EF7D
EF9D
EF9D
EF9D
EF9E
EF9D
EF9E
EF9D
EF9D
EF9E
EF9E
EF9E
EF9E
EF9D
EF9E
EF9E
EF9E
EF9E
EF9E
EF9E
EF9E
EF9E
EF9D
EF9D
EF9E
D699
D698
CE98
D698
D698
CE98
CE78
CE78
CE78
CE78
CE98
D699
D6B9
D6B9
D6B9
D6B9
D6B9
D6B9
D6B9
D6B9
D6B9
D6B9
D6B9
D6D9
D6DA
D6FA
D6FA
D6DA
D6D9
D6B9
D698
CE98
CE78
CE78
CE98
CE98
CE98
D698
D6B9
D6B9
DED9
DEDA
DEDA
DEDA
DEFA
DED9
DED9
DED9
DEF9
D6D9
D6B9
D6B8
D698
D698
CE78
CE77
CE77
CE57
CE36
C615
BDD4
B572
A4F0
A4F0
BDB4
C636
C637
CE57
CE57
CE57
CE57
C637
C636
C636
C616
C616
BE16
BDF5
BDF5
BDD5
BDD5
BDD4
BDD4
BDD4
BDD5
BDD5
BDD5
BDD5
BDD5
BDB4
B5B4
B5B4
BDD4
C636
CE98
D6D9
D6B9
D698
CE78
CE78
CE57
CE57
CE37
C636
C616
C616
0000
0000
C636
BDF5
B5B5
B5B4
B5D5
B5B4
AD73
AD53
AD53
A532
A532
9CF1
9CB0
946F
948F
8C6F
8C2E
840E
83ED
7BCD
83ED
94B0
B5B4
BDB4
AD73
AD53
B594
B5B4
B574
AD33
AD32
AD73
B594
B5B5
B5B5
AD53
A532
AD74
A553
A533
AD74
B5B5
B5B5
AD74
AD53
AD53
AD94
B5B5
B595
B594
AD74
A512
9CD1
946F
840E
840D
8C0E
8C4E
8C4E
8C4E
8C4F
8C2F
8C2E
8C2E
946F
9CB0
9CD1
A4F1
AD33
AD33
AD53
B573
B594
B594
B594
C616
C5F5
C616
CE57
CE57
CE77
D697
D698
DED9
DF1A
E71B
EF5C
EF7C
F79C
F79D
F79D
F7BD
F7BD
F7BD
F7BD
F79D
F79D
F79D
F79D
F79D
F79D
F79D
F79D
F79D
F79D
0000
0000
F79D
F79D
F79D
F79D
F79D
F79D
F79D
EF9D
EF7D
EF9D
EF9D
EF9D
EF9D
EF9D
EF9D
EF9D
EF9D
EF7D
EF9D
EF9D
EF9D
EF9D
EF9D
EF9D
EF9D
EF9D
EF7D
EF7D
EF7C
EF7D
EF7D
EF7C
EF7D
EF7D
EF7D
EF7D
EF7D
EF9D
EF7D
EF7D
EF7D
EF9D
EF7D
EF7D
EF7D
EF7D
EF7D
EF7D
EF7D
EF7D
EF7D
EF7D
E77D
EF7D
EF7D
E77D
EF7D
E77D
E75D
E77D
E77D
EF7D
EF7D
E77D
EF7D
EF7D
EF7D
EF7D
EF7D
EF7D
EF7D
EF7D
E77D
EF7D
EF7D
EF7D
EF7D
EF7D
EF7D
EF7D
EF7D
EF9D
EF9D
EF9D
EF9D
EF9D
EF9D
EF9E
EF9E
EF9E
EF9E
EF9E
EF9D
EF9E
EF9D
EF9E
EF9D
EF9E
EF9E
EF9E
EF9D
EF9E
EF9E
EF9E
EF9E
D698
CE98
CE98
CE98
CE98
CE98
CE78
CE78
CE78
CE98
CE98
D699
D6B9
D6B9
D6B9
D6B9
D6B9
D6B9
D699
D699
D699
D6B9
D6D9
D6DA
D6FA
D6FA
D6FA
D6B9
D6B9
D698
CE98
CE78
CE78
CE98
D698
D698
CE98
D698
D6B9
D6DA
DEDA
DEDA
DEDA
DEDA
DEDA
DED9
DED9
DED9
D6D9
D6B9
D6B8
D698
D698
CE98
CE77
CE77
CE77
CE56
CE35
C5F4
BDB3
AD31
AD31
C5F5
CE57
CE78
D678
D698
D698
D698
D698
D698
D698
CE98
D698
CE98
CE78
CE98
CE78
CE78
CE57
CE57
CE57
CE57
CE57
CE57
CE57
CE37
C637
C616
C616
C5F6
C616
CE57
D698
D6B9
D698
D678
CE78
CE77
CE57
C637
C616
BDF6
BE16
BDF6
0000
0000
BDF5
B5B4
B5B4
BDD5
B5D5
B594
AD73
A553
A553
A553
A532
9CD1
8C6F
946F
9490
8C4F
840D
840D
7BED
73AC
738C
842E
B594
BDD5
B593
AD52
AD73
B5B5
B594
AD53
AD53
AD73
B5B4
B5B5
B5B5
AD74
A533
AD94
AD74
AD33
AD74
B5B5
BDD5
AD74
AD53
AD53
B595
B5B5
B5B5
AD94
AD53
A4F2
94B0
946F
840E
7BCC
83ED
83ED
83ED
83ED
83ED
840D
8C2E
8C2E
9490
9CD0
9CD1
A512
AD53
AD33
B574
B574
B594
BDB5
B5B5
C637
C616
C616
CE57
CE57
CE57
D698
D698
DED9
DEFA
E73B
EF5C
EF7C
F79D
F79D
F7BD
F7BD
F7BD
F7BD
F7BD
F79D
F79D
F79D
F79D
F79D
F79D
F79D
F79D
F79D
F79D
0000
0000
F79D
F79D
F79D
F79D
F79D
F79D
EF9D
EF9D
EF9D
EF9D
EF9D
EF9D
EF9D
F79D
EF9D
EF9D
EF9D
EF7D
EF9D
EF9D
EF9D
EF7D
EF9D
EF9D
EF7D
EF7D
EF7D
EF7D
EF7D
EF7D
EF7D
EF7C
EF7D
EF7D
EF7D
EF7C
EF7D
EF7C
EF7D
EF7C
EF7D
EF9D
EF7D
EF7D
EF7C
EF7C
EF7C
EF7D
EF7C
EF7D
E77C
E75D
E77D
E77D
E77D
E77D
E75D
E77D
E75D
E75D
E77D
E77D
EF7D
E77D
EF7D
E77D
E77D
EF7D
EF7D
EF7D
EF7D
EF7D
EF7D
EF7D
EF7D
EF7D
EF7D
EF7D
EF7D
EF7D
EF7D
EF7D
EF7D
EF9D
EF9D
EF7D
EF9D
EF9D
EF9D
EF9E
EF9E
EF9D
EF9E
EF9D
EF9D
EF9E
EF9E
EF9D
EF9E
EF9E
EF9E
EF9E
EF9E
EF9E
EF9D
D698
CE98
D698
CE98
CE78
CE78
CE78
CE98
D698
D6B9
D6B9
D6B9
D6BA
D6B9
D6B9
D6B9
D6B9
D6B9
D699
D6B9
D6B9
D6DA
D6FA
D6FA
D6FA
D6DA
D6B9
D6B9
D698
CE98
CE78
CE78
CE98
CE98
D698
D698
D698
D6B9
D6B9
D6D9
D6DA
DEDA
DEDA
DED9
DEDA
DED9
D6D9
D6D9
D6B9
D6B8
D698
CE98
D698
D698
D677
CE77
CE57
CE36
C615
BDD3
AD51
B572
C616
CE78
D699
D6B9
D6B9
D6D9
D6D9
DED9
DED9
DED9
D6D9
DED9
DED9
DED9
D6D9
D6B9
D6B9
D6B9
D6B9
D6B9
D6B9
D699
D698
D698
D698
CE78
CE78
CE77
CE57
CE57
CE57
D698
D698
CE77
CE57
CE57
CE57
CE37
C616
BDF5
BDD5
BDD5
BDF5
B5B5
0000
0000
BDD5
B5B4
B5D5
B5D5
B594
AD73
AD53
A532
A532
A553
A532
94B0
8C4F
9490
94B0
8C4E
840E
83ED
7BCD
738C
736B
840E
A532
BDB5
B5B4
AD53
AD53
B594
B573
AD53
AD73
AD94
B5B5
BDD5
B5B5
AD73
A533
AD74
B574
AD74
AD74
AD74
B5B5
B594
B594
AD74
B594
BDD5
BDD5
B5B5
AD74
AD33
9CD1
9490
83ED
7B8B
7BAC
7BCC
7BCC
7BAC
7BAC
83ED
8C2E
9490
94B0
9CD1
A4F2
AD33
B574
AD53
B5B4
BDB5
BDB5
BDD5
BDD5
C637
CE37
CE57
CE57
D677
D677
D698
DEB8
DED9
DEFA
E73B
EF5C
EF9C
F79D
F7BD
F7BD
F79D
F79D
F7BD
F7BD
F79C
F79D
F79D
EF7C
EF7C
EF9C
F79D
F79D
F79D
F79D
0000
0000
F79D
F79D
F79D
F79D
EF9D
EF9D
F79D
EF9D
EF9D
EF9D
EF9D
EF9D
F79D
EF9D
EF7D
EF7D
EF9D
EF9D
EF9D
EF9D
EF9D
EF7D
EF7D
EF7D
EF7D
EF9D
EF7D
EF7C
E77C
EF7D
EF7C
EF7C
EF7D
EF7D
EF7D
EF7D
EF7C
EF7C
EF7C
EF7C
EF7C
EF7C
EF7C
E77C
E77C
E77C
EF7C
EF7C
EF7C
E77C
E77C
E75D
E75D
E77D
E77D
E75D
E77D
E75D
E75D
E75D
E77D
E77D
EF7D
EF7D
E77D
E77D
EF7D
EF7D
E77D
E77D
E77D
EF7D
EF7D
E77D
EF7D
E77D
EF7D
EF7D
EF7D
EF7D
E77D
EF7D
EF7D
EF7D
EF9D
EF7D
EF7D
EF9D
EF9D
EF9D
EF9D
EF9D
EF9D
EF9D
EF9D
EF9E
EF9D
EF9D
EF9D
EF9E
EF9D
EF9E
EF9E
EF9E
EF9E
CE98
D698
CE78
CE78
CE78
CE78
CE98
D699
D6B9
D6B9
D6B9
D6B9
D6B9
D6B9
D6B9
D6B9
D6B9
D699
D6B9
D6B9
D6DA
D6DA
D6FA
D6FA
D6FA
D6DA
D6B9
D698
CE98
CE78
CE78
CE98
D698
D6B8
D6B9
D6B8
D698
D6B9
D6B9
D6DA
D6DA
D6DA
D6DA
DEDA
DED9
D6D9
D6B9
D6B9
D6B8
D698
CE98
D678
D678
D677
D677
CE77
CE56
CE35
C5D3
B572
B573
CE57
D698
D6B9
D6D9
DED9
DEFA
DEFA
DEFA
DEFA
DEFA
DEFA
DEFA
DEFA
DEFA
DEFA
DEFA
DED9
DED9
DEFA
DEDA
DED9
DED9
D6B9
D6B9
D6B9
D6B8
D698
D698
D698
D698
D698
D698
D698
D677
CE57
C636
C615
C615
C5F5
BDD4
B5B4
B5B4
B5B4
B5B4
B594
0000
0000
B5B4
B5B4
B5B4
B5B4
B594
AD73
A532
A512
A512
A533
A532
9CB0
946F
9CB1
9490
8C4E
83ED
83CD
7BCD
738C
736B
738C
9490
B5B4
BDD5
B573
AD53
AD53
AD73
AD94
AD94
B5B4
B5D5
B5B5
B594
AD74
AD53
AD73
AD74
B5B5
B594
AD74
B5B5
B5B5
B5B5
B5B5
B5B5
BDD5
BDD5
B5B5
B594
AD53
A532
9CD1
944F
7BAC
7B8B
7BAB
738B
7BAC
7BCD
8C0E
946F
9CB1
9CD1
9CF1
AD33
AD53
B594
AD53
BDB5
BDB5
C5F6
C5F6
BDF6
CE57
CE57
CE57
D677
D697
D698
DEB8
DED9
E71A
E73A
E73B
EF5C
EF7C
F79D
F79D
F7BD
F79D
F79D
F7BD
F7BD
EF7C
EF7C
F79D
EF7C
E73B
EF7C
F79D
F79D
F79D
F79D
0000
0000
F79D
F79D
F79D
EF9D
EF9D
F79D
EF9D
EF9D
EF9D
F79D
EF9D
EF9D
EF9D
EF9D
EF9D
EF9D
EF9D
EF9D
EF7D
EF7D
EF7D
EF7C
EF7D
EF7D
EF7D
EF7C
EF7D
EF7C
E77C
EF7C
EF7D
EF7D
EF7C
EF7C
EF7C
EF7C
EF7C
E75C
EF7C
EF7C
EF7C
EF7D
E77C
E77C
E77C
EF7C
E77C
E77C
E77C
E77C
E75C
E75C
E75D
E77D
E75D
E75D
E75D
E77D
E75D
E75D
E77D
E77D
E77D
E75D
E77D
E77D
E77D
E77D
E77D
E77D
E77D
EF7D
E77D
E77D
E77D
EF7D
EF7D
E77D
EF7D
EF7D
EF7D
EF7D
EF7D
EF7D
EF9D
EF7D
EF9D
EF9D
EF7D
EF7D
EF7D
EF9D
EF9D
EF9D
EF7D
EF9D
EF9D
EF9E
EF9D
EF9D
EF9D
EF9E
EF9E
EF9D
EF9E
CE98
CE78
CE78
CE78
CE78
CE98
D699
D6B9
D6B9
D6B9
D6B9
D6B9
D6B9
D6B9
D699
D698
D699
D699
D6B9
D6DA
D6DA
D6FA
D6FA
D6FA
D6D9
D6B9
D699
CE98
CE78
CE78
CE78
D698
D6B9
D6B9
D6B9
D6B9
D6B9
D6B9
D6B9
D6DA
D6DA
D6DA
D6DA
D6D9
D6D9
D6B9
D6B8
D698
D698
CE98
D678
D678
D678
CE77
CE77
CE56
CE36
C5F4
B592
B593
CE57
D6B9
D6D9
DED9
DEFA
DEFA
DEFA
DEFA
DEFA
DEFA
DEFA
DEFA
DF1A
DEFA
DEFA
DEFA
DEFA
DEFA
DEFA
DEFA
DEDA
DEDA
DEDA
DED9
DED9
D6D9
D6D9
D6B9
D6B9
D6B9
D6B9
D6B9
D698
D698
CE57
CE36
C615
C5F5
BDD5
BDD4
BDB4
B5B4
B594
B593
AD73
B594
0000
0000
AD94
B594
AD94
B594
AD74
AD53
A532
A512
9CD1
A512
A532
A4F1
9CB0
9CD1
94B0
8C4E
83ED
7BCD
7BCD
7B8C
734B
736B
946F
BDD5
BDD5
B594
AD53
AD53
B5B4
B5B5
B5B4
B5B5
B5B5
B5B5
B594
AD74
AD74
AD74
B5B5
BDD5
B5B5
B594
BDD5
BDD5
BDD5
BDD5
BDD5
BDD5
BDD5
BDD5
B594
AD74
AD53
AD33
A4F2
946F
7B8B
736A
734B
7BAC
840E
944F
9CD1
A4F2
A512
9CD1
A532
B594
B594
AD53
BDB5
BDD5
C616
C616
C616
CE57
D698
CE78
D698
D698
DED9
DEFA
DF1A
E73B
E73B
EF5B
EF7C
F79C
F79D
F79D
F79D
F79D
F79D
F79C
F79D
F79C
EF7C
F79D
EF9C
E75B
EF7C
EF9C
F79D
F79D
F79D
0000
0000
F79D
EF9D
F79D
EF9D
EF9D
EF9D
EF9D
EF9D
EF9D
EF9D
EF9D
EF9D
EF9D
EF9D
EF7D
EF7D
EF7D
EF9D
EF7D
EF7C
EF7C
EF7C
EF7C
EF7D
EF7D
EF7D
EF7D
EF7C
EF7C
EF7C
EF7C
EF7C
EF7C
EF7C
E77C
EF7C
EF7C
E77C
EF7C
E77C
E77C
EF7C
E77C
E75C
E77C
EF7C
E77C
EF7C
E77C
E77D
E75C
E75C
E75D
E75D
E75C
E75D
E75D
E75D
E75D
E75D
E75D
E77D
E75D
E75D
E75D
E75D
E75D
E75D
E75D
E77D
E77D
E77D
E77D
E77D
E77D
E77D
E77D
E77D
E77D
EF7D
EF7D
EF7D
E77D
EF7D
EF7D
EF7D
EF7D
EF7D
EF7D
EF7D
EF7D
EF7D
EF9D
EF7D
EF7D
EF9D
EF9D
EF9D
EF9E
EF9D
EF9D
EF9E
EF9E
EF9D
EF9E
CE78
CE78
CE78
CE98
CE98
D6B9
D6B9
D6B9
D6B9
D6B9
D6B9
D6B9
D6B9
D699
D698
D699
D699
D6B9
D6D9
D6DA
D6FA
D6FA
D6FA
D6DA
D6B9
D698
CE98
CE78
CE78
CE78
D698
D6B9
D6B9
D6B9
D6B9
D6B9
D6B9
D6DA
D6DA
D6DA
D6DA
D6DA
D6D9
D6D9
D6B9
D6B9
D698
D698
CE98
CE78
D678
D678
D678
CE77
CE56
CE36
C615
BD92
BDB3
CE78
D6B9
DED9
DEFA
DEFA
DEFA
DEFA
DEFA
DF1A
DEFA
DF1A
DF1A
DF1A
DF1A
DF1A
DEFA
DEFA
DEFA
DEFA
DEFA
DEFA
DEFA
DEFA
DEFA
DEDA
DED9
DED9
DED9
DED9
D6D9
D6D9
D6D9
D6B8
D678
CE56
CE36
C615
C5F5
C5D4
BDD4
BDB4
BDB4
B593
B573
AD53
AD52
B594
0000
0000
AD73
AD94
AD94
AD73
AD53
AD32
A532
A4F1
94B0
9CD1
A512
A512
A4F2
9CD1
94B0
8C4F
840D
7BCD
7BAC
7B8C
736B
738C
94B0
BDD5
BDD5
B5B4
B574
AD74
B5B4
B5D5
B5B4
B5B4
B5D5
B5B5
AD73
AD53
AD74
AD74
BDD5
B5D5
B5B5
B5B5
BDF6
BDD5
BDD5
BDF6
BDF6
BE16
BDF6
BDD5
B5D5
B5B5
A533
8C4F
840E
83ED
734B
6B2A
736B
83ED
8C2E
946F
9CD1
A532
A4F1
9490
A512
B594
B574
B574
BDD5
BDF6
C616
C616
C637
CE57
D6B9
D6B9
D698
DED9
DEFA
E71A
E73B
EF7C
EF7C
EF7C
F79D
F79D
F7BD
F79C
F79D
F79C
F79D
F79C
F79C
F79D
F79D
F79D
F79D
EF9D
F79D
EF9D
EF9D
F79D
F79D
0000
0000
EF9D
F79D
EF9D
EF9D
EF9D
EF9D
EF9D
F79D
F79D
EF9D
EF9D
EF7D
EF9D
EF9D
EF7D
EF7D
EF7D
EF7D
EF7D
EF7C
EF7D
EF7C
EF7C
EF7D
EF7C
EF7C
EF7C
EF7C
EF7C
EF7C
EF7C
EF7C
EF7C
EF7C
E77C
E77C
E77C
E75C
E77C
E77C
E77C
E77C
E77C
E75C
E77C
EF7C
E77C
E77C
E77C
EF7D
E75C
E75C
E75D
E75D
E75D
E75D
E75D
E75D
E75D
E75D
E75D
E75D
E75D
E75D
E75D
E75D
E75D
E75D
E75D
E75D
E77D
E77D
E75D
E77D
E77D
E77D
E77D
EF7D
E77D
EF7D
E77D
E77D
EF7D
EF7D
EF7D
E77D
EF7D
EF7D
EF7D
EF7D
EF7D
EF7D
EF7D
EF7D
EF7D
EF7D
EF9D
EF9D
EF9D
EF9D
EF9D
EF9D
EF9E
EF9D
EF9E
CE78
CE78
CE78
D698
D6B9
D6B9
D6B9
D6B9
D6B9
D6B9
D6B9
D6B9
D698
D699
D699
D699
D6B9
D6B9
D6DA
DEFA
D6FA
D6FA
D6D9
D6B9
D698
CE78
CE78
CE78
CE98
D698
D6B9
D6B9
D6B9
D6B9
D6B9
D6D9
D6DA
D6DA
D6DA
D6DA
D6DA
D6DA
D6D9
D6B9
D6B9
D698
D698
CE98
CE98
D678
CE77
CE77
D677
CE57
CE56
CE15
BDB3
BDB4
D678
D6B9
DEDA
DEFA
DEFA
DEFA
DEFA
DEFA
DEFA
DF1A
DF1A
DF1A
DF1A
DF1A
DF1A
DF1A
DEFA
DEFA
DF1A
DEFA
DEFA
DEFA
DEFA
DEFA
DEFA
DEFA
DED9
DED9
DED9
DED9
DED9
D6B9
D6B9
D698
CE57
CE15
C615
C5F5
BDD4
BDB4
BDB4
B594
B573
B573
AD53
AD73
AD73
B593
0000
0000
AD53
AD53
AD73
AD53
AD33
A532
A512
9CF0
94B0
9CB0
9CF1
A4F2
A512
9CD1
9490
8C2F
840D
7BCD
7BAC
7BAC
738C
7BAD
9CB1
BDD5
BDD5
B5B4
B594
AD53
AD94
B5B4
B594
B5B4
B5B4
AD53
AD53
B574
B594
B5B5
BDD5
B5B5
B594
B5B5
BDF6
BDF6
BDD5
BDF6
BE16
C616
C616
BDF6
B5B5
B594
A533
9470
8C2F
8C0E
738B
6B2A
736B
83ED
8C0E
944F
9CB0
A532
9CB0
948F
A512
AD53
AD53
B574
BDD5
BDF6
C5F6
C616
C637
CE57
D698
D6B9
D6B9
D6B9
DEB9
E73B
E73B
EF7C
F79D
F7BD
F7BD
F79D
F7BD
F79C
F79C
F79D
F79D
F79D
F79C
F79D
EF9C
EF9D
F79D
F79D
EF9D
EF9D
EF7C
EF9D
F79D
0000
0000
F79D
EF9D
EF9D
EF9D
EF9D
EF9D
EF9D
EF9D
EF9D
EF7D
EF7D
EF7D
EF7D
EF7D
EF7D
EF7D
EF7D
EF7D
EF7C
EF7D
EF7C
EF7C
EF7C
EF7D
EF7D
EF7C
EF7C
EF7C
EF7C
E77C
EF7C
EF7C
EF7C
E77C
E77C
E75C
E77C
E75C
E75C
E75C
E77C
E77C
E77C
E77C
E77C
E77C
E77C
E77C
E77C
E75C
E77C
E75C
E75D
E75D
E75D
E75D
E75D
E75D
E75D
E75D
E75D
E75D
E75D
E75D
E75D
E75D
E75D
E75D
E77D
E77D
E75D
E75D
E75D
E75D
E75D
E77D
E77D
E77D
E75D
E77D
E75D
E75D
E77D
E77D
E77D
E77D
EF7D
E77D
EF7D
EF7D
EF7D
EF7D
EF7D
EF7D
EF7D
EF7D
EF9D
EF9D
EF7D
EF9D
EF9D
EF9D
EF9D
EF9D
EF9E
CE78
CE78
D699
D6B9
D6B9
D6B9
D6B9
D6B9
D6B9
D6B9
D699
D699
D698
D698
D6B9
D6B9
D6D9
D6DA
D6FA
D6FA
D6DA
D6D9
D6B9
CE98
CE78
CE78
CE78
CE98
D698
D6B9
D6B9
D6B9
D6B9
D6B9
D6D9
D6D9
D6DA
D6DA
D6DA
D6DA
D6DA
D6D9
D6B9
D6B9
D698
D698
CE78
CE78
CE78
D678
CE77
CE77
CE56
CE56
CE14
BDB3
BDB3
D698
DED9
DEFA
DEFA
DEFA
DEFA
DEFA
DEFA
DEFA
DEFA
DF1A
DF1A
E71A
DF1A
DF1A
DF1A
DF1A
DEFA
DEFA
DF1A
DEFA
DEFA
DEFA
DEFA
DEFA
DEFA
DEFA
DEDA
DED9
DED9
DED9
DED9
D6D9
D6B9
D698
CE56
C615
C5F5
C5D5
BDD4
BDB4
BD93
B593
B573
B594
B594
B573
AD52
AD73
0000
0000
AD32
AD32
AD53
AD53
A532
A512
A511
9CD0
94B0
9CD0
9CB0
9CB0
9CD1
9CD1
9470
8C2E
840E
7BCD
7BAC
7BAC
7B8C
7BCD
9CD1
BDD5
BDD4
B594
B594
AD53
AD94
B5D5
B5B5
B594
AD53
A512
AD53
B594
B5B4
B594
B5B5
B5B5
B5D5
B5B5
BDF6
BE16
BDF5
BDD5
C616
C616
C636
BE16
BDF6
BDB5
AD74
AD33
9CD1
944F
7BAC
734B
734B
7BAC
8C0E
8C4F
9490
A512
9CB0
948F
A511
AD32
AD52
B573
BDD5
BDD5
BDD5
BDF6
C637
CE58
CE58
CE78
D698
D698
D6B9
DEFA
E73B
EF5C
EF7C
EF7C
EF9C
F79D
F79D
F79D
F79D
F79C
EF9C
F79C
EF9C
EF9C
EF9D
EF9D
F79D
F79D
EF9D
EF9D
F79D
EF9D
F79D
0000
0000
EF9D
F79D
EF9D
EF9D
EF9D
EF9D
F79D
EF9D
EF9D
EF7D
EF7D
EF7D
EF7D
EF7D
EF7D
EF7D
EF7D
EF7D
EF7C
EF7D
EF7C
EF7C
EF7C
EF7D
EF7C
E77C
EF7C
EF7C
EF7C
E77C
EF7C
EF7C
EF7C
EF7C
E77C
E77C
E77C
E77C
E77C
E75C
E77C
E75C
E77C
E77C
E75C
E77C
E77C
E77C
E77C
E77C
E75C
E75D
E75D
E75D
E75D
E75D
E75D
E75C
E75D
E75D
E75D
E75D
E75D
E75D
E75D
E75D
E75D
E75D
E77D
E75D
E75D
E75D
E75D
E77D
E75D
E75D
E75D
EF7D
E77D
E77D
E75D
E75D
E75D
E77D
E75D
E75D
E77D
E77D
E77D
E77D
E77D
E77D
EF7D
EF7D
EF7D
EF7D
EF9D
EF7D
EF7D
EF9D
EF9D
EF9D
EF7D
EF9D
EF9D
CE78
D699
D6B9
D6B9
D6B9
D6B9
D6B9
D6B9
D698
D698
D698
D698
D698
D6B9
D6B9
D6D9
D6DA
D6FA
D6FA
D6DA
D6D9
D6B9
D698
CE78
CE78
CE78
CE98
D6B8
D6B9
D6B9
D6B9
D6B9
D6B9
D6D9
D6D9
D6DA
D6D9
D6DA
D6D9
D6D9
D6B9
D6B9
D6B9
D698
CE98
CE78
CE98
CE78
CE78
CE77
CE77
CE56
CE56
CE15
BDB3
BDD4
D698
DED9
DEFA
DEFA
DEFA
DEFA
DEFA
DEFA
DEFA
DEFA
DEFA
DF1A
DF1A
DF1A
DF1A
DF1A
DF1A
DEFA
DEFA
DF1A
DF1A
DEFA
DEFA
DEFA
DEFA
DEFA
DEFA
DEFA
DED9
DEF9
DED9
D6D9
D6D9
D6D9
D6B9
CE77
C615
C5F5
C615
C5F5
C5D5
BDB4
B593
B573
B553
B573
BDB4
B593
AD53
AD73
0000
0000
A512
A4F1
AD32
AD32
A511
A511
A511
9CF1
9CD1
9CD0
948F
946F
9CD0
9CF1
9470
8C2E
840E
83ED
7BCD
7BAC
7BAC
7BCD
9CF1
B594
B5B4
B573
B594
B594
B5B5
BDB5
B594
AD32
A4F1
9CD1
AD33
AD73
B594
B594
BDD5
BE16
BDD5
B594
BDF6
C616
BDF6
B5B5
BDF6
C616
C637
C616
BDF6
BDD5
B594
AD33
9CB1
83CD
736B
6B2A
6B4A
736B
83ED
8C2F
9490
A4F2
9CD1
9CB0
A4F1
A4F1
A532
B573
B5B4
BDB4
BDB4
BDF5
CE37
CE58
CE57
CE57
CE78
D698
DEB9
DEDA
DEFA
E73B
EF5B
EF5C
EF7C
EF7C
EF7C
EF7C
EF7C
EF7C
EF9C
EF9C
EF9C
EF9C
F79C
EF9C
EF9D
EF9D
EF9C
EF7C
EF7C
EF9C
EF9C
0000
0000
EF9D
EF9D
EF9D
EF9D
EF7D
EF7D
EF7D
EF7D
EF7D
EF7D
EF7D
EF7D
EF7C
EF7D
EF7D
EF7D
EF7D
EF7D
EF7C
EF7C
EF7C
EF7D
EF7C
EF7C
E77C
E75C
EF7C
EF7C
EF7C
EF7C
EF7C
EF7C
E77C
E77C
E77C
E75C
E75C
E77C
E77C
E75C
E77C
E77C
E77C
EF7C
E77C
E77C
E77C
E77C
E77C
E75C
E75C
E75C
E75C
E75C
E75C
E75D
E75D
E75D
E75D
E75D
E75D
E75D
E75D
E75C
E75D
E75D
E75C
E75D
E75D
E75D
E75D
E75D
E75D
E75D
E75D
E75D
E75D
E77D
E75D
E75D
E75D
E75D
E75D
E77D
E77D
E75D
E77D
E75D
E75D
E77D
E77D
E77D
E77D
EF7D
EF7D
EF7D
EF7D
EF7D
EF7D
EF7D
EF7D
EF9D
EF7D
EF9D
EF9D
CE78
CE98
D6B9
D6B9
D6B9
D6B9
D698
CE98
D698
D698
CE98
D698
D6B9
D6B9
D6BA
D6DA
DEFA
DEFA
D6DA
D6D9
D6B9
CE98
CE78
CE77
CE77
CE78
D698
D6B8
D6B9
D6B9
D6B9
D6B9
D6D9
D6B9
D6D9
D6DA
D6D9
D6D9
D6B9
D6B9
D6B9
D6B9
D698
D698
CE78
CE78
D678
D678
D677
CE57
CE56
CE56
C615
BDB3
C5F5
D698
DED9
DEFA
DEFA
DEFA
DEFA
DEFA
DF1A
DEFA
DEFA
DEFA
DEFA
DEFA
DEFA
DEFA
DEFA
DEFA
DF1A
DEFA
DEFA
DF1A
DEFA
DF1A
DEFA
DEFA
DEFA
DEFA
DEFA
DEFA
DEFA
DEFA
DED9
D6D9
DED9
D6B9
D698
CE36
C5F5
C5D5
C5D5
C5F5
C5F5
C5D4
BDB4
B593
B573
AD52
B573
B594
B594
B594
0000
0000
A511
A4F1
A511
A512
A4F1
A532
A532
A4F1
A4F1
9CD1
9490
948F
9CB0
9CD1
9490
8C2F
840E
83ED
7BCD
7BAC
7BCC
83ED
9CD1
B573
B593
B553
B594
BDB4
AD53
AD52
AD32
A4F1
A4F1
A532
AD32
AD73
B594
B5B5
BDF6
C616
B5B5
B594
BDF5
C616
C637
B5D5
BDD5
BDF6
BE16
C637
BDF6
BDF6
B594
AD53
9CD1
83EE
736B
6B4A
734B
736B
83CD
840E
9490
9CD2
A4D1
9CD1
A512
A512
A532
AD73
B594
BDB4
BDB4
BDD5
CE57
CE57
CE57
CE57
CE57
D698
DEB9
DED9
DEFA
E71B
E73B
EF5B
EF5C
EF5C
EF5C
EF7C
EF7C
EF7C
EF7C
EF7C
EF7C
EF7C
EF9C
EF9C
EF9C
EF9C
EF7C
EF7C
EF7C
EF7D
EF9C
0000
0000
EF9D
EF7D
EF9D
EF9D
EF9D
EF7D
EF7D
EF7C
EF7D
EF7D
EF7D
EF7D
EF7D
EF7D
EF7D
EF7D
EF7D
EF7C
EF7C
EF7C
EF7C
EF7C
EF7C
EF7C
E75C
EF7C
EF7C
EF7C
EF7C
EF7C
EF7C
EF7C
EF7C
EF7C
E75C
E75C
E75C
EF5C
E75C
E75C
E75C
E75C
EF5C
EF5C
E75C
E77C
E77C
E75C
E75C
E75C
E75C
E75C
E75C
E75C
E75C
E75D
E75D
E75D
E75D
E75D
E75D
E75D
E75D
E75D
E75D
E75C
E75D
E75C
E75D
E75D
E75D
E75D
E75D
E75D
E75D
E75D
E77D
E77D
E75D
E75D
E77D
E75D
E75D
E75D
E75D
E75D
E75D
E77D
E75D
E75D
EF7D
E77D
EF7D
EF7D
EF7D
EF7D
EF7D
EF7D
EF7D
EF7D
EF7D
EF7D
EF7D
EF7D
EF7D
CE98
CE99
D699
D699
D698
D698
D698
D698
D698
D698
D699
D699
D6B9
D6DA
D6FA
DEFA
D6FA
D6FA
D6D9
D6B9
CE98
CE78
CE77
CE77
CE98
D6B9
D6B9
D6B9
D6B9
D6B9
D6B9
DEDA
D6DA
D6D9
D6D9
D6DA
D6D9
D6D9
D6B9
D6B9
D698
D698
CE78
CE78
CE78
CE78
CE78
CE77
CE77
CE56
CE36
C614
BDD3
C5F5
D6B9
DEDA
DEFA
DEFA
DEFA
DEFA
DEFA
DF1A
DEFA
DEFA
DEFA
DEFB
DEFA
DEFA
DEFA
DEFA
DF1A
DF1A
DF1A
DEFA
DEFA
DEFA
DEFA
DEFA
DEFA
DEFA
DEFA
DEFA
DEFA
DEFA
DEDA
DEFA
DED9
DED9
D6B9
D678
CE57
CE16
C5F5
BDB4
BD93
BDB4
BDD4
C5D5
C5F5
BDB4
B573
AD32
A531
AD52
B593
B5B4
0000
0000
A532
A511
A511
A511
A4F1
AD53
AD53
A512
A512
A4F1
9CB0
9490
9CB0
9CD1
9470
8C4F
8C2F
840E
83ED
7BCD
83CD
7BCD
9470
AD52
AD52
B553
BDB4
B573
AD32
A512
A4F1
A512
AD73
AD53
AD32
AD53
AD73
B5B5
C616
BDF6
B5B5
B594
BDD5
BE16
C637
BDD5
B594
BDF6
BDF6
C637
C637
BDF6
BDD5
AD74
A4F2
944F
7BAC
6B4A
736B
736B
7BAD
83EE
8C4F
9CD1
A4D1
9CD1
A532
A532
A532
AD53
B573
BDB4
B5B4
BDD5
CE37
CE57
CE57
D678
D658
D678
DEB9
DED9
DEFA
E71B
E73B
E73B
EF5B
EF5B
EF5C
EF5C
EF7C
EF7C
EF7C
EF7C
EF7C
EF7C
EF9C
EF9C
EF9C
EF7C
EF7D
EF9C
F79C
EF7C
EF7C
0000
0000
EF9D
EF7D
EF9D
EF9D
EF7D
EF7D
EF7C
EF7C
EF7D
EF7C
EF7C
EF7C
EF7D
EF7C
EF7C
EF7D
EF7C
EF7D
EF7C
EF7C
EF7C
EF7C
EF7C
EF7C
E77C
EF7C
EF7C
EF7C
EF7C
EF5C
EF5C
EF7C
EF5C
EF5C
E75C
E75C
E75C
E75C
E75C
E77C
E75C
E75C
EF5C
E75C
E75C
E75C
E77C
E77C
E77C
E75C
E75C
E75C
E75C
E75C
E75C
E75C
E75D
E75D
E75C
E75D
E75D
E75D
E75D
E75C
E75C
E75D
E75D
E75C
E75D
E75D
E75D
E75D
E75D
E75D
E75D
E75D
E75D
E77D
E75D
E75D
E75D
E75D
E75D
E75D
E75D
E75D
E75D
E75D
E75D
E75D
E77D
E77D
E77D
EF7D
EF7D
EF7D
EF7D
EF7D
EF7D
EF7D
EF7D
EF7D
EF7D
EF7D
EF7D
CE98
D699
D699
D698
CE98
CE98
CE98
D698
D698
D698
D699
D699
D6DA
D6DA
D6FA
D6FA
D6FA
D6D9
D6B9
D698
CE78
CE77
CE57
CE78
D699
D6B9
D6B9
D6B9
D6B9
D6B9
DEDA
D6D9
D6DA
D6D9
D6DA
D6D9
D6B9
D6B9
D6B9
D698
D698
D698
D678
CE78
CE78
CE78
CE78
CE77
CE56
CE36
C615
BDB3
C5F5
D6B9
DEDA
DEDA
DEFA
DEFA
DEFA
DEFA
DF1A
DF1A
DF1A
DEFA
DEFA
DF1A
DEFA
DEFA
DEFA
DEFA
DEFA
DF1A
DEFA
DEFA
DEFA
DEFA
DEFA
DEFA
DEFA
DEFA
DEFA
DEFA
DEFA
DEFA
DEFA
DEDA
DED9
D6B9
D698
CE57
CE37
C5F5
C5F5
BDB4
B573
B552
B552
B573
B593
BDB4
BD94
AD52
A4F1
A511
AD32
B594
0000
0000
B573
AD32
9CD0
A4F1
A4F1
AD73
AD73
AD33
AD32
A4F1
9CB0
94B0
9CB0
9CD1
9470
8C2F
8C2F
840E
83ED
7BCD
7BCD
7BCD
8C2E
A4F1
AD32
AD52
BD94
B573
AD11
A4F1
AD32
B593
AD73
AD53
AD53
AD73
B594
BDD5
BDF6
C616
B5D5
B5B5
BDD5
BE16
C637
BDD5
B594
BDD5
BDF6
C637
C657
BE16
BDD5
B594
A512
944F
738C
6B2A
6B2A
736B
7BCD
8C2E
946F
9CB1
9CB1
9490
A511
A532
A532
AD53
B573
B5B4
BDD5
C5F6
C637
C637
CE37
D658
D678
D678
D698
DEB9
DEF9
E71A
E73B
EF5B
EF5B
EF5B
EF5B
EF5C
EF5C
EF7C
EF9C
EF9C
F79D
F79D
F79D
EF9D
F79D
EF9D
EF7D
EF7D
EF7C
EF7C
EF7C
0000
0000
EF7D
EF7D
EF7D
EF7D
EF7D
EF7C
EF7D
EF7D
EF7D
EF7D
EF7D
EF5C
EF7C
EF5C
EF5C
EF5C
EF7C
EF7D
EF7C
EF5C
EF7C
EF7C
EF7C
EF7C
EF7C
EF7C
EF7C
EF5C
EF7C
EF5C
EF5C
EF5C
EF5C
EF5C
E75C
E75C
E75C
E75C
E75C
E75C
E75C
E75C
E75C
E75C
E75C
E75C
E77C
E75C
E75C
E75C
E75C
E73C
E73C
E75C
E75C
E75C
E75C
E75D
E75C
E75D
E75C
E75C
E75C
E75C
E75C
E75D
E75D
E75C
E75D
E75D
E75C
E75C
E75D
E75D
E75D
E75D
E75D
E75D
E75D
E75D
E75D
E75D
E75D
E75D
E75D
E75D
E75D
E75D
E77D
EF7D
E77D
E77D
E77D
E77D
EF7D
E77D
EF7D
EF7D
EF7D
EF7D
EF7D
EF7D
EF7D
EF7D
EF7D
CE78
CE78
CE78
CE98
CE98
CE98
D699
D698
D698
D698
D699
D6B9
D6FA
D6FA
D6FA
D6DA
D6B9
D698
CE78
CE77
CE77
CE77
CE78
D699
D6B9
D6B9
D6B9
D6B9
D6B9
D6BA
DEDA
D6DA
D6DA
D6DA
D6D9
D6D9
D6B9
D6B9
D698
D698
CE78
CE78
CE78
CE78
D678
CE78
CE57
CE56
CE56
C615
BDD4
C636
D6B9
DEFA
DEFA
DEFA
DEFA
DF1A
DF1A
DEFA
DEFA
DEFA
DEFA
DEFA
DF1A
DF1A
DF1A
DF1A
DEFA
DEFA
DF1A
DEFA
DF1A
DEFA
DF1A
DEFA
DEFA
DF1A
DEFA
DEFA
DEFA
DEFA
DEFA
DEFA
DED9
DED9
D6D9
D6B9
D678
CE57
C616
C5F5
BDD4
BDB4
B573
B552
B552
AD52
AD52
B573
BD94
B593
AD52
A511
A4F1
AD32
0000
0000
AD32
A4F1
9CD1
A4F1
A4F1
AD53
AD74
AD33
AD33
9CF1
948F
946F
8C4F
9490
9470
8C2F
8C2F
840E
7BCD
7BAD
7BAC
7BAC
7BAC
8C4F
A4D0
A511
B573
B593
AD32
A511
AD32
AD52
AD53
B573
B594
B594
B5B5
BDD5
BDF6
BDF6
BDF6
BDB5
B5B5
BE16
BDF6
B5B4
B5B5
BDD5
C616
C657
C657
BDF6
B5B5
AD53
A4F2
83EE
734B
6B2A
6B4A
7B8C
83EE
946F
9490
9490
9CB0
9470
9CF1
AD32
AD32
AD32
B573
BDB4
BDF5
C5F6
C637
CE37
C5F5
C636
CE57
D657
D678
D698
DED9
DEFA
E73B
EF5B
EF5C
EF5C
EF5C
EF5C
EF5C
EF7C
EF7C
EF7C
EF9D
F79D
F79D
F79D
F79D
F79D
F79D
EF9D
EF7D
F79D
EF9C
0000
0000
EF7C
EF7D
EF7D
EF7D
EF7D
EF7C
EF7C
EF7D
EF7D
EF7D
EF7D
EF7D
EF7C
EF7C
EF7C
EF7C
EF7C
EF7C
EF7C
EF7C
EF7C
EF7C
EF7C
EF5C
EF7C
EF7C
EF5C
EF5C
EF7C
EF5C
EF5C
EF5C
EF5C
EF5C
E75C
E75C
E75C
E75C
E75C
E75C
E75C
E75C
E75C
E75C
E75C
E75C
E75C
E75C
E75C
E75C
E75C
E75C
E75C
E75C
E75C
E75C
E75C
E75C
E75C
E75C
E73C
E75D
E75D
E75D
E75C
E75C
E75C
E75C
E75D
E75C
E75C
E75C
E75C
E75C
E75C
E75D
E75D
E75D
E75D
E75D
E75D
E75D
E75D
E75D
E75D
E75D
E75D
E75D
E77D
E77D
E75D
EF7D
E77D
EF7D
E77D
EF7D
EF7D
EF7D
EF7D
EF7D
EF7D
EF7D
EF7D
EF7D
EF7D
CE58
CE78
CE78
CE78
CE98
D698
D699
D698
D698
D699
D6B9
D6DA
D6FA
D6FA
D6D9
D6B9
D698
CE78
CE57
CE57
CE77
CE78
D698
D6B9
D6B9
D6B9
D6B9
D6B9
D6DA
D6DA
D6DA
D6DA
D6DA
D6D9
D6B9
D6B9
D6B8
D698
CE98
CE78
CE78
D678
CE78
CE77
CE77
CE57
CE56
CE35
C614
C5D4
CE36
D6B9
DEDA
DEFA
DEFA
DEFA
DEFA
DEFA
DEFA
E6FA
DEFA
DEFA
DEFA
DEFA
DEFB
DEFA
DEFA
DEFA
DEFA
DEFA
DEFA
DEFA
DEFA
DEFA
DEFA
DEFA
DEFA
DEFA
DEFA
DEFA
DEFA
DEFA
DEFA
DEFA
DEF9
DEFA
DED9
D6B9
CE78
C637
C616
BDD4
BDB4
BDB4
B593
BDB4
B573
AD32
AD11
AD32
B573
B593
BD94
AD52
AD11
A511
0000
0000
A511
A4F1
A4F1
A4F1
A511
AD53
B594
AD53
AD33
9CD1
8C4E
840D
83CD
840E
8C4F
8C4E
8C2E
840E
7BCD
738C
738C
738C
736B
73AC
8C2E
A4D1
B553
B593
AD32
A511
A511
AD53
B594
AD73
B594
B5B5
B5D5
BDD5
BDD5
BE16
BDF6
B5B5
B5B5
BDD5
B5B4
B594
BDD5
BDF6
C616
C637
C637
BDF6
B594
AD53
9CD1
83CD
734B
6B2A
6B2A
7BAD
8C2F
9490
9490
946F
9CB0
9490
9CB0
AD32
AD53
A512
AD73
B5B4
C5F5
C616
C616
CE57
C616
C616
CE36
CE16
CE36
D677
D6B8
DEDA
E73B
E73B
EF5B
EF3B
E73B
E73B
E73B
E73B
E73B
E73B
EF5C
EF5C
EF7C
EF7D
EF9D
F79D
F79D
F79D
F79D
F79D
EF9D
0000
0000
EF7C
EF7D
EF7C
EF7C
EF7D
EF7C
EF7C
EF7D
EF7D
EF7D
EF7D
EF7C
EF7C
EF7D
EF7C
EF7C
EF7C
EF7C
EF7C
EF7C
EF7C
EF5C
EF5C
EF7C
EF7C
EF7C
EF5C
EF5C
EF5C
EF5C
EF5C
EF5C
EF5C
EF5C
EF5C
E75C
E75C
E75C
E75C
E75C
E75C
E75C
E75C
E75C
E75C
E75C
E77C
E75C
E75C
E75C
E75C
E75C
E75C
E75C
E75C
E75C
E75C
E75C
E75C
E75C
E75C
E75C
E75C
E75C
E75C
E75C
E75C
E75C
E75C
E73C
E75C
E75C
E75D
E75D
E75C
E75D
E75D
E75D
E75D
E75D
E75D
E75D
E75D
E75D
E75D
E75D
E75D
E75D
E75D
E75D
E75D
E77D
E77D
EF7D
E77D
E75D
EF7D
E77D
E77D
EF7D
EF7D
EF7D
EF7D
EF7D
EF7D
C637
CE58
CE78
CE98
D698
D698
D699
D698
D699
D6B9
D6D9
D6DA
D6DA
D6B9
D6B9
CE98
CE77
CE57
CE57
CE77
CE78
D698
D6B9
D6B9
D6B9
D6B9
D6B9
D6B9
D6DA
D6DA
D6DA
D6DA
D6D9
D6B9
D6B9
D699
D698
CE78
CE78
CE78
CE78
CE78
CE77
CE77
CE77
CE56
CE35
C614
C5D4
CE36
D6B9
DED9
DEFA
DEFA
DEFA
DEFA
DEFA
DEFA
DEFA
DEFA
DEFA
DF1A
DEFA
DEFA
DEFA
DEFA
DEFA
DEFA
DEFA
DEFA
DEFA
DEFA
DEFA
DEFA
DEFA
DEFA
DEFA
DEFA
DEFA
DEFA
DEFA
DEFA
DEFA
DEFA
DEFA
DEFA
DED9
D6B9
CE78
CE57
C616
BDD5
BDB4
BDB4
BDB4
BD94
B573
A531
A4F0
A511
B573
BDB4
BDB4
B573
AD32
AD32
0000
0000
A4F0
9CD0
9CF1
A532
AD32
AD53
AD94
AD53
AD32
9CB0
840D
7BAC
736B
738B
7BCC
83ED
840D
840E
83CD
736C
6B4B
6B4B
734B
6B4A
7BAC
9CD1
B573
B573
AD52
AD32
B573
B5B4
B573
AD32
B574
BDD5
BDD5
B5B5
BDD5
C616
BDF6
B594
B5B5
BDD5
B594
B594
BDD5
C616
C637
C657
C616
BDD6
AD74
A512
9CB1
83EE
7BAC
736B
6B2A
7BAC
8C2F
9470
944F
944F
9C90
9C90
946F
A4F1
AD53
AD53
AD53
B594
BDB4
C5F5
C616
C5F5
C5F5
CE36
CE36
CE36
CE36
CE56
D677
D6B9
DEFA
E73B
E73B
E73B
E71B
E71B
E71A
E71A
E71A
E71B
E71A
E71B
E73B
E73B
EF5C
EF5C
EF7C
F79D
F79D
F79D
F79D
0000
0000
EF9D
EF7D
EF7C
EF7C
EF7D
EF7C
EF7D
EF7D
EF7D
EF7D
EF7C
EF7C
EF7C
EF7C
EF5C
EF7C
EF7C
EF7C
E77C
EF7C
EF7C
EF5C
EF5C
EF7C
EF5C
EF5C
EF5C
EF5C
EF5C
EF5C
EF5C
EF5C
EF5C
EF5C
EF5C
E75C
EF7C
E75C
E75C
E75C
E75C
E75C
E75C
E75C
E75C
E75C
E75C
E75C
E75C
E75C
E75C
E75C
E75C
E75C
E75C
E75C
E75C
E75C
E75C
E75C
E75C
E75C
E75D
E75C
E75C
E75C
E75C
E75C
E75C
E75C
E75C
E75C
EF7D
E77D
E75C
E75C
E75C
E75C
E75D
E75D
E75D
E75D
E75D
E75D
E75D
E75D
E75D
E75D
E75D
E75D
E75D
E75D
E77D
E77D
E77D
E75D
E77D
E75D
E77D
E77D
E75D
E77D
E75D
EF7D
EF7D
C637
CE58
CE78
CE98
D698
D698
D698
D699
D6B9
D6B9
D6D9
D6D9
D6B9
D699
CE78
CE77
CE57
CE57
CE78
CE98
D698
D6B9
D6B9
D6B9
D6B9
D6B9
D6D9
D6DA
D6DA
D6DA
D6DA
DEDA
D6D9
D6B9
D698
D698
CE98
CE78
CE78
CE77
D678
CE77
CE57
CE57
CE57
CE36
C5F4
BDD4
CE36
DEB9
DEFA
DEFA
DEFA
DEFA
DEFA
DEFA
DEFA
DEFA
DEFA
DEFA
DEFA
DEFA
DEFA
DEFA
DEFA
DEFA
DEFA
DEFA
DEFA
DEFA
DEFA
DEFA
DEFA
DEFA
DEFA
DEFA
DEFA
DEFA
DEFA
DEFA
DEFA
DEFA
DEFA
DEFA
DEFA
DEFA
D6B9
D699
CE98
CE57
C637
C5F6
BDD4
B594
B593
AD73
AD52
A511
A4F0
A4F1
AD32
AD52
AD31
A511
A511
AD32
0000
0000
948F
946F
A4F1
AD53
AD32
A512
A512
A512
A4F2
9490
840D
7BAC
736B
6B2A
736B
738B
738B
7BAC
7BCC
738C
6B2B
6B0A
6B2A
6B4A
840E
AD33
B594
B593
B594
BDB4
BDB5
B5B4
AD32
A512
AD73
B5B5
BDF6
B5D5
BDD5
C636
BDF6
B5B5
B5B5
BDD6
BDB5
B594
BDD5
C636
C657
C637
C616
BDD6
AD74
9CD2
9470
8C0E
83ED
7BAC
6B4A
738C
840E
8C2F
946F
9470
9470
9C90
946F
9490
A4F1
AD32
AD53
B573
B594
BDB4
C5F5
BDB4
B593
C5D4
CE15
CE36
CE36
CE56
D698
D6B9
DEFA
E71A
E71B
E71A
E71A
E71A
E71A
E71A
E71B
E71B
E71A
DEFA
DF1B
DF1A
DF1A
E71B
E73B
EF5C
EF7C
EF7D
EF9D
0000
0000
EF9D
EF7C
EF7C
EF7C
EF7C
EF7C
EF7C
EF7C
EF7D
EF7C
EF7C
EF7C
EF7C
EF5C
EF5C
EF7C
EF7C
EF7C
EF7C
EF7C
EF7C
EF5C
EF5C
EF5C
EF7C
EF5C
EF5C
EF5C
EF5C
EF5C
EF5C
EF5C
EF5C
EF5C
E75C
E75C
EF5C
EF5C
E75C
E75C
E75C
E75C
E75C
E75C
E75C
E75C
E75C
E75C
E75C
E75C
E75C
E75C
E75C
E75C
E75C
E75C
E75C
E75C
E75C
E75C
E75C
E75D
E75D
E75D
E75C
E75C
E75C
E75D
E75C
E75C
E75C
E75C
EF7D
EF7D
E75C
E75C
E75C
E75D
E75C
E75D
E75D
E75D
E75C
E75D
E75D
E75D
E75D
E75D
E75D
E75D
E75D
E75D
E75D
E75D
E75D
E75D
E75D
E75D
E77D
E77D
E77D
E75D
E77D
E75D
EF7D
BE16
C657
CE58
CE98
CE78
CE98
CE98
D699
D6B9
D6B9
D6D9
D6B9
CE98
CE78
CE57
CE77
CE78
CE78
D6B9
D6B9
D6B9
D6D9
D6B9
D6B9
D699
D6B9
D6DA
D6DA
D6DA
D6DA
D6D9
D6D9
D6B9
D698
D698
CE78
CE78
CE78
CE78
CE78
CE77
CE77
CE56
CE56
CE36
C614
BDD4
CE56
D6B9
DEDA
DEFA
DEFA
DEFA
DEFA
DEFA
DEFA
DEFA
DEFA
DEFA
DEFA
DEFA
DEFA
DEFA
DEFA
DEFA
DEFA
DEFA
DEFA
DEFA
DEFA
DEFA
DEFA
DEFA
DEFA
DEFA
DEFA
DEFA
DEFA
DEFA
DEFA
DEFA
DEFA
DEFA
DEFA
DEFA
DEFA
D6D9
D6B9
D698
CE78
CE57
C636
BDF5
BDB4
B594
B573
AD52
AD32
A531
A4F1
A4F0
A4F0
A4F1
A511
AD32
B573
0000
0000
948F
946F
A4D1
A532
A4F1
9CB0
9490
9CB0
9490
8C4F
840D
83ED
7BAC
6B2A
734A
736B
736B
736B
7BCC
7BAC
6B4B
630A
630A
6B4B
8C4F
AD53
BD94
BDD4
C5F5
BDD5
B594
AD73
A532
AD32
AD52
B594
BDF6
BDD5
BDD5
C616
C616
BDD5
B5B5
BDF6
BDD5
B5B5
BDD5
BDF6
C657
C616
C616
BDF6
B594
9CF2
9470
8C0E
83ED
7BAC
6B4A
738B
83CD
8C2E
946F
9470
9470
9CB0
9470
946F
A4F1
A4F1
A511
AD32
B573
BD94
BDD5
BDD4
BDB4
BD94
C5F5
C615
CE36
CE56
D698
DEDA
E71A
E71B
E71B
E73B
E73B
E73B
E75C
EF5C
E73C
E73C
E73B
E71B
E71B
DF1A
DEFA
DEFA
DEFA
E71A
E71B
E73B
E75C
0000
0000
EF7D
EF7D
EF7C
EF7C
EF7C
EF7C
EF5C
EF7C
EF7C
EF5C
EF7C
EF7C
EF5C
EF5C
EF5C
EF5C
EF5C
EF5C
EF7C
EF7C
EF7C
EF5C
EF5C
EF5C
EF5C
EF5C
EF5C
E75C
EF5C
EF5C
EF5C
EF5C
E75C
E75C
EF5C
E75C
EF5C
E75C
E75C
E75C
E75C
E75C
E75C
E75C
E75C
E75C
E75C
E75C
E75C
E75C
E75C
E75C
E75C
E75C
E75C
E75C
E75C
E75C
E75C
E75C
E75C
E75C
E75C
E75C
E75C
E75C
E75C
E75D
E75D
E75C
E73C
EF7D
EF7D
EF7D
EF7D
E75C
E75C
E75C
E75C
E75C
E75D
E75D
E75C
E75C
E75D
E75D
E75D
E75D
E75D
E75D
E75D
E75D
E75D
E75D
E75D
E75D
E75D
E77D
E77D
E75D
E75D
E77D
EF7D
EF7D
EF7D
B5D5
C617
C657
CE78
CE78
CE78
CE78
D698
D6B9
D6D9
D6B9
CE98
CE78
CE77
CE57
CE78
CE78
D6B9
D6B9
D6D9
D6D9
D6B9
D6B9
D6B9
D6B9
D6D9
D6D9
D6DA
D6DA
D6DA
D6D9
D6B9
D698
D698
D698
D678
D678
D678
CE78
CE77
CE77
CE77
CE56
CE35
C5F4
BDD4
CE57
D6B9
DEFA
DEFA
DEFA
DEFA
DEFA
DEFA
DEFA
DEFA
DEFA
DEFA
DEFA
DEFA
DEFA
DEFA
DEFA
DEFA
DEFA
DF1A
DEFA
DEFA
DEFA
DEFA
DEFA
DEFA
DEFA
DEFA
DEFA
DEFA
DEFA
DEFA
DEFA
DEFA
DEFA
DEFA
DEFA
DEFA
DEFA
DED9
D6D9
D6B9
D6B9
D698
CE78
CE57
C636
BE16
BDD5
B594
B593
AD73
AD52
A531
A511
A511
A532
A511
A511
AD32
0000
0000
A512
9CF1
9CB0
A4F1
9CB0
944E
8C2E
8C4E
946F
8C2E
840D
840D
7BAC
736B
7BAC
7BAC
738B
734A
7B8B
7BAC
736B
6B2A
6B2A
6B6B
8C6F
B573
BD94
C5F5
C5F5
B5B4
B573
AD73
AD52
A532
AD53
B5B4
BDF6
BDF5
BDD5
B5D5
C616
BDF6
BDD5
BDF6
BDF6
BDD5
BDD5
B5B5
C636
C616
C616
BDF6
B5B5
AD53
9C90
83ED
7BAC
736B
6B4B
738C
7BCD
840E
8C4F
9490
9490
9CB0
94B0
946F
9CF1
A4F1
A4F1
A4F1
AD32
B573
BD94
BDD5
C5F5
BDD4
BDB4
C5F5
C615
C615
CE77
DEDA
E73B
E73B
E73B
E73B
EF5C
EF5C
EF7C
EF7C
EF7D
EF7D
EF7D
EF7C
EF5C
E73B
E71B
E71A
DF1A
DF1A
DF1A
DEFA
E71B
0000
0000
EF5C
EF7C
EF7C
EF5C
EF7C
EF7C
EF5C
EF7C
EF5C
EF5C
EF5C
EF5C
EF5C
EF7C
EF5C
EF7C
EF5C
EF5C
EF5C
EF5C
EF7C
EF5C
EF5C
EF5C
EF5C
EF5C
EF5C
EF7C
EF5C
EF5C
EF5C
EF5C
EF5C
EF5C
E75C
EF5C
E75C
E75C
E75C
E75C
E75C
E75C
E75C
E75C
E75C
E75C
E75C
E75C
E75C
E75C
E75C
E75C
E75C
E75C
E75C
E75C
E75C
E75C
E75C
E75C
E75C
E75C
E75C
E75C
E73C
E75C
E75C
E75C
E75C
E75C
EF7D
EF7D
EF7D
EF7D
EF7D
E75D
E75C
E75C
E75C
E75C
E75C
E75D
E75C
E75D
E75C
E75D
E75D
E75D
E75D
E75D
E75D
E75D
E75D
E75D
E75D
E75D
E75D
E75D
E77D
EF7D
E77D
EF7D
EF7D
E77D
EF7D
ADB5
BDF6
C637
CE58
CE78
CE78
D698
D6B9
D6B9
D6B9
D699
CE78
CE78
CE78
CE78
CE98
D6B9
D6B9
DED9
D6D9
D6B9
D6B9
D6B9
D6B9
D6D9
DEDA
DEDA
D6DA
D6DA
D6D9
D6B9
D698
D698
D678
D678
D678
D678
CE78
CE77
CE77
CE57
CE56
CE35
C5F4
BDF4
CE56
D6D9
DEFA
DEFA
DEFA
DEFA
DEFA
DEFA
DEFA
DEFA
DEFA
DEFA
DEFA
DEFA
DEFA
DEFA
DEFA
DEFA
DEFA
DEFA
DEFA
DEFA
DEFA
DEFA
DEFA
DEFA
DEFA
DEFA
DEFA
DEFA
DEFA
DEFA
DEFA
DEFA
DEFA
DEFA
DEFA
DEFA
DEFA
DEFA
DED9
D6D9
D6B9
D6D9
D699
CE78
CE57
C637
C616
BDF5
B5B4
B594
AD73
AD52
A532
AD32
AD53
AD73
B573
AD52
A532
0000
0000
A532
9CD0
946F
9CB0
946F
840D
8C2E
946F
946F
8C2E
840D
8C2E
7BCC
83ED
83ED
7BAC
738B
736B
736B
736B
6B2A
6B4B
6B4B
736B
8C2E
A4F1
BDB4
C615
BDD5
BDB4
B5B4
B593
AD73
A512
B573
BDD5
BDD5
BDD5
BDD5
B594
BDD5
BDD5
BDD5
BDF6
C616
BDD5
B5B4
B594
C616
BE16
BDF6
BDF6
B5B4
A533
9470
7BCD
736B
6B0A
6B2A
7B8C
83CD
840E
8C4F
94B0
9490
9CB0
9CD0
9490
9CD1
A512
A512
A511
A532
AD53
AD73
AD73
B594
BDD5
BDD4
BDB4
C5D4
C5F5
CE57
D6B9
E71B
E71B
E71B
E71B
E71B
E71B
E73B
E73B
E75C
EF5C
EF7D
EF9D
F79D
EF7C
EF5C
E73C
E73C
E73B
E71B
E71B
E71B
0000
0000
E75C
EF5C
EF5C
EF5C
EF5C
EF5C
EF5C
EF5C
EF5C
EF5C
EF5C
EF5C
EF5C
EF5C
EF5C
EF5C
EF5C
EF7C
EF5C
EF5C
EF5C
EF5C
EF5C
EF7C
EF5C
EF5C
EF5C
EF7C
EF5C
EF5C
EF5C
EF5C
EF5C
EF5C
E75C
EF5C
E75C
E75C
E75C
E75C
E75C
E75C
E75C
E75C
E75C
E75C
E75C
E75C
E75C
E75C
E75C
E75C
E75C
E75C
E75C
E75C
E75C
E75C
E75C
E75C
E75C
E75C
E75C
E75C
E75C
E75C
E73C
E73C
E75C
EF7D
EF7D
EF7D
EF7D
EF7D
EF7D
EF7D
EF7D
E75D
E75C
E75C
E75C
E75C
E75C
E75C
E75C
E75D
E75D
E75D
E75D
E75D
E75D
E75D
E75D
E75D
E75D
E75D
E75D
E75D
E75D
E77D
E75D
E75D
E77D
E75D
EF7D
AD74
B5D5
BE16
C637
CE78
CE98
D6B8
D6B9
D699
D698
CE98
CE78
CE98
CE98
D699
D6B9
D6D9
D6D9
D6B9
D6B9
D6B9
D699
D6B9
D6D9
DED9
DEDA
D6DA
D6D9
D6D9
D6B9
D698
D698
D678
D678
D678
D678
D678
CE78
CE77
CE77
CE56
CE35
C5F4
C5F4
CE57
D6B9
DEFA
DEF9
DEFA
DEFA
DEFA
DEFA
DEFA
DEFA
DEFA
DEFA
DEFA
DEFA
DEFA
DEFA
DEFA
DEFA
DF1A
DEFA
DEFA
DEFA
DEFA
DEFA
DEFA
DEFA
DEFA
DEFA
DEFA
DEFA
DEFA
DEFA
DEFA
DEFA
DEFA
DEFA
DEFA
DEFA
DEFA
DEDA
DED9
DEDA
DED9
D6D9
D6B9
D698
D698
CE78
CE57
C637
C616
BDF5
B5D5
B594
AD53
AD32
AD32
AD53
B573
AD52
9CF1
9CD0
0000
0000
A511
9490
8C2E
840E
83ED
7BCC
842E
948F
946F
840E
7BCD
7BCC
840D
946F
8C2E
7BCC
736B
6B0A
6B0A
6B2A
62E9
62E9
6B2A
6B4A
7BCD
AD32
C5F5
BDD5
BDB4
BDD5
BDB4
B593
AD52
A512
AD53
BDF5
B5B4
B5B4
BDB5
B574
AD73
B594
BDD5
BDD5
BDF5
BDB5
B594
B594
C616
BDF6
BDB5
B5B5
A533
9CB1
840E
738B
6B2A
62E9
6B0A
736B
7B8C
83CD
8C2F
9490
9490
9CB0
9CD0
9CD0
9CD0
A4F1
A512
A512
AD52
AD53
B593
AD73
AD32
AD53
B594
B593
BDB4
BDD4
C636
D698
DED9
DED9
DED9
DED9
DED9
DEDA
DEFA
DEFA
DEFA
E71B
E71B
E73B
EF5C
EF7C
EF7C
EF5C
EF5C
E75C
E75C
E71B
E71B
0000
0000
E73C
E73C
E75C
E75C
E75C
EF5C
EF5B
EF5C
EF5C
EF5C
EF5C
EF5C
EF5C
EF5C
EF5C
EF5C
EF5C
EF5C
EF5C
EF5C
EF5C
EF5C
EF5C
EF5C
EF5C
EF5C
EF5C
EF5C
EF5C
EF5C
EF5C
EF5C
EF5C
EF5C
EF5C
EF5C
E75C
E75C
E75C
E75C
E75C
E75C
E75C
E75C
E75C
E75C
E75C
E75C
E75C
E75C
E75C
E75C
E75C
E75C
E75C
E75C
E75C
E75C
E75C
E75C
E75C
E75C
E75C
E75C
E75C
E75C
E75C
EF7D
EF7D
EF7D
EF7D
EF7D
EF7D
EF7D
EF7D
EF7D
EF7D
EF7D
EF7D
E75D
E75C
E75C
E75C
E73C
E75C
E75D
E75D
E75D
E75C
E75D
E75C
E75D
E75D
E75D
E75D
E75D
E75D
E75D
E75D
E75D
E75D
E77D
E75D
E75D
EF7D
A553
AD94
B5D5
BE37
C657
CE78
D698
D699
D698
CE98
CE78
CE78
CE98
D699
D6B9
D6D9
D6B9
D6B9
D6B9
D698
D699
D6B9
D6D9
DEDA
DEDA
DEDA
D6D9
D6D9
D6B9
D698
D698
D678
CE78
D678
CE78
D678
CE77
CE77
CE57
CE56
CE35
C5F4
C5F4
CE77
D6D9
DEFA
DEFA
DEFA
DEFA
DEFA
DEFA
DEFA
DEFA
DEFA
DEFA
DEFA
DEFA
DEFA
DEFA
DF1A
DEFA
DF1A
DF1A
DF1A
DEFA
DEFA
DEFA
DEFA
DEFA
DEFA
DEFA
DEFA
DEFA
DEFA
DEFA
DEFA
DEFA
DEFA
DEFA
DEFA
DEFA
DEFA
DEFA
DEDA
DED9
DEDA
DED9
DED9
D6D9
D6B9
D698
CE98
CE78
CE57
C657
C636
BDF6
BDD5
B5B4
AD74
AD53
AD32
A532
9CF1
9CB0
948F
0000
0000
9CD1
8C4F
83ED
738C
736B
6B6B
7BAC
8C4E
946F
8C2E
738C
738C
7BED
948F
840D
7B8B
6B4A
5AA8
5A88
62C8
62E9
62E9
62E9
6B2A
8C2E
AD53
BDB4
B5B4
BD94
BDB4
B594
B593
AD52
A4F1
AD53
BDD5
B594
B594
B574
AD53
AD33
AD74
B5B5
BDD5
B594
B5B5
BDD5
B5B5
BDF6
BDD5
B594
AD74
A532
8C4F
7BAC
736B
6B0A
62E9
6B2A
6B2A
6B0A
736B
840E
9470
9490
9490
9CD0
9CF1
A4F1
94B0
A4F1
AD32
AD32
AD32
B594
B594
AD52
AD52
B573
B593
B594
BDB4
C5F6
CE57
D6D9
DED9
D6D9
DED9
DEDA
DEDA
DEDA
DEDA
DEFA
DEFA
DEFA
DEFA
DF1A
E71B
E73B
E73C
E75C
E75C
EF5C
E75C
E73C
0000
0000
E73B
E73C
E73C
E75C
E75C
E75C
E75C
E75C
E75B
EF5C
EF5C
EF5C
EF5C
EF5C
EF5C
EF5C
EF5C
EF5C
EF5C
EF5C
E75C
EF5C
EF5C
EF5C
EF5C
EF5C
EF5C
EF5C
EF5C
EF5C
EF5C
EF5C
EF5C
EF5C
EF5C
EF5C
E75C
E75C
E75C
E75C
E75C
E75C
E75C
E75C
E75C
E75C
E75C
E75C
E75C
E75C
E75C
E75C
E75C
E75C
E75C
E75C
E75C
E75C
E75C
E75C
E73C
E75C
E75C
E75C
E75C
E73C
E75C
E75C
EF7D
EF7D
EF7D
EF7D
EF7D
EF7D
EF7D
EF7D
EF7D
EF7D
E75D
E75D
E75C
E75C
E75C
E75C
E75C
E75C
E75C
E75D
E75D
E75C
E75C
E75C
E75C
E75D
E75D
E75D
E75D
E75D
E75D
E75D
E75D
E75D
E75D
EF7D
EF7D
A533
AD74
AD94
BDF6
C637
CE58
CE98
CE98
CE78
CE78
CE98
D698
D6B9
D6B9
D6D9
D6B9
D6B9
D698
D698
D698
D6B9
D6B9
D6D9
DEDA
DEDA
DEDA
D6B9
D6B9
D698
CE98
CE78
CE78
CE78
CE78
CE78
CE78
CE77
CE56
CE56
CE35
C5F4
C5F4
CE77
D6B9
DEDA
DEFA
DEFA
DEFA
DEFA
DEFA
DEFA
DEFA
DEFA
DEFA
DEFA
DEFA
DEFA
DEFA
DEFA
DF1A
DF1A
DF1B
DF1A
DF1A
DEFA
DEFA
DEFA
DEFA
DEFA
DEDA
DEFA
DEFA
DEFA
DEFA
DEFA
DEFA
DEFA
DEFA
DEFA
DEFA
DEFA
DEFA
DEFA
DEFA
DEFA
DEFA
DED9
D6D9
D6D9
D6B9
D6B9
D698
CE98
CE78
CE57
C657
C637
C616
BDF6
BDD5
B5B5
AD74
AD53
A532
A511
9CD1
0000
0000
9CB0
8C4F
842E
7BED
73AC
738C
73AC
7BED
842E
83ED
6B6B
6B4A
6B4B
83ED
7BAC
734A
6B0A
5267
4A26
5267
5A87
5AA8
5AA9
6B4B
9CD1
B594
B594
B594
BDB4
BDB4
B593
AD32
A4F1
A4F1
AD73
B5B4
B573
AD52
B573
AD32
A532
AD73
B594
BDD5
B5B4
B5B5
BDF6
B5B5
BDD5
B5B4
B594
AD74
A533
9470
7BCD
738C
6B2A
62E9
6B0A
6B2A
62E9
62E9
738C
840E
944F
946F
9490
9CF1
A4F1
9CB0
948F
AD32
AD32
A4F1
AD32
BDB4
B573
B573
BD94
BDD5
BDD5
BDD5
BDD5
C616
D6B9
DEDA
DEFA
DEFA
DEFA
DEFA
DEFA
DEFA
DEFA
DEFA
DEFA
DEFA
DEFA
DEFA
DEFB
E71B
E73B
E73B
E73B
E73C
E75C
0000
0000
E73C
E73C
E73C
E73C
E75C
E73C
E75C
E73C
E73B
EF5C
EF5C
EF5C
EF5C
EF5C
EF5C
EF5C
EF5C
EF5C
EF5C
EF5C
EF5C
EF5C
EF5C
EF5C
EF5C
EF5C
EF5C
EF5C
EF5C
EF5C
E75C
E75C
EF5C
EF5C
EF5C
EF5C
E75C
E75C
E75C
E75C
E75C
E75C
E75C
E75C
E75C
E75C
E75C
E75C
E75C
E75C
E75C
E75C
E75C
E75C
E75C
E75C
E75C
E75C
E75C
E75C
E75C
E75C
E75C
E75C
E75C
E75C
E75C
E75C
E75C
E75C
EF7D
EF7D
EF7D
EF7D
EF9D
EF9D
E75D
E75C
E73C
E75C
E75C
E75C
E75C
E75C
E75C
E75C
E75C
E75C
E75C
E75C
E75C
E75C
E75C
E75D
E75C
E75C
E75C
E75D
E77D
E75D
E75D
E75D
E75D
EF7D
EF5D
A553
A554
AD74
B5B5
BE16
C637
CE58
CE78
CE78
CE78
CE98
D699
D6B9
D6B9
D6B9
D6B9
D698
D698
D698
D6B9
D6B9
D6D9
D6D9
D6D9
DED9
D6B9
D6B9
D698
CE98
CE78
CE78
CE78
CE78
CE78
CE77
CE77
CE56
CE56
CE15
C5F4
C5F4
CE77
D6D9
DED9
DEFA
DEFA
DEFA
DEFA
DEFA
DEFA
DEFA
DEFA
DEFA
DEFA
DEFA
DEFA
DEFA
DEFA
DF1A
DEFA
DF1A
DF1A
DF1A
DF1A
DF1A
DEFA
DEFA
DEFA
DEFA
DEFA
DEFA
DEFA
DEFA
DEFA
DEFA
DEFA
DEFA
DEFA
DEFA
DEFA
DEFA
DEFA
DEFA
DEFA
DEFA
DEFA
DEFA
D6D9
D6D9
D6B9
D6B9
D6B9
D698
CE98
CE78
CE78
CE77
C637
C637
C616
BDF6
B5D5
B5B4
AD94
AD53
A533
0000
0000
9CF2
9CF1
9CD1
94D1
9490
842F
7BED
738C
738C
7BCD
632A
52A9
630A
7BCD
7BED
738C
6B4B
5288
39C5
39C5
4A26
5247
5A88
83ED
AD32
B594
B573
B573
B593
B573
A511
A4F1
A4D0
A4F1
AD53
B594
AD52
AD32
B573
AD33
A512
AD53
B594
C5F6
BDD5
B594
C616
B5B5
BDB5
B594
B594
B594
A533
9490
7BCD
7BAD
738C
6B4B
6B2A
6B0A
62E9
5AA8
62E9
738C
83EE
8C0E
944F
9CB0
A4F1
9CD1
9490
9CF1
AD73
AD32
AD32
B594
B5B4
B5B4
C5F5
C616
C616
BDD5
B593
C5D5
D678
D699
D6B9
DEFA
E71B
E71B
E71B
E71B
E73B
E71B
E71B
E71B
E71B
E71B
E71B
E71B
E71B
E73B
E71B
E73B
E73B
0000
0000
E73C
E73C
E73C
E73C
E73C
E73C
E75C
E73C
E75C
EF5C
EF5C
EF5C
EF5C
EF5C
EF5C
EF5C
EF5C
EF5C
EF5C
EF5C
EF5C
EF5C
EF5C
EF5C
EF5C
E75C
E75C
EF7C
EF5C
E75C
E75C
E75C
E77C
EF7C
EF5C
EF5C
E75C
E75C
E75C
E75C
E75C
E75C
E75C
E75C
E75C
E75C
E75C
E75C
E75C
E75C
E75C
E75C
E75C
E75C
E75C
E75C
E75C
E75C
E75C
E75C
E73C
E75C
E75C
E73C
E75C
E75C
E75C
E73C
E75C
E73C
E75C
EF7D
EF7D
EF7D
EF7D
E75C
E75C
E75C
E75C
E75C
E75C
E75C
E75C
E75C
E75C
E73C
E75C
E75C
E75C
E75C
E75C
E75C
E75C
E75C
E75D
E75C
E75C
E75D
E75C
E75C
E75D
E75D
E75D
EF7D
E77D
A553
A553
A553
AD74
B5D5
BDF6
C637
CE57
CE78
CE78
D698
D6B9
D6B9
D6B9
D698
CE98
CE98
D698
D6B9
D6D9
DED9
D6D9
D6D9
D6B9
D6B9
D699
D698
CE78
CE78
CE78
CE77
CE78
CE78
CE77
CE77
CE56
CE36
C615
C5D3
C5F5
D698
DED9
DEFA
DEFA
DEFA
DEFA
DEFA
DEFA
DEFA
DEFA
DEFA
DEFA
DEFA
DEFA
DEFA
DEFA
DEFA
DF1A
DF1A
DF1B
DF1A
DF1A
DF1A
DF1A
DEFA
DEFA
DF1A
DF1A
DEFA
DEFA
DEFA
DEFA
DEFA
DEFA
DEFA
DEFA
DEFA
DEFA
DEFA
DEFA
DEFA
DEFA
DEFA
DEFA
DEFA
DEFA
DEDA
DED9
D6D9
D6D9
D6D9
D6B9
D6B9
D698
CE78
CE78
CE78
CE57
CE57
C657
C616
C616
BDF5
BDD5
B5B5
B594
0000
0000
AD53
A533
A512
A512
A512
9CD2
8C70
7BCE
632B
634B
52A9
31C6
52AA
6B8C
7BCE
73AD
632B
4A48
39C5
39C5
4A26
5268
62E9
840E
A4F1
AD53
AD52
AD32
A511
A4D0
9CB0
9CB0
A4D0
A511
A511
A4F1
9CD0
A4F1
AD53
A512
A512
AD53
B594
C616
BDD5
AD74
BDF5
B5B5
B5B5
BDB5
B594
AD74
AD33
9490
840E
83EE
83CD
7BAD
738C
6B4B
630A
62E9
5AA8
5AC9
6B2B
734B
7BCD
8C4F
9CD1
9CD0
9CB0
9490
A532
AD73
AD32
AD53
B594
AD53
B573
B573
AD12
A4F1
AD32
BDB4
CE36
CE57
D678
DED9
DEFA
DEFA
E71B
E71B
E71B
E71B
E73B
E71B
E73B
E71B
E73B
E71B
E71B
E73B
E73B
E73B
E73B
0000
0000
E73C
E73B
E73B
E73B
E73B
E73C
E73C
E73C
E73C
E75C
E75C
E75C
E75C
E75C
EF5C
EF5C
EF5C
EF5C
EF5C
EF5C
EF5C
EF5C
EF5C
EF5C
E75C
E75C
E75C
E75C
E75C
E75C
E75C
E75C
E75C
E75C
E75C
E75C
E75C
E75C
E75C
E75C
E75C
E75C
E75C
E75C
E75C
E75C
E75C
E75C
E75C
E75C
E75C
E75C
E75C
E75C
E75C
E75C
E75C
E75C
E75C
E73C
E75C
E75C
E75C
E73C
E75C
E73C
E75C
E73C
E75C
E75C
E75C
EF7C
EF7D
EF7D
E75C
E75C
E75C
E75C
E75C
E75C
E75C
E75C
E75C
E75C
E75C
E75C
E75C
E75C
E75C
E75C
E75C
E75C
E75C
E75C
E75D
E75C
E75C
E75C
E75C
E75C
E75D
E77D
E75C
E77C
E75C
A553
A553
A553
A553
AD94
BDD5
BE16
C637
CE78
CE78
D698
D6B9
D6B9
D699
CE98
CE98
D698
D6B9
D6B9
D6D9
D6D9
D6D9
D6B9
D6B9
D6B9
D698
CE78
CE78
CE77
CE78
CE77
CE77
CE77
CE57
CE56
CE35
C614
BDD3
C5F5
D698
DED9
DEFA
DEFA
DEFA
DEFA
DEFA
DEFA
DEFA
DEFA
DEFA
DEFA
DEFA
DEFA
DEFA
DEFA
DEFA
DF1A
DF1A
DF1A
DF1A
DF1A
DF1A
DF1B
DF1A
DF1A
DEFA
DF1B
DF1A
DEFA
DEFA
DEFA
DEFA
DEFA
DEFA
DEFA
DEFA
DEFA
DEFA
DEFA
DEFA
DEFA
DEFA
DEFA
DEFA
DEFA
DEFA
DED9
DED9
DED9
D6D9
D6D9
D6B9
D6B9
D6B9
D698
CE98
CE78
CE78
CE77
CE57
CE57
C657
C636
C637
C616
BDF6
0000
0000
B594
B594
AD74
AD53
A553
A533
9D12
94B1
842F
73AE
632B
4248
3A07
4248
4A89
52A9
4A68
39E6
4227
4A68
5AC9
6B2B
6B6B
7BCD
9CD0
AD32
AD52
A511
A4F1
9CB0
9CB0
A4D1
A4F1
9CB0
944F
944E
9C8F
A4F1
AD12
A4F1
A512
B574
BDD5
C616
B574
AD53
B5B4
BDB5
B5B5
BDD6
B5B5
AD53
9CD1
944F
8C2F
8C2E
8C2F
8C2E
840E
83EE
7BAD
736C
6B2A
62EA
6B0A
6B2B
738C
7BCD
944F
946F
944F
8C4F
9CB0
AD32
AD73
B574
B574
A512
9490
946F
946F
9C8F
A511
B593
C616
CE57
D698
DED9
DEDA
DEFA
DEFA
DEFB
E71B
E71B
E71B
E71B
E71B
E71B
E71B
E71B
E73B
E73B
E73B
E73B
E73B
0000
0000
E73B
E73B
E73B
E73B
E73B
E73C
E73C
E75C
E73C
E73C
E73C
E75C
E75C
E73C
EF5C
EF5C
EF5C
EF5C
EF5C
EF5C
EF5C
EF5C
E75C
E75C
E75C
E75C
E75C
E75C
E75C
E75C
E75C
E75C
E75C
E75C
E75C
E75C
E75C
E75C
E75C
E75C
E75C
E75C
E75C
E73C
E75C
E75C
E75C
E75C
E75C
E75C
E75C
E75C
E75C
E75C
E75C
E73C
E73B
E75C
E73C
E73C
E73C
E73C
E73C
E73C
E73C
E73C
E75C
E75C
E75C
E73C
E73C
E75C
EF7D
EF7C
E75C
E75C
E75C
E75C
E75C
E75C
E75C
E75C
E75C
E75C
E75C
E75C
E75C
E75C
E75C
E75C
E73C
E75C
E75C
E75C
E75C
E75C
E75C
E75C
E75D
E75C
E75C
E75C
E77C
E75C
E75C
A553
A553
A553
A553
AD74
B594
BDD6
C617
C657
CE78
CE98
D6B9
D6B9
CE98
CE98
CE98
D6B9
D6D9
D6D9
D6D9
D6D9
D6D9
D6B9
D698
D678
CE78
CE78
CE77
CE77
CE77
CE78
CE77
CE57
CE56
CE35
C5F4
BDD3
C615
D698
DED9
DEF9
DEFA
DEFA
DEFA
DEFA
DEFA
DEFA
DEFA
DEFA
DEFA
DEFA
DEFA
DEFA
DEFA
DEFA
DF1A
DF1A
DF1B
DF1B
DF1A
DF1A
DF1B
DF1A
DF1A
DF1A
DEFA
DF1A
DEFA
DEFA
DEFA
DEFA
DEFA
DEFA
DEFA
DEFA
DEFA
DEFA
DEFA
DEFA
DEFA
DEFA
DEFA
DEFA
DEFA
DEFA
DEFA
DED9
DEDA
DED9
DED9
D6D9
D6D9
D6B9
D6B9
D698
D698
CE98
CE98
CE78
CE78
CE78
CE78
CE57
CE57
C657
C637
0000
0000
BDF6
BDD5
B5D5
B5B5
B5B4
AD74
AD53
AD53
A553
A513
94B1
842F
6B8C
634C
6B4C
6B6C
6B6C
6B4B
6B6C
738C
73AD
7BAD
7BCD
842E
A4F1
AD53
AD52
AD32
A511
A4D1
A4F1
A4F1
9CB0
8C4E
8C4E
944F
9CB0
A4F1
A4F1
AD12
AD73
BDB4
BDF6
BDD5
AD53
A512
AD53
BDD5
BDD6
BDD6
B5D5
AD53
9CB1
8C4F
8C4F
8C4F
8C4F
8C4F
944F
8C4F
8C2F
8C0F
83EE
7BAD
6B6B
6B4B
738B
7BAC
83EE
8C2E
8C2E
840E
8C2E
9CB0
A511
AD53
B573
AD53
A4F1
9CD0
9CD0
948F
AD12
B5B4
C616
CE78
D6B9
DEDA
DEFA
DEFA
DEFA
DEFA
DF1B
DEFA
DEFB
E71B
E71B
E71B
E71B
E71B
E73B
E71B
E73B
E73B
E73B
0000
0000
E73B
E73B
E73B
E73B
E73B
E73B
E73B
E73B
E73B
E73B
E73B
E73C
E73C
E73C
E75C
E75C
E75C
EF5C
EF5C
EF5C
EF5C
EF5C
E75C
E75C
E75C
E75C
E75C
E75C
E75C
E75C
E75C
E75C
E75C
E75C
E75C
E75C
E75C
E75C
E75C
E75C
E75C
E75C
E75C
E75C
E75C
E75C
E75C
E75C
E75C
E75C
E75C
E75C
E75C
E75C
E75C
E73C
E73C
E75C
E73C
E73C
E73C
E73C
E73C
E73B
E73C
E73C
E73C
E73C
E73C
E73C
E73C
E73C
EF5C
E75C
E73C
E75C
E75C
E73C
E75C
E75C
E75C
E75C
E75C
E75C
E75C
E75C
E75C
E75C
E75C
E75C
E75C
E75C
E75C
E75C
E75C
E75C
E75C
E75C
E75C
E75C
E75C
E75C
E75C
E75C
E75C
A553
A574
A574
A573
A574
AD74
B5B5
BDF6
C637
CE58
CE98
D699
CE98
CE78
CE78
D698
D6B9
D6D9
D6B9
D6B9
D6B9
D6B9
D698
CE78
CE78
CE77
CE77
CE77
CE77
CE77
CE77
CE77
CE56
CE35
C5F4
BDD4
C636
D6B8
D6D9
DEDA
DED9
DEFA
DEFA
DEFA
DEFA
DEFA
DEFA
DEFA
DEFA
DEFA
DEFA
DEFA
DEFA
DEFA
DF1A
DF1A
DF1A
DF1B
DF1A
DF1A
DF1A
DF1A
DF1A
DF1A
DEFA
DEFA
DF1A
DF1A
DEFA
DEFA
DEFA
DEFA
DEFA
DEFA
DEFA
DEFA
DEFA
DEFA
DEFA
DEFA
DEFA
DEFA
DEFA
DEFA
DEFA
DEFA
DEFA
DEFA
DED9
DED9
DED9
D6B9
D6B9
D6B9
D6B9
D6B9
D698
D698
D698
CE98
CE78
CE78
CE78
CE78
CE57
CE57
0000
0000
C636
BE16
BDF6
BDF6
BDD5
B5D5
B5B5
B594
B595
AD74
AD53
A533
9CF2
9CD1
94D1
94D1
94B1
94B1
9491
9490
8C70
8C4F
8C2F
946F
AD32
B594
B594
B593
AD53
AD32
A512
A4F1
9CB0
948F
948F
946F
9CB0
9CD0
A512
AD53
AD53
B594
B5B4
B573
A511
9CD0
A532
B594
BDF6
BDF6
B5D5
AD53
94B1
9470
9470
9490
9C90
9CB1
9CB1
9490
9490
9490
9490
9470
8C4F
83EE
7BAC
7BCD
840E
840E
8C2E
840E
840E
8C4E
946F
948F
94B0
9CD1
9CB1
9CB1
9CB0
9CD1
AD53
BDD5
CE58
D6B9
DEDA
DEFA
DEFA
DEFA
DEFA
DEFA
E71B
DF1B
DF1A
E71B
E71B
E71B
E71B
E71B
E71B
E71B
E71B
E71B
E71B
0000
0000
E71B
E73B
E73B
E73B
E73B
E73B
E73B
E73B
DF3B
E73B
E73B
E73C
E73C
E73C
E73C
E75C
E75C
E75C
E75C
E75C
E75C
E75C
EF5C
E75C
E75C
E75C
E73C
E75C
E75C
E75C
E75C
E77C
E75C
E75C
EF5C
E75C
E75C
E75C
E75C
E75C
E75C
E75C
E75C
E75C
E75C
E75C
E75C
E75C
E75C
E75C
E75C
E75C
E75C
E75C
E75C
E75C
E73C
E73B
E73C
E73C
E73B
E73C
E73C
E73C
E73B
E73B
E73C
E73B
E73C
E73C
E73C
E73B
E73C
E73C
E73C
E75C
E75C
E75C
E75C
E75C
E75C
E73C
E75C
E75C
E73C
E75C
E75C
E73C
E75C
E73C
E75C
E75C
E75C
E75C
E75C
E75C
E75C
E75C
E75C
E75C
E75C
E75C
E75C
E75C
E75C
A573
A574
AD74
AD74
A574
A554
AD74
B5D5
BE16
C637
CE78
CE78
CE78
CE78
CE98
D6B9
D6B9
D6B9
D6B9
D6B9
D698
CE78
CE78
CE78
CE78
CE77
CE77
CE78
CE77
CE77
CE57
CE56
CE35
C5F4
BDD3
CE36
D6B9
DED9
DEFA
DEFA
DEFA
DEFA
DEFA
DEFA
DEFA
DEDA
DEDA
DEFA
DEFA
DEFA
DEFA
DEFA
DEFA
DEFA
DF1A
DF1A
DF1A
DF1A
DF1A
DF1A
DF1A
DF1A
DF1A
DEFA
DEFA
DF1A
DEFA
DEFA
DEFA
DEFA
DEFA
DEFA
DEFA
DEFA
DEFA
DEFA
DEFA
DEFA
DEFA
DEFA
DEFA
DEFA
DEFA
DEFA
DEFA
DEFA
DEFA
DEFA
DEFA
DED9
DED9
D6D9
D6B9
D6B9
D6B9
D6B9
D6B9
D6B9
D699
D699
D699
CE98
CE98
CE78
CE78
CE57
0000
0000
C637
C636
C616
BE16
BDF6
BDF6
BDF6
BDD5
B5D5
B5B5
B594
AD74
AD54
A553
A533
A512
9D12
9D12
9CF2
9CF2
9CD1
94B1
94B0
9CB1
AD33
B594
BDB5
BDB4
B594
B574
AD53
AD32
AD32
A512
9CD1
9490
9C90
9CB0
A512
A511
A532
B573
AD53
AD52
A4F1
A4D1
A512
B574
BDD5
BE16
BDD5
AD74
A512
9CD2
A4F2
A512
A513
A513
A513
A512
A512
A512
A4F2
A4F2
A4F2
9CD1
9470
8C2E
840E
840D
840D
840D
7BED
738B
736B
632A
6B2B
738C
7BCD
8C4F
A4F2
B574
BDF6
CE58
D699
D6B9
DEDA
DEFA
DEFA
DEFA
DEFB
DEFA
DEFA
DEFB
DF1A
DEFB
DF1B
DF1B
E71B
DF1B
E71B
E71B
E71B
E71B
E71B
0000
0000
DF3B
E73B
E73B
DF3B
E73B
DF3B
DF3B
E73B
E73B
E73B
E73B
E73B
E73B
E73B
E73C
E75C
E75C
E75C
E75C
EF5C
EF5C
E75C
E75C
E75C
E75C
E75C
E75C
E75C
E75C
E75C
E75C
E75C
E75C
E75C
E75C
E75C
E75C
E75C
E75C
E75C
E75C
E75C
E75C
E75C
E75C
E75C
E75C
E75C
E75C
E75C
E75C
E75C
E75C
E75C
E73C
E73C
E73C
E73C
E73B
E73C
E73C
E73C
E73C
E73C
E73B
E73B
E73B
E73B
E73C
E73C
E73C
E73C
E73C
E73C
E73C
E73C
E75C
E75C
E73C
E75C
E75C
E73C
E75C
E75C
E75C
E73C
E75C
E75C
E75C
E75C
E75C
E75C
E75C
E75C
E75C
E75C
E75C
E75C
E75C
E75C
E75C
E75C
E75C
E75C
E75C
A553
A574
AD74
AD74
A553
A553
A553
AD94
B5D5
BE16
C637
C657
CE58
CE98
D698
D6B9
D699
D6B9
D698
D698
CE78
CE78
CE78
CE78
CE78
CE77
CE77
D678
CE77
CE57
CE56
CE15
BDD3
BDD3
CE56
D6B9
DEDA
DEFA
DEFA
DEFA
DEFA
DEFA
DEFA
DEFA
DEFA
DEFA
DEFA
DEFA
DEFA
DEFA
DEFA
DEFA
DEFA
DF1A
DF1A
DF1B
DF1B
DF1A
DF1A
DF1A
DF1A
DEFA
DEFA
DF1A
DEFA
DEFA
DEFA
DEFA
DEFA
DEFA
DEFA
DEFA
DEFA
DEFA
DEFA
DEFA
DEFA
DEFA
DEFA
DEFA
DEFA
DEFA
DEFA
DEFA
DEFA
DEFA
DEDA
DEDA
DEFA
DED9
D6D9
D6D9
D6D9
D6D9
D6B9
D6B9
D6B9
D6B9
D6B9
D6B9
D6B9
D698
CE98
CE98
CE78
CE78
0000
0000
C657
C657
C637
C637
C636
C616
BE16
BDF6
BDF5
BDD5
BDD5
B5D5
B5B5
B594
AD74
AD74
AD53
A553
A533
A512
9D12
9CF1
9CD1
9CD1
AD32
B594
BDB5
BDB5
B5B4
B594
B573
AD73
B574
B574
AD53
A512
A4F1
A4F1
AD32
A512
AD73
B594
AD73
AD73
A512
9CD1
A532
B594
BDD6
BE16
BDF6
B595
AD33
A513
A533
AD33
AD54
AD54
AD54
AD74
AD74
AD53
AD53
A553
A533
A533
A512
9CD2
94B1
8C6F
8C4F
842E
7BED
738C
73AC
7BEE
8C4F
9CB1
A533
B595
C5F6
CE57
D699
D6B9
D6B9
DEDA
DEDA
DEDA
DEDA
DEFA
DEFB
DEFA
DEFA
DEFA
DEFA
DEFA
DEFB
DF1B
E71B
DF1B
DF1B
DF1B
DF1B
DF1B
DF1B
0000
0000
DF1B
DF1B
DF1B
DF1B
DF1B
DF3B
DF3B
DF3B
DF3B
DF3B
DF3B
E73B
E73B
E73B
E73B
E73C
E73C
E75C
E75C
E75C
E75C
E75C
E75C
E75C
E75C
E75C
E75C
E75C
E75C
E75C
E75C
E75C
E75C
E75C
E75C
E75C
E75C
E75C
E75C
E75C
E75C
E75C
E75C
E75C
E75C
E75C
E75C
E75C
E75C
E75C
E75C
E75C
E75C
E75C
E75C
E73C
E73C
E73B
E73B
E73C
E73C
E73C
E73C
E73B
E73B
E73B
E73C
E73C
E73B
E73B
E73B
E73C
E73C
E73C
E73C
E73C
E73C
E73C
E73C
E73C
E73C
E73C
E75C
E73C
E73C
E73C
E75C
E75C
E73C
E73C
E73C
E75C
E75C
E75C
E75C
E75C
E75C
E75C
E75C
E75C
E75C
E75C
E75C
E75C
E75C
9D32
A553
A574
A553
9D33
9D13
A533
A573
AD95
BDF6
BE17
C637
CE78
CE98
D699
D6B9
D698
D698
CE78
CE77
CE78
CE78
CE78
CE78
CE78
CE77
CE78
CE77
CE77
CE56
CE15
BDD3
BDD4
CE57
D6B9
DED9
DEFA
DEFA
DEFA
DEFA
DEFA
DEFA
DEFA
DEFA
DEFA
DEFA
DEFA
DEFA
DEFA
DEFA
DEFA
DEFA
DF1B
DF1B
DF1B
DF1B
DF1B
DF1A
DF1A
DF1A
DF1A
DEFA
DF1A
DF1A
DEFA
DEFA
DEFA
DEFA
DEFA
DEFA
DEFA
DEFA
DEFA
DEFA
DEFA
DEFA
DEFA
DEFA
DEFA
DEFA
DEFA
DEFA
DEFA
DEFA
DEDA
DEFA
DEDA
DED9
DED9
DED9
D6D9
D6D9
D6D9
D6B9
D6B9
D6B9
D6B9
D6B9
D6B9
D6B9
D6B9
D699
D698
CE98
CE78
CE78
0000
0000
CE57
CE57
C657
C657
C637
C636
C616
C616
C616
BDF6
BDF6
BDF6
BDF6
BDD5
B5B5
B5B5
B594
B594
AD74
AD53
AD33
A512
A4F1
9CF1
A512
AD73
B594
B594
B594
B5B4
BDB5
BDB5
B594
B594
B594
AD33
9CD1
948F
A4F1
A512
AD53
B594
B594
B594
AD33
A512
AD33
AD74
B5B5
BDF6
C617
BDD5
AD74
A533
A533
A533
AD53
AD54
AD74
AD74
AD74
AD74
AD74
AD74
AD73
AD74
AD53
AD54
AD53
A533
A533
A512
9CF2
9CF2
A533
AD74
B595
BDD6
BDF6
C637
C637
CE58
CE78
D699
D6B9
DEDA
DEFA
DEFA
DEFA
DEFA
DEFB
DEFB
DEFB
DEFB
DEFA
DEFA
DEFB
DF1B
DF1B
DF1B
DF1B
DF1B
DF1B
DF1B
DF1B
0000
0000
DF1B
DF1B
DF1B
DF1B
DF1B
DF1B
DF1B
DF3B
DF3B
DF1B
DF3B
DF1B
E73B
DF3B
E73B
E73C
E73C
E73C
E75C
E75C
E75C
E75C
E75C
E75C
E75C
E75C
E75C
E75C
E75C
E75C
E75C
E75C
E75C
E75C
E75C
E75C
E75C
E75C
E75C
E75C
E75C
E75C
E75C
E75C
E75C
E75C
E75C
E75C
E75C
E73C
E75C
E75C
E75C
E75C
E75C
E73C
E73C
E73B
DF3B
E73B
E73B
E73B
E73B
E73B
E73B
E73B
E73B
E73B
E73B
E73B
E73B
DF3B
DF3B
E73B
E73B
E73B
E73C
E73C
E73C
E73C
E73B
E73C
E73C
E73C
E73C
E75C
E73C
E75C
E73C
E73C
E73C
E73C
E75C
E75C
E75C
E75C
E75C
E75C
E75C
E75C
E75C
E75C
E75C
E75C
E75C
9CF2
A533
A553
9D33
9D12
9D12
9D12
A533
AD94
B5D5
BE16
C637
CE57
CE78
D698
D698
CE78
CE78
CE77
CE77
CE78
CE78
CE78
CE78
CE78
CE77
CE77
CE77
CE36
C614
BDD3
BDD4
CE77
D6B9
DED9
DEDA
DEFA
DEFA
DEFA
DEFA
DEFA
DEFA
DEFA
DEFA
DEFB
DEFA
DEFA
DEDA
DEDA
DEFA
DEFA
DF1A
DF1A
DF1B
DF1B
DF1B
DF1A
DF1A
DF1A
DF1A
DF1A
DEFA
DEFA
DEFA
DEFA
DEFA
DEFA
DEFA
DEFA
DEFA
DEFA
DEFA
DEFA
DEFA
DEFA
DEFA
DEFA
DEFA
DEFA
DEFA
DEFA
DEFA
DEFA
DEFA
DEDA
DED9
DED9
DED9
DED9
DED9
D6D9
D6D9
D6D9
D6B9
D6B9
D6B9
D6D9
D6B9
D6B9
D6B9
D6B9
D6B9
D6B9
D698
D698
CE78
0000
0000
CE57
CE57
CE57
C657
C657
C637
C637
C636
C616
C636
C616
BE16
BDF6
BDF6
BDF5
BDD5
B5D5
B5B5
B595
B594
AD74
AD53
A512
A4F1
9CF1
A512
AD53
AD53
B5B4
BDD5
BDB5
B594
B594
B5B5
AD74
AD33
A512
9CB0
9CD0
A512
AD73
AD73
B573
B594
AD53
AD32
AD53
AD73
B5B5
BDF6
C636
C616
B594
A533
A533
AD53
AD53
AD54
AD74
AD74
AD74
AD74
AD74
AD94
B595
B595
B594
B595
B595
B595
B595
B5B5
B5B5
B5B5
B5D5
BDD6
BDF6
C637
CE58
CE58
CE58
CE58
CE58
CE78
CE78
D699
D6B9
D6BA
DEDA
DEFA
DEFB
DEFB
DEFB
DEFB
DEFA
DEFA
DEFB
DF1B
DEFB
DF1B
DF1B
DF1B
DF1B
DF1B
DF1B
0000
0000
DF1B
DF1B
DF1B
DF1B
DF1B
DF1B
DF1B
DF1B
DF1B
DF1B
DF1B
DF3B
DF1B
E73B
E73B
E73B
E73B
E73B
E75C
E73C
E75C
E75C
E75C
E75C
E75C
E75C
E75C
E75C
E75C
E75C
E75C
E75C
E75C
E75C
E75C
E75C
E75C
E75C
E75C
E75C
E75C
E75C
E75C
E75C
E75C
E75C
E75C
E75C
E75C
E75C
E73C
E73C
E73C
E73C
E73C
E73B
E73B
E73B
E73B
E73C
E73B
E73B
E73B
E73C
E73B
DF3B
DF3B
DF3B
E73B
E73B
E73B
E73B
DF3B
E73B
E73B
DF3B
E73B
E73B
E73C
E73C
E73C
E73B
E73C
E73C
E73C
E73C
E73C
E73C
E73C
E73C
E73C
E73C
E73C
E75C
E73C
E73C
E73C
E75C
E75C
E75C
E75C
E75C
E75C
E75C
E73C
94D2
9CF2
9D33
9D12
9D12
A533
A553
A574
AD94
ADB5
BDF6
C637
C657
CE57
CE78
CE98
CE78
CE77
CE77
CE78
CE77
CE77
CE78
CE78
CE77
CE57
CE56
CE35
C5F4
BDB3
BDF4
CE78
D6D9
DED9
DEFA
DEFA
DEFA
DEFA
DEFA
DEFA
DEFA
DEFA
DEFA
DEFB
DEFB
DEFB
DEDA
DEDA
DEFA
DEFA
DF1B
DF1A
DF1B
DF1B
DF1B
DF1B
DF1B
DF1A
DF1A
DF1A
DF1A
DEFA
DEFA
DEFA
DEFA
DEFA
DEFA
DEFA
DEFA
DEFA
DEFA
DEFA
DEFA
DEFA
DEFA
DEFA
DEFA
DEFA
DEFA
DEFA
DEFA
DEFA
DEFA
DEFA
DEFA
DEDA
DEDA
DED9
DED9
D6D9
DED9
D6D9
D6D9
D6D9
D6D9
D6D9
D6D9
D6B9
D6B9
D6B9
D6B9
D6B9
D6B9
D698
CE98
CE78
0000
0000
CE78
CE57
CE57
CE57
C657
C657
C637
C637
C637
C636
C636
C616
C616
BE16
BDF6
BDF6
BDF6
BDD5
B5B5
B5B5
B594
B574
AD53
A532
9CF1
9CD1
A4F2
AD33
B594
BDB5
BDB4
AD53
AD73
B5B4
B594
B573
AD53
A4F1
9C8F
A4F1
B594
B5B5
A532
AD32
AD73
B573
AD53
A533
AD74
BDF6
C616
C637
B5B5
AD54
AD53
AD54
AD74
AD74
B594
B595
B595
B5B5
B5B5
B5B5
B5B5
B5D5
B5D5
BDD6
BDD6
BDD6
BDF6
BDF6
BDF6
BDF6
BE16
C617
C637
C637
CE58
CE78
CE78
CE78
D699
CE78
CE78
CE99
CE78
D699
D699
D6B9
D6DA
DEDA
DEFA
DEFA
DEFA
DEFA
DF1B
DF1B
DF1B
DF1B
DF1B
DF1B
DF1B
DF1B
DF1B
0000
0000
DF1B
DF1B
DF1B
DF1B
DF1B
DF1B
DF1B
DF1B
DF1B
DF1B
DF3B
DF3B
DF1B
DF3B
DF3B
E73B
E73B
E73B
E73B
E73C
E75C
E75C
E75C
E75C
E75C
E75C
E75C
E73C
E73C
E75C
E75C
E75C
E75C
E75C
E75C
E75C
E75C
E75C
E75C
E75C
E75C
E75C
E75C
E73C
E75C
E75C
E75C
E75C
E73C
E75C
E73C
E73C
E73C
E73B
E73C
E73B
E73B
E73B
E73B
E73B
DF3B
E73B
E73B
E73B
E73B
E73B
DF3B
DF3B
E73B
DF1B
E73B
E73B
DF3B
E73B
E73B
E73B
DF3B
DF3B
DF3B
DF3B
DF3B
E73B
E73B
E73C
E73C
E73C
E73C
E73C
E73C
E73C
E73C
E73C
E73C
E73C
E73C
E73C
E73C
E73C
E73C
E75C
E75C
E75C
E75C
E75C
E75C
8C91
9CD2
9CF2
9D32
A553
AD94
B5B5
ADB5
AD94
AD74
B5B5
BDF6
C637
C657
CE57
CE78
CE57
CE77
CE77
CE77
CE78
CE78
CE78
CE78
CE77
CE56
CE35
C5F4
BDB3
C5F5
CE78
D6D9
DED9
DEF9
DEFA
DEFA
DEFA
DEFA
DEFA
DEFA
DEFA
DEFA
DEFA
DEFA
DEFB
DEDA
D6DA
DEFA
DF1A
DF1B
DF1A
DF1A
DF1A
DF1B
DF1B
DF1B
DF1B
DF1A
DF1A
DF1A
DF1A
DF1A
DEFA
DEFA
DEFA
DEFA
DEFA
DEFA
DEFA
DEFA
DEFA
DEFA
DEFA
DEFA
DEDA
DEFA
DEFA
DEFA
DEFA
DEFA
DEFA
DEFA
DEFA
DEFA
DEFA
DEFA
DED9
DED9
DED9
D6D9
D6D9
D6D9
D6D9
D6D9
D6D9
D6D9
D6D9
D6D9
D6D9
D6B9
D6B9
D6B9
D6B9
D699
D698
D698
0000
0000
CE78
CE78
CE78
CE77
CE57
CE57
C657
C657
C637
C637
C636
C636
C636
C636
C616
C616
BE16
BDF6
BDF6
BDD5
BDB5
B594
AD74
AD53
A512
9CD0
9CD1
A4F1
A532
BDB4
B594
A512
A511
AD32
A511
A511
AD32
A4D1
A4F1
AD73
BDF5
C616
AD32
9CB0
AD32
B594
AD53
A512
A533
BDD5
BDF6
BDF6
B5D5
AD74
AD53
AD74
AD94
B5B5
B5B5
B5B5
B5B5
B5D5
BDD5
BDD5
BDF6
BDF6
BDF6
BDF6
BDF6
BDF6
C617
C617
C617
C637
C637
C637
C658
CE58
CE58
CE78
D698
D699
D699
D6B9
D6B9
D6B9
D699
D699
D6B9
D6B9
D6B9
D6BA
D6B9
DEDA
D6DA
DEDA
DEFA
DF1B
DF1B
DF1B
DF1B
DF1B
DF1B
DF1B
DF1B
0000
0000
DF1B
DF1B
DF1B
DF1B
DF1B
DF1B
DF1B
DF3B
DF1B
DF1B
DF1B
DF1B
DF1B
E73B
E73B
DF3B
E73B
DF3B
E73B
E73C
E73C
E75C
E75C
E75C
E75C
E73B
E73C
E75C
E75C
E75C
E75C
E75C
E75C
E75C
E75C
E75C
E75C
E73C
E75C
E75C
E75C
E75C
E75C
E75C
E75C
E75C
E75C
E73C
E73C
E75C
E73C
E73C
E73B
E73B
E73B
E73B
E73B
E73B
E73B
DF3B
E73B
E73B
E73B
E73B
DF3B
E73B
DF3B
DF1B
DF1B
DF3B
DF3B
DF3B
DF1B
DF3B
DF1B
DF3B
DF3B
DF3B
DF3B
DF3B
E73B
E73B
DF3B
E73B
E73B
E73B
DF3B
E73B
E73B
E73B
E73C
E73C
E73C
E73C
E73C
E73C
E73C
E73C
E73C
E75C
E75C
E75C
E73C
E73C
E73C
634C
94B1
94D1
A533
AD95
B5D5
B5F6
B5D5
AD74
A553
AD74
B5D5
BE16
C657
CE57
CE77
CE57
CE57
CE57
CE57
CE77
CE78
CE77
CE77
CE56
CE35
C5F4
BDB3
C615
D698
D6D9
DED9
DEFA
DEFA
DEFA
DEFA
DEFA
DEFA
DEFA
DEFA
DEFA
DEFA
DF1B
DEFA
DEFA
DEDA
DEFA
DF1A
DF1B
DF1B
DF1B
DF1A
DF1B
DF1B
DF1B
DF1B
DF1B
DF1A
DF1A
DF1A
DF1A
DEFA
DEFA
DEFA
DEFA
DEFA
DEFA
DEFA
DEFA
DEFA
DEFA
DEFA
DEFA
DEDA
DEFA
DEFA
DEFA
DEFA
DEFA
DEFA
DEFA
DEFA
DEFA
DEFA
DEFA
DEFA
DED9
DED9
DED9
D6D9
D6D9
D6D9
D6D9
DEDA
DED9
DED9
D6D9
D6D9
D6D9
D6D9
D6D9
D6B9
D6B9
D6B9
D698
D699
0000
0000
CE98
CE78
CE78
CE77
CE77
CE57
CE57
CE57
C657
C657
C657
C637
C637
C637
C636
C636
C616
C616
BE16
BDF6
BDF6
BDD5
B5B4
B574
AD32
9CD1
9CB0
9CB0
A512
B574
AD32
9C8F
948F
9CB0
946F
9CB0
A512
AD32
AD53
B594
C5F6
BDF6
AD53
9CD0
A4F1
B5B5
AD53
AD53
A512
AD74
BDD6
B594
B594
AD74
AD74
B594
B5B5
B5B5
BDD5
BDD5
BDF5
BDF5
BDF6
BDF6
BDF6
BDF6
BDF6
BE16
C617
C617
C637
C637
C637
C637
CE58
CE58
CE58
CE58
CE78
CE78
D698
D699
D6B9
D6BA
D6DA
D6DA
D6DA
D6DA
D6DA
D6DA
D6B9
DEDA
DEDA
D6DA
D6DA
D6D9
DED9
DEDA
DEFA
DEFA
DEFB
DF1B
DF1B
DF1B
DF1B
0000
0000
DF1B
DF1B
DF1B
DF1B
DF1B
DF1B
DF1B
DF1B
DF1B
DF3B
DF1B
DF1B
DF3B
DF1B
DF1B
DF3B
DF3B
E73B
DF3B
E73B
E73C
E73C
E75C
E75C
E73C
E71B
E71B
E73C
E75C
E75C
E75C
E75C
E75C
E75C
E75C
E75C
E75C
E75C
E75C
E75C
E75C
E75C
E75C
E75C
E75C
E75C
E75C
E75C
E75C
E73C
E73C
E73C
E73C
E73B
E73B
E73B
E73C
E73B
E73B
DF3B
E73B
E73B
DF3B
DF3B
DF3B
DF1B
DF3B
DF1B
DF1B
DF1B
DF1B
DF3B
DF3B
DF1B
DF3B
DF1B
DF3B
DF3B
E73B
E73B
E73B
DF3B
DF3B
DF1B
E73B
E73B
E73B
E73B
E73B
E73B
E73B
E73B
E73B
E73C
E73B
E73C
E75C
E73C
E73C
E73C
E73C
E73C
E73C
E73C
E73C
31E7
73CE
94B1
9D12
AD94
B5D5
B5D5
B5D5
AD94
A574
AD74
B5B5
BE16
C637
C637
CE37
CE57
CE57
CE57
CE57
CE77
CE78
CE77
CE56
C614
C5D3
BDD3
C636
D698
DED9
DEFA
DEFA
DEFA
DEFA
DEFA
DEFA
DEFA
DEFA
DEFA
DEFA
DF1B
DEFB
DEFA
DEFA
D6FA
DEFA
DF1B
DF1B
DF1B
DF1B
DF1B
DF1B
DF1B
DF1A
DF1B
DF1B
DF1A
DF1A
DF1A
DF1A
DEFA
DEFA
DEFA
DEFA
DEFA
DEFA
DEFA
DEFA
DEFA
DEFA
DEFA
DEFA
DEFA
DEFA
DEFA
DEFA
DEFA
DEFA
DEFA
DEFA
DEFA
DEFA
DEFA
DEFA
DEDA
DEFA
DEDA
DED9
DED9
D6D9
D6D9
D6D9
DED9
D6D9
D6D9
D6D9
DED9
DED9
DED9
D6D9
D6D9
D6D9
D6B9
D6B9
D6B9
D6B9
0000
0000
CE98
CE98
CE78
CE78
CE78
CE78
CE77
CE57
CE57
CE57
CE57
C657
C637
C637
C637
C637
C636
C636
C616
C616
C616
BE16
BDD5
B5B5
AD53
A511
9490
946F
A4F1
AD32
9CD0
8C2E
8C0D
8C2E
8C2E
9CB0
AD32
B573
B594
B5B5
B594
B594
AD73
9CD1
A512
BDF6
AD53
AD74
A532
AD53
BDD5
AD74
AD74
AD74
B594
B5B5
BDD5
BDF5
BDF6
BDF6
BDF6
BDF6
BDF6
BDF6
BE17
BE17
C617
C617
C637
C637
C637
C637
C637
CE58
CE58
CE58
CE58
CE78
CE78
CE98
D698
D699
D699
D6B9
D6B9
D6DA
D6DA
D6FA
DEFA
DEFA
DEFA
D6DA
DEDA
DEFA
D6DA
D6DA
DEDA
DEDA
DEFA
DEFA
DEFA
DEFB
DEFB
DF1B
DF1B
0000
0000
DF1B
DF1B
DF1B
DF1B
DF1B
DF1B
DF1B
DF1B
DF3B
DF3B
DF3B
DF3B
DF3B
DF3B
DF1B
DF3B
DF1B
DF1B
DF1B
E73B
E73B
E73B
E73C
E73C
E73C
E75C
E73B
E73B
E73C
E75C
E75C
E75C
E75C
E75C
E75C
E73C
E73C
E75C
E75C
E75C
E75C
E75C
E75C
E75C
E75C
E75C
E75C
E75C
E75C
E75C
E73C
E73C
E73C
E73B
E73B
E73B
E73B
E73B
DF3B
DF3B
DF3B
DF3B
DF1B
DF3B
DF3B
DF1B
DF1B
DF1B
DF1B
DF1B
DF3B
DF1B
DF1B
DF1B
DF3B
DF1B
DF1B
DF1B
DF1B
DF1B
DF3B
DF1B
DF3B
DF3B
E73B
DF3B
DF3B
DF3B
DF3B
DF3B
E73B
E73B
E73B
DF3B
E73B
E73B
E73C
E73B
E73B
E73B
E73C
E73C
E73B
E73C
E73C
18E3
4269
8470
9D13
A533
A574
AD94
ADB4
B5B5
B5D5
B5D5
B5F6
C616
C637
C616
C637
CE37
CE57
CE57
CE57
CE77
CE76
CE55
C614
C5D3
BDD3
CE56
D6B8
DED9
DEFA
DEFA
DEFA
DEFA
DF1B
E71B
E71B
DF1B
DF1B
DEFB
DF1B
DEFA
DEFA
D6FA
D6FA
DEFA
DF1B
DF3B
DF3B
DF1B
DF1B
DF1B
DF1B
DF1B
DF1B
DF1B
DF1B
DF1A
DF1A
DF1A
DF1A
DEFA
DEFA
DEFA
DEFA
DEFA
DEFA
DEFA
DEFA
DEFA
DEFA
DEFA
DEFA
DEFA
DEFA
DEFA
DEFA
DEFA
DEFA
DEFA
DEFA
DEFA
DEFA
DEFA
DEDA
DEDA
DED9
DED9
D6D9
DED9
D6D9
DED9
DED9
DED9
DEDA
DED9
DED9
DED9
DED9
DED9
DED9
D6D9
D6D9
D6D9
D6D9
D6D9
D6B9
0000
0000
D699
D698
D698
CE98
CE78
CE78
CE78
CE78
CE77
CE57
CE77
CE57
C657
C657
C657
C657
C637
C637
C636
C636
C636
C616
C616
BDF6
B5B5
AD53
9CF1
8C4F
946F
9CD0
9CAF
944E
8C0D
8BED
83AC
8C2E
948F
A4F1
A532
AD32
AD53
B594
AD53
9490
AD53
BDF6
AD74
AD53
AD53
AD53
B594
AD74
AD74
B594
B5B5
B5B5
BDD5
BDF6
BDF6
BDF6
BDF6
BDF6
BE17
C617
C617
C617
C617
C637
C637
C637
C637
C658
CE58
CE58
CE58
CE78
CE78
CE78
CE98
CE98
D699
D699
D6B9
D6B9
D6B9
D6DA
D6DA
D6DA
D6DA
DEFA
DEFA
DEFA
DEFA
DEFA
D6DA
D6DA
D6DA
DEDA
DEFA
DEFA
DEFA
DEFA
DEFA
DF1B
DF1B
0000
0000
DF1B
DF1B
DF1B
DF1B
DF1B
DF1B
DF1B
DF1B
DF3B
DF3B
DF3B
DF3B
DF3B
DF1B
DF3B
DF1B
DF3B
DF3B
DF1B
E73B
E73B
E73B
E73B
E73C
E73C
E73B
E75C
E75C
E73B
E73B
E73C
E75C
E75C
E75C
E75C
E75C
E75C
E75C
E75C
E75C
E75C
E75C
E75C
E73C
E75C
E75C
E75C
E73C
E75C
E73C
E73B
E73C
E73C
E73C
E73B
E73B
DF3B
E73B
DF3B
DF1B
DF3B
DF1B
DF1B
DF3B
DF3B
DF3B
DF3B
DF3B
DF1B
DF1B
DF1B
DF1B
DF1B
DF1B
DF1B
DF1B
DF1B
DF3B
DF1B
DF1B
DF1B
DF1B
DF1B
DF3B
DF1B
DF1B
DF3B
DF1B
DF3B
E73B
DF3B
E73B
E73B
DF3B
DF3B
E73B
E73B
DF3B
E73B
E73C
E73B
E73B
E73B
E73B
E73B
10C2
1904
5B0B
94D2
9D33
9D12
A533
A553
AD94
ADB4
B5D5
BE16
C636
C636
BE16
C616
CE57
CE77
CE78
CE77
CE56
CE35
C5F4
BDB3
C5D3
CE56
D6B9
DEDA
DEFA
DEFA
DEFA
DEFA
E71B
E71B
E71B
E71B
E71B
E71B
DF1B
DF1A
DEFA
D6FA
DEFA
DF1A
DF1B
DF1B
DF3B
DF3B
DF3B
DF1B
DF1B
DF1B
DF1B
DF1B
DF1B
DF1A
DF1A
DF1A
DF1A
DF1A
DF1A
DEFA
DEFA
DEFA
DF1A
DF1A
DF1A
DF1A
DEFA
DEFA
DEFA
DEFA
DEFA
DEFA
DEFA
DEFA
DEFA
DEFA
DEFA
DEFA
DEFA
DEDA
DEDA
DEFA
DEFA
DED9
DED9
DED9
D6D9
D6D9
DED9
DEDA
DED9
DEDA
DED9
DEDA
DED9
DED9
DED9
DED9
DED9
DED9
D6D9
D6D9
D6B9
D6B9
0000
0000
D6B9
D699
D698
D698
CE98
CE98
CE98
CE78
CE78
CE78
CE78
CE78
CE78
CE58
CE57
CE58
CE57
C657
C637
C657
C657
C637
C636
C616
BDF6
BDD5
B574
A4F1
948F
9CF1
A4F1
9CB0
946F
83CC
7B6B
83EC
7BAC
8C2E
8C4F
9CB0
A512
AD73
AD53
A512
AD53
B594
AD74
A512
A532
AD53
AD74
AD94
B594
B5B5
BDD5
BDF6
BDF6
BDF6
BDF6
BE16
C617
C617
C617
C617
C637
C637
C637
C637
C637
C637
CE58
CE58
CE58
CE58
CE58
CE78
CE78
CE78
D699
D699
D699
D699
D6B9
D6B9
D6B9
D6DA
D6DA
D6DA
D6DA
D6DA
D6DA
D6FA
D6FA
D6DA
D6DA
D6FA
D6FA
DEDA
DEDA
DEFA
DEFA
DEFA
DEFA
DEFB
DF1B
0000
0000
DF1B
DF1B
DF1B
DF1B
DF1B
DF1B
DF1B
DF1B
DF1B
DF3B
DF1B
DF1B
DF1B
DF1B
DF3B
DF1B
DF3B
DF3B
DF3B
E73B
E73B
DF3B
E73B
E73B
E73C
E73B
E73B
E75C
E75C
E73C
E73C
E75C
E75C
E75C
E75C
E75C
E75C
E75C
E75C
E75C
E75C
E75C
E75C
E75C
E75C
E75C
E75C
E75C
E75C
E73C
E73C
E73B
E73C
E73B
E73B
E73B
E73B
E73B
DF1B
DF1B
DF1B
DF3B
DF3B
DF1B
DF3B
DF1B
DF1B
DF1B
DF1B
DF1B
DF1B
DF1B
DF1B
DF1B
DF1B
DF1B
DF1B
DF3B
DF1B
DF1B
DF1B
DF1B
DF1B
DF1B
DF1B
DF1B
DF1B
DF1B
DF1B
DF3B
DF1B
DF1B
DF3B
DF1B
DF3B
DF3B
E73B
DF3B
DF3B
E73B
E73B
E73C
E73C
E73B
E73B
0882
0881
2144
5B2C
94D1
9CF2
94D1
9CF1
9D12
9D11
9CF1
A532
B5B4
C616
BE16
C636
CE77
D698
CE77
CE56
CE35
C5D3
BDB3
C5F4
CE77
D6D9
DEFA
DF1A
DF1A
DF1B
DF1B
DF1A
DF1A
DF1B
E71B
E71B
E71B
DF1A
DEFA
D6FA
DEFA
D6FA
DF1A
DF3B
DF3B
DF3B
DF3B
DF3B
DF3B
DF3B
DF3B
DF1B
DF1B
DF1B
DF1B
DF1B
DF1A
DF1A
DF1A
DF1A
DEFA
DEFA
DEFA
DEFA
DF1A
DF1A
DF1A
DF1A
DEFA
DEFA
DEFA
DEFA
DEFB
DEFA
DEFA
DEFA
DEFA
DEFA
DEFA
DEFA
DEFA
DEFA
DEDA
DEDA
DED9
DED9
DED9
DED9
DEF9
DED9
DEDA
DEFA
DEFA
DEFA
DEFA
DEF9
DED9
DEDA
DED9
DED9
DED9
DED9
D6D9
D6D9
D6D9
D6B9
0000
0000
D6B9
D6B9
D6B9
D6B9
D698
D698
D698
D698
CE98
CE98
CE98
CE98
CE78
CE78
CE78
CE78
CE78
CE57
C657
CE57
CE57
CE57
C637
C637
C636
C616
BDF6
B5B4
AD33
A512
A4F1
9CB0
8C2E
6B2A
734A
83CD
8C2E
8C4F
7BCD
7BCD
9CD1
AD53
AD53
9CD1
9490
A512
A532
9D12
A553
AD74
B594
B5D5
BDF6
BDF6
BDF6
BDF7
BDF6
C616
C617
BDF6
C617
C617
C637
C637
C637
C637
C658
CE58
CE58
CE58
CE58
CE58
CE58
CE58
CE78
CE78
CE99
CE99
CE99
D699
CE99
D6B9
D6B9
D6B9
D6B9
D6BA
D6DA
D6DA
D6DA
D6DA
D6DA
D6DA
D6DA
D6DA
D6FA
D6FA
D6FA
DEFA
DEFA
DEFA
DEFA
DEFA
DEFA
DEFB
DF1B
0000
0000
DF1B
DF1B
DF1B
DF1B
DF1B
DF1B
DF1B
DF1B
DF1B
DF1B
DF1B
DF3B
DF1B
DF1B
DF3B
DF1B
DF1B
DF1B
DF1B
DF1B
DF3B
E73B
E71B
DF3B
E73B
E73B
DF3B
E73B
E73C
E73C
E75C
E73C
E73C
E73C
E75C
E73C
E75C
E75C
E75C
E75C
E75C
E75C
E75C
E75C
E75C
E75C
E75C
E73C
E73C
E73B
E73B
E73B
E73B
E73B
E73B
E73B
E73B
E73B
E73B
DF3B
DF3B
DF3B
DF1B
DF1B
DF1B
DF1B
DF1B
DF1B
DF1B
DF1B
DF1B
DF3B
DF1B
DF1B
DF1B
DF1B
DF1B
DF1B
DF1B
DF1B
DF1B
DF1B
DF1B
DF1B
DF1B
DF1B
DF1B
DF1B
DF1B
DF1B
DF1B
DF1B
DF1B
DF1B
DF1B
DF1B
DF1B
DF1B
DF3B
DF3B
E73B
E73B
E73B
E73B
DF3B
0861
0041
0041
1944
636C
9CF2
9CF1
94D1
9CF1
94D0
8C8E
8C8F
A552
BE16
C636
C657
CE77
D698
CE76
C614
BDB3
BDD3
C635
D698
DED9
DEFA
DF1A
DF1B
DF3B
DF3B
DF1B
DF1B
DF1B
DF3B
E71B
E73B
DF1B
DEFA
D6FA
D6FA
DEFA
DF1A
DF3B
DF3B
DF1B
DF1B
DF1B
DF3B
DF1B
DF3B
DF1B
DF3B
DF3B
DF3B
DF1B
DF1A
DF1B
DF1B
DF1A
DF1A
DEFA
DEFA
DF1A
DF1B
DF1A
DF1B
DF1B
DF1A
DEFA
DEFA
DF1A
DF1A
DF1A
DF1A
DEFA
DEFA
DEFA
DEFA
DEFA
DEFA
DEFA
DEDA
DEDA
DEDA
DED9
DED9
DEDA
DEFA
DEFA
DEFA
DEFA
DEFA
DEFA
DEFA
DED9
DEFA
DEFA
DEFA
DEFA
DED9
DEDA
DED9
DED9
D6D9
DED9
D6D9
0000
0000
D6B9
D6B9
D6B9
D6B9
D6B9
D699
D698
D698
D698
CE98
D698
CE98
CE98
CE78
CE78
CE78
CE57
C657
CE57
CE77
CE77
CE57
C637
C657
CE57
C657
C637
C616
BDB5
AD53
A4F1
948F
7BCD
4A47
5AA9
6B4B
6B2B
6B4B
6B4B
6B2B
8C6F
9CF1
9CD1
94B1
A512
AD74
B5B5
B5B5
B5D5
BDD5
BDF6
BE16
BE16
C616
C617
C617
C637
C637
C637
C617
C637
C637
C637
C637
C637
C637
CE58
CE58
CE58
CE78
CE78
CE58
CE78
CE78
CE78
CE98
CE99
CE99
CE99
D6B9
CEB9
CEB9
D6B9
D6B9
D6DA
D6DA
D6DA
D6FA
D6DA
D6DA
D6DA
D6DA
D6DA
DEFA
DEFA
D6DA
D6DA
DEFA
D6DA
D6DA
DEFA
DEFA
DEFA
DEFB
DEFB
0000
0000
DF1B
DF1B
DF1B
DF1B
DF1B
DF1B
DF1B
DF1B
DF1B
DF1B
DF1B
DF1B
DF1B
DF1B
DF1B
DF1B
DF1B
DF1B
DF1B
DF1B
DF1B
DF1B
DF3B
DF1B
DF3B
E73B
E73B
DF3B
E73B
E73B
E73C
E73C
E75C
E75C
E73C
E75C
E75C
E75C
E75C
E73C
E75C
E75C
E73C
E73C
E73C
E75C
E73C
E73C
E73C
E73C
E73C
E73B
E73B
E73B
E73B
DF1B
E73B
DF1B
DF1B
DF1B
DF1B
DF1B
DF1B
DF1B
DF1B
DF1B
DF1B
DF1B
DF1B
DF1B
DF1B
DF1B
DF1B
DF1B
DF1B
DF1B
DF1B
DF1B
DF1B
DF1B
DF1B
DF1B
DF1B
DF1B
DF1B
DF1B
DF1B
DF1B
DF1B
DF1B
DF1B
DF1B
DF1B
DF1B
DF1B
DF1B
DF1B
DF1B
E73B
DF1B
DF3B
E73B
DF1B
E73B
E73B
0861
0861
1082
1082
31C7
7C0F
A553
A552
A552
9CF0
94AF
948F
A532
BDF6
CE57
CE57
CE77
CE56
C614
BDB3
C5F4
CE56
D698
DEDA
DF1B
DF3B
E73B
E73B
E73B
DF3B
DF3B
DF3B
DF3B
DF3B
DF3B
DF1B
DEFA
D6DA
D6DA
D6FA
DF1A
DF3B
DF3B
DF1B
DF3B
DF3B
E73B
DF3B
DF1B
E73B
DF3B
DF3B
DF3B
DF3B
DF3B
DF1B
DF1A
DF1A
DF1A
D6FA
DEFA
DEFA
DEFA
DF1A
DF1B
DF1B
DF1B
DF1A
DF1A
DF1A
DF1B
DF1B
DF1A
DF1A
DEFA
DEFA
DEFA
DEFA
DEFA
DEFA
DEFA
DEFA
DEFA
DEDA
DEDA
DEDA
DEDA
DEDA
DEFA
DEFA
DEFA
DEFA
DEFA
DEFA
DEFA
DEFA
DEFA
DEFA
DEFA
DED9
DED9
DED9
DED9
D6D9
D6D9
D6D9
0000
0000
D6D9
D6B9
D6B9
D6B9
D6B9
D6B9
D6B9
D6B9
D6B9
D6B9
D698
D698
CE98
CE98
CE98
CE98
CE78
C657
CE57
CE57
CE77
CE78
CE57
CE57
CE77
CE77
CE57
C637
C636
BDF6
B5B4
AD33
9490
6B6B
5ACA
630A
5B0A
738C
7C0E
8C4F
9CD1
A533
AD74
B5B5
B5D5
BDF6
C617
C637
C637
C617
C617
C617
C637
C637
C637
C637
C637
C637
C637
C637
C637
C657
CE58
C658
CE58
CE58
CE58
CE58
CE78
CE78
CE78
CE78
CE78
CE78
CE98
CE99
CE99
CE99
CE99
CEB9
D6B9
CEB9
CEB9
D6BA
D6DA
D6DA
D6DA
D6DA
D6DA
D6DA
D6B9
CEB9
D6DA
DEFA
D6DA
D6D9
D6DA
DEFA
D6DA
D6DA
DEFA
DEFB
DEFB
DEFB
DEFB
0000
0000
DF1B
DF1B
DF1B
DF1B
DF1B
DF1B
DF1B
DF1B
DF1B
DF1B
DF1B
DF1B
DF1B
DF1B
DF1B
DF1B
DF1B
DF1B
DF1B
DF3B
DF3B
DF1B
DF1B
DF1B
E73B
DF3B
DF3B
DF3B
E73B
E73B
E73B
E73B
E73C
E75C
E75C
E75C
E75C
E75C
E75C
E73C
E73C
E75C
E73C
E73B
E73C
E73C
E73C
E73C
E73B
E73B
E73B
E73B
DF3B
E73B
E73B
DF3B
DF3B
DF3B
DF1B
DF3B
DF1B
DF1B
DF1B
DF1B
DF1B
DF1B
DF1B
DF1B
DF1B
DF1B
DF1B
DF1B
DF1B
DF1B
DF1B
DF1B
DF1B
DF1B
DF1B
DF1B
DF1B
DF1B
DF1B
DF1B
DF1B
DF1B
DF1B
DF1B
DF1B
DF1B
DF1B
DF1B
DF1B
DF1B
DF1B
DF1B
DF1B
DF1B
DF1B
DF3B
E71B
DF3B
DF1B
DF1B
DF3B
18C3
0881
10A2
1082
10C3
3A28
9D12
BDF5
AD93
9CF0
9CD0
94AF
A532
B5D5
C637
C636
CE35
C614
C5F4
CE35
D698
DED9
DEFA
E73B
E73B
E73B
DF3B
E73B
E73B
E73B
E75B
E75B
E73B
DF3B
DF3B
DF1A
DEFA
DEFA
DF1A
DF1B
E73B
E73B
E73B
E73B
E73B
E73C
E73B
E73B
DF3B
DF1B
DF3B
DF1B
DF1B
DF1B
DF1B
DF3B
DF1A
DF1A
DEFA
DF1A
DF1A
DF1A
DF1B
DF1B
DF1B
DF3B
DF1A
DEFA
DF1A
DF1B
DF1B
DF1A
DF1A
DEFA
DEFA
DEFA
DF1A
DF1A
DEFA
DEFA
DEFA
DEFA
DEFA
DEFA
DEFA
DEDA
DEFA
DEFA
DEFA
DEFA
DEFA
DEFA
DEFA
DEFA
DEFA
DEFA
DEFA
DEFA
DEFA
DEDA
DEDA
DEDA
DED9
DED9
D6D9
DED9
0000
0000
D6D9
D6B9
D6B9
D6D9
D6B9
D6B9
D6B9
D6B9
D6B9
D6B9
D6B9
D698
D698
D698
D698
D698
CE98
CE78
CE57
CE57
CE78
CE57
C637
C657
CE77
CE78
CE78
CE57
CE57
CE78
CE57
C637
C616
B5D5
AD74
AD54
AD74
B594
B5B5
BDD6
BDF6
BDF6
C617
C637
C617
C617
C637
C637
C637
C637
C658
C637
C658
C637
C637
C637
CE58
CE37
C657
C657
C657
C658
C658
C658
C658
C658
C678
C678
CE78
CE78
CE78
CE78
CE78
CE98
CE98
CE98
CE99
CE99
CEB9
CE99
CEB9
D6B9
D6BA
D6BA
D6DA
D6DA
D6DA
D6DA
D6DA
D6B9
CEB9
CEB9
D6DA
DEFA
D6B9
D6B9
D6D9
D6DA
D6DA
D6DA
DEFB
DEFB
DEFB
DEFB
DEFB
0000
0000
DEFB
DF1B
DF1B
DF1B
DF1B
DF1B
DF1B
DF1B
DF1B
DF1B
DF1B
DF1B
DF1B
DF1B
DF1B
DF1B
DF1B
DF1B
DF1B
DF1B
DF1B
E73B
DF3B
DF1B
DF1B
DF3B
DF1B
DF1B
E73B
DF3B
DF3B
DF3B
E73B
E73C
E73B
E73C
E73C
E75C
E75C
E73C
E73C
E73C
E73C
E73B
E73B
E73C
E73C
E73C
E73C
E73C
E73B
E73C
E73B
E73B
E73B
DF3B
DF3B
DF1B
DF1B
DF1B
DF1B
DF1B
DF1B
DF1B
DF1B
DF1B
DF1B
DF1B
DF1B
DF1B
DF1B
DF1B
DF1B
DF1B
DF1B
DF1B
DF1B
DF1B
DF1B
DF1B
DF1B
DF1B
DF1B
DF1B
DF1B
DF1B
DF1B
DF1B
DF1B
DF1B
DF1B
DF1B
DF1B
DF1B
DF1B
DF1B
DF1B
DF1B
DF1B
DF1B
DF3B
DF1B
DF1B
DF1B
DF1B
31C6
10C2
0861
0861
0882
1904
7C2F
C616
BDF5
AD93
A531
9CF0
9D11
B5B4
BDF5
C5F4
BDD3
C615
D698
DED9
E71B
E73B
E73B
E75B
DF3B
DF1A
DF3B
DF3B
E75B
E75C
E75B
E73B
E73B
DF1B
DF1A
D6FA
DEFA
DF1B
E73B
E75C
E73C
E73C
E73C
E73C
E73B
E73C
E73B
E73B
E73B
DF3B
DF3B
DF1B
DF3B
DF1B
DF1B
DF1B
DF1B
DF1B
DF1B
DF3B
DF1B
DF3B
DF1B
DF1B
DF1B
DF1A
DEFA
DF1A
DF1B
DF3B
DF1B
DF1A
DEFA
DEFA
DF1A
DF1A
DF1A
DF1A
DEFA
DEFA
DEFA
DEFA
DEFA
DEFA
DEFA
DEFA
DEFA
DEFA
DEFA
DEFA
DEFA
DEFA
DEFA
DEFA
DEFA
DEFA
DEFA
DEFA
DEFA
DEDA
DEDA
DEDA
DEDA
DEDA
DED9
DEDA
0000
0000
DED9
D6D9
D6D9
D6D9
D6D9
D6B9
D6D9
D6D9
D6B9
D6B9
D6B9
D6B9
D6B9
D6B9
D6B9
D699
D698
CE78
CE78
CE78
CE78
CE77
C637
C657
CE77
CE98
CE98
CE78
CE78
CE98
CE78
CE78
CE98
CE98
CE78
CE78
CE58
CE58
C658
C638
C637
C637
C657
C657
C657
C637
C637
C637
C637
C637
C658
CE58
CE78
CE78
C678
CE78
C658
C658
C658
C658
C658
C658
C658
C678
C678
C678
C678
C678
CE78
CE78
CE78
CE78
CE98
CE98
CE98
CE98
CEB9
CEB9
D6B9
D6B9
CE99
CEB9
D6B9
D6BA
D6DA
D6DA
D6DA
D6FA
D6FA
D6DA
CE99
D6DA
DEFB
D6DA
CEB9
D6B9
D6DA
D6DA
D6DA
DEFA
DEFB
DEFB
DEFB
DEFB
DEFB
0000
0000
DEFB
DF1B
DF1B
DF1B
DF1B
DF1B
DF1B
DF1B
DF1B
DF1B
DF1B
DF1B
DF1B
DF1B
DF1B
DF1B
DF1B
DF3B
DF1B
DF1B
DF1B
DF1B
DF1B
DF3B
DF3B
DF1B
DF3B
E73B
E73B
DF3B
DF3B
DF3B
DF3B
E73B
E73B
E73B
E73C
E73C
E75C
E75C
E73C
E75C
E73C
E73B
E73B
E73B
E73C
E73B
E73C
E73B
E73C
E73C
E73B
E73B
E73B
DF3B
DF1B
DF1B
DF3B
DF1B
DF1B
DF1B
DF1B
DF1B
DF1B
DF1B
DF1B
DF1B
DF1B
DF1B
DF1B
DF1B
DF1B
DF1B
DF1B
DF1B
DF1B
DF1B
DF1B
DF1B
DF1B
DF1B
DEFB
DEFB
DF1B
DF1B
DF1B
DF1B
DEFB
DF1B
DF1B
DF1B
DF1B
DF1B
DF1B
DF1B
DF1B
DF1B
DF1B
DF1B
DF1B
DF1B
DF1B
DF1B
DF1B
2945
1903
10A2
10A2
18E3
31C6
9D33
C636
C636
BDF5
B593
9CCF
9CF0
AD94
B5B4
BDD3
C614
D698
DEFA
D6D9
D6D9
E73B
E73B
DF1A
DEFA
DF1B
E75B
E75C
E75C
E75C
E75C
E75B
DF3B
DEFA
D6DA
D6FA
DF1B
E73B
E75C
E75C
E73C
E73C
E73B
E73C
E73B
E73C
E73C
E73B
DF3B
DF3B
DF3B
DF3B
DF3B
DF1B
DF1B
DF1B
DF1A
DF1B
DF3B
DF1B
DF1B
DF1B
DF1B
DF1B
DF1A
DF1A
DF1B
DF3B
DF1B
DF1A
DF1A
DEFA
DF1A
DF1B
DF1A
DF1B
DF1A
DF1A
DEFA
DEFA
DEFA
DEFA
DEFA
DEFA
DEFA
DEFA
DF1B
E71B
DEFA
DEFA
DEDA
DEFA
DEFB
DF1B
DF1B
DEFB
DEFA
DEFA
DEFA
DEFA
DEFA
DEFA
DEDA
DEDA
DEDA
DEDA
0000
0000
DEDA
DED9
D6D9
DED9
D6D9
D6D9
D6D9
D6B9
D6B9
D6D9
D6D9
D6B9
D6B9
D6B9
D6B9
D6B9
D6B8
D698
CE98
CE98
CE98
CE78
CE78
CE78
CE98
D698
CE98
D698
CE98
CE98
CE98
D698
D698
D698
CE98
CE78
CE78
CE78
CE58
CE78
CE58
CE58
CE58
CE58
CE58
CE58
CE58
C657
C657
C658
C658
C658
C678
C678
CE78
CE78
CE78
C678
C678
C678
CE78
C678
C678
C678
CE78
CE78
CE78
CE78
CE98
CE78
CE78
CE98
CE98
CE98
CE99
CE99
CE99
D6B9
D6B9
CE99
CE99
CEB9
D6DA
D6DA
D6DA
D6DA
D6DA
D6FA
D6DA
D6FA
D6FA
DEFA
DEFA
D6DA
CEB9
D6D9
D6DA
DEFA
D6FA
D6FA
DEFB
DEFB
DEFA
DEFB
DEFB
0000
0000
DF1B
DF1B
DF1B
DF1B
DF1B
DF1B
DF1B
DF1B
DF1B
DF1B
DF1B
DF1B
DF1B
DF1B
DF1B
DF1B
DF1B
DF1B
DF1B
DF1B
DF3B
DF3B
DF3B
DF1B
DF1B
DF1B
DF1B
DF1B
DF3B
DF3B
DF3B
DF3B
DF3B
E73B
DF3B
E73B
E73B
E73B
E73B
E73B
E73C
E75C
E73B
E73C
E73C
E73B
DF3B
DF3B
DF3B
E73B
E73B
DF3B
E73B
E73B
DF3B
DF3B
DF1B
DF1B
DF1B
DF1B
DF1B
DF1B
DF1B
DF1B
DF1B
DF1B
DF1B
DF1B
DEFB
DF1B
DF1B
DF1B
DF1B
DF1B
DF1B
DF1B
DEFB
DF1B
DEFB
DF1B
DF1B
DEFB
DF1B
DF1B
DF1B
DF1B
DF1B
DF1B
DEFB
DEFB
DF1B
DF1B
DF1B
DEFA
DEFA
DF1A
DEFA
DF1A
DF1B
DF1B
DEFB
DF1B
DEFB
DF1B
DEFB
2144
2985
18E3
10C2
2965
634C
BE16
C637
C657
BE36
AD93
842D
94D0
B5B4
BDF5
C635
CE77
D6B9
C657
BDD5
B5D5
CE78
D6B9
DEFA
DF3B
E75B
E75B
E73B
E73B
E73B
E73B
DF1B
DEFA
D6DA
DEFA
DF1B
E73B
E75C
E73C
E73C
E73C
E73B
E73C
E73C
E73C
E73C
E73C
E73B
E73B
E73B
E73B
DF1B
DF1B
DF1B
DF1B
DF1B
DF1B
DF1B
DF3B
DF3B
DF3B
DF1B
DF1B
DF1B
DF1A
DF1A
DF1B
DF1B
DF1A
DEFA
DEFA
DEFA
DF1B
DF1B
DF1B
DF1B
DF1A
DF1A
DF1A
DF1A
DEFA
DEFA
DEFA
DF1A
DF1B
DF1B
DF1B
DF1B
DEFA
DEFA
DEDA
DEFA
E71B
E71B
DF1B
DF1B
DEFA
DEFB
DEFA
DEDA
DEFA
DEDA
DEFA
DEFA
DEFA
DEFA
0000
0000
DEDA
DEDA
DEDA
DEDA
DEDA
D6DA
D6D9
D6B9
D6DA
DED9
D6D9
D6D9
D6B9
D6B9
D6B9
D6B9
D6B8
D698
D698
D6B8
D698
D698
CE98
CE98
CE98
D698
D698
CE98
CE98
D698
D698
D698
CE98
D698
CE98
CE98
CE78
CE78
CE78
CE78
CE78
CE78
CE78
CE78
CE58
CE58
CE58
C658
C658
C658
C678
C678
C658
C678
CE78
CE78
CE78
CE78
CE78
CE78
CE78
CE78
CE78
CE78
CE78
CE78
CE98
CE98
CE98
CE78
CE99
CE99
CE99
CE99
CE99
CE99
CEB9
D6B9
D6B9
D6B9
D6B9
D6BA
D6BA
D6DA
D6DA
D6DA
D6FA
DEFA
D6FA
DEFA
DEFA
DEFA
DEFA
D6DA
D6B9
D6DA
D6FA
DEFA
DEFA
DEFA
DEFA
DEFB
DEFA
DEFB
DEFB
0000
0000
DF1B
DF1B
DF1B
DF1B
DF1B
DF1B
DF1B
DF1B
DF1B
DF1B
DF1B
DF1B
DF1B
DF1B
DF1B
DF1B
DF1B
DF1B
DF1B
DF1B
DF1B
DF1B
DF1B
DF1B
DF1B
DF1B
DF1B
DF1B
DF1B
DF1B
DF1B
DF1B
DF1B
DF1B
DF3B
DF1B
E73B
DF3B
E73B
E73B
E73B
E73C
E73B
E73B
E73B
E73C
E73B
E73C
E73B
E73B
E73B
DF3B
DF3B
DF3B
DF3B
DF1B
DF3B
DF1B
DF1B
DF1B
DF1B
DF1B
DF1B
DF1B
DF1B
DF1B
DF1B
DF1B
DF1B
DEFB
DEFB
DEFB
DEFB
DEFB
DF1B
DEFB
DEFB
DEFB
DF1B
DF1B
DF1B
DEFB
DEFB
DEFB
DEFB
DEFB
DEFB
DEFB
DEFA
DEFB
DEFB
DEFA
DF1A
DF1A
DEFA
DF1A
DF1A
DF1A
DF1A
DF1B
DF1B
DF1B
DF1B
DF1B
DEFA
4228
2985
18E3
10A2
31A7
94D2
BE17
C637
C637
B5D5
8C8F
6309
73CD
B5B4
BE16
C636
CE57
BDF5
A552
A532
AD94
C658
D6B9
DEFA
DF3B
DF1B
DEFA
D6DA
D6FA
DEFA
DEFA
DEFA
D6FA
DEFA
E73B
E73B
E73C
E73B
E73B
E73B
DF1B
DF3B
E73C
E73C
E73C
E73C
E73C
E73B
E73B
E73C
E73B
DF1B
DF1B
DF3B
DF1B
DF3B
DF3B
DF3B
DF3B
DF3B
DF3B
DF1B
DF1B
DF1A
DF1A
DF1B
DF1B
DF1B
DF1A
DEFA
DEFA
DF1A
DF1B
DF1B
DF1B
DF1A
DF1B
DF1A
DF1A
DF1B
DF1B
DEFB
DEFA
DF1A
DF1B
DF1B
DF1B
DF1A
DEFA
DEFA
DEFA
E71B
E71B
E71B
E71B
E71B
DF1B
DF1B
DEFA
DEFA
DEFA
DEFA
DEFA
DEFA
DEFA
DEFA
0000
0000
DEDA
DEDA
DEDA
DEDA
DEDA
DEDA
DEDA
DEDA
DEDA
D6D9
D6D9
D6B9
D6B9
D6B9
D6B9
D699
D698
D698
D698
D6B8
D6B8
D698
D698
D698
D698
D698
D698
D698
D698
D698
CE98
D698
D698
D698
D698
D698
CE98
D699
D699
D699
D699
CE78
CE78
CE78
CE78
CE78
CE78
CE78
C678
CE78
C678
CE78
C678
C678
CE78
CE78
CE78
CE78
CE78
CE78
CE78
CE78
CE78
CE79
CE99
CE98
CE98
CE78
CE78
CE78
CE98
CE99
CE99
CE99
CE99
CE99
CEB9
CEB9
CEB9
D6B9
D6B9
D6B9
D6BA
D6DA
D6DA
DEFA
D6FA
DEFA
DEFA
DEFA
DEFA
D6DA
D6FA
DEFA
D6DA
D6DA
DEFA
DEFB
DEFA
DEFB
DEFB
DEFB
DEFB
DEFB
DEFB
0000
0000
DF1B
DF1B
DEFB
DF1B
DF1B
DF1B
DF1B
DF1B
DF1B
DF1B
DF1B
DF1B
DF1B
DF1B
DF1B
DF1B
DF1B
DF1B
DF1B
DF1B
DF1B
DF1B
DF3B
DF1B
DF3B
DF3B
DF1B
DF1B
DF1B
DF1B
DF1B
DF1B
DF1B
DF1B
DF1B
DF1B
DF3B
DF3B
DF3B
DF3B
E73B
E73B
E73B
E73C
E75C
E73C
E73C
E73C
E73B
E73B
E73B
DF3B
DF3B
DF3B
DF3B
DF3B
DF1B
DF1B
DF1B
DF1B
DF1B
DF1B
DF1B
DF1B
DF1B
DF1B
DEFB
DF1B
DEFB
DEFB
DEFB
DEFB
DEFA
DEFB
DEFB
DEFB
DEFB
DEFB
DEFB
DEFB
DEFB
DEFB
DEFB
DEFB
DEFB
DEFB
DEFA
DEFA
D6FA
DEFA
DEFA
DEFA
DEFA
DEFA
DEFA
DEFA
DEFA
DEFA
DEFA
DEFA
DF1A
DEFA
DEFA
DEFA
DEFA
39C6
2944
2985
2144
4A69
B5D6
BE16
C657
BE37
A553
5AC9
2123
39E6
8C70
B5B5
AD73
A511
94CF
948E
94CF
AD94
C658
D6DA
DEFA
D6D9
CE78
C657
C657
D6D9
D6DA
D6D9
D6D9
D6FA
DF1B
E73B
DF3B
DF1B
DF1B
DF1B
DF1B
DF1B
DF1B
DF3B
DF1B
DF3B
DF1B
E73B
E73C
E73C
E73C
E73B
DF3B
E71B
E73B
DF3B
E73B
DF3B
DF3B
DF3B
DF3B
DF3B
DF1B
DF1A
DF1A
DF1B
DF3B
DF1B
DF1B
DF1A
DF1A
DF1B
DF3B
E73B
DF3B
DF1B
DF1B
DF3B
DF1B
DF1B
DF1B
DF1B
DF1A
E71B
DF3B
DF3B
DF3B
DF1B
DF1B
DEFA
DEFA
DF1A
E71B
E71B
E71B
E71B
E71B
E71B
E71B
DEFB
DEFB
DEFA
DEFA
E71B
DEFA
DEFA
DEFA
0000
0000
DEDA
DEDA
DEDA
DEDA
DEDA
DEDA
DEDA
D6B9
D6B9
D6B9
D6B9
D6B9
D6B9
D6B9
D6B9
D6B9
D6B9
D6B9
D6B9
D6B9
D6B9
D6B9
D699
D699
D6B9
D6B9
D6B9
D6B9
D6B9
D6B9
D6B9
D6B9
D6B9
D6B9
D6B9
D6B9
D6B9
D6B9
D699
D6B9
D699
D699
D699
D699
D699
D699
CE78
CE98
CE98
CE78
CE78
CE78
CE78
CE78
CE78
CE78
CE78
CE78
CE78
CE78
CE79
CE79
CE99
CE99
CE99
CE98
CE78
CE99
CE78
CE99
CE99
CE99
CE99
CE99
CEB9
D6B9
D6B9
D6B9
D6B9
D6B9
CE99
CEB9
D6DA
D6DA
D6DA
D6DA
D6FA
D6DA
D6FA
DEFA
DEFA
D6FA
DEFA
DEFA
DEFA
DEFA
DEFA
DEFB
DEFA
DEFB
DEFA
DEFB
DEFB
DEFB
DEFB
0000
0000
DEFB
DF1B
DF1B
DF1B
DF1B
DF1B
DF1B
DF1B
DF1B
DF1B
DF1B
DF1B
DF1B
DF1B
DF1B
DF1B
DF1B
DF1B
DF1B
DF1B
DF1B
DF1B
DF1B
DF1B
DF1B
DF1B
DF1B
DF1B
DF1B
DF1B
DF1B
DF1B
DF1B
DF1B
DF1B
DF1B
DF3B
DF1B
DF1B
DF1B
DF1B
DF1B
DF3B
E73B
E73C
E73C
E73C
E73C
E73C
E73C
E73C
E73B
E73B
E73B
E73B
DF1B
DF1B
DF1B
DF1B
DF1B
DF1B
DF1B
DF1B
DF1B
DEFB
DEFB
DF1B
DF1B
DEFB
DEFB
DEFB
DEFB
DEFB
DF1B
DEFA
DEFB
DEFB
DEFB
DEFB
DEFB
DEFB
DEFB
DEFA
DEFB
DEFB
DEFA
DEFA
DEFA
D6FA
D6FA
D6FA
D6FA
DEFA
DEFA
DEFA
DEFA
DEFA
DEFA
DEFA
DEFA
D6FA
DEFA
D6FA
DEFA
DEFA
31A5
31C6
4A69
3A08
7BEF
BE16
BE37
C637
B5F6
94D1
31A5
10C2
2144
52CA
8C4F
7BED
8C4E
9CD0
9CF0
A532
B5B5
BE37
CE98
CE78
BE37
BE16
BE17
CE78
CE98
CE78
CE98
CE99
D6FA
DF1B
DEFA
D6DA
D6DA
D6FA
DEFA
DF1A
DF1A
DF1B
DF1B
DF1B
DF1B
DF1B
E73C
E73C
DF3B
DF3B
E73B
E73B
E73C
E73B
E73B
E73B
E73B
E73B
DF3B
DF3B
DF1B
DF1B
DF1B
DF1B
DF3B
DF1B
DF1B
DF1A
DF1A
DF1B
DF3B
E73B
DF3B
DF1B
DF1A
DF1B
DF1B
DF3B
DF1B
DF1B
DF1B
DF3B
DF3B
DF3B
DF3B
DF3B
DF1B
DF1A
DF1B
DF1B
E71B
E71B
E71B
E71B
E71B
E71B
DEFA
DEFA
DEFA
DEFA
DEFA
DEFA
DEFA
DEFA
DEFA
DEFA
0000
0000
DEDA
DEDA
DEDA
DEDA
DEDA
DEDA
D6B9
D6B9
D6B9
D6B9
D6DA
D6B9
D6DA
DEDA
D6B9
D6B9
D6B9
D6B9
D6B9
D6B9
D6B9
D6B9
D6B9
D6B9
DEDA
D6B9
D6B9
D6DA
D6B9
D6B9
D6B9
D6B9
D6B9
D6B9
D6B9
D6B9
D6B9
D6B9
D6B9
D6B9
D6B9
D6B9
D699
D6B9
D699
D699
CE99
CE99
CE98
CE98
CE98
CE98
CE79
CE79
CE79
CE79
CE79
CE79
CE79
CE99
CE79
CE99
CE99
CE99
CE99
CE99
CE99
CE99
CE99
CE99
CE99
CE99
CE99
CEB9
CEB9
D6B9
D6B9
D6B9
D6BA
D6DA
D6BA
D6DA
D6DA
D6DA
D6DA
D6DA
D6FA
D6FA
D6FA
DEFA
DEFA
DEFA
DEFA
DEFB
DEFA
DEFB
DEFA
DEFA
DEFA
DEFB
DEFB
DEFB
DEFB
DEFB
DEFB
0000
0000
DEFB
DEFB
DF1B
DF1B
DEFB
DF1B
DF1B
DF1B
DF1B
DF1B
DF1B
DF1B
DF1B
DF1B
DF1B
DF1B
DF1B
DF1B
DF1B
DF1B
DF1B
DF1B
DF1B
DF3B
DF1B
DF1B
DF1B
DF1B
DF1B
DF3B
DF3B
DF1B
DF1B
DF1B
DF1B
DF1B
DF1B
DF1B
DF1B
DF1B
DF1B
DF3B
DF1B
DF3B
DF1B
DF3B
E73B
E73B
E73B
E73B
E73C
E73B
E71B
E73B
E73B
DF3B
DF3B
DF3B
DF1B
DF1B
DF1B
DF1B
DF1B
DF1B
DF1B
DF1B
DEFB
DEFA
DEFB
DEFB
DEFA
DEFB
DEFB
DEFB
DEFA
DEFB
DEFB
DEFB
DEFB
DEFB
DEFA
D6FA
DEFA
DEFB
DEFA
DEFA
DEFA
DEFA
D6FA
D6FA
D6FA
D6FA
D6FA
D6FA
D6FA
DEFA
D6FA
D6FA
D6FA
D6FA
D6FA
DEFA
D6DA
D6DA
D6DA
4A89
52AA
52AA
52EB
A554
B5D6
C637
BE16
AD94
842E
2123
0861
0040
1903
52A9
5B0A
8C6F
9D11
A552
AD74
AD94
AD94
B5B5
AD94
AD94
B5D5
BE37
C657
BE17
BE37
C657
CE78
D6B9
D6B9
CE78
C678
CE78
D6B9
D6D9
D6DA
D6DA
DEFA
DEFA
DEFB
DF1B
DF1B
DF1B
DF1B
DF1B
DF1B
E73B
E73B
DF3B
E73B
E73B
E73B
E73B
E75B
DF3B
DF3B
DF1B
DF1B
DF1B
DF3B
DF3B
DF3B
DF1B
DF1B
DF1B
E73B
E73B
DF1B
DF1B
DF3B
DF3B
DF3B
DF3B
DF1B
DF3B
DF1B
DF3B
E73B
DF3B
DF3B
DF3B
DF3B
DF1B
DF1B
DF1B
DF1B
DF1B
E71B
E71B
E71B
E71B
DEFA
DEFA
DEFA
DEFA
DEFA
DEFA
DEFA
DEFA
DEDA
DEFA
DEDA
0000
0000
DEDA
DEDA
DEDA
DEDA
DEDA
DEDA
DEDA
DEDA
DEDA
DEDA
DEDA
DEDA
DEDA
DEDA
DEDA
DEDA
DEDA
DEDA
DEDA
DEDA
DEDA
DEDA
DEDA
D6DA
DEDA
DEDA
DEDA
DEDA
D6DA
D6DA
D6DA
D6D9
D6DA
D6BA
D6DA
DED9
D6D9
D6D9
D6B9
D6B9
D6B9
D6B9
D6B9
D6B9
D6B9
D6B9
D6B9
D6B9
CEB9
CEB9
CE99
CE98
CE99
CE99
CE99
CE99
CE99
CE99
CE99
CE99
CE99
CE99
CE99
CE99
CE99
CE99
CE99
D699
CE99
CEB9
CE99
D6B9
D699
D6B9
D6B9
D6BA
D6BA
D6BA
D6DA
D6DA
D6DA
D6DA
D6DA
D6DA
DEFA
D6FA
DEFA
D6FA
DEFA
DEFA
DEFA
D6FA
D6FA
DEFA
DEFA
DEFB
DEFB
DEFA
DEFA
DEFA
DEFA
DEFB
DEFB
DEFB
DEFB
0000
0000
DEFB
DEFB
DEFB
DF1B
DEFB
DF1B
DF1B
DF1B
DF1B
DF1B
DF1B
DF1B
DF1B
DF1B
DF1B
DF1B
DF1B
DF1B
DF1B
DF1B
DF1B
DF3B
DF1B
DF3B
DF3B
DF1B
DF1B
DF1B
DF1B
DF1B
E73B
DF1B
DF1B
DF3B
DF3B
DF1B
DF1B
DF1B
DF1B
DF1B
DF1B
DF1B
DF1B
DF1B
DF1B
DF3B
DF3B
E73B
E73B
E73B
E73B
E73B
E73B
E73B
DF3B
DF1B
DF1B
DF1B
DF1B
DF1B
DF1B
DF1B
DF1B
DF1B
DEFB
DF1B
DEFB
DEFB
DEFA
DEFA
DEFA
DEFA
DEFA
DEFA
DEFA
DEFB
DEFA
DEFA
DEFA
DEFA
DEFA
DEFA
DEFA
DEFA
DEFB
D6FA
DEFA
D6FA
D6FA
D6FA
D6FA
DEFA
D6FA
D6FA
D6DA
D6FA
D6FA
D6DA
D6FA
D6DA
D6DA
D6FA
D6DA
D6DA
D6DA
4AAA
52CB
52EB
73EF
B5F6
B5F6
BE16
B5F6
AD74
630A
10C2
0040
0020
0000
0861
31C6
7C0F
9CF1
AD53
AD74
A553
A553
A553
A553
A553
AD94
B5F6
B5F6
B5D5
BDF6
C657
CE98
CE99
C657
BE16
BE16
C637
C658
CE78
CE99
CE98
CE99
D6B9
D6B9
D6DA
D6FA
DEFA
DEFB
DEFB
DEFB
DF1B
DF1B
DF1B
DF1B
DF1B
DF1B
E73B
DF3B
DF1B
DF3B
DF1B
DF1B
DF1B
E73B
DF1B
DF3B
DF3B
DF3B
DF3B
E73B
E73B
DF1B
DF1B
DF3B
DF3B
DF3B
DF3B
DF3B
DF3B
DF3B
E73B
DF3B
DF3B
DF3B
DF1B
DF1B
DF1B
DF1B
DF1B
DF1B
DF1A
DF1B
DF1B
DF1B
DEFB
DEFA
DEFA
DEFA
DEFA
DEFA
DEFA
DEFB
DEFA
DEFA
DEFA
DEDA
0000
0000
DEFA
DEFA
DEFA
DEFA
DEFA
DEFA
DEFA
DEFA
DEDA
DEFA
DEFA
DEFA
DEFA
DEFA
DEFA
DEFA
DEFA
DEFA
DEFA
DEFA
DEDA
DEDA
DEDA
DEFA
D6FA
DEDA
DEDA
DEDA
DEDA
D6DA
D6FA
D6FA
DEDA
DEDA
DEDA
DEDA
DEDA
D6D9
D6BA
D6B9
D6B9
D6B9
D6B9
D6B9
D6D9
D6B9
D6B9
D6B9
D6B9
D6B9
CEB9
CE99
CE99
CE99
CE99
CE99
CE99
CE99
CE99
CE99
CE99
CE99
CE99
CE99
CE99
CE99
CEB9
D699
CE99
CEB9
D699
D6B9
CE99
CEB9
D6B9
D6B9
D6BA
D6DA
D6DA
D6DA
D6DA
D6DA
D6DA
DEFA
D6FA
D6FA
D6FA
D6FA
DEFB
DEFA
DEFA
D6FA
DEFA
DEFA
DEFA
DEFA
DEFA
DEFA
DEFA
DEFA
DEFA
DEFA
DEFB
DEFA
DEFB
0000
0000
DF1B
DEFB
DF1B
DF1B
DEFB
DF1B
DF1B
DF1B
DF1B
DF1B
DF1B
DF1B
DF1B
DF1B
DF1B
DF1B
DF1B
DF1B
DF1B
DF1B
DF1B
DF1B
DF1B
DF3B
E73B
DF1B
DF1B
DF3B
DF1B
DF1B
DF3B
DF1B
DF1C
DF1B
DF1B
E71B
E71B
DF1B
DF1B
DF1B
DF1B
DF1B
DF1B
DF1B
DF1B
E71B
DF1B
DF3B
E73B
E73B
E73B
DF3B
DF3B
DF3B
DF3B
DF1B
DF1B
DF1B
DF1B
DF1B
DF1B
DF1B
DF1B
DF1B
DEFB
DF1B
DEFB
DEFB
DEFB
DEFB
DEFA
DEFA
DEFA
DEFA
DEFA
DEFA
DEFA
DEFA
DEFA
DEFA
DEFA
DEFA
DEFA
DEFA
DEFA
D6DA
D6FA
D6FA
D6FA
D6FA
D6FA
D6DA
D6FA
D6DA
D6FA
D6DA
D6DA
D6DA
D6FA
D6DA
D6DA
D6DA
D6DA
D6DA
D6D9
2945
4229
5B2C
9D13
B5D6
BE17
C637
BE16
9D12
3A06
0881
0040
0020
0020
0020
10C2
4AAA
8470
A533
A553
A553
A532
9D12
9D32
A553
AD94
B5B5
AD94
AD94
B5D5
BE16
C678
CE78
BE16
B5D6
B5F6
BE16
BE37
BE37
C637
C637
C637
C657
C658
C678
CE78
CE78
CE99
D6B9
D6DA
D6DA
DEFA
D6FA
DEFA
DF1B
DF3B
DF1B
DF1B
DF1B
DF1B
DF1B
DF1B
DF1B
DF1B
DF1B
DF1B
DF1B
E73B
E73B
E73C
DF3B
DF1B
E73B
DF3B
DF3B
DF3B
DF3B
DF3B
DF3B
E73B
DF3B
DF1B
DF1B
DF1B
DF1B
DF1A
DF1B
DF1B
DF1B
DF1B
DF1A
DF1A
DF1B
DF1B
DF1A
DF1A
DF1A
DEFA
DEFA
DF1B
DEFB
DEFB
DF1A
DEFA
DEFA
DEFA
0000
0000
E71B
E71B
DF1B
DEFB
DEFA
DEFA
DEFA
DEFA
DEFA
DEFA
DEFB
DEFA
DEFA
DEFA
DEFA
DEFA
DEFA
DEFA
DEFA
DEFA
DEFA
DEFA
DEFA
DEFA
DEFA
D6FA
DEFA
DEFA
DEDA
DEDA
D6FA
D6FA
DEDA
DEDA
DEDA
DEDA
DEDA
D6DA
D6DA
D6DA
DEDA
D6DA
D6B9
D6B9
D6B9
D6D9
D6DA
D6B9
D6DA
D6B9
D6D9
D6B9
D6B9
CEB9
CE99
CEB9
CEB9
CE99
CE99
CE99
CE99
CE99
CE99
CE99
CE99
CEB9
CEB9
CEB9
CE99
D6B9
D6B9
D6B9
D6B9
CEB9
D6B9
D6BA
D6DA
D6DA
D6DA
D6FA
D6DA
D6DA
D6DA
DEFA
D6FA
D6FA
DEFA
DEFA
DEFA
DEFB
DEFA
D6FA
DEFA
DEFA
DEFA
DEFA
DEFA
DEFA
DEFA
DEFB
DEFB
DEFB
DEFB
DEFB
DEFB
0000
0000
DF1B
DF1B
DF1B
DF1B
DF1B
DF1B
DF1B
DF1B
DF1B
DF1B
DF1B
DF1B
DF1B
DF1B
DF1B
DF1B
DF1B
DF1B
DF1B
DF1B
DF1B
DF1B
DF1B
DF3B
DF3B
DF3B
E73B
DF3B
DF3B
DF1B
DF1B
DF1C
DF1C
E71C
E71B
DF1B
DF1B
DF1B
DF1B
DF3B
DF3B
DF1B
DF1B
DF1B
DF3B
DF1B
DF3B
DF3B
E73B
E73B
DF3B
DF1B
DF3B
DF3B
DF3B
DF1B
DF1B
DF1B
DF1B
DF1B
DF1B
DF1B
DF1B
DF1B
DF1B
DF1B
DF1B
DEFB
DEFB
DEFB
DEFB
DEFA
DEFA
DEDA
DEFA
DEFA
DEFA
D6FA
D6DA
DEFA
DEFA
D6FA
D6FA
DEFA
DEFA
D6FA
DEFA
D6FA
D6FA
D6DA
D6DA
D6DA
D6DA
D6DA
D6FA
D6FA
D6DA
D6D9
D6FA
D6DA
D6DA
D6D9
D6B9
D6D9
D6D9
18E3
2986
634D
B5D6
B5D6
C637
C658
ADB5
9490
3184
1081
0041
0040
0840
0841
0861
1903
52AA
8C71
9D33
A574
AD74
A553
9D32
9D32
A574
AD94
A574
AD94
ADB5
B5D5
B5D5
B5D5
ADB5
ADB5
B5D5
B5F6
B5F6
BDF6
B5F6
B5F6
BE16
BE16
BE17
BE17
BE17
BE37
C637
C657
C658
C678
C678
CE98
CEB9
D6DA
D6BA
D6B9
D6DA
D6FA
DEFA
DEFB
DF1B
DF1B
DF1B
DF1B
DF1B
DF1B
DF1B
E73B
DF1B
DEFB
DF1B
E73B
DF3B
DF3B
DF1B
DF1B
DF1B
DF3B
DF3B
DF3B
DF1B
DF1B
DF1B
DF1B
DF3B
DF1B
DF1B
DF1B
DF1B
DF1B
DF1B
DF1B
DF1B
DF1B
DF1A
DF1B
DF1A
DF1B
E71B
E71B
DEFB
DF1B
DEFA
DEFB
DF1B
0000
0000
E71B
E71B
DF1B
DF1B
DEFA
DEFA
DEFA
DEFB
DEFA
DEFA
DEFB
E71B
DEFB
DEFB
DEFA
DEFA
DEFA
DEFA
DEFA
DEFB
DEFA
DEFA
DEFA
DEFA
DEFA
DEFA
DEFA
DEFA
DEDA
DEFA
DEFA
D6FA
DEFA
DEFA
DEFA
DEDA
DEDA
DEDA
DEDA
DEDA
DEDA
DEDA
DEDA
DEDA
DEDA
DEDA
DEDA
DEDA
D6DA
D6DA
D6DA
D6D9
D6D9
D6B9
D6B9
D6B9
CEB9
D6B9
CEB9
D6B9
CEB9
CE99
CE99
CEB9
CEB9
CEB9
D6B9
D6BA
D6BA
D6B9
D6B9
D6BA
D6BA
D6BA
D6DA
D6DA
D6DA
D6DA
D6DA
D6FA
D6DA
D6DA
DEFA
DEFA
D6FA
D6FA
DEFA
DEFA
DEFB
DEFA
DEFB
DEFA
DEFB
DEFA
DEFA
DEFB
DEFB
DEFB
DEFB
DEFB
DEFB
DEFB
DEFB
DEFB
DEFB
0000
0000
DF1B
DEFB
DF1B
DF1B
DF1B
DF1B
DF1B
DF1B
DF1B
DF1B
DF1B
DF1B
DF1B
DF1B
DF1B
DF1B
DF1B
DF1B
DF1B
DF1B
DF1B
DF1B
DF3B
DF3B
E73B
DF1B
DF3B
DF3B
DF3B
DF3B
DF3B
DF1B
DF1C
DF1C
DF1C
DF1C
DF1C
DF1C
DF1B
DF3B
DF3B
DF1B
DF3B
DF1B
DF3B
DF1B
DF3B
DF3B
DF3B
DF3B
DF3B
DF1B
DF3B
DF1B
E73B
DF1B
DF1B
DF1B
DF1B
DF1B
DF1B
DF1B
DF1B
DF1B
DF1B
DF1B
DEFB
DEFB
DEFB
DEFA
DEFA
DEFA
DEFA
DEFA
D6FA
D6FA
D6FA
D6FA
D6FA
D6DA
D6DA
D6FA
D6FA
D6FA
D6FA
D6DA
D6FA
D6DA
D6DA
D6DA
D6DA
D6DA
D6DA
D6DA
D6DA
D6DA
D6DA
D6DA
D6D9
D6D9
D6B9
D6D9
D6B9
D6B9
D6B9
2124
31A6
7C0F
BE17
BE17
C658
BE37
A574
844F
2964
18E3
10C2
1081
1081
0861
0861
0881
2145
52EB
8C91
9D13
A553
A553
A533
9D12
9D12
9D32
9D12
A533
A574
A573
A553
A553
AD74
AD95
ADB5
ADB5
B5B5
B5B5
B5B5
B5D5
B5B5
B5D5
B5D6
B5D6
B5D6
B5F6
B5F6
BDF6
BDF6
BE16
BE16
BE17
C657
C657
C658
C658
CE78
CE98
CE99
D6B9
D6B9
D6DA
D6DA
D6DA
DEDA
DEFB
DEFB
DEFB
DEFA
DEFB
DF1B
DF1B
DF1B
DF1B
DF1B
DF1B
DF1B
DF1B
DF1B
DF1B
DF1B
DF1B
DF1B
E73B
DF3B
DF3B
DF1B
DF1B
DF1B
DF1B
DF3B
E73B
DF3B
DF1A
DF1A
DF3B
DF1B
E71B
E71B
E71B
DEFA
DF1B
DF1A
DF1B
E71B
0000
0000
E71B
DF1A
DF3B
DF1B
DF1A
DF1B
DEFA
DF1B
E71B
DEFB
DEFB
DF1B
DEFB
DEFA
DEFB
DEFA
DEFA
DEFA
DF1B
DEFB
DEFA
DEFA
DEFA
DEFA
DEFA
DEFA
DEFA
DEFA
DEFA
DEFA
D6FA
DEFA
DEFA
DEFA
DEFA
DEDA
DEDA
DEDA
DEDA
DEDA
DEDA
DEDA
DEDA
DEDA
DEDA
DEFA
DEDA
DEDA
D6DA
D6FA
D6DA
D6DA
D6DA
D6D9
D6D9
D6D9
D6B9
D6B9
D6B9
CEB9
D6B9
D6B9
D6B9
D6B9
CEB9
CE99
D6B9
D6BA
D6DA
D6DA
D6BA
D6BA
D6BA
D6DA
D6DA
D6DA
D6DA
D6DA
D6DA
D6DA
D6DA
DEFA
D6FA
D6FA
DEFA
D6FA
D6FA
DEFA
DEFA
DEFA
DEFB
DEFB
DEFB
DEFA
DEFA
DEFA
DEFB
D6FA
DEFB
DEFB
DEFB
DF1B
DF1B
DEFA
DEFB
0000
0000
DEFB
DF1B
DF1B
DEFB
DF1B
DF1B
DF1B
DEFB
DF1B
DEFB
DF1B
DF1B
DF1B
DF1B
DF1B
DF1B
DF1B
DF1B
DF3B
DF3B
DF1B
DF1B
DF1B
DF1B
DF1B
DF1B
DF1B
DF1B
DF1B
DF1B
DF1B
E71B
DF1C
DF1C
DF1C
DF1C
DF1C
DF1C
DF1B
DF3B
DF1B
DF3B
DF3B
DF1B
DF1B
DF3B
DF1B
DF1B
E71B
E71B
DF3B
DF1B
DF3B
DF3B
DF3B
E71B
DF1B
DF1B
DF1B
DF1B
DF1B
DF1B
DF1B
DF1B
DEFB
DEFA
DEFB
DEFA
DEFB
DEFB
DEFB
DEFA
DEFA
DEFA
D6FA
DEFA
DEFA
D6DA
D6DA
D6DA
D6FA
DEDA
D6FA
D6FA
D6DA
D6DA
D6DA
D6DA
D6DA
D6DA
D6D9
D6D9
D6DA
D6DA
D6D9
D6D9
D6D9
D6D9
D6D9
D6B9
D6B9
D6DA
D6D9
CEB9
CEB9
