4aa8 4247 31e6 31a5 2964 2123 2103 2123 2123 2102 20e1 2901 3963 5a45 7b29 93eb 9beb 93ca 93aa 93ca 9bca 93ca 93a9 8ba9 8ba9 83aa 838a 736a 62e9 5288 4a67 5288 4268 4269 4269 4269 4269 4269 4269 3a48 3a48 3a48 3a49 3a49 4249 3a49 4249 3a48 3a28 3a28 3a48 3a48 4248 4248 4248 4248 4248 4248 4248 3a48 3a48 4248 4248 3a48 4249 3a49 3a49 3a48 3a48 3a48 3a28 3a28 3a28 3a28 3a48 3a28 3a28 3a08 3a08 3a08 3207 3207 3207 31e7 31e6 31e6 3a27 3a48 3a07 31e6 31e6 3a07 3a07 31e7 31e7 3a07 3a08 31e7 3207 4269 4a89 3a08 31c6 31c6 31c6 4228 31c6 31a5 3a07 29a5 2985 4268 4268 31a6 31c6 31a6 39c6 39e6 4a48 4207 4a48 4a27 4206 4a27 39a5 4206 4206 39a5 31c6 31c6 31a6 39c6 39e6 4a27 5aa8 6ae9 6b09 6ac8 6ac8 72c7 72c7 72e7 6aa7 6245 5a25 5a46 5a66 6ac8 7b6a 944d a4d0 acf0 a4d0 8c0d 6b2a 62c8 62c9 736c 8bee 944f 8c0f 8c0f 8c0f 8bef 83ef 8bef 8c0f 8c0f 8bef 8bef 8bef 8bef 8bef 8bee 8bce 83ad 732b 6aea 62a9 5aa8 62c8 62e9 62c9 62c9 62c8 62c8 62a9 5aa8 62a9 62c9 62a9 62a9 5aa8 62e9 62e9 5aa8 62c9 62c9 5aa9 5aa9 62e9 5aa9 5a88 5aa9 62c9 62c9 62c9 62e9 62c9 62c9 62c9 62e9 62ea 62ea 62ea 62e9 62ea 62ea 62e9 62e9 62ea 630a 6b2a 6b2b 6b2a 6b0a 6b0a 6b0a 6b0a 6ae9 6ae9 62c9 62c9 62c8 62a8 62c8 62c8 6ae9 6ae9 62e9 6ae9 6b09 6309 6b09 6b2a 6b4a 6b29 62e8 6309 6b4a 7349 6b29 6b09 6b08 7308 7b49 7b6a 7b6a 7b6a 7b6a 7b6a 736b 7b8b 7b8b 738b 7bac 7bed 7bed 7bed 7bed 7bee 7bed 840e 840d 840d 840d 83ed 840e 8bee 8c0e 83ed 83ed 83ed 8bee 8c0e 8c0e 8c2e 8c2e 8c2f 8c2f 8c2f 8c2f 8c2f 8c2f 8c2f 8c2f 8c2f 8c2f 8c2f 8c2f 8c4f 8c4f 8c4f 8c4f 8c4f 8c4f 8c4f 8c4f 8c4f 8c4f 8c4f 8c4f 8c4f 9470 9470 9490 9490 9490 9490 9490 
52a9 4247 39e6 31a5 2964 2123 2103 2123 2103 2102 20e1 2901 3962 5225 7309 8bcb 93eb 93ca 93ca 93ca 93ca 93ca 93a9 93ca 8ba9 83aa 838a 736a 6309 5288 4a47 4a68 4268 4269 4269 4269 4269 4269 4269 3a48 3a48 3a48 3a49 3a49 3a49 3a49 3a48 3a48 3a28 3a28 3a28 3a48 4248 4248 4248 4248 4248 4248 4248 4248 4248 4248 4248 3a48 4249 3a49 3a49 3a48 3a48 3a28 3a28 3a28 3a28 3a28 3a28 3a28 3a08 3208 3207 3207 3207 3207 3a28 3a27 3a07 3a07 3a27 3a47 3a27 3a27 3a07 39e7 39e7 39e7 39e7 31e7 3a28 31e7 29c6 3a07 4a89 4a8a 3a28 29a6 31a6 4228 3a07 2985 2985 31c6 3a07 3a27 4a89 3a07 3a07 3a27 4228 4227 5289 62ea 5ac9 4a48 4a07 5247 39c5 41e6 41e6 31a5 39c6 31c6 39c6 39c6 41e6 4a47 5aa8 6ae9 6ae9 6ac8 6ac8 72c8 72c7 72c7 6aa6 5a25 5a25 5a46 6286 6ac8 7b8a 944d a4d0 ad10 9cb0 8c0d 6b2a 62c8 6aea 7b8c 8c0f 9450 8c0f 8c0f 8c0f 8bef 8bef 8bef 8c0f 8c0f 8c0f 8c0f 8bef 8bef 8c0f 8bee 8bce 838d 732b 6aea 62c9 5aa8 62c8 62c9 62c9 62c8 5a88 5aa8 62c9 62c9 62c9 62c9 62a9 5aa9 62c9 6b0a 62e9 62c9 62e9 62e9 62c9 62c9 62ea 62c9 5aa9 62c9 62c9 62c9 62c9 62c9 62c9 62c9 62e9 62e9 62ea 62ea 62e9 62e9 62e9 62e9 62e9 62e9 62ea 630a 6b2a 6b2a 6b0a 6b0a 6b0a 6b0a 6b0a 6b0a 6b0a 6ae9 6ae9 62c9 62a8 62a8 62a8 62a8 62a8 62a8 62a8 5aa8 62c8 62e9 6b2a 734a 6b29 62e8 6b29 736a 736a 7349 7349 7349 7349 7b6a 7b4a 7b4a 7b6a 7b6a 7b6a 736a 736b 736b 7b8c 7bcc 7bed 83ed 7bed 7bed 7bee 7bed 840e 840d 840d 840d 83ed 840e 8bee 8c0e 83ed 83ed 83ed 8bee 8c0e 8c0e 8c2e 8c2e 8c2f 8c2f 8c2f 8c2f 8c2f 8c2f 8c2f 8c2f 8c2f 8c2f 8c2f 8c2f 8c4f 8c4f 8c4f 8c4f 8c4f 8c4f 8c4f 8c4f 8c4f 8c4f 8c4f 8c4f 8c4f 9470 9470 9490 9490 9490 9490 9490 
52c9 4a67 3a06 31a5 2964 2123 2103 2123 2923 2102 20e1 28e1 3942 51e4 72e8 8bab 93eb 93cb 9bca 9bca 93ca 93a9 93a9 93ca 8ba9 83aa 83aa 7b6a 6b09 5288 4a67 4a68 4268 4269 4269 4269 4269 4269 4269 4269 4269 4269 3a49 3a49 3a49 3a48 3a28 3a28 3a28 3a28 3a28 3a48 3a48 4248 4248 4248 4248 4248 4248 4248 4248 4248 4248 3a48 4249 3a49 3a48 3a48 3a28 3a28 3a28 3a28 3a28 3a28 3a28 3a28 3a08 3207 3207 3207 3207 3207 3a28 3a27 3a27 3a27 3a07 3207 3a48 4248 3a28 31e7 31e7 3a07 3207 31c6 3207 3a28 31e7 29c7 31e7 4269 4aaa 4a89 39e7 31a6 31c6 3a07 31e7 31c6 31e6 29a5 4228 3a07 31c6 3a07 4227 4a48 4a68 5aea 5aca 5289 5289 5ac9 41e6 39c5 39c5 41e6 39c6 31e6 39c6 39e6 4206 4a47 5aa8 6ac9 6ae9 6ac8 6ac8 6ac7 72c7 72c7 6a86 5a25 5a25 5a46 6287 6ae8 838b 944e a4d0 ad11 9cb0 83ed 6b0a 62c8 6b0a 7bad 8c0f 944f 8c2f 8c2f 8c0f 8c0f 8c0f 8c0f 8c0f 8c0f 8c0f 8c0f 8c0f 8c0f 8c0f 8c0f 83ce 838d 734b 6b0a 62c9 5aa8 62c9 62c9 62c9 62a8 5a88 5aa8 62c9 62c9 62ea 62ea 62ca 62a9 62ea 6b0a 62e9 5ac9 62ea 62ea 62c9 5aa9 62ea 62c9 62c9 62c9 62ea 62e9 62c9 62c9 62e9 62e9 62e9 62ea 62ea 62ea 62e9 62c9 62c9 62c9 62e9 62ea 630a 6b0a 6b2a 6b0a 6aea 6aea 6b0a 6b0a 6b0a 6b0a 6ae9 6ae9 62c9 62a8 6288 5a87 5a87 5a87 6288 62a8 5a87 5a87 5aa8 62e9 6b2a 734a 6b29 62c8 6b4a 736a 734a 7349 734a 7349 7349 7b8a 7b4a 7b4a 7b6a 7b6a 7b6a 736a 734b 736b 7bac 7bcd 840d 840d 83ed 83ee 7c0e 7bed 840e 840e 840d 840d 83ed 840e 8c0e 8c0e 8bee 8bee 840e 8c0e 8c0e 8c0e 8c2e 8c2e 8c2f 8c2f 8c2f 8c2f 8c2f 8c2f 8c2f 8c2f 8c2f 8c2f 8c2f 8c4f 8c4f 8c4f 8c4f 8c4f 8c4f 8c4f 8c4f 8c4f 8c4f 8c4f 9470 9470 9470 9470 9490 9490 9490 9470 9490 9490 
5ac9 5268 4206 39a5 3164 2923 2103 2103 2923 2902 28e1 28e1 3122 49c4 6ac8 8bab 93cb 9bcb 9bcb 9bca 93ca 93a9 93ca 93ea 8bca 8bca 83ab 7bab 6b4a 5aa8 5267 4a68 4268 4269 4269 4269 4269 4269 4269 4269 4269 4269 4269 3a49 3a49 3a48 3a28 3a28 3a28 3a28 3a28 3a48 3a48 4248 4248 4248 4248 4248 4248 4248 4248 4248 4248 3a48 3a49 3a48 3a48 3a28 3a28 3a28 3a28 3a28 3a28 3a28 3a28 3a08 3a08 3207 3207 3a08 3a28 3a08 3a08 3207 3207 3207 31e6 29c6 3a27 3a48 3a48 3a07 31e7 3207 31e7 31e7 29c6 3a28 4249 31c7 2985 31e7 4a89 5aeb 4248 31c6 31a6 3a28 4248 3a28 31c6 2164 3a07 3a27 3a07 4248 3a07 4a48 4a69 52a9 5aca 5288 5289 5aca 4a48 39c6 39c6 4207 31c6 39c6 39c6 39e6 4206 5247 5aa8 6ae9 6ae9 6ac8 6ac8 72c8 72c7 6aa7 6a86 5a25 5a25 5a66 62a7 6ae8 838b 944e a4f0 ad11 a4d0 83ed 6b0a 62c8 6b0a 7bad 8c0f 8c2f 9430 8c2f 8c2f 8c2f 8c0f 8c0f 8c10 8c10 8c0f 8c0f 8c0f 8c0f 8c0f 8c0f 83ce 838d 732b 6aea 62c9 62a9 62c9 62e9 62c9 62a8 62c9 62a8 62a9 62c9 62c9 62c9 62ea 62ea 62ea 6b0a 62e9 62c9 6b0a 6b0a 62c9 5aa9 62c9 62c9 62c9 62ea 62ea 62ea 62e9 62c9 62e9 62e9 62ea 630a 630a 630a 62ea 62e9 62e9 62e9 62ea 630a 6b0a 6b0a 6b0a 6b0a 6b0a 6aea 6b0a 6b0a 6b0a 6ae9 62c9 62a8 62a8 5a88 5a87 5a87 5a87 62a8 62a8 62c8 62c8 62c8 62c8 6309 6b2a 734a 6b09 62c8 6b4a 736a 7349 7329 7349 7349 7349 7b6a 7b6a 7b6a 7b6a 7b6a 734a 734a 734a 736b 7bac 7bed 840d 840d 83ed 83ee 7c0e 7bed 840e 840e 840e 840e 840e 840e 8c0e 8c0e 8bee 8c0e 8c0e 8c0e 8c0e 8c0e 8c2e 8c2e 8c2f 8c2f 8c2f 8c2f 8c2f 8c2f 8c2f 8c2f 8c2f 8c2f 8c4f 8c4f 8c4f 8c4f 8c4f 8c4f 8c4f 8c4f 8c4f 8c4f 9470 9470 9470 9470 9470 9470 9490 9490 9490 9470 9470 9490 
62c9 5288 4a06 39a5 3164 2923 2103 2903 2923 2902 28e2 28e2 3102 41a4 6aa7 838b 93eb 93eb 9bcb 9bea 93ca 93a9 93a9 93ca 93ca 8bca 83cb 83ab 736a 5ac9 5268 4a68 4268 4269 4269 4269 4269 4269 4269 4269 4269 4269 4269 4269 4249 4249 3a28 3a28 3a28 3a28 3a28 3a48 4248 4248 4248 4248 3a48 4248 4248 4248 4248 4248 4248 3a48 3a49 3a48 3a48 3a28 3a28 3a28 3a28 3a28 3a28 3a28 3a28 3a08 3a08 3207 3207 3a08 3a28 3a28 3a28 3a28 3a28 3a28 31e7 31c6 3207 3207 3a28 3a48 3a28 31e7 29c7 31e7 29c6 3207 3a28 3a08 31e7 31c7 31e7 3a07 4a69 4a89 3a08 31c6 3a28 4269 3a28 29a6 4248 3a27 4248 52a9 31c6 39e7 4a68 52a9 6b4c 5289 4a27 5268 5289 4a47 41e6 39c6 39c6 39c6 39e6 39e6 4207 5267 62c8 6ae9 6ae9 6ac8 72e8 72e8 72c7 6aa7 6a86 5a25 5a25 6266 62a7 7308 838b 944e a4f0 ad11 a4d0 83ed 6b09 62c8 6b2b 83cd 8c0f 8c2f 9450 8c50 8c30 8c2f 8c30 8c30 8c30 8c30 840f 8c0f 8c0f 8c0f 8c0f 8c0f 83ce 7b8d 6b2b 6aea 62c9 62c9 62c9 62e9 62c9 62c8 62c9 5aa8 5aa8 62c9 62c9 62c9 62ca 62ea 62ea 6b0a 62ea 62ea 734b 734b 6b0a 5aa9 62c9 62c9 62e9 62ea 62ea 62ea 62ea 62c9 62e9 62e9 62ea 630a 6b2a 6b2a 6b0a 630a 62ea 630a 6b0a 6b2a 6b2a 6b2a 6b0a 6b0a 6b0a 6b0a 6b0a 6b0a 6b0a 6ae9 62c9 62a8 6288 62a8 62a8 62c8 62c8 6ae9 6ae9 6b09 6b09 62e9 62e9 6b09 6b2a 6b2a 6b09 62e8 734a 736a 734a 7329 7349 7349 7b49 7b8a 838a 838b 7b6b 7b6a 734a 734a 734b 736b 7bcc 83ed 840e 840d 83ed 83ee 83ee 83ed 840e 840e 840e 840e 840e 840e 8c0e 8c0e 8c0e 8c0e 8c0e 8c0e 8c0e 8c2e 8c2e 8c2e 8c2f 8c2f 8c2f 8c2f 8c2f 8c2f 8c2f 8c4f 8c2f 8c4f 8c4f 8c4f 8c4f 8c4f 8c4f 8c4f 8c4f 8c4f 9470 9470 9470 9470 9470 9470 9470 9490 9490 9490 9490 9470 9470 9490 
62c9 5a88 4a26 39a5 3164 2923 2903 2903 2923 2903 28e2 28e2 3102 4184 6287 836a 93eb 93eb 9bcb 9bea 93ca 93a9 93a9 93ca 93ca 8bca 83ab 83ab 736b 62e9 5288 4a68 4268 4269 4269 4269 4269 4269 4269 4269 4269 4269 4269 4269 4249 4249 4249 3a48 3a28 3a28 3a48 4248 4248 4248 4248 4248 3a48 3a48 4248 4248 4248 4248 3a48 3a48 3a49 3a48 3a48 3a28 3a28 3a28 3a28 3a28 3a28 3a28 3a28 3a28 3a08 3207 3207 31e8 3a08 3a28 3a49 4269 4289 4269 3a48 3a28 3207 3207 3a28 4269 3a48 31e7 29c7 31e7 29c7 29c7 31e7 3a28 3a08 31e7 31c6 31c7 4228 4a89 4249 3a07 3a28 3a48 3a07 3a07 5aeb 3a07 31c6 4248 3a07 39e7 4228 4a69 738d 62eb 52a9 5269 5aa9 5268 4a27 4207 4207 3a07 4207 4207 4a27 5268 62c9 6b09 6ae9 6ae8 72e8 72e8 6ac7 72c7 6a86 5a25 5a25 6266 62a7 6b08 838b 944d a4d0 ad11 9cb0 83ec 6309 62c8 732b 83ee 944f 9450 9450 9450 8c50 8c30 8c30 8c30 8c30 8c30 8c0f 8c0f 8c0f 8c0f 8c0f 8c0f 83ce 7b8d 6b2b 6aea 62c9 62c9 62e9 62e9 62e9 62c8 5aa8 5aa8 62a9 62e9 6aea 62c9 62c9 62c9 62ea 6b0a 6b0a 6b0a 736b 736c 6b2a 62c9 62c9 62e9 62ea 62ea 62ea 62ea 62ea 62c9 62c9 62e9 62ea 6b0a 6b2a 6b2a 6b0a 6b0a 630a 6b0a 6b2a 6b2a 6b2a 6b2a 6b0a 6b0a 6b0a 6b0a 6b0a 6b0a 6b0a 6b0a 6ae9 6ae9 62c9 6ae9 6ae9 6b09 6b09 6b09 6b09 6b2a 6b09 6b09 62e9 6b0a 6b2a 6b2a 6b0a 6309 734a 736a 734a 7329 7349 7349 7b4a 838b 838b 838b 7b8b 7b6a 732a 734a 736b 7b8b 7bcc 83ed 840e 840d 83ee 83ee 840e 840e 840e 842e 840e 840e 840e 840e 8c0e 8c0e 8c0e 8c0e 8c0e 8c0e 8c0e 8c2e 8c2e 8c2e 8c2f 8c2f 8c2f 8c2f 8c2f 8c4f 8c4f 8c4f 8c4f 8c4f 8c4f 8c4f 8c4f 8c4f 8c4f 8c4f 8c4f 8c4f 9470 9470 9470 9470 9470 9470 9470 9490 9490 9490 9490 9470 9490 9490 
62e9 5aa8 4a27 41c5 3184 2944 2924 2923 2923 2103 20e2 28e2 2902 3963 5a47 7b4a 93eb 93eb 93cb 9bea 9bca 93aa 93a9 93a9 93ca 8bca 83ab 83ab 738b 6309 52a8 4a88 4a68 4269 4269 4269 4269 4269 4269 4269 4269 4269 4269 4269 4269 4249 4248 4248 4248 4248 4248 4248 4248 4248 4248 3a48 3a48 3a48 4248 4248 4248 4248 3a48 3a48 3a49 3a49 3a48 3a28 3a28 3a28 3a28 3a28 3a08 3a28 3a28 3a28 3a08 31e7 31e7 31e7 31e8 3a08 3a28 4249 4269 4289 4289 4289 3a28 3a28 3a28 3a48 4269 4269 3a28 31e7 31e7 31e7 3a08 3a28 3a07 31e7 39e7 4228 3a07 39e7 4248 4a8a 4269 3a48 3a28 3a27 5aeb 4a89 3a07 3a07 5289 4a69 4a48 4a69 630b 6b4c 738d 62eb 5aea 5269 5289 5289 4a48 4248 4228 4207 4a27 5267 5aa8 6ae9 6ae9 6ac8 72e8 72e8 6ac7 6ac7 6a86 5a45 5a25 5a66 62a7 6b08 7b8a 942d a4cf a4f0 9caf 83ec 62e9 5ac8 6b2b 83ed 944f 9470 9450 8c50 8c50 8c30 8c30 8c30 8c30 8c30 842f 8c30 8c0f 8c2f 8c2f 8c0f 83ce 7b8d 6b2b 6aea 62c9 62c9 62e9 62e9 62c9 5aa8 62a8 5aa8 62c9 6b0a 6b0a 6aea 62ca 62ea 62ea 6b0b 6b0a 6b0a 736c 7b8c 734b 6b0a 62e9 6b0a 6b0a 6b0a 62ea 62ea 62ea 62c9 62c9 62e9 62ea 6b0a 6b2a 6b2a 6b0a 630a 630a 6b0a 6b2a 6b2a 6b2a 6b2a 6b0a 6b0a 6b0a 6b0a 6b0a 6b0a 6b0a 6b0a 6b0a 6b0a 6b09 6b0a 730a 6b09 6b09 6b09 6b09 6b2a 6b09 62e9 6309 6b2a 6b4a 6b2a 6b0a 6b0a 6b4a 736a 734a 7329 7329 7349 7b4a 83ab 83ab 838b 838b 7b6a 732a 734a 736b 7bac 7bcc 83ed 840e 840e 840e 840e 840e 840e 842e 842e 840e 840e 840e 840e 8c0e 8c0e 8c0e 8c0e 8c0e 8c0e 8c0e 8c2e 8c2e 8c2e 8c2f 8c2f 8c2f 8c2f 8c4f 8c4f 8c4f 8c4f 8c4f 8c4f 8c4f 8c4f 8c4f 8c4f 8c4f 8c4f 8c4f 8c4f 9470 9470 9470 9470 9470 9470 9470 9490 9490 9490 9490 9490 9490 9490 
62e9 5ac8 5247 41e5 3184 3164 2944 2944 2123 2103 20e2 20e2 28e2 3143 5247 7b4a 93ec 93eb 93ca 93ea 9bea 93aa 9389 8b89 93ea 93ca 8bcb 83cb 7b8b 6309 52a8 4a88 4a68 4269 4269 4269 4269 4269 4289 4269 4269 4269 4269 4269 4269 4269 4249 4249 4248 4248 4248 4248 4248 4248 4248 3a48 3a28 3a48 4248 4248 4248 4248 3a48 3a28 4249 3a49 3a48 3a28 3a28 3a28 3a28 3a28 3a08 3a08 3a28 3a08 3a08 31e7 31e7 31e7 31e8 31e8 31e7 31e7 3a08 4249 4289 4aaa 3a28 3a28 3a28 3a48 4289 4aca 4289 3a07 3207 3a07 4228 4228 3a28 3a07 39e7 31c6 4208 39e7 4249 4a69 3a28 4aca 52eb 3207 31e6 5aeb 52aa 31a6 4a89 4a68 4227 4a69 5289 6b4c 7bce 6b4c 6b4c 5aca 5aca 5289 4a89 4a68 4a48 4227 4207 5247 5a88 62c8 6ae8 6ac8 72e8 72e8 6ac7 6ac7 6a86 5a45 5a25 5a66 62a7 6ae8 7b6a 942d a4af a4f0 9caf 83cc 62e9 5aa8 6b0a 83cd 8c2f 9450 9450 8c50 8c50 8c30 8c30 8c30 8c30 8c30 842f 8c30 8c2f 8c2f 8c2f 8c0f 83ce 7b8d 732b 6b0a 62c9 62c9 62e9 62e9 62c9 5aa8 62e9 62c8 62c9 6b0a 6b0a 6b0a 6b0b 732b 6b2b 6b2b 6b0b 6b0a 736c 7bad 736c 734b 6b0a 6b0a 6b2a 6b0a 62ea 62ea 62ea 62c9 62e9 62e9 62ea 6b0a 6b0a 6b0a 630a 62ea 630a 630a 6b0a 6b2a 6b2a 6b2a 6b2a 6b0a 6b0a 6b0a 6b0a 6b0a 6b0a 6b0a 6b0a 6b0a 6b0a 6b0a 6b09 6b09 6ae9 6ae9 6b09 6b09 6b09 6b09 6b0a 734a 734a 6b2a 6b09 6b0a 734a 738b 736a 734a 7349 7349 7b6a 83cb 838b 838b 838b 7b6a 734a 734a 736b 7bac 7bcd 840d 842e 840e 840e 840e 842e 840e 842e 842e 840e 840e 840e 840e 8c0e 8c0e 8c0e 8c0e 8c0e 8c0e 8c2e 8c2e 8c2e 8c2e 8c2f 8c2f 8c2f 8c2f 8c4f 8c4f 8c4f 8c4f 8c4f 8c4f 8c4f 8c4f 8c4f 8c4f 8c4f 9470 8c4f 8c4f 8c4f 9470 9470 9470 9470 9470 9470 9490 9490 9490 9490 9490 9490 9490 
6b09 5ac9 5267 41e6 31a5 2964 2144 2124 2124 2144 2943 2964 3164 3184 4a26 732a 8bcb 8baa 93eb 9beb 93ca 93ca 93ca 8b89 93ea 93ca 8bcb 83cb 7b8b 6b2a 52c8 4a88 4a68 4a69 4289 4289 4289 4289 4289 4269 4269 4269 4269 4269 4269 4269 4249 4248 4248 3a48 4248 4248 4249 4249 4248 3a48 3a48 3a48 3a28 3a48 4248 4248 3a48 3a28 3a28 3a28 3a48 3a49 4249 4249 4249 3a48 3a28 3a08 31e7 3a08 3a28 3a08 39e7 31e7 31c7 39e8 3a08 39e8 31c7 31c7 3a28 4269 3a28 4a89 4aaa 4268 3a07 3a27 4269 4aaa 4269 4248 4228 4228 4248 4248 3a07 31c6 39c6 4228 4a69 4a69 4a89 52ca 52ca 52ca 4268 4a89 4a48 4248 52a9 5269 4a48 5aaa 4a48 62eb 7bce 7bce 6b4c 630b 632b 630b 5289 4a89 4a48 4207 4206 5247 5a88 62a8 6ac8 6ae8 7309 72e8 6ac7 6ac7 6aa6 5a45 5225 5a66 62a7 6ae8 7b8a 944d a4cf a4f0 9c8f 7bcc 62e9 62c8 734b 83ee 8c2f 8c2f 9450 8c50 8c50 8c50 8c50 8c50 8c30 8c30 8c30 8c30 840f 8c2f 8c2f 8c2f 83ce 7b8c 6b0b 6b0a 62e9 62c9 62e9 62e9 62c9 62c9 62c9 62c9 62c9 6b0a 6b0a 6b2b 734b 736c 732b 6b0b 7b6c 7b8d 734b 7b8d 83cd 6b2b 734b 6b2b 6b0a 62ea 62e9 62c9 62c9 62e9 62ea 62ea 630a 6b2b 6b0a 630a 6b0a 6b2b 6b2b 6b0a 62ea 630a 6b2b 6b2b 6b0a 62ea 62e9 6b0a 732a 732a 6b0a 6ae9 6ae9 6ae9 6ae9 732a 734a 732a 6ae9 62c8 6ae9 6b2a 734a 6b09 62e9 6b09 6b2a 6b2a 6b0a 6b2a 736b 738b 7b6b 734a 7329 7329 7349 7b6a 838b 838b 838b 7b8b 736a 734a 736b 7bcc 840d 840d 840e 840e 840e 840e 840e 840e 842e 842e 842e 840e 8c0e 8c0e 8c0e 8c0e 8c0e 8c0e 8c0e 8c0e 8c2e 8c2e 8c2e 8c2e 8c4f 8c4f 8c4f 8c4f 8c4f 8c4f 8c4f 8c4f 8c4f 8c4f 8c4f 8c4f 8c4f 8c4f 8c4f 8c4f 8c4f 9470 9470 9470 9470 9470 9470 9490 9490 9490 9490 9470 9470 9490 9490 9490 
6b4a 6309 5288 4226 39c5 3185 2964 2144 2144 2985 31c6 39e6 41e6 39e5 4a47 6b09 8bcb 8baa 93eb 9c0b 93ca 93aa 93ca 93a9 93ca 8baa 8bab 83ab 7bab 6b4a 5ac8 4a88 4a88 4a89 4289 4289 4289 4289 4289 4289 4269 4269 4269 4269 4269 4269 4249 4248 3a48 3a48 3a48 4248 4249 4249 4248 3a48 3a48 3a28 3a28 3a48 3a48 3a28 3a28 3a08 4249 3a49 3a28 3a28 3a08 3a28 3a48 4249 3a28 3a28 3a08 3a08 3a08 3a28 3a08 31c7 31c7 31c7 31c7 39e7 3a08 3a07 39e7 31e6 4248 52ca 5b0b 52ea 4aa9 4a89 4a89 4a69 5289 52a9 52a9 52aa 52ca 52aa 5289 4a68 4a48 4a48 4a69 52aa 52ca 52ca 52ca 52ca 5aeb 52a9 4a68 52ca 632b 5289 4a28 5aaa 5aca 630b 73ad 83ef 7bce 736d 6b4c 630b 5289 5289 4a68 4a47 4a27 5247 5a88 62a8 6ac8 6ae8 72e8 72e8 6aa7 6aa7 6a86 5a45 5225 5a66 62a7 6ae8 7b8a 944d a4d0 a4f0 948f 7bac 62e9 62c9 734b 83ee 944f 9450 9450 8c50 8c50 8c50 8c30 8c30 8c30 8c30 8c30 842f 840f 8c2f 8c2f 8c2f 83ce 7b8c 6b0a 6aea 62e9 62e9 62e9 62e9 62e9 62e9 62a8 62c9 62e9 62e9 6b0a 6b2b 734c 734c 6b0a 732b 83cd 83ee 7bad 83ce 8c0f 83cd 736c 6b2a 62c9 62c9 62e9 62ea 62e9 62c9 62ea 62ea 630a 6b2b 6b2b 6b0a 630a 6b2b 6b2b 6b2b 630a 630a 630a 6b0a 6b0a 6b0a 6b0a 732a 732b 732b 6b0a 6b0a 6ae9 6ae9 6ae9 6b0a 6b09 6b09 6ae9 6ae9 6ae9 6b09 732a 6b09 6b09 6b2a 6b2a 6b2a 6b2a 6b2a 734b 736b 7b8b 7b8b 7b8b 7b6a 7b6a 7b4a 7b6a 7b8b 83ab 83ab 7b8b 736a 7bac 840d 840d 840d 840e 840e 840e 840e 840e 840e 842e 842e 842e 842e 840e 8c0e 8c0e 8c0e 8c0e 8c0e 8c0e 8c0e 8c2e 8c2e 8c2e 8c2e 8c4f 8c4f 8c4f 8c4f 8c4f 8c4f 8c4f 8c4f 8c4f 8c4f 8c4f 8c4f 8c4f 8c4f 9470 9470 8c4f 9470 9470 9470 9470 9470 9470 9490 9490 9490 9490 9490 9470 9490 9490 9490 
6b6b 6309 5288 4227 39e6 31a5 2964 2144 2144 2985 31c6 39e6 39e6 39c5 4a26 6309 83ab 8bcb 9c0c 9c0b 93ca 93aa 9bca 93aa 93ca 8baa 8baa 83cb 7bab 6b6b 5ae9 4a88 4a88 4a89 4a89 4a89 4a89 4289 4289 4289 4269 4269 4268 4268 4249 4249 4249 4248 3a48 3a48 3a48 4248 4249 4249 4248 4248 3a48 3a48 4248 4248 4248 4248 3a28 3a08 3a28 3a28 4249 4249 3a48 3a28 3a28 3a28 3a28 4249 4228 3a08 3a08 4249 4228 31e7 3a08 39e8 39c7 39e7 4228 4a69 4a69 4a68 39e7 4a68 5aea 632b 634c 6b6c 6b4c 632b 630b 632b 6b6c 6b6c 6b4c 6b4c 6b2b 632b 62eb 5aca 5aaa 5aeb 630b 5aca 52a9 52a9 632b 5aca 5289 630b 6b6c 5aaa 4a27 5268 62eb 62ea 736c 8c0f 8c50 83ee 736c 5aea 630b 5aeb 52a9 4a47 4a06 5247 5aa8 6ae9 6ac8 6ac8 72e8 6ae8 6aa7 6aa7 6287 5a45 5225 5a66 62c7 6b08 7b8a 944d a4d0 a4f0 946e 7bab 62e9 62e9 736c 8c0e 9450 9470 9450 9450 9450 8c50 8c50 8c30 8c30 8c30 8c30 8c0f 8c0f 8c0f 8c2f 8c0f 83ce 7b6c 6aea 6aea 6aea 6aea 6ae9 6ae9 62e9 62e9 5a88 62c9 6aea 6aea 6b0a 734b 734c 732b 6b0b 736c 83ee 83ee 83ee 8c0f 8c0f 83ee 734b 6b2b 62ea 62c9 62e9 6b0a 630a 62c9 62ea 62ea 630a 6b2b 6b2b 6b0a 630a 6b0a 6b2b 6b2b 6b0a 630a 62ea 630a 630a 6b0a 6b2b 6b0a 6b0a 6b0a 6b0a 6ae9 6ae9 62c9 6ae9 6ac9 62c8 62c8 6ac9 6ac9 6ac9 62c8 6ae9 62e9 6309 6b2a 6b2a 6b09 6b09 6b2a 734a 736a 7b6b 7bab 83ab 7b8b 7b6a 7349 7b4a 7b6a 83ab 7bab 7b6a 736a 7bac 840d 840d 840d 840e 840e 840e 840e 840e 840e 8c2e 842e 842e 842e 842e 842e 8c0e 8c2e 8c0e 8c0e 8c2e 8c2e 8c2e 8c2e 8c2e 8c2e 8c4f 8c4f 8c4f 8c4f 8c4f 8c4f 8c4f 8c4f 8c4f 8c4f 8c4f 8c4f 9470 9470 9470 9470 8c4f 9470 9470 9470 9470 9470 9470 9490 9cb1 9490 9490 9490 9490 9490 9490 9490 
736b 630a 52a8 4247 3a06 31c5 2965 2144 2124 2964 31a5 31c5 31a5 3184 4206 62c8 83ab 8bcb 9c0c 9c0b 93ca 9bca 9bca 93aa 93cb 8baa 8baa 83cb 83cc 738b 5b09 4a88 4a88 4a89 4a89 4a89 4a89 4289 4289 4289 4269 4269 4268 4268 4249 4249 4249 4248 4248 3a48 4248 4248 4269 4269 4249 4248 3a48 3a48 3a48 4248 4248 4248 3a48 3a28 31e7 3a28 3a49 4249 3a48 3a28 3a28 3a28 4249 4269 4a69 4249 4249 4249 4269 4249 4228 4228 4208 4208 4228 4a89 5aca 630b 5aca 630a 6b4c 738d 7bce 840e 83ee 7bce 83ee 840f 8c4f 8c4f 8c2f 840e 83ee 83ee 7bce 738d 736c 736c 6b6c 632b 5aea 52a9 630a 632b 5aea 5aea 6b2b 6b2b 5aa9 5248 62ea 62ca 6b4c 840f 9470 8c50 7bae 632b 738d 6b6c 62ea 4a48 4a06 5227 62a8 6b09 6ac8 6ac8 6ae8 6ae8 6aa7 6ac7 6aa7 5a45 5a25 6287 6ac8 6b09 7b8b 944d 9ccf a4d0 8c4e 738b 62e9 62e9 736c 8c0e 9450 9470 9470 9470 9450 9450 9450 8c30 8c30 8c30 8c30 8c0f 8c0f 8c0f 8c2f 8c0f 83cd 7b6c 6aea 6aea 6b0a 6b0a 6b09 6ae9 62e9 62e9 5267 62c9 6b0a 6b0a 732b 7b6c 736c 6b0b 736c 83ce 83ee 83ee 944f 944f 83ee 7b8d 734b 734b 6b2b 62ea 62ea 6b0a 6b0a 6b0a 630a 6b0a 6b2b 6b2b 6b2b 6b2b 6b2b 6b2b 6b4b 6b2b 6b2b 6b2b 6b2b 6b2b 6b2b 6b2a 6b2b 6b0a 6b0a 6b0a 6b0a 6b0a 6ae9 62c9 62c9 62c9 62c8 62c8 6ae9 6ac9 62c8 62a8 62a8 62c8 62e9 6b2a 6b2a 62e9 62e9 6b0a 736b 736b 7b6b 7b6b 7b8b 7b8a 7b6a 7b4a 7b4a 7b8b 83ab 7b8b 734a 6b4a 738b 83ed 840d 840d 840e 840e 840e 842e 8c2f 8c2f 8c2e 842e 842e 842e 8c2e 8c2e 8c2e 8c2e 8c2e 8c2e 8c2e 8c2e 8c2f 8c2f 8c4f 8c4f 8c4f 8c4f 8c4f 8c4f 8c4f 8c4f 8c4f 8c4f 8c4f 8c4f 8c4f 8c4f 9470 9470 9470 9470 9470 9470 9470 9470 9470 9470 9490 9490 9490 9490 9490 9490 9490 9490 9490 9490 
738c 6b4a 5ac9 4a68 4227 39e6 2985 2144 2123 2964 31a6 39e6 41e6 39a4 41e5 5287 838a 8bcb 940c 93eb 9beb 9beb 9bca 93aa 93cb 93ca 8baa 83cb 83cc 738b 5b09 4a88 4a68 4a69 4a89 4a89 4289 4289 4289 4268 4269 4269 4268 4268 4248 4248 4248 4248 4248 4248 4248 4249 4269 4269 4269 4249 4248 4248 3a48 3a28 3a48 3a48 3a48 3a28 3a48 3a48 3a28 3a08 31e7 3a08 3a28 4269 4a69 4a69 4a8a 4aaa 4a69 4249 4269 4a8a 4a69 4a69 5289 52aa 5aca 630b 6b6c 73ad 842f 842f 8c2f 8c4f 9490 9cb1 a4d1 9cb1 a4f1 a4f2 ad12 ad12 acf2 a4d2 a4b1 9cb1 9c90 9c90 9470 8c2f 83ee 7bcd 736c 6b2b 632b 738c 736c 630b 6b2b 738c 734c 62ea 62ca 62ea 734c 83ce 8c2f 9470 8c50 7bce 7bce 7bce 736c 5aca 5268 5247 5a88 62c8 6ac8 6ac8 6ae8 6ac8 6aa7 6ac7 6aa7 5a45 5a25 6287 6ac8 6b09 7b8b 944d 9caf a4d0 8c2e 736b 62e9 6309 738c 840e 944f 9470 9470 9470 9470 9470 9450 9450 8c30 8c30 8c30 8c10 8c0f 8c0f 8c0f 8c0f 83ad 7b6c 6aea 6aea 6b0a 6b0a 6b09 6ae9 62e9 62c9 5a87 62e9 6b0a 6aea 732b 7b8c 7b8c 6b2b 83ce 9450 9450 8c2f 9470 9450 83ce 7b8d 7bad 736c 6b2a 62ea 62e9 6b2a 734b 734b 734b 734b 736c 734b 6b4b 734b 736c 7b8c 738c 736c 734b 736c 738c 738c 736c 734b 734b 732b 6b0a 6b0a 732a 732a 6b0a 6ae9 62c9 6ae9 6ae9 6ae9 6ae9 6ac9 62c8 62a8 62a8 62c9 6b0a 6b4a 6b2a 6309 6b09 6b2a 736b 738b 7b6b 7b6b 7b6a 7b6a 7b8a 7b8a 7b8b 83ab 83ab 7b8b 734a 6b4a 7b8b 83ed 840d 840d 840e 840e 8c0e 8c0e 8c2f 8c2f 8c2f 842f 842f 842f 8c2f 8c2f 8c2f 8c2f 8c2f 8c2f 8c2f 8c2f 8c2f 8c4f 8c4f 8c4f 8c4f 8c4f 8c4f 8c4f 8c4f 8c4f 8c4f 8c4f 8c4f 8c4f 8c4f 8c4f 8c4f 9470 9470 9470 9470 9470 9470 9470 9470 9470 9490 9490 9490 9490 9490 9490 9490 9490 9490 9cb1 
738c 6b4b 5ae9 5288 4227 39c6 2985 2144 2944 2965 3185 39c5 39c5 3184 39a5 5246 7b6a 8bcb 93eb 93eb 9beb 9beb 9bca 93a9 93ca 93ca 8baa 83ab 7bcb 738b 5b09 4a88 4a68 4a69 4a89 4a89 4289 4289 4268 4268 4269 4269 4268 4268 4248 4248 4248 4248 4248 4248 4248 4269 4269 4269 4269 4269 4269 4269 4269 4269 4269 4269 4248 4248 4269 4269 4269 4249 4249 4249 4269 4269 4249 4249 4269 4a8a 4269 3a08 3a28 4a69 52ca 52ca 5aca 630b 6b6c 7bee 8c4f 9470 9cb1 9cb0 9cb1 a4d1 ad13 b553 bd54 b574 b553 b553 b573 bd73 bd73 b553 b533 b533 ad12 b533 ad33 a4d1 9c90 9470 8c2f 83ee 7bad 7bee 7bce 7bad 7b8c 7bad 83ce 83ce 6b2b 732b 736c 7b8d 83ee 9470 9c91 9470 842f 842f 7bce 6b2b 5288 5247 5a88 62c8 6ac8 6ac8 6ac8 6ac8 6aa7 6ac7 6aa7 5a45 5225 5a66 6ac8 6b09 7b8b 944d 9ccf a4d0 8c2d 736b 62e9 6309 7b8c 840e 9450 9470 9470 9470 9470 9450 9450 9450 8c30 8c30 8c30 8c30 8c0f 8c0f 8c0f 8c0f 83ad 7b6c 6b0a 6aea 6aea 6b0a 6b0a 6b09 62e9 62c9 62c9 62e9 62e9 62c9 6b2b 83ad 83cd 7b6c 83ce 9c71 9cb1 9470 9470 944f 8bee 8bee 8c2f 7b8c 62ea 62c9 6b2a 736b 7bac 7bac 7bad 7bad 7bcd 7bad 738c 7bad 83cd 83ee 83ee 7bcd 7bad 7bcd 83ee 83ee 7bcd 7b8c 736c 734b 732b 732b 732a 6b0a 6ae9 62c9 62c9 6ae9 6b09 6b09 6ae9 62c8 62c8 62c8 62a8 62c9 6b0a 734a 6b2a 6b09 6b0a 734a 734a 736a 736b 7b6a 7b6a 7b6a 7b6a 7b6a 7b6a 7b8b 83ab 7b6a 734a 736a 7bac 840d 840d 840d 840e 840e 8c0e 8c0e 8c2f 8c2f 842f 842f 842f 842f 8c2f 8c2f 8c2f 8c2f 8c2f 8c2f 8c2f 8c2f 8c4f 8c4f 8c4f 8c4f 8c4f 8c4f 8c4f 8c4f 8c4f 8c4f 8c4f 8c4f 8c4f 8c4f 8c4f 8c4f 8c4f 9470 9470 9470 9470 9470 9470 9470 9470 9470 9490 9490 9490 9490 9490 9490 9490 9cb1 9cb1 9cb1 
738c 6b4b 62ea 5288 4a27 39c6 2965 2144 2965 2964 2944 3164 3164 3143 3984 5226 7b49 8bcb 940b 93ca 9beb 9beb 93aa 93aa 93ca 93ca 8baa 83ab 7bcb 738b 6329 52a8 4a68 4a69 4a89 4a89 4289 4289 4289 4289 4269 4269 4268 4268 4248 4248 4248 4248 4228 3a48 4248 4249 4269 4269 4269 4249 4269 4269 4269 4289 4a89 4289 4269 4269 4269 4289 4aaa 52cb 52cb 4aaa 4a8a 4a8a 4269 4249 4a69 4a8a 4a8a 4a69 4a69 4a89 5aeb 630b 6b4c 738d 83ee 8c50 9cd1 a512 ad33 ad32 ad33 b553 b553 b553 b533 b533 bd73 bd73 bd73 bd73 bd73 bd73 bd73 bd73 bd73 bd74 bd73 b553 ad12 a4f2 a4d1 9cb0 9490 9470 9470 8c4f 83ee 83ce 8c0f 9450 7bad 7b8d 83ad 83ee 8c0f 9470 9c91 9491 9491 9491 8c2f 736c 5ac9 5a68 62a8 6ae9 6ae9 6ac8 6ac8 6ac8 6ac7 6ac8 6aa7 5a46 5225 6287 6ac8 6b09 7b8b 944d 9caf 9caf 840d 734a 62c9 6b0a 7bac 840e 944f 9c70 9450 9450 9450 9450 9450 9430 8c30 8c30 8c30 8c30 8c0f 8c0f 942f 8c0f 83ae 7b6c 6b0b 6aea 62e9 6aea 6b0a 6b0a 6b09 62e9 6b0a 6b0a 62e9 6b0a 7b6c 8bee 8bee 7bad 8c0f 9cb2 a4f2 9cb1 9470 9450 8c2f 8c0f 8c2f 7bad 6b2b 734b 7b8c 7bcd 83ed 8c2e 8c2f 9470 9470 8c4f 8c2f 8c2f 9470 9cb1 9cb1 9c90 9470 9470 9470 9470 9470 944f 8bee 8bed 83cd 83ad 7b8c 7b6b 732a 6b0a 6ae9 6b09 6b09 6ae9 6ae9 6ae9 6ae9 6ae9 62c9 62e9 6b2a 734b 6b4a 6b2a 6b2a 736b 736b 736a 734a 734a 734a 734a 7349 7349 7329 7b6a 7b8b 736a 734a 738b 7bcc 840d 83ed 840d 840d 840e 8c0e 8c0e 8c0e 8c2f 842f 842f 842e 842e 8c2f 8c2f 8c2f 8c2f 8c2f 8c2f 8c2f 8c2f 8c2f 8c2f 8c4f 8c4f 8c4f 8c4f 8c4f 8c4f 8c4f 8c4f 8c4f 8c4f 8c4f 8c4f 8c4f 8c4f 9470 9470 9470 9470 9470 9470 9470 9470 9470 9490 9490 9490 9490 9490 9490 9490 9cb1 9cb1 9cb1 9cb1 
7b8c 736b 630a 5aa9 4a47 39e6 3185 2944 2124 2944 2964 39a5 41a5 3984 3984 4a05 7309 8beb 940c 93cb 93cb 93ca 93a9 9bca 93ca 93cb 8bab 83ab 83cb 7bab 6b2a 52c8 4a68 4a88 4a89 4a89 4a89 4289 4289 4289 4269 4269 4268 4268 4248 4248 4249 4248 4228 3a28 3a48 4248 4269 4269 4249 4248 3a07 3a28 4248 4269 4a89 4a89 4269 4269 4269 4269 4a8a 4aaa 4aca 52cb 52cb 52cb 52cb 52cb 52eb 5b0c 632d 634d 632d 5b0c 6b2c 7bce 9491 9cd2 9cd2 a4d2 ad12 b553 b574 bd73 bd74 bd74 bd74 bd73 bd73 bd73 bd94 bd94 bd94 bd93 bd73 bd73 bd73 c594 c5b4 bd94 bd74 c5b4 bd94 b553 b533 b553 ad32 ad12 a4f1 9c90 942e 8c0e 9c70 9c90 942f 8bee 8c0e 9c70 9c91 9c90 9c90 9470 9490 9cd1 9491 840e 6b2b 62c9 62c9 6ae9 6b09 6ae8 72e9 6ae8 6ac8 72e8 6ac8 5a66 5a46 62a7 6ae8 7329 7b8b 8c2d 9c8e 948f 83ed 6b4a 5ac8 630a 7b8c 83ee 942f 9c71 9450 9450 9450 9450 9430 9430 8c30 8c30 9430 8c30 8c2f 8c0f 8c2f 8c0f 83ce 7b6c 6b2b 6b0a 62e9 62e9 6b2a 6b2a 6b0a 62e9 6b0a 6b0a 6b0a 734b 83cd 8c2f 8c2f 83cd 9cb1 a4f3 ad13 a4d2 9cb1 9c70 944f 8c0e 83ce 7bad 7bad 83ed 83ed 83cd 8c2e 9cb0 9cd1 ad12 ad33 a512 a4d1 a4d1 ad12 b553 b574 b553 ad33 ad12 a4f2 a4f2 ad12 ad12 a4d1 a4d1 a4b0 9c6f 944f 8c0e 83ac 7b8c 734a 732a 6b09 6b09 6b09 730a 732a 732a 6b09 6b0a 6b4a 736b 736b 6b4a 734b 7b8b 7bcc 7b8b 734a 732a 7329 734a 7329 7329 7329 736a 7b8b 736b 736a 7b8b 83cc 83ed 83ed 83ed 83ed 840e 840e 8c0e 8c0e 8c2f 842e 842e 842e 842e 840e 8c2f 8c2f 8c2f 8c2f 8c2f 8c2f 8c2f 8c2f 8c2f 8c2f 8c2f 8c4f 8c4f 8c4f 8c4f 8c4f 8c4f 8c4f 8c4f 8c4f 9470 9470 9470 9470 9470 9470 9470 9470 9470 9470 9470 9470 9490 9490 9490 9490 9490 9cb1 9cb1 9cb1 9cb1 9490 9490 
738c 736b 630a 5aa9 4a47 39e6 31a5 2965 2965 2965 3165 3985 41c5 41c5 41c5 41c4 6ae8 83aa 940c 93eb 93eb 9beb 9bca 93aa 93aa 93ca 93cb 8bcb 83cb 7bab 6b4a 5ac8 5287 5268 4a68 4a68 4289 4289 4269 4269 4269 4269 4268 4248 4269 4269 4269 4249 4228 4228 3a28 4228 4228 4248 4228 4228 4248 4228 3a28 3a28 4228 4249 4a69 4a89 4269 4229 3a08 3a28 4229 4249 4a6a 4a6a 52ab 5b0c 6b6e 738e 73ae 7bcf 7bcf 738e 7bae 8c0f 9c91 a4f2 ad13 b553 b533 b533 bd74 bd73 bd73 b553 b553 b573 bd73 bd94 c5b4 bdb4 bd93 bd93 c594 c5b4 c5d5 c5d5 c5d5 c5b4 c5b4 c5b4 c5b4 c5b4 bd94 bd73 bd73 bd32 b511 acf1 acb0 a48f a48f acb0 9c6f 9c8f 9c6f 9c4f 9c6f a4b0 a4d1 a4d1 ad53 a4d1 9cb0 946f 7b8c 62e9 6b0a 732a 62a8 732a 7b6a 7329 6ac8 6aa7 6286 5a66 5a45 62c7 6ae8 6b08 83cb 944d 944e 946f 83cd 6b2a 62c9 6b0a 7b8d 8bee 942f 9450 9450 9430 9430 9430 9450 9450 8c30 8c0f 8c2f 8c2f 8c2f 8c2f 8c2f 840e 7bcd 736c 6b0a 6b0a 6b0a 6aea 6b0a 6b2a 734b 734b 734b 6b4b 734b 7bad 840e 83ee 8c2f 9cd1 9cb2 a4f2 ad33 ad33 a4f2 9cb1 9470 8c4f 8c2f 8c2f 944f 8c2e 8c2e 944f 9cb0 a512 ad32 ad73 b594 b573 b553 b553 bd73 c5b4 bd74 bd94 bd94 bd94 bd74 b573 b573 bd73 b553 b553 b553 b553 ad12 a4b0 9c6f 942e 8c0e 8bcd 838c 7b6b 7b6b 7b8b 7b8b 7b6b 734a 736b 736b 736b 6b4a 6b4a 736b 7b8b 83ed 83ac 7b8b 7b6a 732a 7329 7329 734a 736a 7b8b 736b 734a 734a 7b8c 83ed 840d 83ed 83ed 83ed 83ee 8c0e 8c0f 8c0f 8c2f 840e 840e 840e 840e 840e 840e 840e 840e 8c2f 8c2f 8c2f 8c2f 8c2f 8c2f 8c2f 8c2f 8c4f 8c4f 8c4f 8c4f 8c4f 8c4f 8c4f 8c4f 9470 9470 9470 9470 9470 9470 9470 9470 9470 9490 9490 9490 9490 9490 9490 9490 9490 9490 9490 9490 9cb1 9cb1 9cb1 9cb1 
738c 736b 630a 5aa9 4a67 3a06 31a5 2985 2965 2945 3165 3985 41a5 41c5 41c4 41c4 62a7 7b6a 8beb 93eb 93eb 9beb 93ca 93a9 93aa 93cb 8bcb 8bab 83ab 7bab 6b4a 5ac8 5267 5267 4a68 4a68 4289 4289 4269 4269 4269 4269 4248 4248 4269 4269 4249 4249 4249 4248 4248 4248 4249 4248 4248 4228 4228 4228 4228 4228 4228 4228 4248 4248 4249 4249 4249 4229 3a08 39e8 3a29 4249 4a6a 52cb 632d 6b4d 73ae 8430 9471 9492 9cb2 a4b2 a4d2 a4d2 acf2 b533 b533 b533 b512 b512 b532 b532 b553 bd73 bd93 bd93 bd93 bd93 bd73 bd93 c594 c5b4 c5d4 c5d4 cdf5 c5d5 cdd5 c5b4 c5b4 c5b4 c594 c594 bd73 bd52 bd52 bd31 b4f0 acaf acd0 b4f0 acd0 acd0 a4b0 a46f a490 a4d1 acd1 a4b0 ad12 a4d1 a4f1 a4d0 8c0e 7b8c 7b6b 7b6b 6ae9 732a 7b6b 836b 7b29 6ac8 6287 6286 5a66 62c7 6b08 7349 83cc 942e 946f 9c8f 83cd 6b2a 62c9 6b0b 83ad 8c0f 9450 9470 9430 9430 9430 9430 9450 9450 8c2f 8c0f 8c2f 8c2f 8c2f 8c2f 8c2f 840e 7bcd 736b 6b2a 6b0a 6b0a 6b0a 6b2a 734b 736b 736b 736c 734b 736c 83ee 8c2f 842f 8c70 a513 a4f3 a513 a533 a513 a4f2 9cd1 9c90 9490 9c90 9cb0 a4d1 a4d0 9cb0 a4b0 acf1 ad32 b573 b573 bd94 bdb4 bd94 bd94 c594 c5b4 c5b4 c5b4 c594 bd94 bd73 bd93 bd94 bdb4 bd73 bd93 bd94 bd93 bd73 b532 acf1 a4d1 a4b0 9c6f 942e 8bed 83cc 83cc 83ab 7b8b 736b 738c 7b8c 736b 734b 734b 736b 7b8c 83ac 83cc 83ac 7b8b 734a 732a 7b4a 7b6a 7b6b 7b8b 736b 734a 734b 7b8c 83ed 8c0d 83ed 83ed 83ee 83ee 8bee 8c0f 8c0f 8c0f 8c2f 8c2f 8c2f 8c2f 8c2f 8c2f 8c2f 8c2f 8c2f 8c2f 8c2f 8c2f 8c2f 8c2f 8c2f 8c2f 8c4f 8c4f 8c4f 8c4f 8c4f 8c4f 8c4f 8c4f 8c4f 8c4f 9470 9470 9470 9470 9470 9470 9470 9470 9470 9490 9490 9490 9490 9490 9490 9490 9490 9490 9490 9490 9490 9490 
7b8c 736b 632a 5ac9 4a67 3a06 31c5 3185 2944 2924 2944 3985 39a5 39a4 41c4 41e4 5a66 7b49 8bcb 93eb 93eb 9beb 93ca 93a9 93aa 93aa 8baa 8baa 83ab 7bab 6b4a 62c8 5267 5267 4a68 4a68 4289 4289 4289 4269 4269 4269 4248 4248 4269 4269 4249 3a49 3a28 3a28 3a28 4248 4248 4248 4248 3a28 3a28 3a28 3a28 3a48 4248 4248 4249 4249 4228 4228 4228 4a69 4a8a 4a8a 4249 3a28 4a8a 5aec 6b4d 6b8d 73ae 840f 8c51 9491 a4f2 ad33 b554 b533 b513 b513 b513 b4f2 b512 ad12 ad12 acf1 a4d1 acf1 b553 bd93 bd73 bd73 bd73 bd93 bd94 c5b4 c5b4 c5b4 c5d5 cdd5 cdd5 cdd5 cdd5 c5b4 c594 c594 bd72 c572 c552 bd52 b511 b4d0 b4f0 b511 b511 b511 acd0 a4b0 a4d0 acf1 acf1 a4d1 ad32 ad12 ad32 ad32 9c90 8c0e 83ac 7b8b 838c 7b6b 836b 8bcc 838b 72e8 6287 6287 62a7 6ac8 7349 83ab 83ec 942d 946f 9c8f 83cd 6b2a 62c9 6b2b 83ad 8c0f 9430 9450 9430 9430 9430 9430 9430 8c30 8c30 8c2f 8c2f 8c2f 8c0f 8c0f 8c2f 840e 7bad 736b 6b2a 6b2a 6b0a 6b0a 6b2b 736b 7b8c 7b8c 736c 734c 738c 840e 8c70 8c2f 9470 ad33 ad33 ad33 ad33 a513 a4f2 a4d2 a4d1 a4d1 a4d1 ad12 b553 b553 b532 b512 b532 b553 b573 b593 bd94 bdb4 c5b4 c5b4 c594 c594 c5b4 c5b4 c594 bd73 bd73 bd73 bd93 bdb4 c594 c5b4 c5b4 c5b4 c5b4 bd94 bd73 bd73 b532 ad11 a4d1 9c8f 944e 8c0d 8bec 83cc 83cd 83cd 83cd 7bac 7b8b 738b 7b8b 7bac 736b 7bac 83ac 7b8b 734a 734a 7b6b 7b8b 7b8b 7b8b 736a 734a 736a 7b8c 83ed 8c0d 83ed 83ed 83ee 83ee 83ee 8c0e 8c0e 8c0f 8c2f 8c2f 8c2f 8c2f 8c2f 8c2f 8c2f 8c2f 8c2f 8c2f 8c2f 8c2f 8c2f 8c2f 8c2f 8c2f 8c4f 8c4f 8c4f 8c4f 8c4f 8c4f 8c4f 8c4f 8c4f 8c4f 8c4f 8c4f 9470 9470 9470 9470 9470 9470 9470 9470 9490 9490 9490 9490 9490 9490 9490 9490 9490 9490 9490 9490 
7bac 736b 6b2a 5ac9 5267 4206 31c5 3185 2944 2124 2944 3165 3164 3143 3163 39a4 5246 7329 8bcb 93eb 93eb 9beb 93ca 93a9 93aa 93aa 8baa 8b8a 83ab 7bab 736a 62e9 5267 5267 4a68 4a68 4289 4289 4289 4269 4289 4269 4248 4248 4249 4249 4249 3a48 4248 4248 4269 4269 4a89 4a8a 4a89 4a89 4248 4248 3a28 3a28 4248 4269 4269 4a89 4269 4248 4248 4a89 52eb 5aeb 4aaa 4249 52aa 5b2c 738d 73ae 7bce 840f 9471 9cd2 a4f2 ad12 b533 b553 b533 b513 acf2 acd1 acd2 b4f2 b512 acd1 a490 a4b0 acf2 b553 bd73 bd73 bd73 bd73 bd73 bd73 bd94 c594 c594 c5b4 cdd5 cdd5 c5b4 c5b4 c594 c594 c593 c572 c572 bd52 bd31 b511 b4f0 b4f0 b4f0 b4f0 acd0 acd0 acd0 acf1 acf1 acf1 ad12 b532 b553 b553 acf1 9c90 8bed 838c 940e 8bcd 83ac 8bed 8bcc 732a 62a8 6287 6ae9 6ae9 7b8b 8bed 83ec 8c0d 946f 946f 83ed 734b 62ea 6b2b 83ad 8c0f 942f 9430 9450 9450 9430 9430 8c30 8c30 8c2f 8c0f 8c2f 8c2f 8c2f 8c2f 8c2f 840e 7bcd 736c 734b 732b 6b0a 6b0a 6b2b 7b8c 7bad 7bad 7b8d 7b8c 7bcd 8c4f 9491 8c50 9491 ad33 ad34 ad33 ad33 ad13 a512 a4f2 a4f2 a4d1 ad12 b532 bd73 bd73 bd53 b532 bd32 bd52 bd73 bd73 bd73 bd73 c594 c593 bd73 bd73 bd73 bd73 bd53 bd52 bd52 b552 bd72 bd73 c593 c593 c5b3 c5b4 c5b4 c5b4 bd94 bd94 bd53 b553 b532 acf1 a4b0 9c6f 942e 8c2e 8c2e 8c0e 83ed 83cd 7bac 7b8c 7b8c 7b8c 732a 7b6b 7b8b 734a 732a 734a 7b6b 7b8b 7b8b 7b8b 736a 734a 736b 7bab 83cc 83ed 83ed 83ed 83ee 8c0e 8c0e 8c0e 8c0e 8c0e 840e 840e 840e 840e 8c2f 8c2f 8c2f 8c2f 8c2f 8c2f 8c2f 8c2f 8c2f 8c2f 8c2f 8c2f 8c4f 8c4f 8c4f 8c4f 8c4f 8c4f 8c4f 8c4f 8c4f 8c4f 8c4f 8c4f 9470 9470 9470 9470 9470 9470 9470 9470 9490 9490 9490 9490 9490 9490 9490 9490 9490 9490 9490 9490 
7bac 738b 6b4a 62e9 5288 4226 39c5 3185 2964 2944 2944 2924 2903 2102 2922 3143 5225 7328 8bcb 93eb 9c0b 9beb 93ca 93a9 93aa 93aa 8baa 8b8a 83ab 83ab 736b 6b29 5287 5267 4a68 4a68 4269 4289 4269 4269 4269 4269 4248 4248 4249 4249 3a49 3a48 3a28 3a28 3a48 4269 4289 4289 4289 4289 4289 4289 4269 4269 4248 4269 4269 4269 4aa9 4aa9 52aa 52ca 52ca 52ca 52ca 52ea 5b2b 6b8d 7c0f 840f 840e 8c2f 9cb1 a512 b533 acf2 a4b1 a4b1 acd2 acf2 acf2 acd2 a4b1 a4b1 acd1 acd2 acd2 acd1 acd1 acd1 b532 b553 bd73 bd73 b553 b553 bd73 c5b4 c594 bd94 c594 c594 c594 c594 c594 c594 c593 c573 c552 bd52 bd31 bd11 b4f0 acd0 ac8f acaf acd0 acd0 acd0 acd0 acf1 ad11 acf1 b532 bd53 bd53 b553 ad12 9c90 942e 942f 8c0e 8bed 8c0e 940e 83ac 732a 62a8 7329 732a 83cc 942e 8c0d 8c0e 946f 946f 8c0e 736c 6b0a 734b 83ce 8c0f 9430 9450 9450 9450 9430 8c30 8c30 8c10 8c0f 8c0f 8c2f 8c2f 8c2f 8c2f 8c2f 8c0f 83cd 738c 736c 734c 732b 6b2b 736c 7bad 83cd 83ce 83ee 83ee 8c0f 9491 9cd2 9491 9c91 ad13 ad34 ad33 ad33 ad33 ad13 ad12 a4f2 a4d1 acf2 b512 b532 bd52 bd32 b531 b532 b532 bd52 bd52 bd52 bd32 b532 bd32 bd32 bd32 b532 b531 b511 b511 b511 b511 b532 bd52 bd93 c593 c593 c5b3 c5b4 c593 bd93 bd73 bd73 bd73 bd73 b532 ad11 a4d0 9c90 946f 944f 8c4e 8c0e 83ed 83cc 7bac 7b8b 736b 6b2a 734a 734a 732a 732a 7b6a 7b6b 7b6b 7b8b 7b8a 736a 736b 7b8b 7bac 7bcc 83cc 83ed 840e 840e 8c0e 840e 840e 8c0e 8c0e 840e 840e 840e 840e 840e 840e 8c2f 8c2f 8c2f 8c2f 8c2f 8c2f 8c2f 8c2f 8c2f 8c2f 8c4f 8c4f 8c4f 8c4f 8c4f 8c4f 8c4f 8c4f 8c4f 8c4f 8c4f 9470 9470 9470 9470 9470 9470 9470 9470 9490 9490 9490 9490 9490 9490 9490 9490 9490 9490 9490 9490 9490 
7bac 738b 734a 6309 52a8 4a26 39c5 3185 2944 2944 2944 2924 2944 3164 3184 3183 49e4 6ae8 83ab 93cb 93eb 93eb 93aa 93a9 93aa 93aa 8baa 8baa 8bcb 83cb 7bab 6b4a 5287 5287 4a68 4a68 4269 4269 4269 4269 4269 4269 4248 4248 4249 4249 3a49 3a48 3a28 3a28 3a28 3a28 3a48 3a48 3a48 3a48 4269 4269 4269 4289 4289 4289 4289 4269 52ca 52ca 52ea 5b2b 636c 6b8d 636c 634c 6b6c 7bce 8c50 9491 9490 9490 9490 9cb1 a4d1 a4d1 a4b1 a490 9c50 9c50 a491 b4f2 b512 acb1 a470 a470 acb1 acf2 a4d1 a490 acf1 ad12 b532 b532 b532 b532 bd53 bd94 c594 bd94 bd53 bd53 bd53 bd73 c594 c594 c593 c593 c552 bd31 bd31 bd11 b4f0 acaf a46e ac8f acaf acb0 acb0 acd0 acd1 acf1 acd1 b552 bd73 bd53 bd94 bd94 b512 a4b1 9c70 9c70 9c70 9c70 9c70 944f 7b8c 62c9 7b4a 838b 8c0d 944f 944f 946f 9c90 9cb0 8c2e 7b8c 6b2b 736c 83ce 8c0f 9450 9c71 9451 9430 8c30 8c10 8c30 8c30 8c2f 8c0f 8c2f 8c30 8c2f 8c2f 8c0f 840f 83ce 7bad 83ad 7b8d 7b6c 7b6c 7bad 83ee 8c0e 8c0e 9450 9450 9470 9cb1 a4f2 9cd2 9cb2 a513 ad34 ad33 b534 b533 ad33 ad12 acf2 a4d1 acf1 acf1 b4f1 b511 b511 b511 b511 b511 b4f1 b4f1 b4f1 b4d0 acd0 acd0 acd0 b4f0 b4f1 b4f0 acd0 acd0 acd0 acf0 b531 bd51 bd92 bd92 c593 c593 c593 c593 bd93 bd93 c5b4 c5b4 c594 bd93 b553 ad32 a4f1 a4d0 9cb0 948f 944f 8c2e 8c0d 83cd 7b8b 736b 732a 6b2a 732a 732a 734a 734a 734a 734a 7b8b 736a 736a 736b 7bab 7bac 7bac 7bac 83ed 83ed 8c0e 8c0e 840e 840e 840e 8c0e 840e 840e 840e 840e 840e 840e 840e 8c2f 8c2f 8c2f 8c2f 8c2f 8c2f 8c2f 8c2f 8c2f 8c2f 8c2f 8c4f 8c4f 8c4f 8c4f 8c4f 8c4f 8c4f 8c4f 8c4f 9470 9470 9470 9470 9470 9470 9470 9490 9490 9490 9490 9490 9490 9490 9490 9490 9490 9490 9490 9490 9490 
7bac 7b8b 734b 6b09 5aa8 4a46 39c5 3184 2144 2944 2124 2945 39c6 4a47 4a27 39c5 41c4 6ac7 838a 8bcb 93eb 93eb 93aa 93aa 93a9 93aa 8baa 8baa 8bcb 8bcc 7bab 734a 5a88 5288 4a68 4a68 4269 4269 4269 4269 4269 4269 4248 4248 4248 4249 4249 3a49 4269 4269 4248 4248 4269 4269 4269 4269 3a48 3a48 4269 4289 4a89 4aaa 4aaa 4aaa 52ca 52ca 5b0b 6b8d 7c2f 8470 8430 7bee 73ad 7bce 842f 9491 a4f2 a4f2 9cb1 9c70 942e 9c4f 9c6f 9c4f 940e 93ee 9c2f a490 b513 acd1 a471 9c70 a470 a491 a491 9c90 9c90 a4d1 acf2 ad12 b512 b512 b532 b532 bd73 bd73 bd53 bd53 bd53 bd53 bd53 bd73 c573 c572 c572 bd31 bcf0 b4f0 b4d0 acaf ac8f a46e a46e a48f acaf acd0 acd0 acd1 acd1 bd53 bd73 bd53 c594 c5b5 bd53 acf2 acd2 acf2 acf2 a4f2 acd2 9cb1 8c0e 734b 7b8c 940e 9c6f 9c90 a4b0 a4d1 a4f1 a4f2 9470 83ee 7bad 83ce 8c0f 8c2f 9450 9471 9471 9450 8c10 8c30 9450 9451 9450 8c30 8c30 9450 9470 8c50 8c2f 8c0f 83ee 83ee 8c0e 83ee 83ce 83cd 8bee 942f 9450 9450 9c91 9c91 9c91 9cb1 a4f3 ad13 a513 ad13 ad33 b534 b534 ad33 acf2 acf2 acd1 acd1 acd1 acb0 acb0 acb0 b4d0 b4d0 b4d0 b4b0 ac8f ac8f ac8f ac8f a48f a48f a48f a48f ac8f acaf a48f a4af a4af accf acf0 b510 bd51 bd51 bd52 bd52 bd72 bd73 c593 c593 c5b4 c5b4 c5b4 c594 bd94 b553 ad12 a4f1 a4f1 9cb0 948f 944f 8c2e 83ed 7b8c 734a 734a 6b2a 734a 7b6b 7b8b 7b6b 734a 734a 738a 734a 6b49 736a 7bab 7bac 7bac 7bcc 83cd 83ed 840e 840e 840e 840e 840e 840e 840e 840e 840e 840e 840e 840e 8c2f 8c2f 8c2f 8c2f 8c2f 8c2f 8c2f 8c2f 8c2f 8c2f 8c2f 8c2f 8c4f 8c4f 8c4f 8c4f 8c4f 8c4f 8c4f 8c4f 8c4f 8c4f 9470 9470 9470 9470 9470 9470 9470 9470 9490 9490 9490 9490 9490 9490 9490 9490 9490 9490 9490 9490 
7bac 7b8b 736b 6b2a 5ac8 4a47 39c5 3184 2944 2945 2124 2945 4207 52a9 4a47 31a4 41a4 62c7 838a 8bcb 93eb 93eb 93ca 93ca 93a9 93aa 8baa 8baa 8bcb 8bcb 7b8b 732a 5a88 5288 4a68 4a68 4269 4269 4269 4269 4269 4268 4248 4248 4248 4248 4248 3a48 3a48 3a28 3a28 3a28 3a48 3a48 4248 4248 4269 4269 4269 4269 4289 4aaa 4aaa 4aca 5aeb 5b0b 632c 6b8d 73ef 8450 94b2 9cf2 9cf2 8c91 8c2f 8c2f 9470 9c91 9470 942f 940e 83ac 838c 8bad 940e 9c2e 940f 940e 9c2f a490 acd2 acd2 a491 9c70 9c70 9c70 9c90 9c90 a4d1 acf2 ad12 ad12 acf2 acd1 ad12 b553 bd73 c594 bd73 b532 b512 b512 bd52 c572 c572 bd31 b4d0 b4cf b4af acaf ac8f a46e 9c2e a44e ac8f acd0 acd0 acd0 a48f b532 bd33 b532 c594 cdb5 bd74 b533 b533 b513 ad13 ad13 ad13 acf2 9c91 8c2f 83cd 9c90 a4d1 a4d1 ad12 ad12 a4f2 ad12 9cb1 944f 8c0f 8c2f 9450 9450 9450 9c71 9c71 9450 8c30 9430 9471 9c91 9c91 9471 9450 9471 9491 9470 8c2f 8c0f 8c0f 8c0f 942f 8c0f 8c0e 8c0e 942f 9c90 9c91 9c91 a4d2 a4f2 9cb2 9cb2 ad13 b554 b554 b554 b534 b534 ad33 ad12 a4d2 a4b1 acd1 acd1 a4b0 a48f a46f a48f acaf b4b0 acaf ac6f a46e a46e a46f ac8f ac8f ac8f a46e a46e 9c2d 9c4e a46e a48f a4af a4af a4af a4af b510 b510 b510 b511 b531 bd52 bd93 c594 c5b4 bd94 bd94 c594 bd94 bd73 b532 acf1 a4f1 9cb0 948f 944f 8c2e 83ed 7b8b 6b2a 7b8b 736b 7b8b 8bed 8bed 7bac 7b6b 7b6b 736a 6b29 6b29 734a 7b8b 7bac 7bac 83cc 7bcc 83ed 83ed 840e 840e 83ee 83ee 840e 840e 840e 840e 840e 840e 8c2f 8c2f 8c2f 8c2f 8c2f 8c2f 8c2f 8c2f 8c2f 8c2f 8c2f 8c2f 8c2f 8c2f 8c4f 8c4f 8c4f 8c4f 8c4f 8c4f 8c4f 8c4f 8c4f 8c4f 9470 9470 9470 8c4f 8c4f 9470 9470 9470 9490 9490 9490 9490 9490 9490 9490 9cb1 9cb1 9cb1 9cb1 
7b8c 736b 6b2a 62e9 5aa8 4a46 39c5 3184 2144 2944 3186 4208 52aa 5aea 4a88 39e5 41c4 5a66 7b4a 93eb 93cb 93aa 93ca 93ca 93aa 93a9 8b8a 8baa 8bcb 83ab 7b6a 734a 5ac8 5267 4a68 52a9 4269 3a48 4269 428a 4269 4269 4268 4268 4248 4248 4269 4269 4248 3a48 3a27 3207 3a48 4269 4268 3a28 3207 3a48 4a89 4aaa 4aa9 4a89 4aa9 4aca 5aeb 5aeb 5aeb 634c 73ce 8471 94d3 9d13 a513 a513 a4f2 9cb1 9470 942f 8c0e 8bcd 838c 7b4b 730a 730a 7b4b 836c 838c 8bad 93ce 940f a471 acd2 acf2 acb2 9c50 942f 942f 9c90 9c90 9c70 9c70 a490 a4d1 acd1 a4b1 acf1 b532 bd73 bd53 b512 acf2 b512 b511 b511 b4f0 b4d0 b4d0 b4f0 acaf a44e a44e a44e 9c2d 9c0d 9c2e acaf acb0 a48f acb0 acf1 b532 bd73 c594 c595 c5b5 c5b5 bd74 bd54 b554 b554 b554 ad33 ad13 a4d2 a4b1 a4d1 acf2 b553 b574 b574 b553 ad33 a4f2 a4d2 9c91 9470 9c91 9491 9c71 9cb2 9cb2 9471 9470 9c91 9cb2 a4d2 9cb2 9471 9c91 9c91 9c91 9c91 9470 9450 9450 9c71 9470 9450 942f 9450 9c71 a4b2 a4d2 a4d2 a4d2 a4d2 a4d2 a4d2 ad13 ad33 b554 b574 b534 b533 acf2 a4d2 a4b1 a490 a490 a490 a470 a46f a44f a46f ac8f ac8f ac6e a44e a42e 9c0d 9c0d a44e a46e a44e 9c2d 9c2d 940c 9c2d 9c4d 9c4e a46e a46e a48e a4af a48e a4af acd0 acf0 b531 bd52 bd93 c5b4 c594 c594 bd94 c5b4 c5b4 c5b4 bd73 b553 ad32 a4f1 9cb0 944f 83ed 7b8b 734b 734b 7b8b 83cc 8c2e 9c6f 9c6f 942e 83ed 83ac 83cc 736a 6b29 734a 7bab 83cc 7bcc 7bac 83ed 83ed 840e 840e 83ee 83ee 83ee 840e 83ee 840e 840e 840e 8c2f 840e 840e 840e 840e 840e 8c2f 8c2f 8c2f 8c2f 8c2f 8c2f 8c2f 8c2f 8c2f 8c4f 8c4f 8c4f 8c4f 8c4f 8c4f 8c4f 8c4f 8c4f 8c4f 8c4f 9470 9470 9470 9470 9470 9490 9490 9490 9490 9490 9490 9490 9cb1 9cb1 9cb1 9cb1 9cb1 9cb1 
7b8c 736b 6b2a 62e9 52a8 4a46 39c5 3184 2964 2965 31a6 4a48 5b0b 6b4c 5ac9 4206 41a4 5245 7329 8beb 93cb 93ca 93ca 93ca 93aa 93a9 8b89 8baa 8bcb 8bab 838a 7b4a 62c8 5267 4a68 5289 4269 3a48 4269 4289 4269 4268 4248 4248 4248 4268 4269 4269 3a28 3a48 3a28 3a27 3a28 3a48 4248 3a48 4269 3a48 3a28 3a48 4289 4aca 52ca 52ca 5b0b 632c 6b8e 73cf 7c10 8450 8c71 8c71 a513 ad54 b574 ad33 a4d1 9c70 942f 8bee 7b4b 730a 6ac9 6ac9 72e9 7b0a 834b 838c 8bad 8b8d 8bad 940f a4b1 acf2 a4b1 9c50 8bee 8bee 8c0e 9c70 a4b1 a4d1 a491 9c70 a4b1 a4b1 acd1 acf1 acf2 acf1 acf2 b512 b4f1 b4d0 acb0 acaf b4af acaf ac8f ac8f a42d 9c0d 93cc 93ec 9c2d a46e a48f acb0 9c4f acb0 b512 c574 c5b5 cdb5 c5d5 c5b5 c5b5 bd95 bd95 bd95 bd95 b574 b554 ad33 ad12 b512 b533 bd74 bd94 bd94 bd94 b574 b554 ad33 a4f2 a4d2 a4d2 a4d2 a4b2 a4f2 a4f2 9c91 9c91 9cd2 a4d2 a4f2 a4d2 9c91 9cb2 9cb2 9cb2 9cb1 9c91 9470 9c71 9c91 9cb1 9c91 9c70 9c91 a4b2 acf2 ad13 ad13 a4f2 a4f2 a4f2 acf3 ad13 ad33 b554 b554 ad13 acf2 a4d2 a4b1 9c90 9c70 9c4f 9c4f 9c4f a46f a46f a48f a48f ac6f a46f a46e 9c0d 93cc 93cc 9c0d a44e 9c4e 9c2d 9c0d 9c2d 9c2d 9c2d 9c4d 9c4d 9c4d 9c4e a46e a46e a48e accf acf0 b511 b532 bd52 bd73 c594 c594 c5d5 c5d5 c5d5 c5b4 bd73 b553 b552 a4f1 946f 8c0e 83cc 7bac 7b8b 7bac 83ed 8c0d 8c0d 8c0d 942e 944e 946f 9c6f 8c2d 7bcb 734a 736a 7bab 7bcc 7bcc 7bcc 83ed 83ed 83ee 840e 83ee 83ee 840e 840e 840e 840e 840e 840e 840e 840e 840e 840e 840e 840e 8c2f 8c2f 8c2f 8c2f 8c2f 8c2f 8c2f 8c2f 8c4f 8c4f 8c4f 8c4f 8c4f 8c4f 8c4f 8c4f 8c4f 8c4f 8c4f 8c4f 9470 9470 9470 9470 9470 9490 9490 9490 9490 9490 9490 9490 9cb1 9cb1 9cb1 9cb1 9cb1 9cb1 
7bac 736b 6b2a 62e9 52a8 4a26 39c5 2964 2103 2124 2124 3185 4248 52ca 4a88 39e6 3983 5205 7309 8bcb 93eb 93ca 93ca 93ca 93ca 93a9 8b89 8baa 8baa 8bab 838a 7b6a 62e9 5268 4a48 4a89 4269 4248 4269 4289 4269 4248 4228 4248 4268 4269 4269 3a48 3a07 3a28 3a48 3a28 3a27 3a28 3a48 4248 4269 4a89 4a89 4289 4269 4aa9 52eb 5b4c 634c 6b6e 7bcf 7bf0 8410 8431 8c51 9491 9cb2 a4d2 acf3 b533 b554 b513 a491 940e 838b 7b4a 72e9 6ac9 6aa8 6aa9 72e9 7b0a 836c 838d 8bad 8bce 940f 9c70 a4b1 acf2 acf2 9450 8bce 8bee 942f 944f 9c90 a4b1 a4b1 9c90 9c70 9c70 a490 a4b0 acd1 acf1 acd0 acb0 acb0 acb0 ac8f a46e ac6e b4af a44e 9bec 8bac 93cc 9c0d 9c2e a46f acb0 9c4f a490 b512 bd73 c5b5 cdd5 cdd6 cdd6 c5d6 c5d6 c5d6 c5d6 c5d6 c5d6 bdb5 bd95 bd74 bd74 bd74 bd95 c5b5 c5d5 c5d5 bdb5 bd95 bd94 b554 ad33 ad53 ad33 a4f2 ad13 ad33 a4d2 a4d2 a4f2 a513 ad13 a4f2 a4d2 ad13 a4f2 a4f2 a4f2 a4d2 a4d2 a4d2 a4d2 acf2 a4d2 a4d2 a4f2 ad13 ad33 ad33 ad33 ad13 ad12 ad12 ad12 ad13 ad13 ad13 ad13 a4d2 a4b1 a491 9c70 9c50 9c4f 9c2f 9c2f 9c4f a46f a490 ac90 a48f a46f a46e a46e 9c0d 93ec 93cc 9c0d 9c2e 9c2d 9c0d 940d 9c2d 9c2d 9c2d 9c2d 9c4d 9c4e 9c4d 9c2d 9c4e a46e a4af accf acf0 b511 b532 bd52 bd73 c594 c5b4 c5d5 c5b4 bd94 bd93 bd73 b573 ad11 9c8f 8c2e 83ed 83ed 83ed 83ed 83cd 7bac 7b8b 7b8b 83cc 8c2e 9c8f a4d0 944e 83ec 736b 736b 7b8c 7bcc 83cd 83cd 83ed 83ed 83ed 83ee 83ee 840e 840e 840e 840e 840e 840e 840e 840e 840e 840e 840e 840e 840e 8c2f 8c2f 8c2f 8c4f 8c4f 8c4f 8c2f 8c4f 8c4f 8c4f 8c4f 8c4f 8c4f 8c4f 8c4f 8c4f 8c4f 8c4f 8c4f 8c4f 9470 9470 9470 9470 9470 9490 9490 9490 9490 9490 9490 9490 9cb1 9cb1 9cd1 9cb1 9cb1 9cb1 
7bac 738b 6b2a 62e9 52a7 4226 3184 2923 2103 2123 2103 1903 2965 4227 4a68 4247 3983 4a04 7308 8bcb 93eb 93ca 93ca 93ca 93ca 93a9 8b89 8baa 8baa 8baa 8b8a 838a 6b0a 5288 4a47 4a68 4269 4269 4269 4289 4269 4268 4248 4248 4268 4289 4269 4248 3a28 3a28 4248 3a28 3a28 3a27 3a28 3a28 3a07 4269 4aca 4aaa 4269 4269 4aaa 5b0b 6b4d 6b8d 73af 7bef 8410 8c31 9492 9cb2 9cb2 9c91 9450 9c70 acd2 b512 b512 acd1 a48f 9c4e 93cd 838b 7b2a 72e9 72c9 72c9 72ea 836c 8bee 8bee 83ad 838d 8c0f 9c71 acf2 a4b1 9c91 9c70 9450 942f 942f 9c70 9c90 9c6f 9c4f 9c4f 9c4f 9c6f a490 a490 acb0 acaf acaf acaf a46f a42e a42e a46e a44e 9c0d 93ec 93ec 940d 9c0d 9c4e a4b0 a4b0 acb0 acd1 b532 bd74 c5d5 cdf6 cdf6 c5d6 c5d6 c5d6 c5d6 c5f6 c5f6 c5f6 c5d6 c5b5 c5b5 c5b5 c5d5 c5f6 c5f6 c5f6 c5f6 bdb5 bdb5 bdb5 bdb5 bdb5 b594 ad33 ad53 b554 ad13 ad13 ad54 ad54 b554 ad54 ad13 b554 b534 ad33 ad33 b534 ad33 ad33 ad33 b533 ad33 ad13 ad13 b533 b553 b533 ad33 ad13 ad13 ad13 ad13 ad13 ad12 a4f2 a4f2 a4d1 a4b1 9c90 9c50 9c2f 942f 9c2f 9c4f 9c6f a490 a4b0 a4b0 a48f 9c6f 9c4e 9c4e a44e 9c4e 9c4e a44e 9c4e 9c2d 940d 940d 940d 942d 9c2d 9c2d 9c2d 9c2d 9c2d 9c4d a46e a46e a48e a48f acb0 acf0 b532 bd52 bd93 c594 c594 c594 bdb4 bd94 bd94 bd93 ad12 a4d0 946f 8c0d 83cc 7bac 7b8b 7b8c 7b8b 736b 734a 734a 7b8b 83ed 8c2e 944e 8c0d 7bab 736b 736b 7bac 83cc 83ed 83ed 840d 83ed 7bed 7bed 83ee 840e 840e 7bee 840e 840e 840e 840e 840e 840e 840e 840e 840e 840e 8c2f 8c2f 8c2f 8c4f 8c4f 8c4f 8c4f 8c4f 8c4f 8c4f 8c4f 8c4f 8c4f 8c4f 8c4f 8c4f 8c4f 8c4f 8c4f 8c4f 9470 9470 9470 9470 9490 9490 9490 9490 9490 9490 9490 9cb1 9cb1 9cb1 9cd1 9cb1 9cb1 9cb1 
7bac 738b 6b2a 5ae9 5287 4205 2943 18e2 2123 2965 3185 2944 2964 39c6 4a48 4a67 39a4 4a05 6ae8 8bab 8bcb 93ca 93ca 93ca 93ca 93a9 8b89 8b8a 8baa 8bab 8bab 838b 6b2a 5288 4a47 4a68 4269 4269 428a 4289 4269 4268 4248 4248 4268 4268 4268 4268 4248 4228 4228 3a28 3a28 3a28 3a28 3a28 3a28 3a28 4248 4aaa 5aeb 5b0b 52ca 4aaa 632c 6b4d 73ae 8410 8c50 8c50 8c50 8c30 9450 9c70 9c70 9c70 9c4f a46f ac90 acb0 b4d1 a490 9c4e 93ed 8bac 7b4b 72ea 72c9 6aca 7b2b 838d 8bce 8bee 83ce 83ad 83ad 942f a491 acf2 acf2 a4b1 9c70 942f 940e 942f 942f 942f 942f 942f 942e 942e 942e 9c4f a48f a48f a46f a44e a44e 9c2d 9c0d 9c0d 9c0d 9c0d 93ec 93cc 93ed 9c2e a46f acd1 acd1 acd1 b512 bd54 c5b5 cdd6 cdf6 c5d6 c5d6 c5d6 c5f6 c5f6 c5f6 c5f6 c5f6 c5d6 c5d5 c5d6 cdf6 ce16 ce16 c616 c5f6 c616 c616 c5f6 c5f6 c616 c5d5 bd94 bdb5 bd94 b574 b574 b594 b574 b594 bd95 b574 bd95 bd74 b574 b574 bd74 b574 b574 bd74 b574 b554 b554 b554 b554 b554 b553 ad33 b533 b533 ad33 ad33 ad33 ad13 acf2 a4f2 a4d2 a4b1 9c70 944f 942f 942f 9c4f 9c6f a490 a490 a490 a4b0 a490 a48f 9c6f 9c4e a46f a48f ac8f a48f 9c6e 942d 940d 940d 942d 942d 9c4e 9c2d 940d 940d 9c0d 9c2d a46e a46e a46e a48e a4af acf0 b532 bd52 c593 bd93 bd93 c594 c5b4 c5b4 bd93 bd73 acf1 a4d0 9c6f 8c0d 7bac 734b 734a 734b 7bac 7b8b 7b8b 7bac 83cc 83ed 83ed 83ed 7b8b 7b6b 736b 7b8b 83cd 83ed 83ed 83ed 840e 83ee 7bed 7bee 7bee 840e 840e 7bee 840e 840e 840e 840e 840e 840e 840e 840e 840e 840e 8c2f 8c2f 8c2f 8c2f 8c4f 8c4f 8c4f 8c4f 8c4f 8c4f 8c4f 8c4f 8c4f 8c4f 8c4f 8c4f 8c4f 8c4f 8c4f 9470 9470 9470 9490 9490 9490 9490 9490 9490 9490 9490 9cb1 9cb1 9cb1 9cb1 9cb1 9cb1 9490 9490 
738c 6b6b 632a 5ac8 5287 39e5 2943 18c1 2102 3185 4207 41e7 39c6 31c6 39e6 4226 39a4 49c4 62a7 838a 8bcb 93ca 93ca 93ca 93ca 93a9 8b89 8ba9 8baa 8baa 8baa 83ab 734b 5aa9 4a48 4a68 4269 4269 428a 4289 3a48 4268 4248 4248 3a48 3a27 3a48 4248 4269 4228 3a07 3a28 4228 4228 3a28 3a28 4248 3a28 4228 4aaa 5b2c 636d 5b2c 52ca 630c 6b4c 738d 83ef 8c30 8c50 8c30 8bef 83ce 8bee 940e 940e 93ee 9c0e 9c0e 9c0d 9c4f 9c2e 940e 940e 93ed 8bad 838c 836b 7b4b 7b2b 7b2b 7b6c 83ad 8bce 83ce 83cd 942f 9c70 a491 9c91 a491 a4b1 a4b1 9c70 940f 940e 940e 942f 942e 940e 8bed 8bed 940e 9c4f a44f 9c4e a44e a46f a44e 9c2d 9c0d 9c2d 9c2d 93ed 93cc 93ed 9c2e 9c4f a4b0 a4b0 acd1 b512 bd74 c5b5 c5d6 c5d6 c5d6 c5d6 c5f6 c5f6 c5f6 cdf7 c616 cdf6 cdd6 cdd6 cdf6 ce16 ce17 ce37 ce16 c5f6 ce57 ce57 c616 c5f6 c616 c5f6 bdd5 c5f6 bdd5 b594 bdb5 bdd5 bdb5 bdb5 c5d5 bdb5 c5b5 bd95 bd95 bd95 bdb5 bdb5 bd95 bdb5 bd95 bd95 bd94 bd94 bd74 bd74 b574 b554 b553 b553 b533 b533 ad33 ad13 acf2 a4d1 acd2 a4b1 9c70 942f 942e 942f 9c70 a490 a490 9c90 9c70 a4b0 a4b1 a4d0 a490 9c6f a46f a48f acb0 a4af 9c6f 944e 942d 942d 9c4e 9c4e 9c4e 942d 93ec 8bcc 93ec 9c0d 9c2d 9c4d a46e a48f acb0 acd0 b511 b532 bd52 bd52 bd73 bd93 c5b4 bdb4 b552 ad32 b552 ad11 a4d0 944e 83cc 736b 736b 7b8b 7b8b 7b8b 7bac 83cc 83ed 8c0d 8c0d 83ed 7b6b 736b 736b 7bac 83cd 83ed 83cd 83cd 83ee 83ee 7bee 7bee 7bee 7bee 7bee 7bee 840e 840e 840e 840e 840e 840e 840e 840e 840e 840e 8c2f 8c2f 8c2f 8c2f 8c2f 8c2f 8c4f 8c4f 8c4f 8c4f 8c4f 8c4f 8c4f 8c4f 8c4f 8c4f 8c4f 8c4f 9470 9470 9470 9470 9490 9490 9490 9490 9490 9490 9490 9490 9cb1 9cb1 9cb1 9cb1 9cb1 9490 9490 9470 
6b8c 6b4b 5ae9 52a8 4a67 39e5 2943 18e1 2103 3185 4207 4a28 39e7 31a5 2984 3184 3163 4183 5a46 7b6a 8bcb 93eb 93ea 93ca 93a9 93a9 8b89 8ba9 8baa 8baa 8baa 83ab 734b 5aa9 4a68 4a69 4269 4269 428a 428a 4269 4268 4268 4248 3a27 3a27 3a48 4268 4248 4228 3a07 3a28 4228 4228 4248 4248 4228 4228 4269 4aaa 5aeb 5b0b 632c 632c 6b4c 6b4c 736d 7bce 840f 8c2f 8c0f 8bee 83ce 7b8c 730a 6ac9 7309 836b 8b8b 8bac 8bac 8bac 8bcd 93ed 940e 940e 9c0e 9c2f 8bcd 838c 7b4b 732b 732b 7b6c 83ad 83ce 8bee 8c0f 9450 9c91 a4b1 a4b2 a4b1 9c90 9c70 942f 940e 940e 940e 8bed 8bcd 8bcd 8bed 93ed 93ed 940d 9c0e 9c4e a46f a48f a46e 9c4e 9c2e 9c0d 940d 93ed 940d 9c4f a490 acd1 ad12 b533 bd53 bd74 c595 c5d5 c5f6 c5f6 cdf6 cdf6 ce16 ce16 ce17 ce17 ce16 cdf6 cdf6 ce16 ce17 ce37 ce16 c616 ce57 ce57 c616 c616 ce16 c5f6 c5d5 c5f6 c5f6 bdd5 bdd5 c5f6 c5d5 c5d5 c5f6 c5f6 c5d6 c5d5 bdb5 c5d5 c5d5 c5d5 c5d5 c5d6 bdb5 bdb5 bdb5 bdb5 bdb5 bdb5 bd95 bd95 b553 b553 b553 b533 ad33 ad12 a4f2 a4d1 acd2 a4b1 9c70 942f 942f 944f 9c70 a490 9c90 9c90 9c90 a4b1 acd1 acf1 a4d1 a4b0 a490 a4b0 a4b0 a4af a48f 9c6f 9c6e 9c6e 9c4e 9c4e 9c4e 940d 8bcc 8bac 93cc 940d 9c0d 9c2d 9c4e a46e a48f acb0 acd0 acf1 acf1 b511 b532 bd53 bd93 bd73 b572 b552 b552 ad32 a4d0 9c6f 8bed 7b8b 736b 7b8b 736b 7b8b 7b8b 7bac 7bac 83cc 83cc 83cc 7b8b 7b6b 736b 7b8c 7bcd 83cd 7bcd 7bcd 7bcd 83ee 83ee 83ee 7bee 7bee 7bee 7bee 840e 840e 840e 840e 840e 840e 840e 840e 840e 840e 8c2f 8c2f 8c2f 8c2f 8c2f 8c2f 8c4f 8c4f 8c4f 8c4f 8c4f 8c4f 8c4f 8c4f 8c4f 8c4f 8c4f 9470 9470 9470 9470 9470 9470 9470 9470 9490 9490 9490 9490 9490 9cb1 9cb1 9cb1 9cb1 9cb1 9490 9490 9470 
6b6c 632b 5ac9 5288 4a47 41e5 2963 2102 18e2 2103 3165 31a6 2965 2102 18c1 18c1 2922 3142 5205 7b49 8beb 940b 93eb 93ca 93a9 93a9 8b89 93a9 93aa 8baa 8baa 8bab 734b 5aa9 4a68 4a89 4a69 4269 4289 428a 4289 4289 4268 4248 3a48 3a28 4248 4269 4248 3a27 3a07 3a28 4228 4228 4248 4a69 4a89 52aa 52ca 5b0b 632c 6b4c 6b6d 738d 6b6c 736d 7bad 7bce 83ee 83ee 83cd 83ad 7b6b 7b6b 7b4a 7309 72c8 72a8 6aa7 6a87 72e9 7309 732a 7b4b 836c 8b8c 93ee 9c2f a490 9c4f 940e 8bed 83cd 83ad 7b8c 7b6c 83cd 83ce 8bef 9450 9c70 9c70 a4b1 acf2 acf2 9c70 940e 8bee 8bee 8bee 8bcd 8bcd 8bac 838b 836b 83ac 8bcc 93ed 9c2e ac90 acb0 9c4e 940d 9c2e 940e 8bcd 93ed 9c4f a490 acf1 b533 b553 b533 b533 bd74 c5d6 cdf6 cdf6 ce16 ce16 ce16 ce17 ce17 ce37 d637 d617 ce17 ce17 ce37 ce37 ce17 ce16 c616 ce16 ce16 ce36 ce57 ce16 c5f5 c5f6 c616 c5f6 c5f6 c616 c5d6 c5d6 c5f6 c5f6 c5f6 c5f6 c5f6 c5f6 c5f6 c5d6 c5f6 c5f6 c5b5 c5d5 c5b5 c5b5 c5b5 c5b5 c5b5 c5b5 bd94 bd94 b574 b553 b553 ad33 ad12 acf2 acd1 a4b1 9c70 9c4f 944f 9c6f 9c90 a4b1 a4b0 a4b0 a4b0 a4d1 acf1 acf2 acf1 a4d1 acd1 a4b0 a4b0 a490 a490 a490 9c8f 9c6f 9c6f 9c4e 942e 8bed 8bcc 8bcc 93ed 9c0d 9c2d 9c2d 9c2d 9c4e 9c4e a48f acb0 acd0 acd0 acf1 b511 b532 b552 bd72 bdb3 c5b4 bd93 b552 ad11 a4b0 9c4f 8c0d 83cc 7bac 7bac 7bac 7bac 7b8c 7b6b 736b 734b 734b 7b8c 7b6b 736b 7b8c 7b8c 7bad 7bcd 83cd 7bcd 83ee 83ee 83ee 7bee 7bee 7bee 7bee 840e 840e 840e 842e 8c2f 840e 840e 840e 840e 840e 8c2f 8c2f 8c2f 8c2f 8c2f 840e 8c2f 8c4f 8c4f 8c4f 8c4f 8c4f 8c4f 8c4f 8c4f 8c4f 9470 9470 9470 9470 9470 9470 9470 9470 9470 9470 9470 9490 9490 9490 9cb1 9cb1 9cb1 9cb1 9cb1 9490 9490 9470 
6b6c 632b 52c9 4a88 4a67 4206 3184 2103 18a2 18c2 18a2 10a2 2103 2103 18c1 18e1 2902 3142 5246 7b4a 83ab 8bcb 93eb 93ca 8ba9 93a9 9389 93aa 93aa 93aa 93aa 8b8b 7b4b 62c9 5268 4a68 4a89 4269 4269 4289 4289 4aa9 4aa9 4a89 4248 3a28 3a28 3a49 4248 4268 4268 3a48 3a27 4248 4248 4228 4269 5289 5acb 630c 634c 6b6d 73ae 7bce 7bad 7bad 7bad 83cd 8c0e 8c0e 8bcd 83ac 836b 7b4a 7309 72e9 72c8 72c8 72a8 6a87 6288 6288 6a88 6aa8 6ac9 72ea 7b2b 834b 93ee 9c2f a491 a4b1 9c90 942f 8c0e 8bee 734c 7b6d 83ef 9470 9471 8c2f 8c2f 9c50 acf2 acf2 a4d2 a491 9450 940f 940f 940f 8bcd 838c 838c 93cd 8bed 8bac 8bad 940e a490 acb0 acd1 9c6f 940e 8bcd 8bed 8c0e 9c70 a4d1 ad12 b553 bd74 b574 bd94 bd94 c5d5 c5d6 c5f6 ce16 ce16 ce16 ce37 ce37 ce17 ce16 ce16 ce16 ce16 ce36 ce37 ce36 ce16 ce16 ce16 ce16 ce16 ce16 ce16 ce16 c5f6 c5d6 c5d6 c5d6 c5d6 c5d6 c5f6 cdf6 c5d6 c5d6 c5d6 c5f6 c5f6 cdf6 cdf6 c5f6 cdf6 c5f5 c5d5 c5d5 c5d5 c5d5 c5d5 c5d5 c5b5 c5b5 c5b5 bd94 b574 b533 ad12 acf2 acf2 acd1 acd1 a4b0 a490 a490 9c90 a490 a4d1 a4d1 acf1 acf2 ad12 ad12 acf2 a4d1 a4b0 a4b0 a4b1 a4d1 acd1 a4d1 a4b0 9c90 9c6f 944f 942e 93ed 8bec 93ed 93ed 9c0d 8bac 93ed 9c2e 9c4e 9c4e 9c4e a46e a48f a48f acd0 b511 bd72 c5b3 c5b3 c5b3 c593 bd52 b532 b511 acf1 acd1 a4b0 9c6f 942e 83cd 83cd 7bac 736b 732b 6b2b 734b 736c 6b2b 6b2b 734b 7b8c 83cd 840e 840e 83ee 83ee 83ee 83ee 83ee 7bee 7bee 840e 840e 840e 840e 840e 840e 840e 840e 840e 840e 840e 8c2f 8c2f 8c2f 8c2f 8c2f 8c2f 8c2f 8c4f 8c4f 8c4f 8c4f 8c4f 8c4f 8c4f 8c4f 8c4f 8c4f 9470 9470 9470 9470 9470 9470 9470 9470 9470 9490 9490 9490 9490 9cb1 9cb1 9cb1 9cb1 9cb1 9cb1 9cb1 9470 8c4f 
6b6d 634b 5aea 52a8 4a67 4206 39a5 2943 20e3 2103 18c2 18c2 2103 2123 18e2 1902 2101 2922 4a26 7329 83ab 8beb 940b 93ea 8ba9 93a9 9389 93a9 93aa 93aa 93aa 8b8a 7b6b 62e9 5268 4a68 4a68 4248 3a48 4269 4289 4289 4aa9 4aa9 4a89 4269 4249 4249 4268 4289 4aca 52ca 52ca 52ea 52ca 52aa 4a49 4a69 528a 52aa 5aeb 6b4c 738d 7bce 840f 7bce 7bad 83cd 8bee 8c0e 8bed 8bac 72e9 72e9 72a8 6aa8 6a87 6a87 6a88 6aa8 6ac9 6aa8 6288 6288 6aa9 72c9 72e9 72c9 7b2b 836c 8bce 940f 9c2f 942f 942f 942f 8c2f 7b8d 6b2c 7b8d 9450 9c91 9450 8c0f 8c0f 9450 a491 a4b2 a491 9c70 9c50 9c50 93ee 9c2f 9c2f 8bcd 838c 8bcd 8bee 8bed 940e 942f 9c70 a4b0 a4b1 a4b0 9c70 944f 942f 9c90 acf2 b553 bd74 bd94 bd94 bdb5 c5b5 c5d5 c5d6 c5f6 c5f6 ce16 ce37 ce37 ce37 d637 d637 d637 d636 d636 ce36 ce36 ce36 ce16 ce16 ce15 ce15 ce15 ce16 ce16 c5f6 c5d6 c5d6 c5d6 c5d6 c5d6 cdf6 cdf6 cdf6 cdf6 cdf6 cdf6 ce16 ce17 ce17 ce16 ce16 cdf5 cdf5 cdf5 cdf5 cdf5 cdf5 cdf5 c5f5 c5f5 c5d5 bdb4 bd94 b574 b553 b533 ad12 acf2 acf2 acd1 a4b1 a4b1 a4b0 a4b1 acd1 acd1 acf1 acf2 acf2 acf2 a4d1 a4b1 a491 a4b1 acd1 acd2 acd2 a4b1 a4b1 9c90 9c4f 944f 942e 942e 942e 942d 940d 93ec 93ed 93ed 93ed 93ed 940d 9c0d 9c4e a46e acaf acd0 b511 bd52 c592 c5b3 c5b3 c5b3 c593 bd73 bd32 b512 acf1 acd1 9c90 9c6f 942f 8bee 7bad 734b 732b 732b 734c 734c 6b2b 734c 7b8d 83cd 83ee 83ee 83ee 83ee 83ee 83ee 83ee 83ee 7bee 7bee 7bee 7c0e 840e 840e 840e 840e 842e 842e 840e 840e 8c2f 8c2f 8c2f 8c2f 8c2f 8c2f 8c2f 8c2f 8c2f 8c4f 8c4f 8c4f 8c4f 8c4f 8c4f 8c4f 8c4f 8c4f 9470 9470 9470 9470 9470 9470 9470 9470 9490 9490 9490 9490 9490 9cb1 9cb1 9cb1 9cb1 9cd1 9cb1 9cb1 9470 8c2f 
6b6c 634b 5b0a 52a8 4a67 4206 39c5 3164 2944 2924 2103 20e3 2103 2123 1902 2122 2101 2922 41e5 6ae8 838a 8beb 93eb 93ca 8ba9 93a9 93a9 93a9 93aa 93aa 938a 8b8a 838b 6b0a 5a88 4a68 4268 4248 4248 4289 3a48 3a48 3a48 4248 4269 4289 426a 4269 4269 4aa9 52ca 52eb 5b0c 634c 634d 634d 632d 632c 630c 630c 632c 6b6d 738e 7bce 840f 83ee 7bad 7bad 7b8d 7b8c 838c 838c 7b0a 72e9 72a8 6a67 6246 6246 6a87 72a8 72c9 6ac9 6aa9 6aa9 6aa9 6aa9 6aa9 6aa8 72ca 7b2b 838d 940e 9c4f 9c70 9c90 9c91 9cb1 9c91 9450 8c0f 8bef 8c0f 9c70 a4b2 a4d2 9c91 9c70 9c70 9c91 9c71 9430 8bee 838d 8bcd 93ee 940e 93ee 8bcd 838d 838c 940f 9c4f a4b1 acf2 ad12 acf2 9c90 8c0e 9c6f 9c90 acd1 acf1 b532 b553 bd73 bd94 bd94 bdb4 c5b5 c5d5 c5d5 c5f5 ce16 ce37 ce37 d637 d657 d657 d637 ce37 ce37 ce37 ce36 ce36 ce16 c5f5 c5f5 c5f5 ce16 ce16 ce16 cdf6 c5d6 c5d6 c5d6 cdf6 cdf6 cdf6 ce17 cdf6 cdf6 cdf6 ce16 ce17 ce37 ce37 ce16 ce16 cdf6 ce16 ce16 ce16 cdf6 c5f5 cdf6 c5f6 c5d5 c5d5 c5d5 bdb5 bd94 b574 b553 b553 b533 b533 acf2 acf2 a4d1 a4d1 acf1 acf2 acf2 acf2 acf1 a4d1 a4d1 a4b1 a4b1 acd1 acd2 acf2 a4d1 a4b1 a4b1 a4b1 9c90 9c6f 942e 942e 942e 942d 942d 940d 940d 93ed 93cc 93cc 940d 9c2e a44e a46f acb0 acb0 acd0 b511 bd52 c593 c593 c593 c593 bd73 bd53 b532 acf1 acd1 a4b0 9c90 9c6f 8c0e 7bad 7b6c 7b8c 7b8d 7b8c 736c 734b 7b8c 83ce 83ee 83ee 83ce 83ce 83ee 83ee 83ee 840e 840e 7bee 7bee 7bee 7c0e 840e 840e 840e 842e 842e 842e 842e 842e 8c2f 8c2f 8c2f 8c2f 8c2f 8c2f 8c2f 8c2f 8c2f 8c4f 8c4f 8c4f 8c4f 8c4f 8c4f 8c4f 8c4f 8c4f 8c4f 9470 9470 9470 9470 9470 9470 9490 9490 9490 9490 9490 9cb1 9cb1 9cb1 9cb1 9cb1 9cd1 9cd1 9490 8c4f 8c2f 
6b6c 634b 5b0a 52a8 5267 4a27 41e6 39a5 3164 3165 2924 2124 2124 2123 2123 2122 2102 2922 41c4 62a7 7b8a 8beb 93eb 93ca 8ba9 93a9 93a9 93a9 93aa 8baa 8b8a 8b8a 83ac 6b2a 5aa9 4a68 4a69 4289 4a89 4aca 4269 3a48 3a07 3a07 3a28 4248 4269 4269 4a89 4aca 52eb 5b2c 636d 6b8e 73af 73cf 7bef 7bcf 73af 73ae 738e 738e 738d 736d 7bae 83ce 83ce 7b8d 732b 6aea 730a 7b2a 7b2b 7b2a 7ae9 6aa8 6a67 6246 6246 6247 6a88 6aa9 72c9 72e9 72c9 72c9 72c9 72c9 6a88 6aa9 72ea 7b2b 838c 8bce 942f 9c70 9450 9c70 9c71 9450 8c2f 9450 9c91 a4d2 ad13 9cb1 9450 9430 9c71 9c91 9c70 942f 942f 8bad 7b6c 7b8c 83ad 8bcd 8bce 8bcd 8bee 942f a491 acd2 acf2 ad12 acd2 a4b1 a4b0 a4b0 acd1 acf1 b512 b532 b533 b553 bd73 bd94 bd94 c5b4 c5b5 c5d5 cdf6 ce16 ce16 ce37 d657 d657 ce37 ce16 ce16 ce37 ce36 ce16 ce16 c5f5 c5d5 c5d5 c5f5 c5f5 ce16 cdf6 cdf6 c5d5 c5d6 c5d5 cdf6 ce16 d617 ce16 cdf6 cdf6 ce16 ce16 ce37 ce36 ce16 ce16 cdf6 cdf6 ce16 ce16 ce16 cdf6 c5d5 c5f6 cdf6 ce16 ce16 c5f6 c5d5 bdb5 bd94 bd94 bd74 b553 b533 ad12 acf2 acf1 acf2 ad12 ad12 ad12 acf1 a4d1 a4d1 a4d1 acd1 acd1 acd2 acd2 a4b1 a491 9c90 9c90 9c90 9c70 944f 942e 942e 942e 942d 942d 942e 9c0e 9c2e 9c2e 9c4e a46f a46f a46f a48f a48f a4af acd0 b511 bd52 bd72 bd72 bd52 bd53 bd52 b532 acf1 acd1 a4b0 a4b0 944f 8c0e 83ee 83ee 8c0e 8c0e 83ce 7bad 736c 7bad 83ee 8bee 83ee 83ce 83ce 83ee 83ee 83ee 840e 840e 7bee 7bee 7bee 7c0e 840e 840e 840e 842e 8c2e 8c2e 8c2e 842e 8c2f 8c2f 8c2f 8c2f 8c2f 8c2f 8c2f 8c2f 8c2f 8c4f 8c4f 8c4f 8c2f 8c2f 8c4f 8c4f 8c4f 8c4f 8c4f 9470 9470 9470 9470 9470 9490 9490 9490 9490 9490 9490 9cb1 9cb1 9cb1 9cb1 9cb1 9cd1 9cb1 9490 8c4f 840e 
738c 6b4b 630a 5ac9 52a8 5267 4a27 41c5 3185 3165 2945 2945 2144 2144 2123 2102 2902 2922 39a3 5a66 7b69 8beb 93ea 93ca 93a9 8ba9 93a9 93a9 8baa 8baa 8b8a 8baa 838b 6b0a 5aa9 4a68 4a68 4289 4aaa 4aca 4aca 4a89 4268 4228 3a27 4228 4249 4289 4aaa 52eb 5b2c 6b8e 73cf 7bf0 7c10 7c10 8431 8431 8431 8431 8c30 8410 83ef 83ef 83ce 83ee 83ee 83ad 734c 6aea 6ac9 6ac9 6aa8 6ac9 72c9 72e9 72c9 6a88 6226 59e5 5a26 6247 6a88 72c9 72ca 72ca 72c9 72c9 72ea 730a 72ea 6aca 6ac9 6aea 7b2b 838c 940f 8c2f 942f 942f 9450 9c70 9470 942f 9450 9c91 a4d2 a4d2 a4b2 9c91 9cb2 a4b2 a491 9c91 8c0f 7b8d 83ad 942f 9450 8bee 8bce 940f 9c70 a4b1 acf2 b533 b554 b533 acd1 acd1 b4f1 b512 b532 b532 b532 b532 bd53 bd73 bd94 c5b4 c5b4 c5d5 c5d5 c5f5 ce16 ce16 ce37 ce37 ce37 ce17 ce16 ce16 ce16 ce16 cdf6 c5d5 c5d5 c5d5 c5d5 c5b5 c5d5 cdf5 cdf6 c5d5 c5b5 c5b5 cdd5 cdf6 ce16 cdf6 cdf6 cdf5 cdf6 ce16 ce16 ce36 ce36 ce16 ce16 cdf6 cdf6 cdf6 ce16 ce16 c5d5 c5f6 ce16 ce17 ce16 ce16 c616 ce16 c5d5 c5d5 bd95 b574 b553 ad33 ad12 ad12 b532 b532 b532 ad12 ad12 acf1 acf1 acf1 acf1 acd1 acd1 a4b1 a4b1 a490 9c70 9c4f 944f 9c6f 9c90 9c90 9c6f 9c4e 942e 940d a46f a48f a490 a48f a48f a46f 9c6f 9c6f a48f a48f a4af acd0 b511 bd32 bd52 bd52 bd52 bd53 bd73 bd53 b512 acf1 a4d1 a4d1 9c70 944f 944f 944f 9470 9450 8c2f 8c0e 83ce 83ee 8c0e 8c0e 840e 83ee 83ee 83ee 83ee 83ee 83ee 83ee 83ee 83ee 7c0e 7c0e 840e 840e 840e 842e 8c2e 8c2e 8c2e 8c2e 8c2f 8c2f 8c2f 8c2f 8c2f 8c2f 8c2f 8c2f 8c2f 8c4f 8c4f 8c4f 8c2f 8c2f 8c2f 8c4f 8c4f 8c4f 9470 9470 9470 9470 9470 9470 9490 9490 9490 9490 9490 9cb1 9cb1 9cd1 9cd1 9cb1 9cb1 9cd1 9cb1 9470 8c2f 8c2f 
73ad 738c 6b4a 6309 62e9 5ac8 5267 41e6 39a6 3185 3165 2965 2944 2144 2144 1902 20e1 2922 3962 5245 7b49 93eb 93ea 93ea 93c9 8ba9 93a9 93a9 8ba9 8baa 8baa 8baa 7b8b 6b2a 5aa9 4a68 4248 4269 4269 428a 4289 4a89 4a89 4a89 4a69 4a69 4aaa 52ca 52eb 52eb 52ec 5b2c 636d 6bae 7bf0 8431 9492 9492 9492 9492 9cb2 9c92 9c92 9c92 8c30 8c0f 83ee 83cd 83ad 7b4b 6aca 6288 6267 6267 6267 6a88 72a8 72c9 6aa8 6a88 5a26 5a26 5a27 6268 72a9 72ca 72c9 6a88 7b0a 834b 8b6d 8b8d 836c 7b4c 7b4b 7b4b 83cd 8bee 8c2f 942f 8c2f 8c2f 8c2f 942f 9450 9c91 a4d2 a4f3 a4d2 a4d2 a4d2 a4f3 9c91 a4b2 9cb1 9470 9450 9450 9450 942f 9c70 9c70 9c71 a4b1 b533 bd74 b554 ad13 bd33 b532 b4f2 acf1 acd1 acf1 b512 b532 bd53 bd73 bd94 c5b4 c5b4 c5d5 c5d5 c5f5 c5f6 c616 c616 ce16 ce16 ce16 ce16 ce16 cdf6 c5f6 c5f6 c5d5 c5d5 c5b5 c5b4 bd94 c5b5 c5d5 cdd5 c5d5 c5b5 c5b4 cdd5 cdf5 cdf5 cdd5 c5d5 c5d5 cdf5 ce15 ce16 ce16 ce16 ce16 cdf6 cdf6 ce16 ce16 ce36 ce36 ce16 ce16 ce16 ce16 ce16 ce17 ce37 ce57 c5f6 c5f6 c5d5 bdb5 b574 b573 b553 b553 b553 b553 b553 b532 b512 ad12 acf1 acf1 acf1 acd1 a4b1 a490 a490 a490 9c70 9c4f 9c6f 9c90 a4b0 a4b0 9c90 9c6f 9c6f 9c6f a4b0 a4b0 acb0 a4b0 a490 a48f a46f a48f a48f a48f acb0 acd0 b511 b531 bd52 bd52 bd73 bd73 bd73 bd73 b532 ad12 acf1 a4d1 a4d1 a4d1 9c90 9c90 9470 9470 944f 944f 8c2f 8c2f 8c0f 8c0e 840e 83ee 83ee 7bcd 83ee 83ee 83ee 83ee 83ee 83ee 7c0e 83ee 840e 840e 840e 842e 8c2e 8c2e 8c2e 8c2e 8c2f 8c2f 8c2f 8c2f 8c2f 8c2f 8c2f 8c2f 8c2f 8c4f 8c4f 8c4f 8c2f 8c2f 8c2f 8c4f 8c4f 9470 9470 9470 9470 9470 9470 9490 9490 9490 9490 9cb1 9cb1 9cb1 9cb1 9cd1 9cb1 9cb1 9cb1 9cd1 9490 8c4f 8c2f 8c2f 
738c 738c 736b 6b4b 6b2a 6309 5aa8 5247 4207 39a6 3185 3185 2944 2144 2144 1902 20e1 3121 3962 5204 7328 8bca 93ca 93ea 93c9 93c9 8ba9 8ba9 8ba9 8baa 8baa 8baa 7b8b 6b4b 5ac9 4a68 4248 3a48 4249 4269 3a28 4248 4268 4a89 5289 52ca 5b0b 5b2c 5b2c 5b0b 52eb 5aeb 5b0c 6b6d 7bcf 8430 8c72 9492 9492 9492 9491 9c91 9c91 9c91 9c71 9450 8c0f 8bee 8bad 836c 730a 6aa8 6a88 6267 5a26 5a26 6267 6aa8 72c9 72e9 6288 6268 6267 6268 6a68 6a88 6a88 6a88 6247 6268 72ca 7b2b 836c 8bad 8bce 8bee 838d 7b6c 7b8c 83cd 942f 942f 942f 944f 9470 9450 9450 9471 9cb2 a4f3 ad13 ad14 ad13 9cb2 9cb1 9cb2 9491 8c2f 9471 acf3 9c91 9c91 9c91 a4d2 b534 bd75 bd75 b533 c574 bd73 b512 acd1 a4b0 a4b1 acf2 b553 bd73 bd74 c594 c5b5 c5d5 cdf5 cdf6 ce16 ce16 c616 c5f6 c5f6 ce16 ce16 ce16 c5f6 c5f6 c5f6 c5d5 c5d5 c5b5 c595 bd94 bd94 c594 c5b4 c5b4 c5b4 c594 c594 c594 c5b4 c5b4 c5b4 c5b4 c5b4 c5d5 c5f5 c5d5 c5d5 c5d5 c5d5 c5d5 cdf6 ce16 ce37 ce37 ce37 ce37 ce17 ce16 ce37 ce37 ce57 ce37 ce37 c5f6 c5f6 c5f6 c5d5 bdd5 bdb4 bdb4 bdb4 bd94 bd94 bd73 b553 b532 b512 ad12 acf1 acf1 acd1 acd1 acb1 a4b0 a4b0 a490 a490 a4d1 a4d1 a4b1 9c90 9c90 a4b0 a4d1 ad12 acd1 a4b0 acb0 acb0 acb0 acb0 a4b0 a4b0 a48f a4b0 acb0 acd0 acf1 b511 b532 bd53 c573 bd73 bd73 bd73 b553 b532 b512 ad12 ad12 a4f1 a4d1 9c90 9470 944f 8c4f 8c2f 8c0e 8c0e 840e 83ee 83ee 83ed 7bcd 7bcd 7bcd 7bed 7bed 7bed 7bed 83ed 83ed 83ee 83ee 83ee 840e 840e 840e 8c2f 8c2f 8c2f 8c2f 8c2f 8c2f 8c2f 8c2f 8c2f 8c2f 8c2f 8c4f 8c4f 8c4f 8c4f 8c2f 8c2f 8c2f 8c4f 8c4f 9470 9470 9470 9470 9470 9470 9490 9490 9490 9490 9cb1 9cb1 9cb1 9cb1 9cd1 9cb1 9cb1 9cb1 9cd1 9490 8c2f 8c2f 8c4f 
6b6b 738b 738b 738b 736b 6b2a 62e9 5aa8 4a27 39c6 3186 3185 2944 2165 2164 1903 20e1 3122 3962 4a04 7308 8baa 8baa 93ca 93ca 93c9 8ba9 8ba9 8ba9 8ba9 8baa 8baa 83ac 734b 62ea 5289 4269 4249 4249 4249 4248 4248 4248 4a68 5289 52ca 5b2c 634c 6b6d 636d 6b6d 6bae 73ae 73ae 7bcf 7bef 8c50 9471 9cb2 9cb2 9cb1 9c91 9c91 9c91 9c91 9c91 9c70 940f 8bad 7b4c 7b2a 7b0a 6aa8 6288 6247 6227 6247 6267 6a67 6a67 72c9 72ea 7aea 6aa9 6247 6227 6a68 72a9 72ca 6a68 5a07 51e6 6248 72ea 836c 8bce 9c4f 942f 942f 9c70 944f 8c0e 8c0f 9450 9470 9470 9470 9470 9471 9491 9cb2 9cd2 a513 a513 a4f3 a4f3 a4d2 9cd2 9cb2 9c91 a4d2 acf3 acf3 acd3 acf3 ad13 b534 b533 b513 bd53 bd53 b553 b532 ad12 b512 b533 bd74 bd94 bd94 c5b5 c5d5 cdf6 ce16 ce37 ce37 c616 c5f6 c5f6 c616 ce16 c5f6 c5f6 c5f6 c5d5 c5d5 c5b5 c595 bd94 bd94 bd74 bd73 bd53 b553 bd53 bd73 bd73 bd73 bd53 bd73 bd73 bd73 bd94 c594 c5b4 c5b4 bdb4 bd94 bd94 c5b5 c5f6 ce16 ce37 ce37 ce36 ce37 ce16 ce16 ce37 d678 d678 ce16 c5d5 c5f6 c5f6 c616 c616 c5f6 c5f5 c5d5 c5d5 c5b5 bd94 bd73 b553 b532 b532 ad12 acf1 acf1 acf1 acf1 acd1 acd1 a4b1 a4d1 acd1 acf1 acd1 a4d1 a4d1 a4d1 acf2 ad12 ad12 ad12 acf1 acd1 acf1 acf2 acf1 a4b0 a46f a46f a490 a4b0 a4b0 a4b0 acd1 b511 bd52 c594 c594 bd73 bd73 bd73 bd73 bd73 b573 ad12 a4f1 a4d1 9cb1 9c90 944f 8c2f 840e 7bad 7bcd 83cd 83cd 7bcd 7bad 7bcd 7bcd 7bcd 7bcd 7bcd 7bed 7bed 83ed 83ed 83ee 83ee 83ee 840e 840e 840e 840e 840e 840e 840e 8c2f 8c2f 8c2f 8c2f 8c2f 8c2f 8c2f 8c4f 8c4f 8c4f 8c4f 8c2f 8c2f 8c2f 8c4f 8c4f 8c4f 9470 9470 9470 9470 9470 9490 9490 9490 9490 9cb1 9cb1 9cb1 9cb1 9cd1 9cb1 9cb1 9cd1 9cd1 9470 8c2f 8c2f 9470 
6b4b 736b 738b 738b 736b 6b4a 62e9 62c9 5247 41e6 39a6 3185 2965 2965 2164 1903 2902 2922 3142 49e4 6ac7 838a 93ea 93c9 93c9 8ba9 8b89 8b89 8b69 8b89 8b8a 8bab 83ac 734b 5ac9 4a68 4228 3a28 3a28 3a28 4269 4269 4a69 4a69 4a89 52aa 5aeb 632c 634c 6b8d 6b8d 636d 634c 6b8d 738d 738d 7bef 840f 8c50 9470 9470 9470 944f 942f 940f 940f 940f 93ee 8bee 8bad 836c 834b 7b0a 72c9 6a88 6a67 6267 6267 6267 6a67 6aa9 72e9 7b0a 7b0a 72ca 6a89 6247 5a06 6227 6a68 6aa9 6268 5a07 51e6 5a48 6ac9 732b 83ad 9c4f a4b1 a4b1 9c90 9c70 9c70 944f 9c91 a4d2 a4d2 9c91 9470 9470 9491 94b1 9cd2 a4d2 9cd2 9cd2 9cd2 a4b2 a4b2 9c91 a4d2 ad13 ad13 acf3 acf2 b513 bd54 b533 b533 bd53 bd73 bd74 bd74 b553 b553 bd94 bdb5 c5b5 c5d5 c5d6 c5f6 ce16 ce16 c616 c616 c5f6 c5f6 c5f6 ce16 c5f6 c5d5 c5d5 bd94 bd94 c594 bd94 bd53 bd53 bd74 bd73 b552 b532 b532 bd52 bd52 b532 b512 bd73 bd53 bd73 bd73 bd73 bd73 bd93 bd73 b573 bdb4 c5d5 c5d5 c5f6 cdf6 ce16 ce36 ce37 ce37 ce37 ce37 d657 ce37 c5f6 bdb5 c616 c616 ce37 ce37 c616 c5f5 c5d5 c5d5 bdb4 bd94 bd73 bd73 bd94 bd73 b532 ad12 acf2 b532 b532 acf1 acf1 acf2 b512 acf2 acd1 acd1 acf2 b532 b553 b553 ad12 a4d1 ad12 b532 b512 acf1 a4b0 a490 a490 a4b0 acd1 acd1 a4b0 a490 a490 acd1 b512 bd53 bd73 bd73 bd73 bd94 bd94 bd94 bd73 b553 ad12 ad12 a4f2 9cb1 9470 8c0e 7bad 736c 7bad 7bad 7bad 7bcd 7bcd 7bcd 7bcd 7bcd 83ee 83ee 83ee 83ee 83ee 83ee 83ee 83ee 83ee 83ee 83ee 840e 840e 840e 840e 840e 840e 840e 8c2f 8c2f 8c2f 8c2f 8c2f 8c2f 8c4f 8c4f 8c4f 8c4f 8c2f 8c2f 8c2f 8c4f 8c4f 8c4f 9470 9470 9470 9470 9470 9490 9490 9490 9490 9cb1 9cb1 9cb1 9cb1 9cb1 9cb1 9cd1 9cd1 9490 8c4f 8c2f 8c4f 9470 
6b4b 736b 738b 738b 736b 6b4a 6309 62c9 5268 4207 39c6 3185 2965 2965 2144 2103 2102 2902 3142 41c3 62a7 8369 8bca 8ba9 93c9 8ba9 8b89 8b89 8b89 8b89 8b89 8baa 83ab 734b 62c9 4a68 4248 4228 3a28 3a29 3a08 3a28 4228 4228 4248 4a89 5aeb 632c 73ce 73ee 73ee 73ad 738d 73ae 73ae 738d 6b6c 738c 7bad 83cd 83ee 8c0e 8c0e 942e 83cd 83ad 838d 836c 7b4b 7b2b 7b0a 730a 7b0a 7ae9 72c9 72c9 72c9 72a8 6aa8 6aa8 6ac9 7b2a 838c 836c 7b2b 72ca 72a9 6a89 6248 51e6 49a5 59e7 6a89 72ca 6268 51e6 5206 6288 7b4b 8bcd 942f 9c70 a491 a4d2 a4d2 9cb1 9c91 9cb1 a4f2 a513 a4f3 a4f2 a4f3 a513 a4f3 a4d2 a4d2 a4d2 a4d2 a4d2 a4d2 a4d2 acf3 ad13 acf2 acf2 acf2 ad13 bd54 bd54 bd74 bd74 bd74 bd74 bd74 bd74 bd95 bd95 bdb5 c5d5 c5d6 c5d6 c5f6 c5f6 c5f6 c5f6 c5f6 c5d5 c5d5 c5f5 c5d5 c5b5 bd94 bd94 bd54 b553 b553 bd53 bd53 bd53 b532 b532 b511 acf1 acf1 b511 b512 b512 b511 b511 bd32 bd52 b532 b532 b552 b553 bd73 bd94 bd94 bdb4 c5d5 c5f6 c5d5 c5d5 c5d5 ce16 ce37 d657 ce37 ce16 c5f6 c5f6 ce57 ce57 ce37 ce36 c616 c5f6 c5d5 c5d5 c5d5 c5d5 c5b4 bd94 bd94 bd73 bd53 b553 b553 bd53 b532 b512 b512 b512 b512 b512 b553 b512 acf1 acf1 ad12 b553 b553 b553 ad12 ad12 acf2 acf1 acd1 acd1 acf2 b512 acd1 acf1 b4f2 b4f2 b4f2 b512 b532 bd53 bd73 bd73 bd73 bd94 c5b4 c5b4 bd94 b573 b553 ad33 a4f1 9490 8c2f 83ee 7bad 738c 7bcd 7bcd 7bcd 7bad 7bad 7bcd 7bcd 7bcd 7bcd 7bcd 7bcd 7bcd 83ee 83ee 83ee 83ee 83ee 83ee 83ee 83ee 83ee 840e 840e 840e 840e 840e 840e 8c2f 8c2f 8c2f 8c4f 8c4f 8c4f 8c4f 8c4f 8c4f 8c2f 8c2f 8c2f 8c2f 8c4f 8c4f 9470 9470 9470 9470 9490 9490 9490 9490 9490 9cb1 9cb1 9490 9490 9cb1 9490 9cb1 9cb1 9490 8c4f 8c2f 8c4f 9470 
6b4b 736b 738b 738b 738b 736a 6b29 62e9 5a88 4a27 39c6 3185 2965 2965 2164 2103 2102 2902 3122 41a3 6286 7b49 8bca 8baa 93a9 93a9 9389 8b89 8b89 8b89 8b89 8b8a 838b 734b 62c9 5268 4248 4228 3a28 3a28 3a08 3a28 4228 4228 4228 4248 4a8a 52ca 5b2b 6b8d 7bee 8450 8c71 8c70 842f 7bce 7bee 83ee 83ee 7bad 7bac 7b8c 83ac 83cd 838c 7b6c 7b2b 72ea 6ae9 6ac9 6aa9 6aa8 6247 6247 6247 6a87 6aa8 6aa8 6aa8 6aa8 6ac9 6ac9 6aa9 72c9 7b2b 836c 8b8c 8b8c 7b0b 72ea 6a89 59e7 4985 4985 5a27 6aa9 6288 6268 5a68 5a68 6289 6b0a 7b8c 8bee 942f 9450 9c90 9cb1 a4d2 a4f2 a4f2 a4f2 a4f2 a513 ad13 ad13 ad33 b533 ad13 acf2 a4d2 a4b1 a4b1 a4d1 acf2 b4f2 b513 acf2 b513 b533 b533 b553 bd74 bd74 bd95 c5b5 bd95 bd95 bdb5 bdb5 c5d5 c5d5 bdd5 bdb5 bdb5 c5d5 c5d5 bdb5 bd94 bd94 c5b5 bd94 bd74 bd74 b533 ad12 b512 bd53 bd53 b512 acd1 b4f1 acf1 a4b0 a490 acb0 b4d1 acd1 a4b0 acd0 b512 b532 acf1 acf1 b532 b553 b553 bd73 b553 bd73 c5d5 c5f5 c5d5 c5b5 c5b5 c5f5 ce16 ce16 c5d5 c5d5 c5f6 ce16 d657 ce36 ce16 ce16 c5f5 c5f5 c5f5 c5d5 c5d5 c5d5 c5d5 c5b4 bd94 bd74 bd74 bd94 bd94 bd73 b553 b533 b532 b532 b512 b532 b512 b532 b533 b553 b533 b533 ad33 b533 ad13 ad33 b533 b553 b553 b533 b513 ad12 b533 b553 bd53 bd53 bd53 b533 b533 bd33 bd74 bd74 bd74 bd94 c5b4 c5b5 bdb5 bd94 bd94 b553 a4f2 9c90 8c4f 840e 83ee 7bcd 7bcd 7bad 7bad 7bad 7bad 7bad 7bad 7bad 7bcd 7bcd 7bcd 7bcd 7bce 83ee 83ee 840e 83ee 840e 840e 840e 840e 840e 840e 840e 840e 840e 840e 8c2f 8c2f 8c2f 8c4f 8c4f 8c4f 8c4f 8c4f 8c4f 8c2f 8c2f 8c2f 8c2f 8c4f 9470 9470 9470 9470 9470 9490 9490 9490 9490 9490 9cb1 9cb1 9490 9490 9cb1 9490 9cb1 9490 9470 8c2f 8c2f 8c4f 9470 
6b4b 6b6b 738b 738b 738b 736a 6b4a 6b09 5aa8 4a27 39c6 31a5 2965 2965 2965 2123 2103 2902 2922 3983 5a66 7b49 8baa 93ca 93a9 93a9 9389 8b89 8b89 8b89 8b89 8b8a 8bab 7b6b 62e9 5268 4228 3a28 3a08 3208 31e7 3a08 4228 4248 4248 4268 4289 4a8a 52ca 5b0b 6b6c 73ce 842f 8c50 8c70 8c50 8c4f 8c2f 8c0e 83ed 83cd 83cd 83cc 83cd 838c 7b6c 7b2b 730a 72c9 6aa8 6a88 6a67 6267 6267 6267 6267 6267 6246 6226 6246 6288 72e9 7b2b 7b2a 72c9 6aa9 72c9 72ea 72ea 72c9 6a89 6aa9 72ca 6aa9 5a27 49a5 5a47 5a47 5a47 5a47 5a68 62a9 6aca 6aea 730b 7b6c 8bee 942f 9450 9470 9c91 a4b1 9470 9c90 9c91 9cb1 a4d1 a4f2 a4f2 a4d1 a4b1 a491 9c70 9c90 acd1 acf2 acf2 acf2 acf1 acf2 acf2 b512 b533 bd53 bd74 bd94 bd94 bd74 bd94 bd95 bdb5 bdb5 bd95 bd94 b574 bd74 bd74 bd74 b553 b553 b553 bd53 bd53 b553 b533 ad12 b512 b532 b512 b512 acd0 acd1 acd1 acd0 a4b0 a48f a46f a44f a490 a4b0 acf1 acf1 acd0 acf1 b532 b552 b532 b553 b532 b532 bd94 c5d5 c5d5 c5d5 c5f5 c5f5 c5f6 c5b5 bd94 bdb5 c5f6 ce36 ce16 c616 c5f5 c5f5 c5f5 c5f5 c5f5 c5f5 c5b5 c5b5 c5b5 c5b5 c594 c594 c5b5 c5d5 c5d5 bd94 bd73 bd74 bd73 b553 b533 bd53 bd53 b553 b532 b512 b533 b533 b553 b554 b574 b554 b553 b533 b533 b553 bd74 bd94 bd94 bd94 bd74 bd53 bd53 bd53 bd53 bd53 c594 c594 bd94 c5b4 c5b4 bdb4 bd94 bd94 b574 b573 ad32 a4f1 9490 8c4f 840e 83ee 7bad 7bad 7bad 7bad 7bad 7bad 7bad 7bcd 7bce 7bce 7bce 7bce 83ee 83ee 840e 840e 840e 840e 840f 840f 840f 840f 840f 840f 840e 840e 8c2f 8c2f 8c2f 8c2f 8c2f 8c2f 8c4f 8c4f 8c4f 8c4f 8c2f 8c2f 8c2f 8c2f 8c4f 9470 9470 9470 9470 9470 9490 9490 9490 9490 9490 9490 9cb1 9490 9490 9cb1 9490 9490 9470 8c4f 8c2f 8c2f 8c4f 9490 
632a 6b4b 6b6b 738b 736b 736a 6b4a 6b29 5aa8 4a27 39c6 31a5 3165 2965 2965 2124 2903 2903 2902 3963 5226 7329 8baa 93ca 93ca 93a9 9389 9389 9389 8b89 9389 8b89 8bab 7b6b 6ae9 5288 4228 4228 3a28 3a08 29a7 31c7 39e7 3a08 4228 4249 4289 4aaa 52ca 5b0b 634c 6b8d 73ae 7bef 842f 8c50 8c4f 8c2f 8c0e 8c0e 8bee 8bcd 83ac 7b8c 7b6b 7b4b 7b2b 7b0a 72ea 72c9 6a88 6a67 6a67 6266 6266 6266 6246 6246 6246 6267 5a47 5a47 5a67 6aa8 730a 834b 7b2b 72ea 72ca 72ca 72ca 6aa9 6a89 6289 6289 6aa9 5207 5207 5227 5a48 6288 62a9 6aa9 6ac9 72ea 730a 732b 7b8c 83ce 942f 9450 9470 9c70 9c70 9450 942f 940f 944f 9c70 9c90 a4b0 a4b0 a4b0 a4b0 acb1 acb1 a4b0 a490 acd1 acd1 acf1 b4f2 b512 b512 b532 b533 b533 b533 b533 b553 b553 bd74 b553 b533 b533 b533 b533 b532 ad12 acf2 ad12 b512 acf2 acf1 acf2 b512 acf2 acf1 acf1 b512 acf1 acb0 acb0 acd1 acd1 a46f 9c2e 9c0e acb0 a490 acb0 acb0 a4b0 acd0 b511 b532 ad12 b532 b532 b532 bd53 bd94 c594 c5d5 cdf5 c5d5 bd94 bd94 bd94 c5b5 cdf5 ce16 c5d5 c5d5 c5d5 c5f5 cdf5 cdf5 cdf5 c5d5 c5d5 c5d5 c5d5 c5d5 c5d5 c5d5 cdd6 cdf6 c5d6 bd94 bd94 bd94 bd94 bd74 bd73 bd73 c594 bd53 b512 b533 bd74 bd94 b554 ad13 acf2 ad33 b574 bd95 bdb5 bd95 bd95 bd95 bd74 bd74 bd74 bd53 bd53 bd54 bd74 c574 c594 c5b4 c5b5 c5b5 bdb5 bdb5 bd94 bd94 b574 b553 ad12 9cf1 9490 8c4f 83ee 7bcd 7bcd 7bcd 7bce 7bce 7bce 83ee 7bce 7bce 83ee 83ee 7bce 83ee 83ee 83ee 83ee 840e 840f 840f 840f 840f 8c2f 8c2f 8c2f 8c2f 8c2f 8c2f 8c2f 8c2f 8c2f 8c2f 8c2f 8c2f 8c4f 8c4f 8c4f 8c4f 8c2f 8c2f 8c2f 8c2f 8c4f 9470 9470 9470 9470 9470 9470 9490 9490 9470 9490 9490 9490 9490 9490 9490 9490 9490 9470 8c4f 8c2f 8c4f 9470 9490 
5b0a 632a 6b4b 6b6b 736a 736a 6b4a 6b29 5aa8 4a27 41e6 39a5 3165 3165 2965 2924 2123 2103 2102 3143 4a05 72e8 838a 8baa 93ca 93a9 9389 9388 9389 9389 9389 8b69 8b8a 838a 730a 5aa8 4a48 4248 4249 4249 3a08 3a08 3a08 3a08 3a08 3a28 3a28 4249 4289 52aa 5b0b 634c 6b4d 6b6d 738d 7bae 83ef 83ee 8bee 8c0e 8bee 8bcd 83ac 7b6b 7b2b 7b2a 7b2a 7b0a 72e9 72c8 6a87 6a67 6226 5a25 5a25 6246 6246 6266 6aa7 6ac8 72e9 730a 730a 6ac9 6268 6a88 72c9 7b0a 7b0a 7b0b 7b2b 7b0b 730a 72ea 6aca 6aca 730a 6aca 6289 6268 6268 6288 62a9 62a9 730b 7b4b 7b6c 838c 838c 838d 83ad 83cd 942f 944f 9c70 9c4f 942f 942f 9c4f 942f 942f 9c6f a4b0 acd0 acd0 a4b0 a490 a48f a490 a490 acb0 acb0 acd1 acd1 b4f1 b4f1 acd1 acd1 acd1 acf1 acf1 acf1 acf1 acf1 acf2 acf1 acd1 acd1 acd1 a4b1 a4b1 acd1 a490 a490 a4b0 acd1 acd1 a490 a4b0 acf1 b4f1 a4b0 a46f a4b0 acb0 a490 9c4e 9c0e a490 a46f a46f a46f a46f a4b0 acf1 acf1 b512 bd53 b553 b532 b553 bd73 bd73 c5b4 bd94 bd73 b553 bd74 c5b4 c5d5 c5d5 c5b4 c5d4 c5d5 cdd5 cdf5 cdf5 cdf5 cdf5 c5d5 cdf6 c5d5 c5d5 c5d5 cdd6 cdd6 c5d6 c5d5 c5d6 bdb5 bdb5 c5b5 c5b5 c594 c594 c594 bd53 bd74 c5b4 c594 bd74 b533 acf2 a4d2 a4f2 ad33 bd95 c5d6 c5d5 bd95 bd74 b554 bd95 bd94 bd74 bd74 bd54 bd53 bd53 b553 bd74 bd94 bd94 c5b5 c5b5 bdb5 bdb4 bd94 b574 ad33 a4f1 9490 8c2f 83ed 7bad 738c 7bce 83ee 83ee 83ee 83ee 83ee 7bce 7bce 7bce 7bce 7bce 83ee 83ee 83ee 83ee 83ee 840e 840e 840f 840f 840f 840f 840f 840f 8c2f 8c2f 8c2f 8c2f 8c2f 8c2f 8c2f 8c2f 8c4f 8c4f 8c4f 8c4f 8c4f 8c2f 8c4f 8c4f 8c4f 8c4f 9470 9470 8c4f 9470 9470 9470 9470 9470 9470 9490 9490 9490 9490 9490 9cb1 9490 8c4f 8c2f 8c2f 8c4f 9470 9490 
630a 632b 6b6b 6b6b 736a 736a 6b4a 6b09 5ac8 5247 41e6 39c5 3185 3185 2964 2924 2924 2103 20e2 2923 49e5 6ac8 836a 8baa 93ca 93a9 9388 8b68 9369 9389 9369 8b69 8369 836a 732a 5aa9 4a68 4a49 4269 4269 426a 426a 426a 4269 4269 4269 4269 4269 4289 4a69 4a69 4a69 528a 5acb 6b2c 736d 6b2c 736d 7bad 83ce 8bce 8bed 8bed 8bed 7b4b 7b2b 7b0a 72e9 72c9 72a8 6a87 6a87 6a87 6a87 6266 6266 6246 6266 6287 6aa8 7309 730a 730a 732a 7b2b 7b2b 72e9 6a88 72ea 730a 7b0b 7b2b 7b2b 7b4b 7b6c 836c 7b4c 7b4c 7b4c 7b4c 7b4c 7b2b 730a 6aea 730a 7b6c 8bcd 8bcd 838c 7b6c 7b6c 838c 838c 83cd 940e 942e 942f 942e 940e 8bed 8bed 942e 9c6f a48f a48f a48f a48f a4b0 a44f a44f a44f a44f a46f ac8f ac90 acb0 a490 a490 a490 a490 a48f a48f a490 a4b0 a4b0 a490 a470 a490 a470 9c6f 9c4f 9c6f 9c4f 9c6f 9c6f 9c6f 9c6f 9c6f 9c8f a490 acb1 acb0 a470 a44f a470 ac90 a46f 93ee a44f 9c2f 9c4f a46f 9c6f a490 a4b0 a4b0 b511 bd52 bd53 bd53 bd53 bd53 bd53 bd73 b552 b532 b553 bd73 bd94 c5b4 c5b4 bd94 c5b4 c5b4 cdd4 cdf5 cdd5 cdd5 c5d5 c5d5 c5d5 c5d5 c5d5 c5d6 cdd6 cdd6 c5b5 bdb5 c5b6 c5d6 c5f6 c5d5 c5d5 c5d5 c5b5 c5b4 c594 c5b4 c594 b532 a4b1 a4b1 ad12 bd94 c5d6 bdb5 bd94 b554 b554 bd74 bdb5 c5d5 c595 bd95 bd94 bd74 bd54 b533 b513 ad12 bd53 bd74 bd94 c5b5 c5d5 c5b5 bdb5 bd94 b573 ad33 a4f1 9490 8c4f 8c2e 840e 840e 8c2f 8c0f 840f 840f 83ef 83ee 7bce 7bce 7bce 7bce 83ce 83ee 83ee 83ee 83ce 83ce 83ee 83ee 83ee 83ee 840e 840f 840e 840e 840f 8c2f 8c2f 8c2f 8c2f 8c2f 8c2f 8c2f 8c2f 8c2f 8c4f 8c4f 8c2f 8c2f 8c4f 8c4f 8c4f 8c4f 8c4f 8c4f 8c4f 8c4f 8c4f 9470 9470 9470 9470 9490 9490 9490 9490 9490 9cb1 9470 8c4f 8c2f 8c4f 9470 9470 9490 
632b 6b4b 6b8b 6b8b 6b8b 6b6a 6b4a 632a 5ae9 5267 4206 39c6 3185 3185 3164 2923 2924 2903 20e2 2902 41c5 6ac8 836a 8baa 93ca 93a9 8b88 8b68 8b69 9389 9369 8b69 8329 7b6a 7b4a 62c9 5248 4a48 4249 4249 3a29 4269 4aaa 52eb 5b0c 5b2c 5b2c 5b2c 5b0c 5b0c 5b0c 632c 632d 632c 630b 62eb 6b2c 736c 7b8d 7b8d 7b6c 7b6c 7b8c 83ac 838c 836b 7b2a 72e9 6ac9 6aa8 6aa8 6a87 6246 6226 6226 5a26 5a26 5a26 6246 6a87 6267 6aa8 730a 7b2a 7b4b 838c 8b8c 8b8c 7b2b 72ea 6ac9 72ca 7b2b 7b4c 7b4b 730b 7b2c 7b2b 7b2b 7b2b 7b2c 7b4c 7b4c 7b4c 7b2b 732b 7b2b 7b6c 83ad 8bed 8bee 8bee 8bce 8bcd 8bcd 8bcd 8bcd 940e 942e 940e 940e 940e 942e 942e 942e 9c4e a46f a4b0 ac8f ac8f a46f a44e 9c4e 9c4e 9c4e a44e a46f a46f a46f a46e 9c4e 9c4e 9c6e a46f a46f 9c4e 9c2e 9c2e 9c4e 942e 942e 942e 9c4f 9c6f 9c6f 942e 942e 9c4f 9c4e 942e a490 acd1 a4b0 9c4f 9c6f acb0 a46f 8bad 9c4f 9c2f 9c6f a490 a490 a490 a4b0 a4b0 acd0 b512 b532 b532 bd52 bd52 b532 b532 b532 b532 b532 b553 b553 bd73 bd73 bd73 bd73 bd93 c5b4 c5b4 c5b4 c5b4 c5b5 c5d5 c5b5 c5d5 cdd6 cdf6 cdf6 cdf6 c5d6 c5d6 c5b6 c5f6 ce17 c5f6 c5d5 cdf5 cdd5 c5b4 c5b4 bd73 ad12 acf1 b532 bd73 bd94 bdb5 bd95 bd95 bdb5 c5d5 c5d6 c5d6 c5b5 bd95 bd74 bd74 bd54 b553 b533 b533 b533 b533 bd54 bd74 c5b5 c5d5 c5d5 c5b5 bdb4 bdb4 b553 ad53 a512 a4f1 9cd1 9cd1 94d1 9cb1 9490 9490 9470 8c2f 840f 840e 83ee 83ee 7bce 7bce 83ee 83ee 83ef 83ee 83ee 83ee 7bce 83ee 83ee 83ee 83ee 840f 840e 840e 840e 840e 840e 8c2f 8c2f 8c2f 8c2f 8c4f 8c2f 8c2f 8c2f 8c2f 8c2f 8c2f 8c4f 8c4f 8c4f 8c4f 8c4f 8c4f 8c4f 8c4f 8c4f 9470 9470 9470 9470 9490 9490 9490 9490 9490 9490 9470 8c2f 8c2f 8c4f 9470 9470 9470 
9cd2 8c70 7c0e 6b6b 634b 73ac 73ac 5b09 5ae9 5288 4226 39a5 3164 3164 3164 2943 28e3 2903 28e2 3102 4184 5a67 7b49 8bab 8baa 8bc9 93a9 9389 8b89 8b69 9389 8b8a 8bab 838b 732a 62c9 5248 4208 4228 4249 4249 4269 4269 4269 4269 4acb 5b2d 6b8e 6b6d 6b8d 6b8e 73cf 8410 8430 8430 840f 83ef 83ef 8c0f 8c0e 8bee 83cd 83ad 83ad 83cd 83ac 7b6b 732a 72ea 6ac9 6aa8 6a87 6a67 6267 6246 6246 6226 6226 5a25 5a05 5a06 5206 5206 5206 5a06 5a47 6aa8 72e9 836b 836b 7b4b 7b4b 7b2b 7b4b 7b4b 7b6c 7b4b 7b4c 836c 8bad 8bce 8bee 8bce 83ad 836c 838d 83ad 7b8c 7b8d 83ad 83ce 8bee 940f 940e 93ee 8bee 8bee 8bee 8bee 8bed 93ee 940e 9c2f 9c6f a46f 9c6f 9c4e 942e 9c4e 9c2e 9c2e 940d 942d 9c6e 9c6e 9c4e 942d 9c6e a48f a46e 9c6e 9c4d 9c2d 9c2d 942d 940c 8bcc 8bcb 8bec 940d 940d 8bec 942d 942e 9c4e 9c2e 940e 940d 942e 942e acd1 acd1 a490 9c4f 9c4f a490 9c6f 9c4f a490 9c6f 9c6f 9c6f 9c6f 9c8f a4b0 a4b0 a4b0 acf1 b511 acf0 b511 b511 acf0 b4f0 b511 b531 b511 b532 b532 b532 b553 b553 b553 bd73 c594 c5b4 c5b4 bd94 bd94 bdb4 c5b5 c5d5 cdf6 cdf6 c5d6 c5d5 c5d6 c5f6 ce17 c617 c616 c5f6 c5f6 c5d6 c5d5 c5d5 bd94 bdb4 c5b4 c5b4 c5b4 c5d5 c5d5 cdf5 c5d5 c5d5 c5d5 c5b5 c5b5 bdb5 c5b5 c595 c5b5 c5b5 c5b5 c5b5 c595 bd74 bd74 bd74 c595 c5b5 c5d6 cdf6 c5f6 c5d6 c5d5 bdb5 bdb5 bdb5 b594 b594 ad74 ad73 a553 a533 9cf2 9cd1 9490 8c4f 8c2f 842f 840e 842f 840e 840e 840e 840e 83ee 7bee 7bce 7bce 7bce 83ce 83ce 83ee 83ee 83ee 840f 840f 840e 840e 8c0f 8c0f 8c2f 8c2f 8c2f 8c2f 8c2f 8c2f 8c2f 8c2f 8c2f 8c4f 8c4f 8c4f 8c4f 8c4f 8c6f 8c4f 8c4f 8c4f 8c70 9470 9470 944f 9470 9490 9490 9470 9470 9c90 9490 944f 8c2f 8c2f 8c4f 9470 9470 9470 
842f 7bce 634c 52c9 52c9 634b 6b8c 5b0a 5b0a 4a88 4226 39e5 39a5 39a5 3164 2923 28e2 28e2 28e2 2902 4184 5a47 7b29 8bcb 8baa 8bc9 93c9 8b89 8b89 8b89 9369 8b69 8b8b 836b 730a 62a9 5228 41e7 39e7 39e8 31e7 3208 3a28 3a28 3a28 4249 4a8a 4aab 5aeb 5aeb 5aeb 632c 6b6d 73ce 83ef 840f 8c30 8c30 8c2f 8c0f 8c0e 8c0e 8c0e 942f 83ed 83ac 7b8c 7b4b 732a 6ae9 6ac8 6aa8 6267 6247 6246 6226 6226 6226 6226 6246 5a46 5a47 5a47 5a46 5a06 5206 5206 5a06 5a27 6267 6aa8 72e9 730a 732a 732a 732b 836c 836d 838d 8bad 8bce 8bce 8bce 8bce 942f 944f 944f 942f 8bee 8c0e 8c0e 8c0e 83cd 8bce 940f 942f 9c2f 9c4f 9c50 9c50 9c4f 9c4f 940e 93ee 93ee 940e 942e 9c4f 940e 940e 940e 940d 940d 942e 9c6f acd0 a4af a48f 9c6e a48e a4af a4af 9c2d 8bcb 83ab 8beb 940c 8bec 8bcb 8bcb 8bcc 8bec 83ab 8bcc 940d 9c4e 9c6f 9c6f 942e 8bed 8bac 940e a4b0 b512 acd1 9c4f 9c6f acd1 a490 9c6f 9c8f 9c8f 9c6f a490 a4b0 9c8f a48f acd0 acf0 acf0 b4f0 acf0 acd0 acd0 acf0 b4f0 b4f1 acf1 ad11 ad12 b532 b553 b553 bd73 bd94 bd94 bd94 bd94 bd94 bdb4 c5d5 c5d5 c5f6 c5f6 c5d6 c5d5 c5d6 c5f6 ce17 c616 c616 c5f6 c5f6 c5d6 c5d5 c5d5 c5d5 c5d5 c5d5 c5d5 c5b5 c5d5 c5d5 c5d5 c5b5 c5d5 c5d5 c5d5 c5d5 c5d5 c5b5 c5b5 c5b5 c5d5 c5d6 c5d6 c5b6 c5b5 c5b5 c5b5 c5d5 c5d6 cdd6 cdf6 cdf6 c5f6 c5f6 c5f6 bdd5 bdb5 bdb5 b594 ad74 a533 9cf2 94b1 94b0 9490 8c4f 842f 83ee 7bcd 7bcd 7bad 7bee 7bee 83ee 840e 840e 840e 840e 840e 83ee 83ee 83ee 83ee 83ee 83ee 83ee 83ee 840e 8c0e 8c0f 8c0f 8c2f 8c2f 8c2f 8c2f 8c2f 8c2f 8c2f 8c2f 8c2f 8c4f 8c4f 8c4f 8c4f 8c4f 8c4f 8c4f 8c4f 8c4f 8c50 8c70 9470 944f 9470 9490 9470 9470 9490 9cb1 9490 8c4f 8c0e 8c0e 944f 9470 9470 944f 
6bae 7c0f 7c0f 73ce 6b8d 73ce 73ee 73ce 6b6c 5aca 4227 31a5 3164 3184 3185 3144 2903 2903 28e2 28e2 3963 5226 7309 8bab 8baa 8ba9 8ba9 8b88 8b68 8b89 8b69 8b69 8b8b 836b 732a 62a9 5248 41e7 39c7 31c7 3a07 3a28 3a48 3a48 4269 4269 426a 4a8a 4a8a 4a8a 4a8a 52aa 5aca 630b 6b6d 738d 83ee 83ee 83ce 83ce 83cd 83ce 83ee 8c0e 8bee 83cd 83ac 7b8c 7b4b 732a 72e9 6ac9 6a87 6267 6246 5a26 5a05 5a25 5a26 5a26 5a26 5a26 6247 6267 6267 6267 6267 6247 5206 5206 5206 5a26 6268 6ae9 7b4b 838d 836c 836c 836c 836c 838d 8bad 8bee 940e 8bee 940e 942f 942f 942f 942f 944f 944f a490 a470 9c50 940f 8bee 93ee 9c2f a470 a490 a490 9c6f 9c2f 940e 93ee 940e 940e 9c2e 942e 9c4f a490 a490 9c6f a48f acd0 acf1 acd0 a48f 9c6e 9c6e 9c6e 9c2d 93ec 8bab 8bcb 8bab 838b 836a 836a 83ab 8bab 93ed 940d 940d 940d 8bed 940d 9c4f a490 942e 940e 942e 9c4f 9c4f 9c6f a4b0 b512 a490 a4b0 a4b0 a490 9c8f a4b0 a4d1 9c8f 9c8f a4d0 acd0 a4af a4af a48f a48e a48f acaf acaf acb0 acb0 acd0 acf1 b512 b532 b532 b552 b553 bd73 bd73 bd73 bd94 bd94 c5d5 c5d5 c5d5 c5d5 c5d5 c5d6 c5f6 c5f6 c616 c5f6 c5f6 c5f6 c5f6 c5f6 c5f6 c5f6 c5f5 c5f5 c5d5 c5d5 c5d5 c5d5 c5d5 c5b5 c5b5 c5d5 c5d5 c5d5 c5d6 c5f6 c5f6 cdf6 c5d5 c5d6 c5d6 cdd6 cdf6 cdf6 cdf6 cdd6 cdf6 c5f6 c5f6 cdf6 ce16 ce17 ce16 c5f6 c5f6 bdd5 b5b5 ad74 a533 9cd2 9490 8c6f 842f 842f 840e 840e 7bee 7bcd 7bcd 7bad 73ad 7bad 7bcd 7bcd 7bee 7bee 7bee 7bee 83ee 83ee 83ee 83ee 83ee 83ee 840f 840f 8c0e 8c0e 8c0f 8c0f 8c2f 8c2f 8c2f 8c2f 8c2f 8c2f 8c2f 8c2f 8c2f 8c2f 8c4f 8c4f 8c2f 8c4f 8c4f 8c4f 8c4f 8c4f 8c70 8c70 9470 9470 9470 9470 9470 9470 9490 9cb1 9470 8c2f 83ee 840e 944f 9490 9470 8c2f 
9d14 ad75 9d14 8451 634d 5b0c 52ca 52ca 52ea 52a9 4a48 39e6 3185 3185 3185 2944 2923 2923 28e2 28e2 3123 49e5 6ae8 838a 8baa 8ba9 8ba9 8b88 8b68 8b89 8b69 8b69 8b8b 836b 7b2b 6aea 5a69 4a08 39e7 39e7 3a08 3a28 3a28 4248 4269 4289 4a8a 4aaa 4a8a 4a8a 52aa 52ca 5aca 5aeb 630b 632c 736d 738d 7bad 7bad 83ad 83ad 83ad 83ad 83cd 83cd 83ac 838c 7b6b 7b2a 7309 72c9 6a88 6a67 6246 6226 6226 6226 6246 6246 6247 6247 6247 6247 6247 6247 5a47 5a27 6a88 6288 6268 6247 5a47 5a47 5a67 6268 72ea 730b 7b4b 836c 838c 838d 8bcd 8bee 940e 942f 944f 942f 942f 942f 942f 942f 9c50 9c70 a491 a490 a470 9c70 9c70 9c70 a490 a490 a490 a470 9c4f 9c2e 9c2e 9c2f 9c4f 9c2f 9c4f a490 acb1 a490 9c70 9c6f a4b0 a4b0 a490 9c6f 9c4e 9c4e 942e 940d 93ec 8bcc 8bab 838b 838b 838b 8b8b 83ab 8bcc 940d 9c4e 9c4e 942e 940d 9c2e a46f 9c2e 942e 8bed 93ed 9c6f acd1 a4b0 942e a4b0 acd1 acd1 a4b0 9c90 a4d0 acd1 9c8f a4b0 acd0 a4af 9c6e 9c4e 9c4e 9c2d 9c4e 9c4e a46e a46e a48f a48f acb0 acd1 acf1 acf1 b512 b512 b532 b553 bd73 bd74 bd94 c5b4 c5b5 c5b5 c5d5 c5d6 cdf6 ce16 ce16 c5f6 c5f6 c5f6 c5f6 c5f6 c5f6 c5f6 c5f6 c5f6 c5f6 cdf6 c5f6 c5d5 c5d5 c5b5 bdb5 c5d5 c5d5 c5d5 c5f5 c5f6 cdf6 ce16 ce16 c5f6 c5f6 cdd6 cdf6 ce17 d617 ce17 ce17 ce17 cdf6 cdf6 ce16 ce17 ce37 ce17 c5f6 bdd6 b595 ad54 a4f2 94b1 8c70 842f 842f 7bcd 73ad 73ad 73ad 738d 738d 738c 738c 7bad 7bad 7bcd 7bee 7bee 7bee 7bee 7bce 83ce 83ce 83ce 83ee 83ee 840f 8c0f 8c0f 8c0f 8c0f 8c0f 8c0f 8c2f 8c2f 8c0f 8c0f 8c2f 8c2f 8c2f 8c2f 8c2f 8c2f 8c2f 8c4f 8c2e 8c2e 8c2f 8c4f 8c4f 8c4f 8c70 9470 9470 9470 9470 9470 9470 9470 9490 9c90 9470 8c2f 83ee 8c0e 944f 9490 9470 8c2f 
5b0d 5aec 422a 3a08 31e8 5b0c 6b8e 73cf 7bef 6b6d 52ca 4207 3185 31a6 39a6 2944 2923 2903 28e2 28e2 3122 49c5 6ac8 836a 8baa 8bca 8ba9 8b88 8b89 8b89 8b89 8b69 836a 836b 7b4b 6aea 5a89 4a28 4208 39e7 4228 4248 4248 4269 4289 4a89 4a8a 4a8a 4a8a 52aa 5aeb 5b0c 632c 632c 632c 6b4c 6b2c 6b4c 736c 7b8d 7b8d 7b8d 7b8d 7b8d 7b8c 7b8c 7b6b 7b6b 7b4b 730a 72e9 6ac9 6a67 6267 6246 6246 6246 6246 6246 6246 6247 6247 6226 5a26 5a26 5a26 5a26 5a26 5a06 5a06 5a27 5a47 6247 6247 6268 6268 6268 6aa9 730a 7b4b 836c 7b6c 7b6c 836c 8bcd 8bed 8bee 8bee 8bee 940e 942f 942f 940e 940e 942f 9c4f 9c70 9c6f 9c6f 9c6f a470 a470 9c6f 9c4f 9c2f 9c2f a46f a490 a491 a490 9c70 9c4f a470 a4b1 a4b1 a490 9c4f 9c4f 9c6f a490 a4b0 a490 9c2e 8bcc 8bac 93cc 93ed 93ed 8bcc 8bac 8bac 93ed 8bcc 8bcc 93ed 9c2e a46f a46f 9c2e 93ed 8bcd 940e 940e 942e a470 acd1 a490 942e a490 a4b1 acf1 acd1 a4b0 acd1 acd1 9c6f a4b0 acd0 a4af 9c6e 9c6e 9c4e 9c2d 9c2d 940d 9c0d 9c2d a46e a46e a48f ac90 a4b0 acb0 acd1 acf1 acf1 b512 bd53 bd73 bd94 bd94 bd94 c5b4 c5d5 c5f6 cdf6 cdf6 cdf6 c5f6 c5f6 c5d5 c5f6 c5f6 c5f6 ce16 ce16 c5f6 ce16 ce16 c5f6 c5f6 c5f6 c5d6 c5d5 c5d5 c5f5 c5f6 c5f6 c616 ce16 ce16 ce16 ce37 ce17 ce17 ce37 d637 d657 d637 d637 ce37 ce37 ce37 ce58 d658 d658 ce37 c617 bdb5 b575 ad33 9cf2 9491 9470 8c30 842f 842f 840f 840f 7bee 7bce 73ad 73ad 73ad 738d 7bad 7bcd 7bce 83ee 83ee 83ee 83ee 83ee 83ee 83ee 83ee 83ee 8c0f 8c0f 8c0f 8c0f 8c0f 8c0f 8c0f 8c0f 8c0f 8c0f 8c0f 8c2f 8c2f 8c2f 8c2f 8c2f 8c2f 8c2f 8c2f 8c2e 8c2e 8c2f 8c2f 8c2f 8c4f 8c50 9470 9470 9470 9470 9470 9470 9470 9470 9470 8c2f 8c2f 840e 8c2f 8c4f 9470 9470 8c4f 
9d15 9cf5 8cb4 8cb3 7c11 94f4 a576 ad96 ad96 94b2 6b6d 4228 3185 3185 3185 2944 2923 2903 28e2 20e2 3123 41a4 62a8 7b8a 8bca 8bca 8ba9 8b88 8b89 8b89 8b89 8b69 836a 836b 7b6b 730b 62aa 5249 4228 4208 4249 4a69 4a89 4aaa 4aaa 4a8a 4a8a 4a6a 52ca 5aeb 5b0c 632c 630c 632c 6b2c 6b4c 6b2b 6b2c 6b4c 734c 734c 734c 736c 7b6c 7b6c 7b6b 7b6b 7b4b 7b2b 730a 72e9 6ac9 6a67 6267 6246 5a26 5a05 5a05 5a05 59e5 51e5 59e6 5a06 5a26 6247 6267 6267 6267 6288 6288 6288 6268 6267 6268 6288 6a88 6a88 6aa9 6ac9 6ac9 6ac9 72ea 730a 7b2b 732b 7b4b 7b6b 7b6c 83ad 8bed 8c0e 942e 942e 940e 8bcd 8bcd 8bed 940e 9c4f 9c6f a490 a490 a470 9c4f 9c4f 9c4f 9c4f 9c50 a490 acb1 acd1 a490 9c70 a490 a490 9c70 942f 9c4f 9c6f 9c4f 9c4f 9c4f 9c2f 9c0e 8bac 8b8c 836b 836b 8b8b 8bac 8bcc 93cd 9c2e 93ed 8bcc 8bac 93cd 940d 9c2e 9c2e 9c2e 93ee 8bcd 8bed 942e 9c6f a4b0 acd1 9c6f a490 acf1 acf2 acd1 acd1 a4b0 9c6f 9c6f a48f a48f 9c6f a48f 9c6e 9c2d 940d 93ec 93ec 9c0d 9c2d 9c4e a44e a46e a46f a48f acb0 acd1 acf1 b512 b532 bd53 bd73 bd73 bd94 bd94 c5b5 c5d5 c5d5 c5d5 c5d5 c5d5 c5d5 c5d5 c5f6 c5f6 c5f6 ce16 ce16 c5f6 ce16 ce16 c616 c616 c5f6 c5f6 c5f6 c5f6 c5f6 c5f6 c616 ce16 ce16 ce17 ce17 ce37 ce37 ce37 ce37 d637 d637 d637 d637 d658 ce58 d658 d678 d678 ce58 ce37 c617 c5f7 c5d6 bdb6 b595 ad74 ad34 a4f3 9cd2 9491 9491 8c71 8c50 8430 842f 840f 840f 840f 840f 840f 840f 840e 83ee 83ee 83ee 8c0f 8c0f 840f 83ee 83ee 840f 840f 8c0f 8c0e 8c0f 8c0f 8c0f 8c0f 8c0f 8c0f 8c0f 8c2f 8c2f 8c2f 8c2f 8c2f 8c2f 8c2e 8c2e 8c2e 8c2e 8c2f 8c2f 8c2f 8c4f 8c4f 9470 9470 9470 9470 9470 9470 9470 8c4f 8c4f 840e 8c2f 8c2f 8c4f 8c4f 9470 9470 8c4f 
6b90 7c11 8c73 8452 424a 3a09 3208 31c7 31c7 39e8 3a08 31c6 3185 31a6 39c6 3185 2923 2923 2902 28e2 2902 41a4 6287 7b6a 8bca 8bca 8ba9 8ba9 8b89 8ba9 8b89 8369 8b8a 838b 836b 732b 62aa 5248 4208 4208 4207 4248 4269 4a69 4269 4a69 4a69 4a6a 5aeb 5b0b 5b0b 630b 5aeb 630b 630b 6b2c 736c 736c 734c 734c 734c 736c 7b8d 838d 7b6c 7b6b 7b6b 7b4b 7b2b 730a 72e9 6ac9 6a67 6247 5a26 5a05 51e4 51c4 51c4 51c4 51e5 59e5 5a06 5a06 59e6 59e6 59e6 5a06 5206 5a26 6268 6aa9 72e9 72e9 72e9 72e9 72ea 72ea 72c9 6ac9 6ac9 6ae9 730a 7b2a 7b6b 836c 838c 838c 838c 83ac 83ac 83ac 838c 8bcd 940e 9c2e 9c4f 9c6f 9c6f 9c6f 9c6f a470 a490 acb0 a490 a44f 9c2e 940e 93ee 940f 9c4f 9c70 9c4f 942f 942e 940e 942e 9c4f 9c4f 940e 8bcd 8bcd 940e 9c2e 93cd 836b 7b0a 7b0a 834b 8b8c 8b8c 8b8c 93ac 93ed 9c0d 940d 93ec 8bcc 93cc 93ed 940e 8bcd 8bac 8bcd 940e 9c4f a470 a470 a4b0 a490 acd1 acf1 acd1 a4b0 acd1 acd1 a4d0 acd1 a4b0 a48f a4b0 a48f 9c2d 93ec 93ec 93ed 9c0d 9c0d 9c0d 9c2d a44e a44e a44f a490 acd1 b4f1 b4f1 b4f1 b512 b532 bd53 bd73 bd73 bd94 bd94 c5b4 bdb4 bdb4 c5b5 c5d5 c5d5 c5f5 c5f6 c5f6 c5f6 c5f6 ce16 ce16 c5f6 c5f6 c5f6 c616 c617 c616 c616 c616 c616 c616 ce37 ce37 ce37 ce37 ce37 ce57 ce57 ce37 ce37 ce37 ce37 ce57 d678 ce78 d678 d678 d658 ce58 ce38 ce38 ce58 ce38 ce38 ce17 c617 c5f7 bdb6 b596 b5b6 b5b6 b596 b595 ad75 ad54 ad54 a534 9cd2 9cd2 9c91 9470 9450 8c2f 8c0f 8c0e 840f 840f 840f 840e 83ee 83ee 840e 840e 840e 840e 840f 840f 8c2f 8c2f 8c2f 8c2f 8c2f 8c2f 8c2f 8c2f 8c2f 8c2e 8c2e 8c2e 8c2e 8c2f 8c2f 8c2e 8c2f 8c2f 8c4f 9470 8c70 9470 9470 8c6f 8c6f 9470 8c4f 8c2f 840e 840e 8c2f 8c4f 8c70 8c70 8c6f 8c6f 
31e9 4a8b 6b8f 73f1 3a09 424a 4a8b 426a 4aab 636d 7bef 634d 4228 3185 2965 2944 3164 2943 2923 2902 2902 3984 5a67 7349 8bcb 8bca 8ba9 8ba9 8ba9 8ba9 8b89 8369 8b8a 838b 7b6b 730a 6289 4a28 41e7 39c7 3a07 4228 4248 4248 4269 4a89 52ca 5b0b 5aeb 630b 630b 630b 630b 632b 6b2c 6b2c 734c 734c 734c 734c 734c 734c 7b6c 7b6c 7b6b 7b6b 7b4b 7b2b 730a 72ea 6ac9 6aa8 6247 6226 5a05 51e5 51e4 59e5 5a05 5a05 5a06 5a26 5a26 5a06 59e6 5a06 5a26 6227 5a26 5a26 5a06 5a06 5a26 6267 6ac9 72ea 72c9 7b0a 834b 8b8c 838c 7b4b 730a 72e9 732a 7b4b 7b4b 7b6b 836c 838c 838c 838c 7b6b 838c 8bac 8bcd 8bcd 8bcd 93ed 940e 940e 9c2e 9c6f a490 ac90 a490 a44f 9c2f 8bad 838c 838c 93ee 9c4f 9c4f 9c6f 9c6f 942e 940e 940e 940e 940e 93ed 8bac 834b 8b8c 8b8c 93ad 93ad 8bac 8b6b 834b 834b 836b 8b8b 8bac 93ed 9c0d 940d 93cc 8bac 8bac 8bcd 8bcd 836b 83ac 9c2f a490 a470 b512 acd1 acb1 acd1 a4b0 a4b0 b512 bd53 bd73 bd73 b512 acb0 acd0 a4b0 9c4e 940d 940d 940d 93ed 93ec 93ec 9c0d a42d a44e 9c2e a46f acd0 b4d1 acd1 acd1 acf1 b512 b533 bd53 bd53 bd73 bd73 bd94 bdb4 c5b5 c5b4 c5b5 c5d5 c5d5 c5f6 c5f6 c5f6 c5f5 ce16 c616 c5f6 c5f6 c616 c616 c617 c617 c616 c616 c616 ce37 ce37 ce37 ce57 ce57 d658 d658 d678 d658 d657 ce57 d658 d678 d699 d699 d699 d679 d679 d679 d679 d679 ce38 ce17 c617 c617 c617 c617 c617 c5f7 bdd7 bdd7 bdd6 b5b6 b575 ad54 a513 a4f3 9cd2 9cb2 9471 8c50 8c2f 8c0f 83ee 83ee 840e 83ee 83ee 83ee 83ee 83ee 83ee 840e 840e 840e 840e 840f 8c2f 8c2f 8c2f 8c2f 8c2f 8c2f 8c2f 8c2f 8c2f 8c2e 8c2e 8c2e 8c2f 8c2f 8c2f 8c2e 8c2f 8c2f 8c4f 9470 8c4f 8c70 8c70 8c4f 8c70 9470 8c4f 8c2f 840e 840e 8c2f 8c4f 8c70 9470 8c6f 8c4f 
8452 8c93 8473 5b2d 3a29 5b0d 6baf 52ec 4a8a 6bae 8430 73ae 4248 31a5 2964 3184 2943 2943 2903 2902 2902 3963 5226 6b08 8bcb 8bca 8bea 8bc9 8ba9 8b88 8b89 8baa 8bab 8b8b 836b 7b4b 6aea 5269 4207 41e7 4208 4228 4268 4a89 52ca 5aeb 630c 632c 632c 6b4c 738d 738d 736d 6b4c 6b4c 734c 736c 734c 734c 734c 7b4c 7b6c 7b6c 7b8c 838c 7b6b 7b4b 730a 72e9 6aa9 6a88 6267 6226 5a26 5a26 5a26 5a05 5a05 51e5 59e5 5a05 59e5 59e5 5a05 5a06 5a26 6226 6227 5a26 6247 6288 6aa8 6ac9 72c9 72c9 72c9 72e9 72e9 72ea 730a 732a 7b4b 7b6b 836c 838c 838c 838c 838c 838c 7b6b 7b4b 7b2b 7b4b 7b2a 7b2a 7b4b 8bac 8bed 8bcd 8bac 8bac 8bac 8bac 8bac 93ed 940e 9c0e 9c2e 93ee 8bcd 8b8c 838c 8bcc 8bed 8bcd 8bcc 940d 942e 940e 93ed 93ed 940d 940d 93cd 93ee 9bee 9bee 9bee 93cd 93ad 93cd 93cd 8b8c 836b 834a 836b 8bac 93ed 9c0d 9c0d 93ed 93ed 93ed 8bcd 8bac 8bcc 940e a470 a490 acb1 a4b0 a490 a490 acb1 acd1 b512 c594 bd73 b533 b512 acd1 a48f 9c6f a46f 9c4e 940d 93ed 93ec 93ec 9c2e a44e 9c0d a46f a470 a490 a490 a4b0 acd1 acf1 b512 b512 b512 b532 b532 bd73 bd94 bd94 c5b4 c5b4 c5b4 c5d5 c5d5 c5d5 c5d5 c5d6 c5f6 ce16 ce17 ce17 c617 c617 c617 c617 c637 ce37 ce37 ce37 ce37 ce37 ce57 ce57 ce57 d678 d678 ce58 ce58 ce58 d678 d678 d678 d678 ce79 ce78 ce58 ce58 ce58 ce58 ce38 ce58 ce58 ce58 ce58 ce38 ce18 c5f7 c5f7 bdf7 bdd7 b596 ad55 ad54 a514 9cd3 9cb2 9491 9471 8c50 8c30 8c2f 840f 840e 83ee 8c2f 840f 8c2f 8c2f 8c2f 840f 83ee 83ee 840e 840e 840f 8c2f 8c2f 8c2f 840f 840f 840e 8c2f 8c2f 8c2f 8c2f 8c2f 8c2e 8c2e 8c2e 8c2e 8c2f 8c4f 8c4f 8c4f 8c4f 8c4f 8c4f 8c4f 8c4f 8c4f 8c4f 8c4f 8c4f 8c2f 83ee 840e 8c2f 8c4f 9470 9470 8c4f 8c4f 
31c8 2166 2987 31e8 29a7 2166 2987 2166 31c7 31a7 2965 29a6 2965 39e6 39c6 3184 2943 2943 2903 20e2 2903 3143 5206 6b08 83aa 8bca 8bea 93ca 8ba9 8b89 8b89 8baa 8b8a 8bab 8bac 838c 7b6c 6b0b 62eb 62eb 630b 630b 5b0b 5b0b 5b0b 630b 5aeb 62eb 630b 6b2c 6b2c 6b4c 6b2c 6b2c 6b4c 734c 734c 734c 734c 7b6c 7b6c 7b8c 838d 838d 7b4b 7b4b 732a 730a 72e9 6ac9 6aa8 6a88 6267 6247 6226 6226 5a26 5a05 5a05 5a05 59e5 5a05 5a06 5a26 5a26 6226 6247 6247 6247 6288 6aa8 72e9 7b0a 7b0a 7b2a 7b2a 8bad 838c 838c 836c 838c 8bcd 93ee 940e 8bed 8bcd 8bad 838c 836c 7b6b 7b6b 7b6b 838c 838c 8bac 8bac 8bac 83ac 8bac 8bcd 8bac 8b8c 836b 834b 7b4b 7b4a 7b4a 7b4a 8b8c 8b8c 838b 8b8c 8bac 8bcc 8bcc 8bec 83ac 8bac 8bcc 8bcc 8bcc 93ed 940d 9c0d 9c0e 9c0e a44f a44f a44f a42e 9bee 93ed a44f ac6f ac6f 9c0d 8b8b 834a 8b8b 93cc 93ed 93ed 940e 93ed 8bcc 8bac 93ed 9c4f a46f a490 a470 9c4f a4b0 acf1 b4f2 acf1 b532 bd74 c5b5 c594 b532 acd1 a490 9c6f a46f 9c4e 9c0e 940d 940d 9c4e a46e a44e a46f a470 a490 a4b0 acb1 acd1 acd1 acd1 acd1 acf1 b512 b532 b553 bd73 bd73 bd73 c5b4 c5b4 c5d5 c5d5 c5d5 c5d5 c5f6 ce16 c5f6 ce16 ce17 c617 c617 c617 c617 c637 ce37 ce37 ce37 ce37 ce57 ce57 ce57 ce57 ce58 ce58 ce57 ce57 ce58 ce58 d678 ce78 ce58 ce58 ce58 ce58 ce58 ce58 ce58 ce58 ce58 ce58 ce58 ce58 ce38 c617 c5f7 c5d7 bdb6 b5b6 b596 b575 ad75 ad54 ad34 a513 a4f3 9cd2 9491 9450 8c30 840f 83ee 83ee 7bce 7bad 7bad 7bcd 7bce 7bce 83ee 83ee 83ee 840e 840e 840f 8c2f 8c2f 8c2f 8c2f 840e 8c2f 8c2f 8c2f 8c2e 8c2e 842e 840e 8c2e 8c2e 8c2f 8c2f 8c2f 8c4f 8c4f 8c4f 8c4f 8c4f 8c4f 8c4f 8c4f 8c4f 8c4f 840e 83ee 840e 8c4f 8c4f 9470 8c4f 8c4f 8c4f 
73f0 73d0 73f0 73cf 636e 636e 73f0 8c92 8472 7bf0 6b6d 5b0b 39e7 31a5 3185 2943 2943 3143 2903 20e2 2902 3143 4a06 6ae8 836a 8baa 8bca 93ca 8ba9 8b89 8b89 8baa 8b8a 8bab 8bac 838c 7b4c 6b2c 6b0c 632c 6b4c 6b4c 6b4c 6b4c 6b6c 6b6d 6b6d 736d 738d 738d 736d 736c 734c 734c 736c 736c 736c 7b6c 7b6c 7b6c 7b6c 7b4c 7b4c 7b4c 7b4b 7b4b 7b2b 7b2a 7b0a 730a 72e9 72c9 6aa8 6a88 6a67 6a87 6a67 6266 6246 6246 6247 6267 6a67 6a67 6267 6267 6267 6267 72c9 72c9 6ac9 72c9 72e9 7b2a 838b 8bad 7b6b 838c 8bad 8bed 8bed 8bcd 83ac 838c 8bad 8bcd 940e 9c2f 9c2f 942e 940e 8bed 8bcd 93ed 940e 93ee 8bcc 8b8c 8bac 8bac 8bcc 8bac 836b 834a 7b2a 7b2a 7b2a 7b2a 7b2a 7b4a 836b 836b 836b 838b 8bab 8bcc 93ec 8bcc 8bac 8bab 8bac 8bab 8bcc 93cc 9bed 9c0e a44f ac70 ac90 ac6f a42f 9c0e 93cc 9c0d a44e a44e 9c2d 93ec 93cc 8bac 8bcc 8bcc 93cd 93ed 93ed 940d 9c2e 9c4e 9c2e a48f a470 9c4f a490 acd1 acd1 acd1 acf2 bd74 c5d5 c5b5 c594 bd74 b512 a490 9c6f 9c6f 9c2e 940e 940e 9c2e 9c4e 9c4e 9c6f a470 a490 acd1 b4f2 b4f2 acd1 a4b1 acd1 acf1 b512 b532 b553 b553 bd53 bd73 c5b4 c5b5 c5d5 c5d5 c5d5 c5d5 c5f6 c5f6 cdf6 ce16 ce17 ce37 ce37 ce37 ce37 ce37 ce37 ce37 ce37 ce57 ce57 ce57 ce57 ce57 ce58 ce58 ce58 ce58 ce58 ce78 ce78 d678 ce58 ce58 ce58 ce58 ce78 ce78 d679 d679 ce58 ce58 ce58 ce58 ce38 c617 c5f7 c5d7 bdb6 bdb6 b596 b595 ad55 ad34 a513 a513 9cb2 9491 9471 8c50 8c2f 8c2f 840f 840f 8c2f 840f 840f 8c2f 840f 840f 840e 840f 83ee 840e 840e 840f 8c2f 8c2f 8c2f 8c2f 8c2f 8c2f 8c2e 8c2e 8c2e 8c0e 8c0e 840e 8c2e 8c2e 8c2e 8c2e 8c2e 8c2f 8c2f 8c2f 8c2f 8c4f 8c4f 8c4f 944f 944f 8c2f 840e 83ee 8c0e 944f 9470 9470 944f 944f 944f 
8451 8451 6baf 4aab 426a 426a 3a09 31c8 4249 4a6a 5b0c 6b4d 4207 31a6 31a5 3164 3143 3143 2903 28e2 28e2 3123 49e5 62a7 7b49 838a 8bca 8ba9 8b89 8388 8b68 8b69 8b8a 838b 838b 7b4b 6b0a 62aa 5a89 5aaa 5aca 5aeb 632b 6b4c 6b6d 738d 7bae 7bce 7bce 7bad 7b8d 736c 736c 736c 7b6c 7b4c 7b6c 7b6c 7b6c 7b6c 7b4b 7b2b 732b 730a 730a 730a 730a 72ea 72e9 72e9 72c9 72a8 72a8 6aa8 6aa8 6aa8 6aa7 6a87 6a87 6aa7 72c9 72c9 72c8 72a8 6ac8 6ac8 6ac8 72c8 6aa8 72e9 7b2a 838b 8b8c 838c 836b 7b4b 838c 838c 838c 83ac 83ac 83ac 83ac 83ac 838c 838c 836c 838c 83ac 8bed 942e 9c4f 9c4f 9c2e 940e 940e 940e 93ed 8bcd 8bac 838b 836b 7b4a 7b29 7b29 7b29 7b09 7b09 72e8 7b09 7b29 7b29 7b09 7b29 7b4a 838b 838b 836a 836a 838b 838b 836b 8b8b 93ac 93ac 93cd 9bed 9c2e a42f a44f a44f a44f a44e 93ed 8b8b 8b6b 8bac 9bed 9c0d 9c2d 93ec 8bab 838b 8bcc 9c2e 9c4e 9c2e 9c2e 93ed 9c6f a490 a470 9c6f 9c4f a46f acd1 b512 b533 b553 bd74 c5d6 cdf6 bd95 ad13 a4b1 a4b0 9c90 9c6f a490 a490 9c6f 9c6f 9c4f 9c6f a490 acf1 b532 b532 acf1 a4b1 acd1 acf1 acf2 b512 ad12 b532 bd73 bd94 c5b4 c5b5 c5b5 c5b5 c5b5 c5b5 c5d6 c5f6 ce17 ce37 ce37 ce37 ce38 ce37 ce37 ce37 ce37 ce57 ce57 d657 ce57 ce57 ce57 ce57 ce57 ce57 ce58 ce58 ce78 d678 d678 d678 ce78 ce79 ce79 ce79 d679 d679 d679 d679 ce59 ce59 ce59 ce58 ce58 ce38 ce18 c618 c5d7 bdd6 bdb6 b595 b575 ad54 a514 a4f3 9cd2 9cb2 94b1 9491 9491 9491 9471 9470 8c2f 8c2f 840f 840f 83ee 7bce 7bce 7bce 840e 840e 840e 840f 840f 840f 840e 840e 8c0e 8c0e 8c0e 8c0e 8c0e 8c0e 8c0e 840e 8c0e 8c0e 8c2e 8c2e 8c2e 8c2e 8c2f 8c2f 8c2f 8c2f 8c2f 944f 9470 944f 8c2f 840e 83ee 8c0e 944f 9470 944f 8c4f 944f 9470 
31e7 52cb 634d 634e 5b2d 426a 31c8 31c7 4a6a 52ab 6b8e 738e 39e7 2965 3185 39a5 3143 3143 2903 28e2 28e2 3123 41a4 5a67 7b49 838a 8bca 8ba9 8368 8368 8b68 8b69 836a 836a 836b 7b4b 6aea 5a89 5269 5269 5aaa 5aca 62eb 630b 6b2c 6b4d 736d 7b8e 7bad 7b8d 7b8c 7b6c 7b8d 7b8d 838d 7b8c 7b4c 7b4c 7b4c 7b4c 7b4b 7b2b 7b2b 730a 730a 72ea 72e9 72e9 72c9 72c9 72a9 6aa8 6aa8 6aa8 72a8 72a8 6a87 6a67 6a87 6aa8 6ac8 6aa8 6aa8 6aa8 72c9 72e9 7309 7309 7b4a 7b2a 7b2a 7b2a 7b4a 836b 8bac 93ed 93ee 8bee 940e 940e 940e 942f 9c4f 9c4f 9c6f 9c4f 942f 942e 942f 9c4f a490 a490 a470 9c2f 9c0e 940e 9c0e 9c0e 93cd 8b8c 836b 836a 7b4a 7b29 7b09 7309 72e8 72c8 72c8 72c8 72c8 72c8 72c8 72e9 7b09 7b2a 7b09 72e9 72e9 7b09 7b09 7ae9 7ae9 7b09 834a 836b 8b8b 8b8c 93ac 93cd 9c0d a42e 9bed 9c0d 9c0d 93ed 93cc 8bcc 8bac 8bcc 9c0d 93cc 8bab 8bcc 93ed 940d 93ed 93ed 93ed 9c2e 9c4e a46f 9c4f 940e 942e a4b0 b512 acf2 acf2 b554 c5d6 cdf6 c5d6 bd95 b554 b553 acf2 acf2 b532 b512 acd1 acf1 9c90 9c90 a4b1 b512 b553 b533 acf2 a4b1 a4b1 acd1 acd1 acf1 acf1 acf2 b533 bd53 bd94 bd94 bd95 bd95 bd95 c5b5 c5d6 cdf6 ce37 ce37 ce58 ce37 ce37 ce17 ce17 ce17 ce37 ce37 ce37 ce37 ce37 ce37 ce37 ce37 ce57 ce57 ce58 ce58 ce58 ce78 ce78 d678 d678 d679 d679 d679 d699 d699 d699 d699 d679 d679 d679 d679 ce59 ce58 ce58 ce58 ce18 c5f7 c5d6 c5d6 c5f7 bdd6 b5b5 b575 a534 a513 a4f3 9cd2 9cb2 9491 8c70 8c50 9470 8c2f 840f 83ee 83ee 83ee 840f 8c2f 840e 840e 840e 840e 840e 840e 840e 840e 840e 840e 840e 840e 8c0e 8c0e 8c0e 8c0e 8c0e 8c0e 8c0e 8c0e 8c2e 8c2e 8c2f 8c2f 8c2f 8c0f 8c2f 944f 944f 8c2f 8c0e 83ee 83cd 8c0e 8c2f 944f 944f 944f 944f 9470 
636d 636e 636e 6b8f 73d0 5b2d 31c8 1925 31a8 4a6a 6b8e 7bf0 528a 39c6 2945 2924 3164 3143 2923 2902 2902 3103 4184 5a26 7b29 8389 8baa 8ba9 8368 8368 8b69 8b69 836a 836a 836b 7b4b 6aea 5a89 5248 4a48 5269 5289 5aca 5aeb 630b 6b4c 736d 7b8d 7b6d 7b6c 7b6c 7b6c 7b8c 7b8c 7b6c 7b4c 7b2b 7b4b 7b4b 7b2b 7b2b 730b 730a 72ea 72ea 72e9 72c9 72c9 72c9 72c9 72a9 72a8 6aa8 6aa8 72a8 6aa8 6a87 6267 6a87 6aa8 6a87 6267 6267 6267 6a87 6aa8 6ac8 6ac8 6ac9 72e9 7b0a 7b4a 7b6b 836b 838c 83ac 8bcd 8bed 940e 9c4f 9c6f 9c70 9c70 9c70 9c4f 9c70 a490 a490 a490 9c4f 942e 93ee 9c2f 9c0e 940e 93ed 8bcd 8bac 8b8c 836b 836b 836a 834a 7b49 7b29 7b29 72e8 72e8 72c8 6a88 6a67 6a67 6a87 72a8 72c8 72c8 7b09 7309 7ae9 7b09 7ae9 72c8 72a8 72a8 7ae9 7b09 832a 834a 834a 834a 8b8b 8bac 93cc 93cc 8bac 836b 7b4a 834a 8bab 93ec 8bcc 93cc 93ec 93ec 8bcc 8bab 8bcc 93ed 940d 93ed 93ed 9c2e a46f 9c4e 942e 9c6f acb1 a4d2 ad13 bd74 c5b5 bdb5 c5d6 c5f6 bd95 bd95 ad13 a4f2 b553 b553 b532 b553 ad12 acf2 ad12 b553 bd73 b533 acd1 a4b1 a4b1 acd1 acf1 acf2 acf2 acf2 b512 b513 b554 b574 bd94 bd95 bdb5 c5d5 cdf6 ce37 ce37 ce37 ce37 ce17 ce17 c617 c5f6 c617 ce37 ce37 ce37 ce37 ce17 ce37 ce37 ce37 ce37 ce37 ce37 ce57 ce58 ce58 ce58 ce58 d679 d679 d679 d679 d679 d679 d679 d679 d699 d699 d679 d679 d679 ce79 ce79 d679 d658 ce38 ce17 ce17 ce38 ce17 c5f7 bdb6 b575 ad75 ad54 a534 9cf3 94d2 8c91 8c50 840f 840f 840f 840f 840f 7bee 7bce 7bce 83ee 83ee 83ee 840e 840e 840e 840e 840e 83ee 83ee 83ee 840e 840e 8c0e 8c0e 8c0e 8c0e 8c0e 8c0e 8c0e 8c2e 8c2e 8c2f 8c2f 8c0e 8c0e 8c0f 8c2f 8c2f 8c0e 83ee 83cd 83ce 8c0e 8c2f 944f 944f 944f 944f 9450 
0882 2166 31e8 39e8 3a09 3a09 31c8 31a8 31c8 31a7 2966 39c8 31a6 39e7 39a6 3185 3144 3143 2923 2903 2903 3102 3963 5205 72e8 8369 8baa 8ba9 8b68 8b68 8b69 8b69 8b6a 8b8b 836b 7b4b 6b0a 5a89 4a28 4207 4a28 4a69 52a9 5aca 630b 6b2c 734d 7b8d 734c 734b 734b 7b4b 7b4b 7b2b 732b 730a 7b4b 7b2b 7b2b 7b2b 7b2b 7b0a 730a 730a 72e9 6ac9 6ac9 6aa9 6aa9 6aa8 6a88 6a67 72a8 6a88 6a87 6aa8 6aa8 6aa7 6ac8 72c8 6ac8 6ac8 72e9 6ac8 6aa8 6aa8 6ac8 72c9 7b4a 7b2a 730a 730a 7b2a 836b 8bcc 940e 8bee 8bce 83cd 83ad 8bcd 8c0e 944f 9c70 9c70 9c70 9c4f 942f 940f 940e 940e 940e 8bcd 8bcd 8bad 8b8c 836b 834b 834b 834b 7b29 7b09 7309 7308 7b09 7b08 7b08 7b09 7ae9 72a8 6a88 6a87 6a88 72a8 6aa8 6a88 6aa8 72c9 72c9 7ae9 7b0a 832a 832b 832a 7ae9 7b09 832a 834a 834a 834a 834a 836a 834a 834a 834a 836a 836a 834a 7b29 7309 836a 8bab 93ec 9c0d 940d 93ec 93ec 940d 940d 940d 93ed 93ed 9c4e a46f 9c4f 9c4f 9c90 a4d2 b534 bd75 bdb6 c5d6 c5f7 c5f7 bdb6 bdb5 ad34 ad13 b574 b574 b554 c5d5 c5d5 bd94 bd94 bdb5 bd94 b553 ad12 acf2 acf2 ad12 b512 b512 b512 b512 b512 b512 ad33 b554 bd94 bdb5 c5d5 c5d6 cdf6 ce17 ce16 ce16 ce16 cdf6 c5f6 c5f6 ce16 ce17 ce17 ce17 ce16 c5f6 c5f6 cdf6 ce16 ce17 ce37 ce37 ce37 ce57 ce58 ce58 ce58 ce58 d678 d678 d679 d679 d679 d679 d699 d699 d699 d699 d699 d679 d679 d679 ce99 d679 d679 d658 ce38 ce37 ce17 c5f7 bdd6 bdd6 bdb6 b5b6 b5b5 b595 ad75 ad54 a533 a513 94b1 94b1 9cb1 9cd2 9cb1 9470 8c2f 840f 842f 842f 840e 840e 840e 840e 840e 840e 83ee 83ee 83ee 83ee 840e 840e 840d 840d 8c0e 8c2e 8c0e 8c2e 8c2e 8c2e 8c2f 8c2f 8c0f 8c0e 8c2f 942f 8c0f 83ee 83cd 83ce 8bee 8c0e 8c2f 944f 944f 944f 942f 942f 
2146 424a 6b8e 7bf1 73af 5b0d 52ac 4a8b 630d 6b4e 6b2d 630c 4a28 39c6 2924 2103 3164 3163 3123 2902 2902 2902 3943 49e4 6aa7 7b29 8b8a 8b89 8b68 8b69 8b69 8b69 8b6a 8b8b 8b8b 836c 732b 62a9 5248 4a28 4a68 5289 52a9 5aca 5aea 62eb 6b0b 732c 7b6c 7b8c 838c 838d 838d 838d 838c 838c 7b2b 7b2b 7b4b 834b 836c 836c 836c 836c 834b 7b4b 7b2b 7b0a 72ea 72c9 6aa9 6a88 6a88 6a67 6267 6a88 72c8 72e9 72e9 72e9 7b09 7b4a 838b 838b 7b4a 7b2a 7b4a 836b 838c 838c 8bac 8bcc 8bcd 8bed 940d 940e 940e 940e 940e 942e 942f 942f 942f 942f 9c4f 9c4f 9c4f 9c2f 942f 940e 8bcd 8bcd 8bad 8b8c 836c 836b 836b 836b 834b 834a 7b29 7b29 7b09 7b09 7b29 8349 8349 834a 834b 832a 7ae9 72c9 72e9 72e9 72c8 6aa8 72a8 72c9 72c9 72c9 7ae9 832a 832b 832a 836b 836b 8b6b 8b8b 8bac 8bab 8b8b 8b8b 7b09 7b09 7b09 7b29 832a 834a 834a 834a 836a 838a 93cc 9c2d a46e 9c4e 940d 93ec 93ed 9c4e 9c2e 93ed 9c2e a46f a46f 9c2f a470 acd2 b533 b574 c5d6 ce37 ce38 c5f7 c5f6 c617 bdb5 b595 c5f6 c5f6 c5d6 d658 d657 ce16 c5f6 c5f6 c5d6 bd94 b553 b533 b553 b533 ad12 acf2 acf2 acf2 b512 ad12 ad33 b554 bd95 c5d5 c5d6 c5d6 c5d6 c5d6 c5f6 c5f6 c5f6 c5f6 c5f6 ce16 ce17 ce37 ce17 ce16 c5f6 c5f6 c5d6 c5f6 c5f6 c616 ce37 ce37 ce57 ce58 d678 d678 d678 d678 d678 d679 d679 d679 d699 d699 d699 d699 d699 d699 d679 ce79 ce79 ce79 ce79 d679 ce38 d658 d638 ce37 c5f7 c5d6 bdd6 bdf6 b595 b595 ad75 ad75 ad74 ad54 a534 a533 a513 9cd2 9cb1 9491 9470 9470 9470 9491 8c70 8c4f 8c4f 8c2f 840e 840e 840e 83ee 83ee 83ee 83ee 83ee 83ee 83ed 840e 840d 8c0e 8c0e 8c2e 8c2e 8c2e 8c2f 8c2f 8c2f 8c2f 8c2f 942f 944f 8c0f 83ee 83ce 83ee 8c0f 8c2f 942f 944f 944f 944f 942f 8c2f 
1083 2946 39e9 4229 4a6a 4229 31a7 31a7 4209 528a 630b 5aca 4207 3165 3165 3985 3164 3163 3143 2922 28e1 28e1 3942 49a3 6286 7b08 8b8a 8b89 8b69 8b68 8b69 8b69 8349 834a 836b 836b 732b 62a9 5247 4206 4a48 5289 5aca 630b 6b2b 6b4b 736c 736c 736c 7b6c 7b6c 7b6c 7b6c 7b6c 7b6c 836c 836c 836c 7b4c 7b4b 7b4b 7b2b 7b2b 7b0b 7b2b 7b2b 7b2b 7b2a 7b0a 7b0a 730a 7b0a 7b0a 7b0a 730a 72ea 72e9 72e9 72e9 72e9 72e9 72e9 7b0a 7b2a 7b2a 7b2a 7b4b 7b4b 7b2a 836b 8bac 93ed 940e 8bed 83ac 838c 8bad 8bed 9c2e 9c6f a490 a470 9c2f 940e 9c2e 9c2f 9c2f 9c2e 940e 940e 942e 9c2e 93ed 93cc 8b8b 836a 7b2a 7b2a 7b2a 832a 7b29 7b09 7b09 7b09 7b09 834a 836a 8b8b 8b6b 8b8c 8b6c 834b 7aea 72c9 72a9 72c9 72c9 72c9 72c9 72a8 6a88 6a88 72a8 72a9 7b0a 832a 834b 8b6b 8b8c 8bac 93ac 93cc 9bed 93cc 8b8b 834a 7b29 7b09 7b09 7b29 834a 836a 8b8b 93ec 9c0d 9c0d 93ec 93cc 8bac 940d 9c0d 93ec 9c0d a46f a46e 940d 9c4f acd2 b4f2 acf2 b533 c5f6 ce17 bdd5 c5f6 c5f6 bdd6 bdd6 c617 ce37 ce37 d658 d658 d678 d678 d678 d638 c5f6 bd95 b554 b553 b533 b513 ad13 b513 b533 b533 b533 b574 bd75 bdb5 c5b6 c5d6 c5d6 c5f6 c5f6 ce17 ce17 ce17 c617 ce17 c617 ce17 ce17 c5f6 c5f6 c5f6 c5d6 c5d6 c5f6 c5f6 ce16 ce17 ce17 ce37 ce37 ce37 ce57 ce37 ce37 d658 d658 d678 d678 d678 d678 d679 d699 d679 d679 d679 d679 d679 d679 d679 d679 d658 d658 d658 ce38 ce17 c5d6 bdd6 bdb6 b595 b595 ad74 ad54 a554 a533 a533 a533 a4f2 a4d2 9cd2 9cd2 9cb1 9491 9470 8c50 8c4f 8c4f 8c2f 8c2f 8c2f 842f 842e 840e 840e 83ee 83ee 83ee 83ee 83ee 840e 840e 83ee 8c0e 8c2f 8c2f 8c2f 8c2f 8c2f 8c2f 944f 944f 944f 8c2f 8c0e 83ce 83ce 83ee 8c2f 8c2f 8c2f 8c2f 944f 944f 944f 8c2f 
4209 31a8 2946 31a8 528b 6b4e 73af 7bef 6b2c 5aaa 4a28 4207 41e7 41e7 39c6 3144 3143 3143 2942 2922 20e1 28e1 3942 41a3 6286 7b09 8b8a 8baa 8b8a 8b69 8b49 8329 836a 836b 836c 7b6b 732a 62c9 5248 4207 4227 4a68 5aa9 5aea 62ea 630b 6b2b 736c 736c 736c 736c 736c 7b6c 7b6c 7b6c 7b4b 7b2b 7b4b 7b4b 7b4b 7b4c 7b4b 7b2c 7b2b 7b0a 7b0a 730a 730a 72ea 72ea 72ea 730a 7b0a 7b0a 7b0a 7b0a 7b2a 7b2a 7b2b 7b2b 7b4a 7b4b 836b 836b 836b 836b 836b 836b 838c 838c 838c 83ac 8bcd 8bed 940e 940e 940e 93ee 93ed 93ed 93ee 940e 9c0e 9c2e 9c2e 9c0e 940e 93ed 93cd 8bcd 8bad 8bac 8bac 8bab 8b8b 838b 836a 836a 834a 834a 832a 832a 832a 834a 834a 834a 836a 8b6b 8b8c 8bac 8bac 8b8c 834b 7b0a 7ae9 7ae9 6a88 72a8 72a8 72a8 72a8 72a9 7ac9 7aea 72a9 72a9 72a9 72c9 7b09 832a 834a 836b 8b6b 8b6b 8b8b 8b8b 8b6b 834a 8329 7b29 7b09 7b09 7b29 834a 8b8b 93ac 93ac 8bab 8bab 8bab 93cc 940d 9c2e 9c4e 9c4e 9c2e 9c4f 9c4f a470 a4b1 ad12 bd74 c5d5 c616 c5f6 c616 bdd6 bdb5 c5f6 c5f6 c5f7 ce17 ce38 ce58 d658 d658 ce38 cdf7 bdb6 bd75 bdb5 bd95 bd74 b554 b554 b574 bd74 bd94 bd75 bdb5 c5f6 ce17 ce17 ce17 c5f6 c5f6 c5f6 c5f6 c5f6 c5f6 c5f6 c5f6 c5f6 c5f6 c5f6 c5d6 c5d6 c5d5 bdb5 bdb5 c5d5 c5d6 c5f6 c5f6 ce16 ce17 ce37 ce37 ce37 ce37 ce37 d657 d678 d678 d678 d678 d679 d679 d679 d679 d679 d679 d679 d679 d679 d679 d659 d658 d658 ce58 ce37 c617 c617 c617 bdd6 bdb6 b5b5 b595 ad95 ad95 ad74 a554 ad54 ad13 a4f2 9cb2 9491 9450 8c2f 842f 842f 840e 83ee 7bee 83ee 83ee 840e 840e 83ee 83ee 83ee 83ee 83ee 83ee 83ee 840e 83ee 8c0e 8c2f 8c2f 8c2f 8c2f 8c0f 8c0f 8c2f 8c2f 944f 8c2f 8c0e 83cd 83cd 83ee 8c2f 8c2f 8c2f 8c2f 944f 944f 944f 8c2f 
31c8 2146 18e4 10e4 2125 39c8 528a 5aeb 7bcf 73ae 738d 62eb 4207 3185 3185 3184 3164 3164 2943 2922 20e1 20e1 3122 3983 5a46 6ac8 7b4a 836a 8349 8349 8349 8349 836b 836c 7b6c 7b4c 734b 6b2b 62ea 5aca 5aca 630b 6b6c 738d 736c 738d 7bad 83ce 83cd 7bad 7bad 7bad 83ad 83ad 83ad 83ad 8bad 8bad 8bcd 8bcd 8bad 8bad 838d 838c 838c 838c 836c 836c 836c 836c 836c 836c 838c 838c 838c 8b8c 8b8c 8bac 8bad 8bad 8bac 8bac 8bac 8bac 8bac 8bac 8bac 8bac 8bcd 8bcd 8bcd 8bcd 8bed 940e 940e 940e 93ed 93ed 8bcd 8bac 8bac 8bcc 8bcc 8bcc 8bac 8bac 8b8c 8bac 8bac 8bac 8bac 838c 834a 834a 7b4a 7b4a 832a 7b2a 7b2a 7b2a 7b2a 7b09 7b09 7b09 7b09 7b09 7b09 7b0a 7b0a 832a 8b6b 8b8c 8bac 8bac 8bac 8bac 8b8b 8b6b 834b 832a 830a 7b0a 7b0a 832a 832b 832a 832a 832a 832a 834b 834b 834b 8b6b 8b6b 834a 834a 832a 834a 8b6a 8b8b 832a 8b6b 8bab 8b8b 836a 834a 8b8b 93cc 93cc 8bab 8b8b 8bab 93cc 93cc 93ec 93ed 93ed 93ed 9c2f a4b0 ad12 b553 bd94 bdb5 bd94 b594 b574 b574 bd95 bdb5 c5b6 c5f6 cdf7 ce17 ce37 ce37 ce37 ce17 c5f6 c5d6 bd95 b574 b554 b554 b554 bd95 bdb5 c5d6 c5f6 c5f6 c5f6 c5d6 c5d6 c5d6 c5d6 c5d6 c5d6 c5f6 c5f6 c5f6 c5f6 c5f6 c5d6 c5d6 c5d6 c5d6 c5d5 bdb5 bdb5 bdb5 bdb5 bdb5 c5b5 c5d5 c5d6 c5f6 ce16 ce17 ce17 ce17 ce17 ce37 d658 d678 d678 d678 d678 d678 d699 d699 d699 d699 d699 d699 d679 d679 d679 d678 d678 d658 ce38 ce38 ce38 ce58 c617 c617 bdf7 bdd6 b595 ad54 9d13 9cf2 9cd2 9491 8c70 8c2f 840f 840f 83ee 83ee 842f 842f 842f 842f 842e 840e 83ee 7bcd 83ee 83ee 83ee 83ee 83ee 83ee 83ee 83ee 83ee 83ee 8c0e 8c0e 8c0f 8c0f 8c0f 8c0f 8c0f 8c2f 8c2f 8c2f 83ee 83cd 83cd 83ee 8c2f 8c2f 8c2f 8c2f 8c2f 8c2f 944f 944f 
2146 2146 31c7 4a6a 5aec 634d 634d 5acb 4a69 4a69 5289 5269 4207 39c6 39a5 3185 2923 2943 2944 2943 2102 2102 3143 3984 5a88 730a 838b 838b 7b6a 7b6a 836a 836b 7b2b 7b4c 83ad 83ee 83ee 7bce 736c 632b 6b4c 738d 73ad 7bce 7bce 7bad 7bcd 7bce 7bad 7b8d 7b8d 7b8c 7b8c 836c 838c 838c 93ee 93ee 93ee 940e 93ee 93ee 8bce 8bce 8bad 8bad 8bad 8bad 8bac 8bac 8bac 8bac 8b8c 838c 838c 838c 838c 838c 838c 838c 8bcd 8bcd 93cd 93ed 93ed 93ed 93ed 93ee 93ee 940e 940e 940e 940e 940e 93ed 93ed 940e 940d 940d 9c0e 9c2e 940e 93cd 8bac 8bac 8b8c 838b 836b 836b 7b4a 7b2a 7309 7b29 7b09 72e9 72e9 72c8 72c8 72e9 72e9 7b2a 7b2a 7b0a 7b09 7b09 7b0a 832a 832a 834a 834b 8b6b 8b8c 8bac 8bac 8b8c 8b6b 834b 834b 834b 834b 834b 834b 8b6b 8b6b 8b8c 8b8c 8b8c 8b8c 8b8c 8b8c 8b4b 832a 8329 834a 8b6a 8b6a 834a 832a 8329 8329 7b09 8b6b 93ac 8b8b 834a 7b09 832a 836a 93cc 9bed 9bed 93ac 93ac 93ed 93ec 8bac 8b8c 93cd 9c2e 9c6f a4d1 ad12 b533 ad32 b553 b553 ad33 ad33 bd74 bd74 bd95 c5b5 c5b5 c5d6 cdf6 ce37 ce37 ce17 c5f6 c5d6 b574 b574 b554 b554 bd75 bdb5 c5d6 c5f6 c5d6 c5b5 bd95 bd94 bd74 bd95 bdb5 c5d5 c5b5 c5d5 c5d5 c5d5 c5b5 bdb5 bdb5 bdb5 bdb5 bdb5 bd95 bd94 bd74 b574 bd94 bd94 bd95 bd95 c5b5 c5d6 c5f6 c5f6 ce16 ce17 ce17 ce37 d658 d658 ce57 ce57 ce58 d678 d679 d679 d679 d679 d679 d679 d679 d679 d679 d679 d678 d658 ce58 ce38 ce38 ce38 c617 c617 c617 c617 be17 be17 b5d6 b5d6 ad54 ad34 9cf2 9491 8c50 840f 7bee 7bce 7bad 7bad 7bcd 7bee 83ee 840e 840e 840e 83ee 83ee 83ee 83ee 83ee 83ee 83ee 83ee 83ee 83ee 83ee 8c0e 8c0f 8c0f 8c0f 8bee 8c0e 8c2f 8c2f 8c0f 83ee 83cd 83ce 8c0e 8c2f 8c2f 8c2f 8c2f 8c2f 8c2f 8c2f 944f 
1904 10c3 2986 4a8a 5b0c 6b6d 7c10 8c71 6b6d 5aeb 52aa 4a89 4248 41e7 3185 1903 2944 2964 2965 2944 2103 2103 2123 2944 4206 62c9 736c 7b8c 7b6b 7b6b 7b8c 7b8c 83ce 83ce 83ae 7bad 7b8d 738d 736d 6b6d 6b6d 6b6d 738d 73ad 7bad 7bad 738d 736c 734c 7b6c 7b6c 7b6c 734b 7b2b 7b4b 7b6c 836c 836c 838c 8bad 8bad 8bad 8bad 8bad 8b8d 8bad 8bad 8bad 8bad 8bad 8b8c 8b8c 93cd 8bcd 8bcd 8bad 8bad 8bac 8bac 8bac 8b8c 8bac 8bad 8bcd 93ed 93ee 9c0e 9c0e 940e 940e 93ed 8bed 8bed 93ed 93ee 940e 9c2e 8bac 7b2a 7309 7b2a 836b 8bac 93cc 834b 834b 834a 7b2a 7309 72e9 72c8 72c8 7b09 7b09 72e9 72c8 72c8 72c8 72c8 72c8 72e9 7ae9 7ae9 7b09 832a 832a 832a 834a 8b8b 8b8b 8b8b 8b8b 8b8b 8b6b 834a 834a 8b6b 8b6b 8b6b 8b8b 93ac 93cc 93cd 9bcd 93cd 93cd 9bcd 9bed 9bed 93cd 93ac 938c 8b6b 8b8b 93ab 93ac 8b8b 8b6b 8b6a 834a 8b6b 834a 834a 8b8b 93ac 93cc 8b8b 836a 7b09 8b8b 93cc 93cc 9bed 9c0d 9bed 93ac 93ed 940d 940e 942e 9c4f a4b0 acf1 acf1 b532 b552 ad12 ad12 b533 b533 bd33 bd54 bd94 c5b5 c5d5 cdf6 ce16 c5f6 c5d5 bd95 b574 b554 b554 b574 b574 bd95 bdb5 bd95 b554 b554 bd54 bd74 bd74 bd74 bd74 bd74 b574 b574 b574 b574 b574 b574 b554 b554 b553 b553 b553 b533 b533 b533 b553 b574 bd74 bd94 c5b5 c5d5 c5f6 c5f6 cdf6 ce17 ce17 ce37 ce37 ce37 ce17 ce17 ce37 d658 ce58 ce58 ce58 ce58 ce58 d658 d658 d658 d679 d678 d678 d678 ce58 ce38 ce38 c617 c638 c617 bdf7 bdd6 b5b5 ad75 a534 a513 ad34 ad34 ad34 ad34 a533 a513 a4f2 9cf2 8c70 8c2f 840e 83ee 7bee 83ee 83ee 840e 7bce 7bce 83ce 83ee 83ee 83ee 83ee 83ee 840e 83ee 83ee 8c0e 8c0f 8c0f 8c0f 8c0e 8c0e 8c2f 8c2f 8c0e 83ce 83cd 83ee 8c0e 8c2f 8c2f 8c2f 8c2f 8c2f 8c2f 8c2f 944f 
1104 2145 4a8a 73cf 6b8e 4269 3a08 4269 632c 5aeb 5aeb 52ca 4a69 4228 39c7 2985 2965 2965 2986 31a6 3186 3186 31a6 39e6 5289 62eb 6b4c 6b2b 630b 6b2b 736c 736d 8c10 840f 7bae 736d 6b2c 632c 6b4d 6b8d 738d 738d 738d 73ae 7bce 7bce 7bad 736c 736c 7b6c 7b8c 7b6c 7b4c 7b4b 7b4b 7b6c 7b2b 7b4b 7b4b 836c 836c 838c 838c 838c 8bad 8bad 8bcd 93cd 8bcd 8bcd 8bad 8bad 836b 836b 836b 836b 836b 836b 836b 836c 836b 836c 836c 8b8c 8bad 93cd 93ed 93ee 93ed 93ed 93ed 8bed 8bcd 8bad 83ac 838c 7b4a 834b 838b 8bcc 93ed 93cc 836b 7b2a 7b09 7b0a 7b2a 7b0a 72e9 72e9 72e9 7b09 72e9 72e9 72e9 72e9 72e9 72c8 72c8 72c8 6a67 6a88 72c8 7b09 832a 832a 832a 832a 834a 834a 834a 836b 8b6b 8b8b 8b8b 8b6b 8b6b 8b6b 8b6b 8b6b 8b6b 834b 832a 832a 8b6b 8b4b 834b 832a 832a 830a 830a 830a 8329 7b09 7ae9 72c8 72c8 7ae9 7b09 8329 832a 7b09 7ae9 7b09 8b4a 8b6b 8b6a 832a 832a 8329 834a 8bab 93cc 93cc 93cc 9c0d 9c2e 93ed 940d 9c6f 9c6f 9c4e 9c6f a4d0 a4d0 acd1 a4b0 a4b0 acd1 b4f1 b4f1 b512 bd53 bd73 bd94 c5b4 c5b5 c5b5 bd94 bd74 b553 b554 b554 b554 b574 b574 b574 b574 bd74 bd74 bd54 b553 b554 b553 b533 b533 b533 ad33 ad13 ad12 ad12 ad12 ad12 ad12 ad12 ad12 acf2 ad12 ad12 b533 b533 b553 b574 bd94 bdb5 c5d5 c5d5 c5f6 c5f6 ce16 ce17 ce16 c616 c5f6 c5f6 c616 ce17 ce37 ce58 ce58 ce58 ce58 d679 d679 d679 d679 d678 d678 d678 d678 d678 ce58 ce58 c638 bdd6 bdd6 b5b6 b5b6 b5b5 b595 ad95 ad95 ad75 ad54 ad54 ad34 a533 a4f2 9cd2 94b1 a513 a4f2 9cd2 94b1 9470 8c4f 840e 7bee 83ee 83ee 83ce 83ce 83ee 83ee 83ee 83ee 840e 840e 83ee 8c0e 8c0f 8c0f 8c0f 8c0f 8c0f 8c2f 8c0e 83ee 83cd 83ee 8c0e 8c2f 8c2f 8c2f 8c2f 8c2f 8c2f 8c2f 8c2f 8c2f 
2166 29a7 3a49 5b4d 7410 73cf 5b2d 52cb 634d 5b0c 5b2c 632d 632d 5b0c 52ab 4249 39e8 3a08 4249 52ab 5b0c 634d 6b6e 73ae 8431 8c51 8410 73ae 6b6d 6b6d 6b6d 6b4d 736e 7bcf 8430 8431 7c0f 738e 634d 632c 6b8d 738d 73ad 73ad 738d 738d 738d 7b8d 734c 734c 7b4c 7b4c 7b4c 7b4b 7b2b 7b2b 7b6b 7b6b 7b4c 7b4c 836c 836c 836c 836c 836c 836c 836c 836c 836b 834b 834b 834b 834b 836b 836c 836c 838c 8b8c 8bac 8bac 836b 836b 834b 836b 838c 8b8c 8b8c 8b8c 836c 838c 8bac 8bac 838c 836b 7b2a 730a 7b2a 7b4a 7b2a 7b29 7b09 7b2a 7b4a 836b 834a 7b4a 7b2a 7b09 7309 72e9 72e9 72e9 72e9 72e9 7ae9 72e9 72c8 72c8 72a8 72a8 72a8 72c8 72c9 7ae9 7b09 832a 832a 832a 832a 832a 834a 834a 834a 834a 832a 832a 834a 8b6a 8b6b 8b8b 8b8b 8b8b 8b6a 834a 834b 834b 832a 830a 7ae9 7ae9 7ae9 7ae9 7ae9 7ae9 7b09 832a 834a 834a 832a 7b09 8b4a 8b4a 8b4a 834a 832a 832a 8b4a 8b6b 938b 8b6b 8b4a 8b8b 8b8b 8b8b 93cc 9c2d 93ed 93ed 9c2d a44e 9c6e 9c4e 9c4e 9c6f 9c4e 9c6f 9c4f 9c4f ac90 acb0 acb0 b4d1 b512 b512 b532 bd73 c594 c5b4 c5b4 c5b4 c5b4 bdb5 bdb5 bdb5 bdb5 bd95 bd94 b574 bd74 bd53 b533 b512 b512 b512 b512 b512 ad12 acf2 acf2 a4d1 a4d1 a4d1 acd1 acd1 a4d1 a4d1 acd1 acd1 acf2 ad12 b533 b553 b553 bd74 bd94 bdb5 bdb5 c5b5 c5d5 c5f6 c5f6 c5f6 c5d5 c5d6 c5f6 c5f6 ce16 ce16 ce58 d658 d658 d678 d678 d679 d699 d699 d679 d678 d678 d678 d679 d679 ce58 ce58 c617 bdf7 bdd6 b5b5 ad75 ad55 a534 a513 a534 a533 a513 a513 a4f3 9cf3 9cf2 9cd2 8c50 8c70 9490 9491 9490 8c70 8c4f 840e 83ee 83ee 83ee 7bce 7bcd 7bcd 83ed 83ed 83ee 83ee 840e 840e 8bee 8c0e 8c0f 8c0f 8c2f 8c2f 83ee 83cd 83cd 83ee 8c0f 8c2f 8c2f 8c2f 8c2f 8c2f 8c2f 8c2f 8c2f 8c2f 
530c 636e 52ec 3a29 4aab 636e 634d 52cb 634d 634e 6b8f 6b8f 634d 632d 634e 634e 73af 73b0 73f0 7c31 8452 8472 8472 8c72 7c31 8452 8472 8452 8472 8472 8431 73cf 73cf 8411 8c72 8c72 8430 73cf 73ae 73ae 738e 73ae 73ae 73ad 736c 6b6c 738c 7b8d 7b8d 7b6c 7b4c 7b6c 838d 838c 7b4b 7b2b 732a 732a 7b2b 7b2b 7b2b 7b4b 7b4c 7b4c 7b2b 7b2b 7b0a 730a 730a 730a 7b0a 7b0a 7b2b 7b2b 7b4b 834b 836b 836c 838c 8b8c 838c 836b 834b 834b 834b 834b 834b 7b4b 7b2b 7b2a 7b0a 730a 730a 730a 7b2a 7b4a 72e9 7b2a 836b 836a 7b2a 7b09 7b29 7b4a 7b09 7309 72e9 72e9 7309 7b2a 7b2a 7b2a 7b2a 7b09 72e9 72c8 72a8 72a8 72a8 72c8 72e9 72c8 72a8 6a87 6a88 72a8 72c9 7ae9 7ae9 7ae9 7b09 832a 832a 7b29 7b29 7b29 832a 832a 834a 834a 834a 834a 7b09 7ae9 7ac9 7ae9 7b0a 7ae9 7ac9 72c8 72c9 7ae9 7ae9 72c8 72a7 72a8 72c8 7b09 8329 8329 832a 8309 8309 8309 830a 832a 832a 832a 8309 8b4a 8b6b 8b4a 834a 8b6a 8b6a 834a 93ac 940d 940d 8bac 8bcc 9c2d 9c4e 9c2d a46e a46f a44e 9c4e a46f ac6f ac6f ac90 acd0 acf1 b511 bd52 c593 cdd5 cdf5 ce16 cdf5 c5d5 c5b5 bd94 bd74 b553 b533 ad12 a4d1 acd1 acf2 b512 b533 b532 b512 ad12 acf1 acd1 a4b1 a4b0 a4b0 a4b0 a4b1 a4b1 a490 a490 a4b0 a4b0 acd1 acf1 ad12 b532 b532 b553 bd74 bd94 bd74 bd94 bd95 c5b5 c5d5 bdb5 bdb5 c5d5 c5f6 cdf6 c616 c5f6 ce37 ce37 ce38 d658 d658 d678 d679 d679 d699 d679 d678 ce58 ce78 ce78 ce58 ce58 c658 c638 c638 c617 be17 bdf7 bdd7 b5d6 b595 ad74 a533 9cf2 94b2 9491 9491 8c70 8c70 8c50 842f 842f 840f 842f 842f 842f 840e 840e 83ee 7bce 7bcd 7bcd 83cd 83cd 83ed 83ee 840e 840e 83ee 83ee 8c0e 8c0f 8c2f 8c0f 83ee 7bad 7bad 83ee 8c2f 8c2f 8c2f 8c2f 8c2f 8c2f 8c2f 8c2f 8c2f 8c0f 
428b 530d 636e 63af 6bb0 6baf 6baf 73f0 8452 7c32 73d0 634e 73f1 73b0 73d0 73f1 8432 8472 8c93 8c93 8c93 8c93 7c32 73d0 634e 6bb0 6bb0 634e 636f 7c52 8cb4 8452 8472 8431 7c11 8451 8451 7c30 73cf 73ae 7bcf 73ae 6b8d 6b6d 736c 734c 6b4c 6b2b 732b 732c 7b4c 7b4c 7b4c 7b6c 7b4b 7b4b 836c 834b 7b2b 730a 730a 7b2b 7b4b 836c 836c 836c 838c 8bad 93cd 93ee 940e 9c0e 93cd 93cd 8bcd 8b8c 836b 7b4b 7b2b 7b4b 7b0a 72ea 730a 7b2b 7b2b 7b2a 7b2b 7b4b 7b2b 7b2a 7b2a 7b4a 834b 834b 7b2a 7309 72e9 7b09 7b2a 832a 832a 7b2a 7b09 72e9 7b09 7b09 7ae9 7ae9 7b09 7b09 7b09 7b2a 836b 834a 832a 7b0a 7b09 7ae9 7ac9 72c9 72c8 72c8 72a8 72c8 7ac8 7ac8 72c8 72a8 72a8 72c8 7ae9 7ae9 7ae9 7ae9 7ae9 7b09 7b09 8329 832a 834a 832a 8309 7ae9 72c8 7ae9 7ae9 7ae9 7ae9 7ac9 72c9 72c8 72c8 72a8 72a8 72c8 72c8 72c8 72c8 72c8 72a8 7aa8 7aa8 72a8 72a8 72a8 72a8 72a8 7ac8 7ae9 7ae9 7ae9 7ae9 7ae9 7ae9 8309 7b09 7b29 834a 836a 836a 838b 93cc 93ec 93cc 93ec 93ed 9c0d 9c0d a42e a44e a42e a42e 9c4e a48f b4d0 b511 b511 b512 bd53 c594 bd73 bd53 b532 b512 ad12 ad12 acf2 acf1 acd1 b4f1 b512 b512 b532 bd73 bd73 bd53 b4f2 acd1 a4b0 a4b0 a490 a490 a490 a490 a490 a48f a490 a490 a4b0 acd1 acf1 ad12 b532 b533 bd73 bd94 bd94 bd74 bd74 b553 b574 b574 b574 bd94 bdb5 c5d5 c5d6 c5d6 c5f6 ce17 ce37 d658 d678 d678 d678 d678 d679 d699 d699 d699 d679 ce79 ce58 ce58 c658 c638 c638 c638 c638 be17 bdf7 bdd7 b5d6 b5b6 ad95 ad75 ad54 a533 9cf3 94d2 9491 8c70 8c50 840f 7bee 7bee 840f 8c2f 8c2f 8c2f 840e 840e 840e 840e 840e 840e 83ee 83ee 83ee 840e 83ee 8c0e 8c0f 8c2f 8c2f 8c2f 840e 7bcd 7bcd 83ee 8c2f 8c4f 8c2f 8c2f 8c2f 8c2f 8c2f 8c2f 8c2f 8c2f 
2187 3229 4aac 636e 7c11 8452 7c11 73f1 8453 7c32 7c32 6bb0 5b0e 52ac 52ed 5b0e 6b8f 73f1 8453 8473 73f1 636f 638f 73f1 6bd0 6bb0 6b8f 636f 638f 7c32 8473 7c32 73f1 7c11 7c11 7c10 7bf0 73cf 73ae 73ae 73ae 73ad 738d 738d 738d 738d 738d 7b6d 7b6c 7b6c 7b6d 7b6c 7b6c 7b6c 836c 836c 834b 834b 836b 836b 7b4b 7b2b 732b 730a 7b4b 7b2b 730a 730a 7b0a 7b2b 7b4b 834b 7b2b 7b2a 7b0a 7b0a 7b0a 7b0a 7b0a 7b0a 7b2b 7b2b 7b2b 7b2b 7b0a 72e9 72e9 72ea 72e9 72e9 72e9 730a 7b2a 7b2a 7b0a 72e9 7b09 7b09 7b09 7b09 7b09 7b09 7b09 7b09 7b09 7b09 7b09 7b09 7b09 7b09 7b2a 7b2a 7ae9 7ae9 7ae9 72e9 72c9 72c9 72c8 72c8 72c8 72c8 72a8 72a8 72a8 72a8 72a8 6a88 6a87 72a8 72c8 72c8 72c8 72e8 7ae9 7b09 7b09 7ae9 7ae9 7ae9 7ac8 72c8 72a8 72a8 72a8 72a8 72a8 72a8 72a8 72a8 72a8 72a8 72a8 72c8 72c8 72c8 72c8 72c8 72c8 72a8 7267 7287 7287 7288 7287 7287 7267 7267 7287 7267 6a87 6a87 7287 72a8 72c8 72c8 72e8 72e8 7b09 7b09 8329 836a 836a 836a 834a 8b6b 8bab 93cc 9bed 9c0d 9bed 9c0d a42e a48f b4d0 b511 b511 b511 bd32 bd32 b512 b511 acf1 acf1 acf1 acf1 acf1 acf1 acf1 b511 b512 b511 b4f2 b511 acd1 a4b0 a46f 9c6f 9c6f a46f a470 9c6f 9c2f 9c2e 9c4f 9c4e 9c4f 9c6f a46f a490 acb0 acd1 b512 b532 b553 bd53 bd54 bd74 bd74 bd74 b553 b553 b574 b574 bd94 bdb5 c5b5 c5d5 c5f6 ce16 ce37 ce58 d658 d658 d658 d678 ce78 d678 d678 d679 d679 d679 ce79 ce79 c658 c638 c618 c617 be17 be17 bdf7 bdf7 bdf7 b5d6 b595 ad75 ad54 a534 9cf3 9cd2 8c30 8c50 8c70 8c70 8c4f 840e 7bce 73ad 840e 83ee 7bce 7bcd 7bcd 7bcd 7bcd 7bcd 83ee 840e 840e 840e 83ee 840e 8c0e 8c0f 840e 840e 83ee 7bcd 7bcd 840e 8c2f 8c2f 8c2f 8c2f 8c2f 8c2f 8c2f 8c2f 8c2f 8c2f 
6390 73f1 7411 7411 8473 8cd4 94d5 94d5 94d5 8cd4 94d5 7c12 424b 31e9 4a8c 5b0e 5b0e 6b6f 8453 9d16 8cb4 73f1 73d1 7c32 73f1 73f1 7c32 7c53 7c32 7411 6bd1 638f 6b8f 7c11 8452 7c11 73cf 73cf 7bcf 7bef 738e 73ae 7bce 7bce 7bae 7bcd 7bce 83ce 83ae 838d 836d 7b6c 7b6c 836c 836c 836c 836b 836b 7b6b 7b4b 7b4b 7b2a 730a 730a 72ea 72ea 7b0b 7b4b 836b 836b 834b 7b4b 834b 7b4b 7b2b 7b2a 7b2a 7b0a 72ea 72e9 72ea 72ea 7b0a 7b0a 72ea 72c9 72e9 72ea 72e9 72e9 72e9 7b0a 7b0a 7b2a 7b2a 7b0a 7b09 7b09 7ae9 7ae9 72e9 72e9 7ae9 7ae9 7ae9 7ae9 7ae9 72e9 72e9 72e9 72e9 72e9 6a88 6a88 72a8 72a8 72a8 72a8 72a8 72a8 72a8 72a8 72a8 7288 7288 7288 6a67 6a67 72a8 72c8 72c8 7ae9 7ae9 7b09 832a 834a 7b09 7ae9 7ae9 7ac8 72a8 7287 7287 7287 6a67 6a67 6a67 6a67 6a67 6a87 7287 7288 72a8 72a8 7ac8 7ac9 7ac9 72c8 72a8 72a8 7287 7287 7287 7287 7287 7287 6a67 6a67 6a46 6226 6226 6226 6246 6a67 6a87 7287 6a87 6a87 6a87 72c8 7ae8 7ae9 7b09 7b29 8329 832a 834a 8b6b 8b8b 93ab 93ac 93cc 93cc 9c0d a44e a48f ac6f a46f a46f a48f acd0 acd0 acb0 a4b0 a4b0 a4b0 a4b0 a4b0 a490 acb0 acb0 acb0 acb0 a4b0 a46f 9c4e 9c2e 9c2e 9c2e 9c4e 9c2e 9c2e 93ed 93ed 940d 940d 9c0e 9c2e 9c2e 9c4f a46f a490 acb0 acd1 acf1 ad12 ad12 b512 b533 b553 b533 b553 b553 b553 b574 bd74 bd95 c5b5 c5d6 c5f6 cdf6 ce17 ce37 ce37 d658 ce58 d678 ce78 d699 d699 d699 d699 d699 d699 ce79 ce59 c638 c638 c638 c638 c618 c618 be17 bdf7 b5d6 adb6 ad75 ad54 a533 9d13 94d2 9491 842f 840f 7bee 840f 842f 8c4f 840e 840e 840e 840e 83ee 83ee 840e 840e 840e 840e 8c0e 8c0e 8c0e 840e 8c0e 8c0e 83ee 83ee 7bcd 7bcd 83ee 8c0e 8c2f 8c2f 8c2f 8c2f 8c2f 8c2f 8c2f 8c2f 8c2f 8c2f 
5b2e 636f 530e 4acc 530d 5b4f 634f 5b2e 6bb0 7c32 8c94 7c32 424b 31a8 31ea 4a8c 4a8c 52cd 6b90 8c73 94d5 94b4 94d5 9d36 8c94 8473 8453 7c52 7c11 73f1 73d0 6bb0 52cc 634e 73af 6baf 6b6e 6b6e 73ae 73ae 73ae 7bae 7bad 7bad 7bad 7bad 7bad 7bad 7b8d 7b8d 7b6d 7b6c 7b4c 7b4c 7b4c 836c 836c 836b 7b6b 7b4b 7b4b 7b4b 7b2b 7b2b 7b2b 7b2b 834c 836c 836c 7b4b 7b2a 730a 730a 730a 730a 7b0a 7b2a 7b2a 7b0a 730a 72c9 72ea 730a 7b2a 7b2b 7b2a 7b2a 7b2b 7b2a 7b2a 7b4b 7b4b 7b2a 7b2a 7b2a 7b2a 7ae9 7ae9 7ae9 72e9 72c8 72c8 72a8 72a8 72c8 72c8 72c8 72c8 72a8 72a8 6aa8 6a88 6a88 6a88 6a88 7288 72a8 72a8 7288 7288 7288 6a68 6a68 6a68 6a68 6a67 6a67 6a47 6a67 6a87 6a87 6aa7 72a8 72c8 7ae9 7ae9 7ae9 7ae9 7ae9 7ae9 7ac8 72a8 6a87 6a67 6246 6226 6226 6226 6226 6a46 6a47 6a67 7287 7288 72a8 72a8 72a8 72a8 7288 6a87 72a8 72a8 7287 7267 6a67 6a67 6a67 6a67 6a46 6226 6205 6205 6226 6226 6226 6226 6226 6226 6246 6a87 72a8 72c8 7ac8 7b09 834a 8329 7b09 7b09 8309 8b4a 8b6b 8b8b 9bec 9c0d a44e a46e a46e a46e a46e a46f a46f a46f a44e 9c2e 9c2e 9c2e 9c2e 9c2e 9c2e 9c2e 9c2e 9c2e 9c2e 9c4e 9c4e 9c4e 9c2e 9c0e 93ed 93ed 93cd 8bcc 93ac 93cc 8bcc 93cc 93ec 93ed 940d 940d 9c2e 9c4e 9c4f 9c4f 9c6f 9c70 a490 a4b1 acf1 ad12 ad12 ad33 b533 b553 b553 b574 bd95 c5b5 c5d6 c5f6 c5f6 ce16 ce17 ce37 d658 d678 d699 d699 d699 d6b9 d699 d699 d699 d699 d69a d699 ce79 ce59 ce59 ce59 c639 c638 be18 be17 b5d6 b5b6 b595 ad75 ad54 a554 ad54 a533 9cd2 8c70 8c50 840f 7bce 73ad 7bee 7bee 83ee 83ee 83ee 83ee 840e 840e 840e 840e 8c0e 8c0e 8c0e 840e 840e 8c0e 83ee 83cd 7bcd 7bcd 83ee 8c2f 8c2f 8c2f 8c2f 8c2f 8c2f 8c2f 8c2f 8c2f 8c2f 8c2f 
7c32 7c32 7411 7c32 8cb4 8cb4 6bb0 52cc 424b 634e 6b90 6b8f 4acc 426b 3a4a 52ed 52ac 5acd 634f 73d1 7c12 7c12 7c11 7c11 8cb4 8c93 8453 7c11 73f0 73f0 6b8f 52ed 4a8b 4a8b 5aec 634d 6b6e 6b6d 6b6d 738d 73ad 736d 734c 734c 734c 736c 734c 734c 734c 7b2c 7b2c 7b2c 7b2c 7b2b 7b2b 7b2b 7b4b 834b 836c 836c 836c 7b6b 7b4b 7b2b 7b4b 7b2b 7b2b 7b0b 730a 7b0a 7b0a 7b2a 730a 7b0a 7b2b 7b2b 7b0a 7b0a 7b0a 7b0a 7b4b 7b4b 834b 834c 836c 836c 834b 7b4b 7b2a 7b2a 7b4b 7b2a 7b0a 7ae9 7ae9 7ae9 72e9 72c9 72c9 72c9 72c8 72a8 72a8 72a8 72c9 72c9 72c9 72a8 72a8 6a88 6a88 6a88 6a88 6a88 6a88 6a88 7288 6a68 6a67 6a67 6a47 6a47 6a47 6a47 6a47 6a67 6a67 6a47 6226 6246 6a47 6a67 6a87 6a87 6a87 6a87 72a8 72a8 72a8 72a8 72a8 7288 6a87 6a67 6226 6226 6205 6205 6205 6205 6226 6246 6a67 6a67 6a87 7287 7287 6a87 6a67 6a67 7288 7287 6a67 6a67 6a47 6a46 6a46 6226 6226 6205 59e5 59e5 5a05 6205 5a05 59e5 5a05 59e5 6205 6a46 6a67 7287 72a8 7ae9 8309 7ae9 72a8 72a8 7ae9 8329 834a 834a 832a 834a 8b6a 8b8b 8b8b 8bab 8bab 93ab 93ac 93ac 8bab 8b8b 8b8b 8b8b 8bab 8bac 8bcc 8bcc 8bcc 8bcc 93cc 93ec 93ed 93ed 9bed 93cc 93ac 8bac 8b8b 8b6b 8b6b 8b8b 8b8b 8b8b 8bac 8bcc 93cc 93ed 940d 9c2e 942e 942e 942e 9c4f 9c4f 9c70 a4b0 a4b1 acf1 ad12 b532 b533 b533 b553 bd95 c5b5 c5d6 c5f6 cdf6 ce17 ce37 d657 d678 d699 d699 d6b9 d6b9 d6b9 d6b9 d6b9 d6ba d6ba d6ba d69a d69a ce79 ce79 ce59 c639 c638 be18 be17 b5f7 b5d6 b5b6 adb6 ad95 ad95 9cd2 9cd2 9cf2 9cf3 9cf2 9cd2 9491 8c4f 7bee 7bee 7bee 7bee 7bcd 7bcd 7bcd 7bed 83ed 840e 840e 840e 83ee 83ee 83ee 83ee 83ee 83cd 7bad 83cd 840e 8c2f 8c2f 8c0e 8c2f 8c2f 8c2f 8c2f 8c2f 8c2f 8c4f 8c4f 
7c52 8493 8473 8472 8493 7c52 5b4e 426b 428b 6b8f 73f1 7c32 8452 7c32 6bb0 73f1 8453 8c53 8c73 8c94 9494 8c73 73d0 5b0d 5b2e 6bb0 7c32 7c32 7c32 8c93 8c93 7c11 5b0d 5aec 5b0d 6b6e 73cf 73ae 73ae 7bae 7b8d 736c 6b4c 6b2b 734c 734c 734c 732c 730b 730b 730b 732b 7b0b 7b2b 7b0b 7b0b 7b0a 7b0a 7b0a 730a 730a 730a 730a 730a 730a 730a 7b0b 7b2b 7b2a 7b2b 7b2b 7b4b 834b 836b 836c 834b 7b2a 730a 730a 7b0a 836c 836c 834b 7b4b 834b 836b 7b4b 7b0a 730a 7b0a 7b0a 72e9 72c9 72c9 72c9 72c9 72c9 72c9 72a8 6aa8 72a8 72a8 72c9 7ae9 72c9 72c9 72a8 6aa8 6a88 6a88 6a87 6a87 6a67 6a67 6a67 6a67 6a67 6a67 6a67 6a47 6a47 6227 6226 6a27 6a47 6a67 6a67 6a67 6a67 6a67 6a87 6a88 72a8 72a8 7288 6a87 7288 7288 7287 7287 7287 7287 7288 7288 6a46 6a46 6226 6205 6205 6205 6226 6246 6a67 6a67 6a67 6a67 6a87 6a87 6a87 6a87 6a67 6a67 6a67 7267 6a67 6a46 6205 59e5 59e5 59c4 59c4 59c4 59e5 59e5 59e5 59e5 59e5 59e5 6205 6226 6226 6a46 6a67 72a8 7287 6a87 6a87 72a8 7ae8 8309 7b09 7b09 7b09 7b09 8329 832a 834a 834a 834a 834a 7b09 7b09 7b09 7b09 7b09 7b09 8329 832a 836b 836b 838b 8bac 8bcc 8bac 8b8b 8b8b 8b8b 8b6b 8b8b 8b8b 8b8b 8b6b 8b6b 8b8b 8b6b 8b8b 8b8b 8bab 8bac 93cc 93ed 940d 9c2e 9c4e 9c4f 9c4f 9c4f 9c6f 9c90 a4b0 a4b1 a4d1 acf2 ad12 b533 b553 bd74 bd95 c5b5 c5d5 c5d6 c5f6 ce17 ce37 d658 d678 d698 ce98 d699 d699 d6b9 d6ba d6ba d6ba d6ba d6ba d69a d69a ce7a ce79 c659 c638 c638 be38 be17 bdf7 b5f7 b5d6 b5b6 b5b6 bdf6 b5b5 ad74 a533 a513 9cd2 94b1 9491 8c50 8c4f 8c2f 842f 840e 840e 83ed 7bed 7bed 83ed 83ee 83ee 83ee 83ee 83ee 83ee 83ee 7bcd 7bad 83ee 840e 8c0e 8c0e 8c0e 8c2f 8c2f 8c2f 8c2f 8c2f 8c2f 8c4f 8c4f 
8473 8cb3 8c93 8473 8473 7c52 73f1 73f0 7411 73f0 636e 52ec 5b2e 6bd0 7c31 7c11 7bf1 7bf1 7bf1 7c11 8432 8c52 8411 73d0 6b8f 6b8f 6b6f 5b0d 5b0d 6b8f 73d0 6b8f 6b8f 6b6f 6b6e 738e 7bcf 7bce 7bae 7bae 7bad 7b8d 736c 734c 734c 734c 734c 734c 732c 730c 732c 732b 7b0b 7b2b 7b0b 7b0b 7b0a 730a 72c9 6ac9 6ac9 6ac9 730a 730a 7b0a 7b2b 7b4b 7b4b 7b2b 730a 72c9 6ac9 72ea 72ea 730a 730a 7b0a 7b2a 7b2b 7b4b 7b2b 7b2b 7b0a 72ea 730a 7b0a 7b0a 72ea 72e9 72e9 72c9 72c9 72c8 72c8 72c8 72c8 72c8 72a8 6aa8 6a88 6aa8 72a8 72c9 72e9 72a8 72a8 6a88 6a87 6a67 6a87 6a88 6a88 6a88 6a67 6a67 6a67 6a67 6a67 6a67 6a67 6a67 6a47 6a47 6a27 6a47 6a47 6a67 6a67 6a67 6a67 6a67 6a88 72a8 72a8 72a8 72a8 72a8 72a8 72a8 7288 7288 6a68 6a67 6a67 6a46 6246 6205 59e5 59e5 5a05 6226 6226 6a46 6a46 6246 6246 6a46 6a47 6a67 6a67 6a67 6a67 7267 7287 6a87 6a46 5a05 59c4 51a4 51a4 51a4 51a4 51a4 51c4 51c4 59e4 59c5 59e5 59e5 59c5 59c5 61e5 6226 6a47 6a46 6a46 6a67 7287 72a8 72a8 72a8 72a8 72c8 72c8 72c8 7ae8 7ae9 7ae9 7ac8 7ac8 72a7 72a7 72a7 72a7 72a7 72c8 7ae8 7ae8 832a 7b29 7b2a 836a 836a 834a 832a 832a 7ae9 7b09 832a 8b6b 8b6b 8b6b 8b6b 8b8b 8b6b 8b8b 8b8b 8b8b 8b8b 8bac 8bcc 93ed 942e 9c2e 9c4f 9c4f 9c4f 9c6f 9c90 a4b0 9c90 a4b0 a4d1 acf2 ad12 b533 b553 b574 bd94 bd95 c5b5 c5d6 c5f6 ce17 d657 d678 d698 d698 d699 d699 d6b9 d6ba d6ba d6da d6ba d6ba d6ba d69a d69a ce7a ce7a ce79 c659 c659 c658 be38 be17 b5f7 b5d6 b5d6 ad95 ad75 ad74 ad54 ad54 a533 a513 9cf2 9491 9470 8c4f 8c4f 8c4f 8c2f 840e 7bed 840e 840e 83ee 83ee 83ee 83ce 83ee 83ee 83ee 7bcd 7bad 83cd 840e 8c0e 8c0e 8c2f 8c0e 8c0e 8c0e 8c0e 8c2f 8c2f 8c2f 8c2f 
8473 8cb3 8cb3 8cd4 9515 94d4 8493 8472 94f4 8cb4 94f5 8c93 8c93 8c93 7c52 5b0d 52ac 6b6f 8c52 94b4 9493 8c73 9493 94d4 94b4 7bf1 634e 6b6e 7c11 9cf4 94d4 8431 7c11 7c11 7bf0 73af 73ae 7baf 7bae 73ad 7b8d 7b8d 7b8d 736c 734c 734b 734b 734b 7b4c 7b4c 7b2c 7b2c 7b2b 7b2b 7b0b 7b2b 7b0b 7b2a 7b2b 7b2b 7b4b 7b4b 7b4b 7b4b 7b2b 7b4b 834b 7b4b 7b2b 7b2b 7b2b 7b4b 7b2b 7b0a 730a 730a 7b2a 7b2b 7b2a 7b2a 72ea 72ea 72ea 72c9 6ac9 72e9 72e9 72e9 72c9 72c9 72a8 72a8 72a8 72c8 72c8 72c8 6aa8 6aa8 7288 72a8 7288 6aa8 6a88 6a88 72a8 6a88 6a88 6a67 6a67 6a87 6a88 72a8 72a8 7288 7288 6a68 6a68 6a67 6a67 6a68 7288 6a67 6a47 6a47 6a47 6a47 6a68 6a67 7288 7288 6a88 72a8 72c9 7ac9 7ae9 7ae9 72c9 72c9 72c9 72c9 72a8 6a68 6247 5a06 5a06 5a06 51e5 51c4 51a4 51c5 51e5 5a06 5a06 59e6 59e5 59e5 59e6 5a06 6226 6227 6a67 6a67 6a47 6a47 6a47 6226 59e5 51c4 5183 4983 4963 4963 4963 4983 5184 51a4 4964 51a4 51a4 4963 4963 51a4 59e5 59e5 6226 6246 6247 6246 6226 6206 6226 6226 6a67 6a67 6a67 6a67 6a87 6a67 6a46 6226 6a46 6a46 6a67 7287 72a8 7ac8 7b09 832a 7b2a 730a 72e9 72e9 72e9 6ac8 6aa8 6ac8 6aa8 72c8 7ae9 7b2a 832a 834a 8b4a 8b6b 8b6b 8b8a 8b6b 836a 8b6b 8b8b 8bac 8bcc 8bed 93ed 940e 9c2e 9c4f 9c6f a490 a490 9c90 9c90 a4b1 acf1 ad12 b533 b533 b533 bd94 bd95 c5b5 c5d6 ce17 ce37 d658 d698 d6b9 d6b9 d6b9 d6b9 d6b9 d6ba d6ba d6ba d6ba d6ba d69a ce9a ce9a ce9a ce9a ce7a c679 c659 c658 be17 bdf7 b5d6 b5b6 adb5 ad75 ad54 a534 a513 a4f3 9cf3 9cf2 9cf2 9cf2 94b1 9490 9490 9490 9490 8c4f 842e 842e 842e 840e 840e 83ee 83ee 83ee 840e 83cd 7bad 7bad 83cd 83ee 840e 8c0e 8c2f 840e 840e 840e 8c0e 8c0e 8c2f 8c2f 8c2f 
7c52 8493 8493 8c93 8cd4 8c93 8473 8cb4 8cd4 8c93 7c31 638f 634e 6baf 636e 4a8b 4a6b 7bf1 9cf5 94d4 94b4 8c93 94b4 9cf5 8c93 8452 8432 8432 9d15 9cf4 94d4 8c73 7bf0 73af 738e 6b6e 6b6d 738e 738e 7bae 7b8e 738d 7b8d 736c 736c 734c 734c 732b 7b2c 7b2c 732c 730b 730b 730b 7b2c 7b4c 7b4b 7b4b 7b4b 7b4b 7b4b 7b4b 836b 838c 7b4b 7b2b 7b2a 730a 730a 730a 730a 730a 730a 7b0a 730a 72ea 72ea 730a 730a 730a 7b0a 7b0a 7b0a 72ea 72ea 72ea 72ea 730a 72e9 72e9 72e9 72e9 72e9 72c8 72c8 72a8 6a87 6a87 7287 6a87 7288 72a8 72a8 72c8 72a8 72a8 72a8 72a8 72a8 72a8 72a8 7288 7288 7288 7288 7288 7288 7288 6a68 6a68 6a47 6a47 6a47 6a47 6a47 6a47 6a68 7268 72a8 72c8 7ac9 7ac9 72c9 7ac9 7aea 7b0a 7aea 6a88 6247 6248 6247 5206 49a5 49a5 41a5 4185 4185 41a5 4185 3964 3964 3984 41a5 41a5 49c6 51e6 51e6 51e6 51c6 51a5 6206 6206 6206 6a47 6a47 6a47 6206 59c5 51a4 4963 4143 4963 4963 4163 4143 4143 4143 4943 4964 4964 4143 4143 4984 51c5 51c5 51e5 51e5 51e6 59e5 59e6 5a06 5a06 5a06 6226 6247 6a46 6226 6226 6205 6205 6a46 6a26 6a46 6a68 72c9 7aea 72ca 72a9 6a89 6269 5227 41a6 3965 3965 41a5 41c6 49e6 5206 6288 72e9 7b0a 8309 832a 8b6a 8b6a 8b8a 8b6a 8b8b 8b8b 8bab 8bac 8bcc 8bcd 93ed 940d 9c0e 9c2e 9c2e 9c4e 9c4f a4b0 a4b1 a4b1 a4b1 a4b1 a4d1 acf2 ad33 b554 bd94 bdb5 c5f6 c617 ce37 ce58 ce78 ce98 ce98 d699 d6b9 d6b9 d6ba d6ba d6ba d6ba ce9a ce9a ce7a ce7a ce7a c679 c679 c679 c679 c659 be38 be17 bdf7 bdf7 bdf7 b5b6 ad95 ad75 a534 9cf3 9cd2 9cd2 9cd2 8c70 8c50 842f 842f 842f 842f 842f 844f 840e 842e 840e 840e 840e 840e 840e 83ee 738c 738c 7bad 7bcd 840e 840e 840e 840e 840e 840e 840e 840e 840e 8c2f 840e 840e 
1926 4a8b 73f1 8493 7c52 638f 5b2e 636f 8493 7c52 6bb0 52ed 52cc 5b4e 634e 4aac 52ed 7bf1 94d4 9d15 94d4 8cb4 8c73 8c73 8c93 94d4 94d4 8c73 94b4 8c73 8c73 8452 738f 6b6e 6b4e 6b4d 6b4d 6b6d 736e 738e 736d 736d 736d 736c 7b6d 7b8c 7b8c 7b8d 7b6d 838d 83ae 8bae 8bae 8bad 838d 838d 93ee 93ee 8bcd 8bad 838c 836b 836b 836b 7b4b 7b4b 7b4b 7b4b 7b4b 7b4b 7b4b 7b2b 7b2a 7b2b 7b2a 7b0a 7b0a 7b2a 7b2b 7b2a 72ea 72e9 72c9 72c9 6ac9 6aa9 6aa8 6aa8 6aa8 6ac8 72c8 72c8 72c8 72c8 72c8 72c8 7ae8 7ac8 7ac8 72a8 72a8 72a8 72a8 72a8 72a8 72a8 72a8 72a8 72a8 72a8 72a8 72a8 7288 7288 7268 6a67 6a67 6a67 6a47 6a47 6a68 6a68 6a47 6a47 6a68 7288 72a9 7aa9 7ac9 7ac9 7ac9 7ac9 72c9 72a9 6a88 6a68 5a06 51e6 49a5 49a5 4185 3944 3944 3144 2903 20c2 1881 18a1 18a1 18a1 18a1 20c2 20e2 2903 3144 3964 4185 49a6 51c6 59e7 59e6 59e6 59e6 59e6 59e6 59e6 59e6 59e5 4984 4963 4143 4143 4143 3922 3902 3902 3902 3902 4123 4143 4143 3923 4143 4164 4984 4984 4985 4984 4985 51a5 51a5 51a5 51c5 51c5 59e5 59e5 61e5 61e5 61e5 6205 61e5 6206 6a47 6a88 6a89 6248 59e7 4986 30e4 2904 28e3 20a2 18a2 18a2 20c3 20e3 28e3 3123 49a5 6247 72a9 7ae9 7ae9 8309 8329 8349 834a 834a 834a 836b 8b8c 8bac 8bac 8bcd 93ed 93ed 93ed 940d 9c0e 9c2e 9c4f 9c6f a490 a4b0 a4b1 acd1 ad12 ad33 b554 b594 bdb5 c5f6 c617 ce38 ce58 ce79 ce78 ce98 ce99 d6b9 d6b9 d6ba d6ba d6ba ce79 ce79 c659 c659 c679 c679 c679 c679 be38 be38 be18 be17 bdf7 b5d6 ad95 a555 ad75 ad75 ad55 a554 a534 a513 9cf3 9cd2 9491 8c70 8c4f 842f 7c0e 7c0e 840e 840e 7c0e 7bee 7bee 7bed 7c0e 840e 840e 7bcd 738c 7bad 7bad 7bcd 840e 840e 840e 840e 840e 8c2f 8c2f 8c2f 8c2f 8c2f 8c2f 8c2f 
424a 530d 6bb0 7c32 8493 7c32 6bb0 636f 7c11 8473 94d4 8cd4 8452 7c32 8473 8493 8432 8432 8473 8473 7c32 7c11 7c11 7bf1 8c73 8c93 8c93 8452 9cf5 9d15 9cf5 8c93 738f 738e 738e 738e 73af 7bcf 83ef 83ef 83ef 83ce 83ce 83ce 83ce 8bee 8bee 8bee 8bce 8bce 8bce 8bee 93ef 93ef 93ef 940e 838c 836c 836c 7b4b 7b4b 7b2b 7b2b 7b4b 836c 836c 7b6b 7b4b 7b4b 7b4b 7b2a 7b0a 72e9 72ea 72e9 72c9 72c9 72e9 72ea 72e9 72c9 72c9 72c9 6aa9 6aa9 6aa9 6aa8 6aa8 6a88 6a88 6aa8 6aa8 72a8 72c8 72c8 72c8 72c8 72c8 72a8 72a8 7287 7287 7287 7287 72a8 72a8 7287 7287 72a8 72a8 72a8 72a8 7288 7288 7268 6a67 6a67 6a67 6a68 6a68 6a68 6a68 6a47 6a47 6a68 7288 72a9 7aa9 72a9 72a9 72a9 72a8 6a88 6248 5a06 51c5 4144 3923 3103 3103 28c2 2081 1881 2081 20a2 1060 1020 0820 1040 1060 1060 1060 1060 1881 20a2 28c2 3103 3944 49a6 51e7 51c6 59c6 59c6 51a5 51a5 51a5 51a5 51a5 4985 4984 4163 4143 4143 3922 30e2 30e1 30c1 30c2 30e2 3902 3903 3103 3103 3103 3923 3943 3943 4143 4143 4163 4164 4964 4984 49a4 51a5 51c5 59c5 59e5 6205 6226 6226 6a67 7288 6a88 6247 51c6 3944 30e3 2082 1882 18a3 18a2 18c3 20e3 2104 2924 20e3 2923 41a5 5a47 6ac9 72c9 7ac9 7ac8 7ae8 7b08 8309 8329 832a 834a 834b 836b 8b8b 8b8c 8bac 93cd 93cd 9bed 9c0d 9c2e 940e 9c2e 9c6f a490 a4b0 acd1 ad12 ad33 b554 bd94 bdb5 c5f6 c617 ce38 ce58 ce79 ce78 ce98 ce99 ce99 d699 d69a ce9a ce9a ce7a ce7a c659 c659 c659 c639 be38 be18 be58 b5f7 adb6 a575 a575 a575 a554 a534 94d2 94d2 94b2 94b2 94d2 94d2 9491 8c70 8c70 8c70 8c50 842f 7bee 7bce 7bcd 7bee 83ee 7bee 7bcd 7bcd 83ed 840e 7bed 7bcd 738c 7bad 7bcd 83ee 840e 840e 840e 8c2f 8c2f 8c2f 8c2f 8c2f 8c2f 8c2f 8c2f 8c2f 
6bb0 7c32 8c93 94d4 94f5 94d4 8473 7c32 7c11 530d 4aac 6b8f 8473 8cd4 8473 7c12 8452 8432 8cb4 9d15 8cb4 73f1 5b0d 424a 634e 6b8f 73d0 73b0 7c11 8432 8c72 8c72 7bd0 7bcf 7baf 7bcf 7bcf 83ef 840f 840f 8c30 8c0f 8c0f 8bef 8bee 8bee 8bee 8bee 940f 8bce 8bad 838d 836c 7b4c 7b4b 7b2b 838c 838c 838c 838c 838c 838c 8bac 8bac 838c 836b 7b2b 730a 730a 730a 72ea 72ea 72ea 72ea 72ea 72e9 72e9 72ea 72ea 72ea 72e9 72e9 72c9 72c9 72c9 72c9 72c9 72c9 72a8 72a8 6aa8 6aa8 6aa8 6aa8 72a8 72a8 72c8 72a8 72a8 72a8 72a8 72a8 72a8 72a8 7287 7287 6a87 6a67 7287 7287 7287 7287 7288 7288 6a67 6a67 6a47 6a47 6a47 6a47 6a47 6a27 6227 6227 6227 6a27 6a48 6a68 6a68 6a47 6227 6227 5a07 51c6 4164 3903 28a2 28a2 20a2 20a2 1881 1040 1040 1061 18a2 1882 1881 1081 1081 1081 1061 1060 1061 1060 1861 1881 20a2 28e3 3924 4145 4165 49a5 51c6 51c6 51a6 4985 4985 4985 51a5 4984 4964 4164 4143 3943 3922 3902 30e2 30c2 30c1 30c2 30e2 3102 3103 3103 3103 3103 3903 3923 3923 3923 4143 4143 4184 4184 49a4 51a4 51c5 5a05 6226 6246 6a66 6a66 6247 5a26 51c5 4164 3103 28e2 2904 20e4 20c3 18c3 18c3 18c3 20e3 20e3 3165 39a5 4a07 6268 6aa9 72c9 72a9 72a8 72a8 7ac8 7ac8 7ae9 7b09 7b09 7b2a 832a 834a 836b 8b8b 8bac 93cc 93ec 9c0d 9c0d 9c0d 9c2e a46f a490 a4b0 acd1 ad12 b533 b574 bd95 c5d6 c5f6 c617 ce38 ce58 ce78 ce99 ce99 ce99 ce99 ce99 ce99 ce7a ce7a ce9a ce7a ce7a c659 c659 be38 bdf8 b5f7 b5d7 b5d7 b5d7 b5d7 add6 a595 9d14 94d3 8cb2 8c91 8c51 8450 8450 8430 842f 840f 842f 842f 842f 842f 840e 7bee 7bee 7bee 840e 840e 7bee 7bee 840e 840e 7bed 73ac 738c 7bcd 83ee 83ee 840e 840e 840e 8c2f 8c2f 8c2f 8c2f 8c2f 8c2f 8c2f 840e 840e 
634e 634f 634f 636f 6b90 7c32 8473 8473 73d1 6bb0 7bf1 8473 8c93 8cb4 94d4 94d5 94d4 8c73 8c93 8c93 8432 73f1 73b0 634e 6b8f 632e 5b0d 632e 8432 8c72 8c72 8c72 8c51 8431 83f0 7bef 7bcf 7bcf 83cf 83ef 83cf 83ce 83ae 7bad 7b8d 7b8d 7b8d 7b8d 732b 7b2c 7b4c 836d 83ad 8bad 83ad 83ad 836c 7b6c 7b4b 7b4b 7b2b 732a 732a 730a 7b2a 730a 72ea 72e9 72ea 72ea 730a 7b0a 7b0a 7b2a 7b0a 730a 730a 7b0a 7b0a 7b0a 72e9 72e9 72c9 72c9 72c9 72c8 72c8 72c8 72c9 72c8 72a8 72a8 6aa8 6aa8 6aa8 6aa8 6a87 7287 7287 7287 7287 7287 7287 7287 6a87 6a67 6a67 6a46 6a67 6a67 6a67 6a67 6a26 6226 6226 6206 6206 61e6 59e5 59e5 59e5 59c5 59c5 59a5 59a5 59c5 59c5 59c5 59e6 59c5 5184 4964 4144 3903 28a1 1860 1820 1841 1882 18a2 1882 1082 1082 1082 1082 18a2 18a2 10a2 1081 1081 0861 0861 1081 1061 1041 1041 1861 20a2 28a2 28c2 30c3 3903 4165 49a6 51c6 51a6 51c6 51c6 4985 4985 4164 4143 3923 3923 3923 3923 30e2 30c2 28c2 30c2 30e3 30e3 30e3 3103 30e3 3103 3103 3103 3903 3923 3923 3943 4163 4164 4184 49a4 49c4 51e5 5a25 6246 6266 6246 5a26 5205 49c5 4184 3943 3123 20c3 18a2 1082 10a2 18c3 18e3 2104 2124 2944 3985 49e6 5227 5a47 6248 6248 6a67 6a46 6a67 7287 72a7 72a8 72c8 7ae9 7b09 7b09 7b2a 834a 8b6b 8b8b 93ab 93cc 93cc 9c0d 9c2e a44f a46f a490 acd1 b512 b533 bd74 bd95 c5d6 c617 c617 ce38 ce58 ce58 ce79 ce99 ce99 ce99 ce99 ce99 ce9a ce9a ce7a ce7a c659 c659 c659 c639 be18 be18 be39 be18 b5d7 ad96 a555 9d54 a534 a554 9d13 9cf3 94d2 8c91 8c70 8450 842f 840f 7bee 7bee 7bce 7bee 83ee 840f 840e 840e 840e 840e 83ee 83ee 840e 840e 7bcd 73ac 73ac 7bcd 83ee 840e 840e 840e 840e 842e 840e 840e 840e 840e 840e 840e 840e 840e 
8432 7bf1 73d1 7c32 94b4 9d16 8c94 6b8f 4a8b 634f 8432 8c73 8c73 8c93 7bf1 5b0d 6bb0 7c11 8c93 94d4 94d4 94d4 94b3 8452 94d4 6b8f 5aed 6b4e 9cf4 a535 94d4 8c52 8431 8410 7bf0 7bcf 7bcf 7bcf 83cf 83ef 7bae 7bae 7bad 7bad 83ad 83ad 83ad 838d 8bee 8bce 8bae 838d 838d 7b6c 7b4c 7b4b 7b4b 7b4b 7b2b 7b2b 7b2b 7b2b 7b2a 732a 730a 730a 730a 730a 7b2a 7b2b 7b2a 7b0a 7b0a 7b2a 7b0a 72ea 72ea 730a 730a 72ea 72e9 72e9 72e9 72c9 72a8 72a8 72a8 72a8 72c9 72c8 72a8 72a8 72a8 6aa8 6aa8 7288 6a67 6a67 6a67 6a67 6a46 6a46 6a46 6a46 6a67 6a46 6226 6226 6226 6226 6226 6205 59c5 59c5 59c5 59c4 51a4 51a4 5184 5184 4943 4943 4943 4943 4964 4964 5164 5184 4964 4123 3902 30e2 30a2 2881 1840 1820 1020 1041 1061 18a2 10a2 10a2 10a3 10a2 1082 18c2 18c3 10a2 1081 0861 1081 1081 1081 1061 0840 1040 1861 1882 2082 2082 2082 28c2 30e3 3924 3944 4164 4185 4985 4164 4144 3944 3923 3902 3902 3902 3903 30e2 30c2 30c2 30e3 30e3 30e3 28c2 28c2 28e2 28e2 30e2 30e3 3103 3903 3923 3923 3963 4164 4184 49a4 51c5 5205 5a26 6246 6266 6287 6287 6267 5a26 49e5 4184 3964 3165 2104 18c3 18a3 18a2 1082 1082 10a2 2904 3145 41a6 49e6 51e6 5a06 5a07 6226 6206 6205 6a26 6a46 6a67 72a8 72c8 7ac9 7b09 832a 834a 836a 8b8b 8b8b 93ab 93ac 9bed 9c0d a42e a44f a48f acb0 b4f2 b532 bd74 bd95 c5d6 c617 ce38 c638 ce58 ce58 ce79 ce79 ce79 ce99 ce9a d69a ce9a ce9a ce7a ce7a c659 c659 c659 c639 be18 be18 b5d7 b5d7 b5f7 b5d7 ad96 9d54 94f3 94d2 94d2 94d2 94d2 94b1 8c91 8450 8430 842f 840f 7bee 7bad 7bad 7bce 83ee 840e 840e 83ee 83ee 83ee 83ee 83ee 83ee 7bcd 7bac 73ac 7bcd 83ed 840e 83ee 83ee 840e 840e 840e 840e 840e 840e 840e 840e 840e 83ee 
5b0d 5aed 5b0e 634f 73b0 8c73 8c73 73d1 420a 5aed 7390 73b0 73b0 73d1 634e 422a 634e 8452 94d4 94d4 9cf5 9d15 9cf5 8c93 9493 8432 7bf0 73af 8411 7bf0 7bf0 7bf0 73af 738e 736e 738e 738e 7b8e 7b8e 7b8e 83ae 83ce 83ce 83ce 83ce 83ce 83ad 83ad 838d 7b8d 7b4c 7b2c 732b 732b 7b2b 7b4c 732a 730a 730a 732b 7b2b 7b4b 7b4b 7b4b 7b4b 7b2b 7b2b 7b4b 7b4b 7b4b 7b2b 7b0a 7b4b 7b4b 7b2b 7b0a 7b0a 7b0a 7b0a 7b0a 7ae9 72e9 72e9 72e9 72c9 72c9 72c9 72c9 72c9 72c9 72c9 72c9 72a9 72a8 72a8 7288 72a8 72a8 7287 7287 6a67 6a67 6a46 6a46 6246 6226 6205 6205 5a05 59e5 59e5 59c4 51a4 51a4 5184 5183 5163 5163 5163 5163 4943 4963 4963 5184 5184 5184 51a4 5184 4964 4944 4123 38e2 28a1 2081 2061 1861 1861 1061 1062 1082 10a3 10a3 08a3 0882 1082 10a2 10a3 1082 1082 1082 1082 1082 0861 0841 0820 0820 1041 1861 2082 2082 20a2 28a2 20a2 28a2 28c3 3103 3123 3923 3923 3943 3923 3923 3923 3923 3923 3923 3923 3903 3103 3103 30e3 28e2 28c2 28c2 28e2 28e2 30e2 30e2 3102 3103 3923 3923 4164 4184 49a5 51e5 5a06 6246 6267 6a87 6a87 6aa7 72c8 6ac8 62a8 5a67 5a46 5227 3965 2903 18c2 18a2 18c3 20e3 2103 2924 3145 39a6 49e7 5a27 6248 6268 6247 6227 6206 6a26 6a26 6a46 6a47 6a87 72a8 72a8 7ae9 7b09 832a 834a 8b6b 8b8b 93ab 93ac 93cc 9bed 9c2d a44e a46f acb0 acd1 acf2 b533 b574 c5d6 c617 ce38 ce38 ce58 ce58 ce78 ce79 ce79 ce79 ce79 ce79 ce7a ce7a ce7a ce7a c659 c659 c659 c639 c639 be39 be38 be18 b5d7 adb6 ad75 a555 a554 a534 94b2 8cb1 8c91 8c91 8c70 8c50 844f 842f 842f 840f 7bce 7bce 7bce 83ee 83ee 7bce 7bcd 83ee 83ee 83ee 83ee 83cd 7bad 7b8c 73ac 7bcd 83ed 83ee 83ee 83ed 83ed 83ed 83ee 83ee 840e 840e 840e 840e 840e 840e 
8c73 8c73 8c73 8453 7bf1 7bf1 6b6f 4a6b 424a 5acd 7390 73d0 6b6f 630e 5aed 4a8c 8452 a556 a577 94b4 8c93 94b4 8c73 8452 8c73 8c93 8c93 7c11 8411 7bf0 8431 8c52 7baf 7bae 7bae 7bae 7b8e 7bae 7b8d 7b8d 7b8d 7b8d 7b8d 7b8d 7b6c 7b4c 734b 732b 732b 7b4c 7b6c 838d 838d 7b6c 7b6c 7b6c 838c 7b6c 7b4b 7b4b 7b6b 7b6b 7b4b 7b4b 836b 7b4b 7b4b 7b2b 7b4b 7b4b 7b4b 7b4b 7b2a 7b2b 7b2a 730a 72ea 72ea 72ea 72e9 72c9 72c8 72c8 72c8 72c9 72e9 7ae9 7ae9 7b09 7b09 7aea 7ae9 72c9 72a9 72a8 6a88 7288 7287 6a87 6a67 6a46 6246 6226 6226 6226 6205 6205 59e5 59e5 59c4 51a4 51a4 5184 5183 4963 4943 4943 4963 4963 5183 59c5 59c5 59e5 61e6 6206 6206 6206 6206 6206 59e6 51a5 4144 30e3 2881 2061 1861 1882 1061 1061 0862 10a3 10c3 10c3 08a3 0041 0861 0861 0841 0861 0861 0861 0841 0861 0841 0841 1040 1041 1861 2082 20a2 28c3 20a2 2082 20a2 28c3 3103 3123 3123 3103 3943 4144 4164 4164 4984 4984 4164 4185 4144 3924 3103 30e3 28e2 28e3 30e3 28e2 28e2 30e2 3103 3103 3923 3923 3923 4164 4984 51c5 5a06 6246 6a67 6aa7 72c8 7ae8 7b29 834a 836a 7b4a 836b 8bac 940e 83ce 6b2b 5248 41c6 3165 2924 2924 3144 3985 49e6 5a48 6289 72c9 72ea 72a9 7288 7267 7267 7267 7267 6a67 6a67 7287 72a8 7ac8 7ae8 7b09 832a 8b6a 8b8b 93ab 93cc 93cc 9bed a42e a46e ac6f ac90 acb0 acd1 ad12 b574 bdb5 c617 ce38 ce58 ce58 ce58 ce79 ce79 ce79 ce59 ce59 c639 c639 c639 ce59 c659 c659 c659 ce5a ce7a ce7a ce7a c659 c638 be38 be38 be18 bdf7 b5b6 ad95 a574 a533 94d2 94b1 8c91 8c90 8c70 8450 842f 842f 842f 840f 840f 83ee 7bce 7bad 7bcd 83ee 840e 83ee 83cd 7bcd 7bac 738c 73ac 7bad 7bcd 83ed 83ed 83ed 83ed 7bed 83ee 840e 840e 840e 840e 840e 840e 840e 
39e9 424a 52ac 5aed 632e 5b0d 5aed 632e 632e 6b6f 6b8f 634e 6b8f 7bf1 73d0 6b6f 8452 8cb4 94d4 94d4 9cf5 94b4 8c72 8432 7c11 8431 8431 8411 8411 8411 7bf0 73af 738e 738e 738e 7b8e 7b8e 7b8e 7b8e 7b8d 7b8d 7b8d 7b6d 7b6c 7b6c 7b6c 838d 838d 838d 838d 838d 838d 83ad 83ad 83ad 83ad 83ad 83ad 83ad 838c 838c 838c 836c 836b 834b 834b 7b4b 7b2b 7b2b 7b2a 7b0a 7b0a 72ea 72ea 72ea 72ea 72ea 72e9 72c9 72c9 72c9 72c8 72c8 72c9 7ae9 7ae9 7ae9 7ae9 7b0a 7ae9 72c9 72a8 72a8 72a8 72a8 7288 6a67 6a67 6a66 6a46 6a46 6226 6205 59e5 59e5 59e4 59c4 59c4 51a4 51a4 51a4 51a4 51a4 51a4 51a4 59c4 59c4 59c5 59e5 59e5 6206 6206 6226 6226 6226 6206 6206 6206 6206 6207 5a07 51a5 3923 28a1 2061 1841 1041 1061 1062 1062 1062 0882 10a3 10a3 1082 0861 0821 0821 0861 0861 0841 0820 0820 1040 1061 1041 1041 1861 2082 28c3 20a2 20a2 28a2 28c3 30e3 3103 3924 3944 3923 3923 4144 4985 51a5 51a5 49a5 4985 4985 4985 4165 3944 3903 3103 30e3 30e3 30e3 30e3 3103 3103 3903 3923 3943 4144 4984 51a5 59e6 6226 6a67 72a8 7b09 834a 8b8b 8b8b 8bab 93ec 9c2e a44e 9c4e 9c2e 9c90 9c90 942f 734c 5a89 5227 49e6 41a5 3964 41a5 5207 6a88 72ca 7aea 7ac9 72a9 7ac8 7aa8 72a8 72a8 72a8 72a8 72a8 72a8 7ae8 7ae9 7b09 8329 834a 8b6b 8bab 93cc 93cc 9bec 9c0d a42e a44f a490 acb0 acd1 b533 b554 bd95 bdd6 c617 c638 ce58 ce79 ce79 ce59 ce59 c659 c639 c638 c618 bdf8 bdf8 bdd7 b5d7 bdd8 bdf8 bdd8 bdd7 bdf8 bdf8 bdf7 bdf7 be18 c638 c638 be17 bdf7 ad75 ad54 a533 9d13 9cf2 94d1 8c70 842f 7bee 7bee 83ee 840f 840f 840f 83ee 7bce 7bad 7bad 7bcd 83ce 83cd 7bad 7b8c 7b8c 7bac 7bcd 83ed 83ed 83ed 83ed 83ed 840e 840e 840e 83ee 83ee 83ee 83ee 83ee 83ee 
31a8 422a 5b0d 7bf1 8452 8452 8432 8452 8452 94b4 94d4 94b4 94b4 94b4 8c93 94b4 94b4 94b4 94b4 8c93 8452 7bf1 6b8f 6b6f 73d0 73d0 738f 6b6e 6b6e 738f 7baf 7bcf 7baf 7bae 7bae 7bae 7bae 7b8e 7b8e 7bad 7b6d 7b6d 7b6d 7b8d 838d 838d 838d 838d 838d 838d 838d 838d 838d 838d 838c 838c 836c 836c 7b6c 7b6c 7b4b 7b4b 7b4b 7b4b 7b0a 7b0a 7b0a 7b0a 7b0a 7b0a 7b0a 7b0a 7b0a 7b0a 730a 72ea 72ea 72ea 72ea 72e9 7b09 7b09 7ae9 7ae9 7b09 7b09 7b09 7b09 72c9 72c9 72a8 72a8 72a8 7288 6a88 7288 6a67 6a67 6a46 6a46 6a46 6226 6225 6205 59e5 59e5 59c4 59c4 59c4 59c4 59c4 59c4 6205 6205 6226 6a46 6a47 6a67 6a67 6a67 6a67 6a47 6a47 6a47 6a47 6a47 6a67 7268 6a47 6247 6227 59e6 4985 3903 28a1 2061 1841 1041 1041 1041 0862 1082 10a3 18c3 2104 18c3 1082 0841 0821 0841 0841 1041 1041 1861 18a2 20a2 2082 20a2 20a2 28c2 3103 3103 3103 3103 3103 30e3 3103 3903 4164 4985 51c5 51c5 51c5 51c5 51a5 51a5 49a5 49a5 4985 4165 4144 3923 3923 3923 3923 3923 3923 3923 3943 4143 4984 49a5 51c5 59e5 6206 6a47 72a8 7b09 8b4a 8b8b 93ab 93cc 9c0d a42e ac6f ac8f ac8f ac8f acb0 acd1 acd1 9c4f 83ad 730a 5a47 41a5 4185 51e6 6a88 72c9 72c9 72c9 7ac9 7ae9 7ae9 7ac9 7ae9 7ac9 7ac9 7ae9 7ae9 7ae9 8309 7b09 8329 834a 834a 8b6b 8b8b 93ac 93cc 9bed 9c0d a44e a46f ac90 acd1 acf1 b533 b554 bd95 bdd6 c5f7 c637 ce58 ce58 ce99 ce99 ce79 ce79 ce59 c639 c618 bdf8 bdf8 b5b7 ad96 ad76 ad56 a555 a535 ad55 ad75 a575 ad75 ad75 b595 b5b5 b5b5 b5b5 be17 bdf6 b5d6 b5b5 b5b5 ad74 a533 9cf2 9cd2 9470 83ee 73ad 738d 7bae 83ee 83ee 83ee 83ee 83ce 83ce 7bcd 7b8c 738c 738c 7bac 7bcd 83ed 83ed 83ed 7bed 83ed 83ee 83ed 83ed 83ed 83ed 83ed 83ed 83ed 83ed 
5b0d 5b0d 5aed 5aed 52cc 52ac 52ac 52cc 52cc 632e 6b6f 73d0 8432 7bf1 73b0 7c11 8473 8452 8c93 94d4 8452 73b0 634e 5aed 6b6e 632e 632d 6b4e 73af 7bd0 7bd0 7bd0 7bcf 83cf 83cf 83ce 7bae 7b8e 7b8e 7b8d 7b6d 7b6d 7b6d 838d 838d 838d 838d 838d 838d 838d 838d 836d 836c 7b6c 7b6c 7b4c 836c 836c 7b4b 7b2b 730b 730a 7b0a 7b0a 7b2b 7b2b 7b2b 7b2b 7b2b 7b2b 7b2b 7b2b 7b2a 7b0a 7b0a 730a 7aea 7aea 7b0a 7b0a 7b0a 7b09 7ae9 7ae9 7ae9 7ae9 7ae9 7ac9 72a8 72a8 72a8 72a8 72a8 7288 7287 6a87 6a47 6a46 6226 6225 6205 6205 6205 6205 59e5 59e5 59e5 59e5 6205 6226 6a46 6a46 6a46 6a66 6a67 7267 7287 7267 6a67 6a67 6a67 6a67 6a47 6a46 6a46 6a47 6a67 7268 7288 6a68 6247 6227 59e6 49a5 3923 28c2 2061 1861 1061 1041 1041 1061 1882 18a3 28e4 20c3 18a2 1061 1021 1041 1882 20c2 28e3 3124 3944 3944 3944 3924 3924 3944 3944 4164 4185 49a5 4985 4985 4985 4984 49a5 51c5 51e6 59e6 51c5 51a4 5185 51a5 51a5 49a5 49a5 4985 4164 4144 4144 3944 4144 4164 4164 4164 4984 49a5 51c5 59e6 5a06 6206 6a47 6a87 7ac9 832a 8b6b 93ac 93cc 9c0d ac4e ac8f ac8f ac8f b490 b4b0 acb0 b4d1 b4f1 b511 b4f1 acb0 940e 836c 6a88 6aa9 72c9 7ae9 7b0a 7b09 7b09 7ae9 7ae9 7ae9 8309 8309 8309 8309 8309 832a 832a 832a 834a 834a 836a 8b8b 8b8b 8bac 93ed 9bed 9c2e a44e a46f a4b0 acd1 acf2 b533 b554 bd95 bdd6 c5f7 c617 c638 c658 c638 c638 c658 ce59 ce79 ce79 ce59 c639 bdf8 bdf8 bdd7 b5b7 b596 a535 9cf3 9cd3 9492 9491 9491 8c91 8c91 9491 9491 94b1 9cf2 9cf3 9cf3 a513 a533 a533 a513 a513 a513 9cf2 9cb1 9491 8c70 842f 7bce 738d 840e 83ee 83ee 83ee 7bcd 738c 738c 738c 7bad 7bcd 83ee 83ee 7bcd 7bcd 7bcd 83ee 7bcd 7bcd 7bcd 7bcd 7bcd 7bcd 7bcd 7bcd 
8c73 8452 8432 8432 7c11 7bf1 73b0 6b6f 7bf1 7bf1 73d0 73d0 6b8f 5aed 4a8b 5b2e 7c12 73f1 8c93 9d15 94b4 8432 7bf1 6b6f 73b0 632d 5aec 6b8e 8431 8c52 8410 7baf 7bcf 7bce 83ce 7bae 7b8e 7b8d 7b8d 7b8d 83ad 838d 7b6d 7b6c 7b6c 7b6c 836d 838d 836c 836c 836c 836c 7b6c 7b4c 7b4c 7b4b 730b 730b 730b 7b2b 7b4b 836c 8b8c 8bad 836c 836c 836b 834b 7b2b 7b2b 7b0a 7b0a 7b0a 7b0a 7b0a 7b0a 7b0a 7b0a 7b0a 7b0a 7ae9 7ae9 72e9 72c9 72c9 72c9 72c8 72a8 72c9 72c8 72c8 72a8 72a8 72a8 6a87 6a67 6a66 6a46 6226 6205 59e5 59e5 59e5 59e5 59e5 59e5 6205 6225 6a46 6a67 72a7 72a8 72a8 72a8 72a8 72a8 72a8 72a8 7287 7287 72a8 72a8 72a8 7288 7288 7288 7288 7288 72a8 6a68 6a47 6247 6227 59e6 4985 4144 30e2 28c2 20a2 1861 1841 1061 1861 1861 1861 1882 1882 1882 1881 2082 20c2 28e3 3924 3924 3944 3944 3944 3944 4144 4165 59e7 51c6 4965 3923 3903 4143 4984 51a5 51a5 51c5 59c5 59c5 51c5 51a4 51a5 51c5 51a5 51a5 51a5 4985 4984 4984 4984 4985 4985 4985 49a5 51c5 5a06 6226 6227 6227 6a67 7267 7288 72a8 7ae9 832a 8b6b 938b 9bed a42d ac6f b48f b490 b490 b490 b4b0 b4d0 b4d0 b4d0 b4f1 bd32 bd32 b4f1 a490 93ee 8bad 836c 834b 834a 834a 832a 7b09 7b0a 7b2a 832a 832a 832a 8329 832a 834a 834a 834a 836a 8b6b 8b8b 8b8c 8bac 93cc 93ed 940d 9c2e 9c4f a470 a4b0 acd1 acf2 ad33 b554 bd95 bdd5 c5f7 c617 c617 c638 ce58 c658 ce59 ce59 c659 c638 bdf8 bdd7 bdf8 bdf8 bdd8 bdd7 b5b7 ad75 a534 9cf3 94b2 94b1 9471 8c50 8430 840f 840f 840f 840f 842f 8c50 8c70 9471 9491 94b1 94b2 8c30 8430 8c2f 8c50 9470 9471 8c50 8c2f 83ee 83ee 83ee 83ee 7bcd 7bad 738c 7bad 7bcd 7bcd 7bcd 7bcd 7bcd 7bcd 7bcd 7bcd 83ee 83ee 83ee 83ee 83ee 83ee 83ee 83ee 
8452 73d0 634e 5b0d 52ac 4aac 424a 31a8 2146 31e9 4a8b 632e 634e 52cc 52ac 634e 636f 634e 7bf1 8cb4 8c93 8c93 94b4 8c93 8c73 73af 632d 6b4e 7bd0 8410 7bf0 7baf 7bae 7bae 7bae 7bae 7b8d 7b6d 7b6d 7b6d 838d 838d 836d 7b6c 7b4c 7b4c 7b4c 836c 7b4c 7b4c 7b4c 7b4c 7b4c 7b4c 7b4c 7b4c 7b0b 7b0b 7b2b 834c 836c 8b8c 8bad 8bad 834b 834b 7b2b 7b2b 7b0a 7b0a 7b0a 72ea 7b0a 7b2a 7b0a 7b2a 7b0a 7b0a 7b0a 7b0a 7aea 7ae9 7ae9 7ae9 7ae9 7ac9 72c9 72c8 7ac9 7ac8 72c8 72a8 72a8 6a87 6a67 6a46 6a46 6226 6225 6205 59e5 59e5 6205 6205 6226 6226 6226 6a46 6a66 7287 7287 72a7 72a8 72a8 72a8 72a8 72a8 72a8 7ac8 7ac8 72a8 72a8 72a8 7288 7288 7288 7288 72a8 72a8 7288 6a67 6a67 6247 5a06 51c5 49a5 4164 4144 3903 30e2 28a2 2081 2081 2061 1861 2081 20a2 28a2 28c2 28c2 30c2 30c2 3903 3923 4123 4124 4123 4144 4144 4964 3902 4123 4123 4143 4984 51c5 5a06 6227 59e5 59e5 59e5 59e5 59e5 59e5 59e5 59e5 59c5 51c5 51c5 51c5 51a5 51a5 51a5 51c5 51e6 51c5 51c5 5a06 6247 6a88 72a8 72a8 7ae9 7ae9 82e9 8309 832a 8b6a 938b 93ac a42d a44e ac6f b4b0 b4b0 b4d0 b4d1 b4d0 b4b0 b4b0 b4d0 bd11 bd32 bd53 bd12 b4f1 b4d1 b4d1 ac90 9c2e 8bac 836b 834a 836b 832a 834a 834a 834a 834a 834a 834a 8b6b 834b 8b6b 8b8b 8b8c 8bac 8bcc 8bcd 93ed 93ee 940e 9c2e 9c4f a490 a4b0 acd1 acf2 ad33 b554 bd95 bdd5 c5f7 c617 c617 c637 ce58 c658 c658 c658 c638 c618 bdd7 b5b7 b5b6 b596 ad55 a514 a4f4 a4f3 a4f4 a513 9cf3 9cf2 9cd2 94b1 9491 8c70 8c50 8c50 840f 840f 840f 840f 83ef 7bef 83ef 7bef 9491 8c50 842f 840f 840f 840f 840e 7bee 7bee 7bce 7bee 7bcd 7bad 738c 738c 7bad 7bcd 7bcd 7bcd 7bcd 7bcd 7bcd 7bcd 7bcd 83ee 83ee 83ee 83ee 83ee 83ee 83ee 83ee 
8cb4 8c73 8cb4 94d4 94d4 94b4 7c11 5b0d 31e9 424a 634e 8452 94d4 94b4 94d4 9cf5 94d5 8cb4 9cf5 a536 9cf5 94b4 8c93 8c72 9493 8431 7baf 73af 7bcf 7bf0 7bf0 83f0 7bae 7bae 7bae 7b8e 7b8d 7b8d 7b6d 7b6d 7b6c 7b6d 7b6c 836d 836c 7b6c 7b4c 7b4c 7b2b 7b4b 7b4b 7b4c 7b4c 7b4c 7b4c 7b4c 834c 834c 834c 834c 7b2b 7b2b 7b0b 7b0a 7b2b 7b2b 7b2b 7b2b 7b2b 7b2b 7b2b 7b2b 7b2a 7b2a 7b2b 832b 7b2b 7b2a 7b0a 7b0a 7aea 7aea 7ae9 7ae9 7ae9 7ae9 72c9 72c8 72a8 72a8 7287 6a87 6a67 6a46 6226 6205 6205 6205 6205 6205 6205 6205 6225 6226 6a46 6a66 6a67 7287 7287 72a7 72a8 72a8 7287 7287 7287 6a67 6a67 7287 7287 7287 7267 6a67 6a46 6a26 6a26 6a47 6a67 7287 7287 7287 7287 6a67 6226 59e6 59e5 51c5 51a5 4985 4964 4144 3923 3903 30e2 30c2 28c2 28c2 28c2 30e3 3903 3924 4124 4144 4964 4964 5185 51a5 51a5 51a5 51a5 51a5 5184 59c5 59e6 6206 6206 59e5 51a4 5184 6206 59e5 59c5 59e5 61e5 61e5 61e5 61e5 59e5 59e6 59e6 59e5 59c5 51c5 59e6 59e6 5a06 5a06 5a06 6226 6a67 72a8 7ae9 8309 8b4a 8b6a 8b6b 8b6b 938b 93ab 93cc 9c0d a44e a44e ac6f acaf b4d0 bcf1 bcf1 bcf1 b4b0 b4d0 b4d0 bcf1 bd32 c553 c594 cd94 cd94 c574 c553 b512 acb0 9c2e 8bcc 838b 834b 834b 834a 834a 834a 8b6b 8b6b 8b8b 8b8b 8bac 8bac 8bcd 8bcd 8bed 940e 940e 9c2e 9c4f 9c4f a470 a4b0 a4d1 acf2 ad13 b553 b574 bdb5 bdd6 c5f7 c617 c617 c637 be17 be17 be17 c638 c638 c618 bdf8 bdd7 ad76 ad55 a514 94b2 9492 8c71 8c51 8c50 8c50 8c50 8c50 8c50 8c50 8c30 8c2f 842f 8c50 8c50 8c50 8c30 8410 840f 840f 8410 7bce 7bef 840f 842f 842f 842f 842f 842f 7bce 7bce 7bcd 7bad 738c 6b6c 736c 738c 7bcd 7bcd 7bcd 7bcd 7bcd 7bcd 7bcd 7bcd 7bcd 7bcd 7bcd 7bce 7bce 83ee 83ee 83ee 
7c11 73d0 73d0 7c11 7c11 8473 8452 636e 31e9 31c8 3a09 424a 424a 52ed 73d0 7c11 8452 8473 8c93 8cb4 94b4 8c93 8c73 8452 8431 8431 8431 8410 8410 8410 8410 8410 7bae 7bae 7b8d 7b8d 7b8d 7b8d 7b6d 7b6d 7b4c 7b4c 7b6c 836c 836c 836c 7b4c 7b4c 7b2b 7b2b 7b4c 7b4c 7b4c 7b4c 7b2b 7b2b 7b0b 7b0b 7b0b 7b0b 7b0b 7b0b 7b0b 7b0b 7b2b 7b2b 7b2b 7b2b 7b2b 834b 834b 834b 7b2a 7b2a 7b0a 7b0a 7b0a 7b0a 7b0a 7b0a 7aca 7ac9 72c9 72c9 72c9 72a8 72a8 72a8 6a87 6a67 6a67 6a46 6a46 6226 6205 6205 6205 6205 6226 6226 6226 6a46 6a46 6a66 7287 7287 72a7 72a8 7ac8 7ac8 7ac8 7ac8 72a8 72a8 72a7 7287 7287 7287 7287 7287 72a8 7287 6a67 6a67 6a47 6a67 7267 7287 6a67 6a67 6a67 6a67 6226 6205 59e5 59e5 59c5 51a5 5184 4964 4964 4944 4144 4144 3924 3924 4144 4144 4965 4985 51a5 51c6 51a5 51a5 59c5 59c5 59c5 59a5 59a5 51a4 59e5 59e5 59c5 59c5 59c5 59e5 6205 6206 61e5 61e5 61e5 61e5 61e5 6205 6a06 6a26 6a47 6a47 6a47 6226 6206 5a06 5a06 5a06 6247 6a67 6a88 7288 72a8 7ac9 832a 8b6b 938b 93cb 9bec 9bec 9bec 9c0c a42d a46e ac6f ac8f ac8f acb0 b4d1 bcf1 bd12 bd12 c532 bd11 bcf1 b4f1 b4f1 bd12 c573 cd94 d5f6 cdd5 cdb5 cdb4 c594 b512 9c6f 8bed 8bac 838b 836b 836b 8b6b 8b8b 8b8b 8b8b 8bac 8bcc 93cd 93ed 940e 942f 9c4f 9c4f a470 a490 a490 a4b1 acd1 acf2 b533 b553 bd74 bd95 c5d6 c5f7 c617 c617 c617 c637 c658 c658 c638 be38 be18 bdf7 b5b7 b596 b596 b596 ad75 a534 9cd3 9492 8c50 83ef 7bce 7bcd 7bce 7bce 7bce 7bce 7bce 7bae 7b8d 7b8d 738d 7b8e 7bae 7bae 7bcf 7bcf 7bef 7bef 7bef 7bce 73ad 73ad 7bce 7bce 7bce 7bce 7bcd 73ad 738c 6b6c 736c 73ad 7bce 7bce 7bcd 7bcd 7bcd 7bce 7bce 7bcd 7bce 7bce 7bce 7bce 7bce 7bce 7bce 7bce 
94f5 94d4 9d15 9d35 94d4 94d4 8452 634e 31c8 3a2a 52ed 52cc 31c8 426b 73f1 8cb4 94f4 94f5 8cb4 8452 8452 8432 8431 8431 8431 8431 8411 7bf0 83f0 8410 83f0 7bcf 7bce 7bae 7b6d 7b6d 7b8d 7b8d 7b6d 734c 7b6d 7b6d 7b6c 7b4c 7b4c 7b4c 7b4c 7b4c 7b4c 7b4c 7b4c 7b4c 7b4b 7b2b 7b2b 7b2b 7b2b 7b2b 7b2b 7b0b 7b0b 7b0b 7b0b 7b2b 7b2b 7b2b 7b2b 7b2b 7b2b 7b0a 7b0a 7b0a 7b0a 7b0a 7b0a 7aea 72ea 72ea 7aea 7aea 7ac9 72c9 72a9 72a8 72a8 7288 7288 6a87 6a67 6a66 6a46 6a46 6a46 6246 6225 6225 6a46 6a46 6a67 7287 7287 7287 7287 7287 72a8 72a8 7ac8 7ac8 7ac8 72a8 72a8 7287 6a67 6a67 7287 7287 7287 7287 72a7 72a7 7aa8 72a8 72a8 7288 7287 6a67 6a67 6a46 6a26 6a46 6a66 6a66 6a46 6226 6206 6206 59c5 51a4 5184 5184 5184 5184 4964 4964 4985 51a5 51a6 51a5 51a5 51a5 59c6 59c6 61e6 61c6 59c5 59a5 59a4 59a4 59a5 59a4 59a4 59e5 6206 6a46 6a47 6a26 61e5 59e5 6206 6a26 6a26 6a26 6a26 6a46 7267 7288 7ac9 7aa8 7aa8 7288 6a68 6a47 6a47 6a47 6a68 72c9 832a 834b 832a 832a 8b6b 93ac 93cc 9c0d a42e a44e a42e a42e a46f acb0 b4d0 acd0 acd1 b4d1 b4f1 b512 bd32 bd33 c532 c532 c532 c553 c573 c574 cdb4 cdd5 cdd5 d5f6 d636 d616 cdd5 bd53 acd1 a490 940e 8bcd 8bac 8b8c 8bab 8bac 8b8b 838b 8bac 8bcc 93ed 940e 9c2f 9c4f 9c70 a490 a4b1 a4b1 acd1 acf2 acf2 b533 b553 b574 bd95 bdd6 c5f6 c617 c617 c617 c617 c637 c658 c658 c638 c638 c638 c618 bdf7 bdd7 bdd7 bdd7 b596 ad55 a534 a513 9cd3 9491 9470 8c4f 8c2f 840f 840f 840f 83ee 7bce 7bae 7bae 738d 738d 738d 738d 7b8e 73ad 738d 73ae 7bee 7bef 7bce 7bce 7bce 7bce 7bee 7bce 7bce 73ad 738c 6b6c 738d 7bad 7bce 7bcd 7bae 7bcd 7bae 7bce 7bce 7bcd 7bce 7bce 7bce 7bce 7bce 7bce 83ee 7bee 
2987 424a 5b0d 636f 636f 636e 52ec 3a4a 31c8 3a4a 4aac 4aac 4a8b 4acc 5b2d 6b8f 6baf 73b0 7c11 8c72 8c93 8431 73af 6b4d 632d 6b6e 73af 73ae 738e 73ae 7bcf 7bcf 7bce 7bae 7bae 7b8d 7b8d 7b6d 7b6d 7b6c 7b6d 7b6d 7b6c 7b6c 7b6c 7b6c 7b4c 7b4c 7b4c 7b4c 7b4c 7b4c 7b4b 7b2b 7b2b 7b2b 7b2b 7b4b 7b4b 7b4b 7b4b 7b4b 7b4b 7b2b 7b0a 7b0a 7b0a 7b0a 7b0a 7b0a 7b0a 7b0a 7aea 7aea 7aea 7aea 7aea 72c9 7ac9 7ac9 7ac9 72a9 7aa9 72a8 7288 7287 6a67 6a66 6a46 6a46 6a46 6225 6226 6226 6226 6226 6a46 6a46 6a46 7267 7287 72a8 7aa8 7ac8 7ae9 7ac9 7ac8 7ac8 7aa8 7aa8 7aa8 7aa8 72a8 7288 7287 7287 7287 7287 7287 7287 7288 7287 7287 7287 7267 6a67 6a67 6a67 6a67 7268 7268 6a67 6a67 6a47 6226 6206 59e6 59c5 59a5 51a5 51a5 5184 5184 5184 51a5 51a5 59c5 59e6 61e6 61e6 61e6 59c5 59c5 59c5 59c5 59c5 61c5 61e5 6a06 6a06 6206 6206 6206 6206 6206 6226 6226 6226 6226 6226 6a26 6a46 7268 7ac9 7ac9 7ac9 82e9 8b0a 8b2b 8b2b 8b2b 830a 7aea 7b0a 7b0a 834b 8b8c 8bad 93cd 93ed 93ee 93ed 9c0e a42e ac6f b4b0 b4d1 acd1 acb1 acb1 acd1 b512 bd53 c594 bd74 bd54 bd53 bd54 c595 cdb5 cd94 c574 c594 cdd5 cdf5 d616 d616 d616 d637 d616 cdb5 c574 b513 a4b1 9c4f 942e 940e 8bed 8bcd 8bcd 8bcd 8bac 8bcd 8bed 93ee 940e 942e 9c4f a470 a490 acd1 acd2 acf2 ad12 ad13 ad33 b554 b574 bdb5 c5d6 c5f7 c617 c617 c617 c618 c638 ce59 c659 ce59 c639 c638 be18 bdd7 b5b7 b5b6 b596 ad75 ad75 ad75 ad75 ad34 a513 9cd2 94b1 9470 8c50 8c30 842f 840e 7bee 7bce 7bee 83ee 7bee 7bcd 7bad 7bad 7bad 73ad 73ad 738d 73ad 7bad 7bce 7bce 7bce 7bce 7bce 7bce 738d 736c 736c 738d 738d 7bae 7b8d 738d 7b8d 7bae 7bce 7bae 7bad 7bce 7bce 7bce 7bce 7bce 7bce 7bce 7bce 
31e9 52ed 7c11 8cd4 94d4 8493 7c52 7c11 7c11 7c11 7c11 7411 7c11 7c31 8452 8c93 6b8e 5b0d 5b0d 738f 8431 8c52 8410 7bf0 73ae 73ae 73ae 738e 738e 7bae 7bcf 7bcf 7bae 7bae 7bad 7b8d 7b8d 7b8d 7b6d 7b6d 7b6c 7b6c 7b4c 7b4c 7b4c 7b4c 7b6c 7b6c 7b4c 7b4c 7b4c 7b4c 7b4c 7b4b 7b4b 7b2b 7b4b 7b4b 7b2b 732b 730a 730a 730a 72ea 72ea 72ea 72ea 72ea 72ea 72ea 72ea 72ea 7aea 7aea 72c9 72c9 7ac9 7ac9 7ac9 72c9 72a9 72a8 72a8 7288 7287 6a67 6a66 6a46 6a45 6a45 6a45 6a46 6a46 6a46 6a67 6a67 7aa7 7aa7 7aa7 7aa8 7aa8 7aa8 7aa8 7aa8 7ac8 7ac8 7ac8 7aa8 7aa8 7aa8 7aa8 7aa8 72a8 72a8 7288 7287 7287 7267 7267 6a67 7287 7287 7287 7287 7287 7267 6a67 6a67 6a67 6a47 6a47 6a47 6a47 6a47 6a47 6a47 6206 6206 61e6 59e6 59e6 59e6 59c5 59c5 59c5 59e6 61e6 61e6 61e6 61e5 61c5 59c5 61e5 61e5 61c5 61c5 61c5 61c5 61c5 61e5 61e5 6206 6226 6a47 6a47 6a27 6226 6226 6206 6226 6a47 6a47 6a47 6a67 7288 7268 7a88 82ea 8b4b 936c 8b4c 8b4b 8b4c 8b6c 836c 8bad 8bcd 93ee 940f 9c2f 9c4f 9c4f a44f a450 ac70 b4b1 b4d1 b4f2 b4f2 b533 b513 b513 b533 bd74 c5b5 c5b5 bd95 bd74 c5b5 cdd6 cdd5 cdd5 cdf6 cdf6 d616 d657 d616 d636 de57 de57 d5f6 cdd5 c574 b4f2 a4b1 9c90 9c4f 940e 8bed 8bcd 8bad 83ac 93ed 940e 940e 9c2e 9c2f 9c4f 9c70 a490 acd1 acf2 ad13 b533 b533 b554 bd75 bd95 bdb6 bdd6 c5f7 c617 c618 c618 c638 c618 ce59 ce39 c639 c639 c639 c639 c638 c618 b596 ad75 a534 9cf3 9cf3 9cf3 9cf3 9cd2 94b2 94b1 9491 9491 9491 8c70 842f 7c0f 7bce 73ad 738d 6b6c 6b6c 738c 7bad 7bee 7bae 7bad 73ad 738d 738d 73ad 7bad 7bad 738d 738d 738d 6b4c 6b4c 736d 738d 73ad 7bae 7bad 7bae 7bad 7bae 7bce 7bae 7bae 7bce 7bcd 7bce 7bce 7bce 7bce 7bce 7bce 
4acc 4acc 52ec 5b2d 5b0d 52ed 52ed 5b2d 52ec 52cc 4aab 52ac 52ac 4aab 52cc 52ec 5b0d 4a8a 4a8a 6b6e 8c72 94d3 8c92 8431 8410 7bef 73ae 6b6d 738d 7bce 7bef 7bcf 7bae 7bae 7b8d 7b8d 7b8d 7b8d 7b6d 7b6d 7b6c 7b6c 7b4c 7b4c 7b4c 7b4c 7b6c 7b6c 7b4c 7b4c 7b4c 7b4c 7b4c 7b4c 7b4b 7b4b 7b2b 7b2b 732b 730a 730a 730a 730b 7b2b 7b0a 7b0a 72ea 72ea 72ea 72ea 7aea 7aea 7aea 7aea 7aea 7aea 7ac9 7ac9 7ac9 7ac9 72a9 72a9 72a8 72a8 7287 6a67 6a67 6a66 6246 6246 6246 6a46 6a66 6a67 6a87 7287 7266 7267 7287 7287 7287 7287 72a8 7287 7aa8 7aa8 7aa8 7aa8 7aa8 7aa8 7aa8 7aa8 72a8 72a8 72a8 7288 7288 7287 7287 7287 6a67 6a67 7287 7287 7287 7287 6a67 6a67 6a67 6a47 6a47 6a47 6a47 6a47 6a47 6a68 6a47 6a47 6a27 6a27 6a27 6a27 6227 6227 6226 6226 6206 6206 6206 61e6 61e5 61e5 61e5 61e5 61e5 61e5 61e5 61e5 61e5 61e5 59c5 59e5 6206 6226 6226 6206 59e5 59e5 6a47 7288 7aa9 7aa9 72a9 72a9 7ac9 7ac9 7288 72a9 7aca 832b 938d 93ce 93ae 8b8d 8bae 8bad 8bad 8bce 942f a470 a491 a491 ac70 ac50 a470 ac70 a470 a470 a491 acb1 acd2 acd2 acd2 b534 c595 c5d6 cdd6 cdd6 cdd6 cdd6 cdb5 c5b5 cdd5 cdf5 cdf6 d657 ce16 d637 de58 de58 d637 d617 cdb5 bd34 a4b1 9c70 942f 8bee 8bcd 8bcd 8bcd 8bac 8bac 8bcd 93ed 940e 940e 9c2f 9c6f a490 a4d1 acf2 ad12 b513 b533 b554 bd95 bdb5 c5d6 c5f7 c5f7 c617 c618 c618 c618 c618 c638 c618 c618 be18 be18 be18 be18 be18 b5b7 ad76 a534 9cf3 9cf3 9cd3 9cd2 94b2 94b2 9491 8c50 8430 8430 8c50 8c71 8c71 840f 7c0f 7bee 7bce 73ce 73ad 73ad 738d 73ad 738d 738d 736c 736c 736d 738d 7bad 7b8d 7b8d 736d 734c 6b4c 736d 7b8d 7bad 7bad 7bad 7bad 7bad 7bad 7bad 7bad 7bad 7bad 7bcd 7bcd 7bcd 7bcd 7bcd 7bcd 7bcd 
9d15 94f5 94f4 94f5 94f5 8cb3 8452 7c31 8452 7c31 73f0 6b8f 52ec 426a 426a 52ab 634e 5aec 630d 7c10 9cf4 9d14 9492 8451 8c51 8410 7bcf 738e 738e 7bce 7bcf 7bce 7bce 7bae 7b8d 7b6d 736d 736d 7b6c 7b6c 7b6c 7b6c 7b4c 7b4c 7b4c 7b4c 7b4c 7b6c 7b6c 7b4c 7b4c 7b4c 7b4c 7b4c 7b4b 7b4b 7b2b 7b2b 7b2b 732b 7b2b 7b2b 7b2b 7b2b 7b2b 7b2b 7b2b 7b0a 7b0a 7b0a 7b0a 7b0a 7aea 7aea 7aea 7aea 7aea 7aca 7ac9 7ac9 7ac9 72a9 72a8 72a8 7288 6a87 6a67 6a67 6a46 6a46 6a46 6a66 6a67 6a67 6a87 7287 6a67 7287 7287 7aa8 7ac8 7ac8 7ac8 7ac8 7288 72a8 72a8 72a8 72a8 72a8 7288 7288 7287 7287 7288 72a8 72a8 7aa8 7ac8 7ac8 6a67 7267 7287 7287 7287 7287 7287 7287 7288 7268 6a68 6a68 6a68 6a68 7268 7288 7268 6a68 6a47 6a47 6a47 6a47 6a47 6a47 6226 6226 6206 6206 6206 6206 6206 6206 61e5 61e5 6206 6206 6205 6a06 6a06 6205 6206 6226 6a47 6a47 6a47 6a47 6a67 7288 7aa9 82ea 832b 832b 830a 830a 830a 832b 7b0a 72ca 72ca 7aeb 834c 836d 7b4c 730b 72eb 836d 93ef 940f 8bae 838d 8bce 9c0f a430 a430 a450 a450 a450 9c30 9c10 9c30 9c10 9c50 a491 acd2 ad13 bd54 c5d6 d638 d617 cdd6 bd74 bd54 bd94 c5b5 cdf5 d657 d637 d657 de78 de78 d637 d617 cdd6 bd74 a491 9c50 8c0f 8bee 8bcd 8bcd 8bcd 8bcd 8bac 8bcd 93ed 940e 942e 9c4f 9c70 a490 a4d1 acf2 ad12 ad33 b533 b554 bd75 bdb5 c5f7 c5f7 c617 c617 c617 c617 c617 c618 bdf8 bdf8 bdf8 bdd7 bdd7 b5b7 b596 ad76 b596 ad76 a555 9d14 9cf4 94d3 8c92 8c71 8c91 8c71 8c71 8c71 8c51 8430 7bef 73ef 73ce 73ce 7bef 7c30 8430 840f 7bee 73ae 738d 738d 738d 738d 738d 738d 7bad 7bae 7bad 7bad 736d 6b4c 6b4c 736d 738d 738d 73ad 73ad 7bad 73ad 7bad 7bad 7bad 7bad 7bad 7bcd 7bcd 7bcd 7bcd 7bcd 7bcd 7bcd 
6baf 73d0 6bd0 6b8f 634e 634e 5b2d 52cc 52ab 52cc 5aec 4a8b 3a09 31c8 3a09 4a8b 52cc 52ab 5aec 6b8e 8410 8451 8431 8451 8c51 8430 7bef 7bcf 7bae 7bcf 7bcf 7bae 7bce 7bae 7b8d 736c 734c 734c 7b6c 7b6d 7b8d 7b6d 7b6c 7b6c 7b4c 7b4c 7b4c 7b4c 7b6c 7b6c 7b4c 7b4c 7b4b 7b4b 7b4b 7b2b 7b4b 7b4b 7b2b 7b2b 7b2b 730b 730a 730a 7b2b 7b2b 7b2b 7b0a 7b0a 7b0a 7b0a 7b0a 7b0a 7b0a 7b0a 7aea 7aea 7aca 7ac9 72c9 72c9 72a9 72a8 7288 6a87 6a67 6a67 6a67 6a87 6a87 6a87 6a87 6a87 6a88 7288 7288 7ac8 7ac8 7ac8 7ac8 7ac8 7ac8 7ac8 7ac8 72a8 72a8 72a8 72a8 72a8 7288 7287 7287 7287 7288 72a8 72a8 72a8 7aa8 7aa8 7aa8 72a8 7288 7288 72a8 72a8 72a8 72a8 7aa8 7288 7288 7288 7288 72a8 72a8 72a8 72a8 7288 7288 7268 6a67 6a67 6a67 6a47 6a47 6226 6226 6206 6206 61e6 6206 6206 6206 6a26 6a26 6a26 6a06 6206 6206 61e5 61e5 6206 6226 6a47 6a47 6a67 7288 7ac9 830a 830a 832b 8b4b 832b 832b 832b 830b 7b0a 72ea 72eb 72eb 72eb 72eb 72eb 730b 732c 7b4d 730c 72ec 72eb 72ec 7b2c 834d 836d 8b6d 8b6e 938e 93cf 93cf 93cf 93cf 93ef 9c30 9c51 a492 acd3 acd3 acf3 bd55 cdd6 d637 cdd6 bd54 b533 bd74 c5d5 ce16 d678 d657 d678 de98 de78 d658 d638 d617 c5b5 b533 a4d2 9c50 942f 940e 8bee 8bed 93ee 9c2e 9c4f 9c6f 9c6f 9c6f a490 a4b0 a4d1 acf2 ad13 b533 b553 b554 b574 bd95 bdb6 c5d6 c5f7 c5f7 c617 c617 c617 c618 c618 c5f8 bdf8 bdf8 bdd8 b5d7 b5b7 b597 ad96 ad76 a555 a555 a535 9d14 94d3 8c92 8c72 8411 7c10 7c10 7c10 7c10 7c10 7c10 73f0 73cf 73cf 73af 73af 73af 73cf 73ae 738e 738d 738d 738d 73ad 738e 7bae 7bae 7bae 7bad 73ad 736d 6b6c 736c 73ad 7bad 7bad 73ad 73cd 7bcd 73cd 73ad 7bcd 7bcd 7bcd 7bad 7bcd 7bcd 7bcd 7bad 7bad 7bad 7bcd 
94d4 9d35 9d56 9d15 9d15 94b3 6b8f 424a 31e8 4a6a 632d 6b8e 6b8e 6b8f 73d0 7c31 8452 8c72 8c92 8c92 8c72 8c51 8c51 8451 8410 8410 7bef 7bcf 7bce 7bce 7bce 7bae 7bae 7b8d 736d 734c 734c 736d 7b6d 7b8d 7b8d 7b8d 7b6c 7b6c 7b4c 7b4c 7b4c 7b4c 7b4c 7b4c 7b4c 7b4c 7b4b 7b2b 7b2b 7b2b 7b2b 7b2b 7b2b 7b2b 7b2b 7b2b 730b 730a 7b2b 7b2b 7b2b 7b2b 7b0a 7b0a 7b0a 7b0a 7b0a 7b0a 7aea 7aea 7aca 7ac9 72c9 72c9 72c9 72c9 72a8 72a8 7288 6a88 6a87 6a87 7288 72a7 72a8 72a8 72a8 72a8 72c9 72c8 72a8 7aa8 7aa8 7aa8 7aa8 7aa8 7aa8 7aa8 7ac9 7ac9 7ac9 7ac9 7ac8 7ac8 7aa8 7aa8 7ac8 7ac8 7aa8 72a8 72a8 7287 7287 7287 72a8 72a8 7288 7287 7287 72a8 72a8 72a8 7288 7288 72a8 72a8 7aa9 7ac9 7aa9 7aa9 72a8 7288 7288 7288 7268 6a67 6a47 6a47 6a27 6226 6206 6206 61e6 61e6 6206 6206 6206 6206 6206 6206 6206 6206 6205 6206 6206 6226 6a47 6a67 7288 72a8 7ac9 7aea 832b 8b4b 8b4b 8b6b 8b6c 8b6c 8b4b 832b 730b 6aeb 6aea 6aca 6acb 6aeb 6aeb 6aeb 6aab 5a29 49c7 51e8 6aaa 834d 8b6e 836e 93cf 9bcf 9c10 a431 a451 a471 ac72 ac92 b4d3 b4d3 b4f4 b514 b514 b514 b514 b534 bd95 bd95 b554 b553 bd95 c5f6 ce37 d677 d658 d678 de98 de78 d678 d678 d658 cdf7 bd95 b533 a4b2 9c70 9c50 942f 940e 942e 9c4f 9c6f a46f a490 a490 a4b0 acd1 acf2 ad12 b533 b554 b554 b574 bd75 bdb5 bdb6 bdd6 bdd6 c5f7 c617 c618 c638 c638 c659 c659 c639 c618 be18 be18 c639 c639 c639 be18 bdf8 b5f8 b5d8 b5b7 adb7 a596 a576 9cf4 94b4 8c72 8452 7c31 8472 8c93 8cd3 8492 8472 7c31 73f0 73d0 73cf 73af 6b8e 73ae 73ae 738e 73ae 738e 738e 736d 6b6d 736d 6b6c 6b4c 6b4c 6b6c 73ad 73ad 73ad 73ad 73ad 73ad 73ad 73ad 73ad 73ad 73ad 73ad 7bad 7bcd 7bad 7bad 7bad 7bad 7bad 
6b8f 6b6e 636e 6b8f 8c72 9d15 8452 5b0d 31a7 424a 5aec 5aec 52ab 52ab 52cb 52cb 5acc 632d 6b8e 73cf 7bf0 8431 8410 7bef 7bcf 7bcf 7bae 73ae 73ae 73ae 738e 738d 738d 7b8d 7b6d 7b6d 7b6d 7b8d 7b8d 7b8d 7b6d 7b6d 7b6c 7b6c 7b4c 7b4c 7b4c 7b4c 7b4c 7b4c 7b4c 7b2c 7b4b 7b4b 7b4b 7b4c 7b2b 7b2b 7b2b 7b2b 7b2b 7b2b 7b2b 7b2b 7b2b 7b2b 7b2b 7b2b 7b2b 7b2b 7b0b 7b0b 7b0a 7b0a 7aea 7aea 7aea 7aca 7ac9 7ac9 72c9 72c9 72c9 72a9 72a9 72a8 72a8 72a8 72a8 72c8 72c9 72c9 72c9 72c9 72c9 7ac9 72a8 7ac8 7ac8 7ac8 7ac8 7ae8 7ae9 7ae9 7ae9 7ae9 82e9 82e9 7ae9 7ae9 7ac9 7ac8 7ac9 7ac8 7ac8 72a8 72a8 7288 7288 7287 72a8 7288 7288 7287 7287 7287 7287 7288 7288 7288 72a8 72a8 72a8 72a8 72a8 72a8 72a8 7288 7288 7288 7288 6a67 6a67 6a47 6a47 6226 6206 6206 6205 6206 6206 6206 61e5 61e5 61e5 61e5 6206 6206 6a26 6a26 6a67 6a67 7288 72a8 72a9 7ac9 7aea 7b0a 832b 8b6c 8b8c 8b8c 8b8c 8b8c 834c 7b2b 7b4c 6b0b 62aa 5a89 5a69 5249 49c7 3965 28a3 4166 5a29 6a8b 6a8a 6aab 7aec 832d 8b6e 8b8e 8baf 93cf 9bf0 9bf0 9c11 a451 a451 a451 a471 a492 acb2 a492 a492 a492 a4b2 ad34 b554 b554 bd95 c5f6 ce17 ce37 d658 d678 de99 de99 de99 de99 de79 ce17 c5b6 b534 a4d2 9c91 9c70 944f 942f 942f 940e 940e 9c4f 9c6f a490 a4b0 acf1 ad12 ad13 b533 b554 b554 b574 bd75 bdb5 bdb6 bdd6 c5f7 c5f7 c618 c618 c638 ce59 ce59 ce59 c659 c639 c639 c659 ce7a ce7a ce9b ce9b ce9b ce9b ce9b c69b c67b c67a c67a c65a c65a be3a be19 b5d8 ad97 a576 9d56 9d56 9d56 9d36 9d36 9d35 9d15 9d15 94f4 94b3 8c92 8c72 8c51 8c51 8451 8430 7c10 7bcf 73ae 738d 6b8d 73ad 73ce 73ce 73ae 73ce 73ae 73ae 73ae 73ae 73ae 73ad 738d 73ad 73ae 7bce 7bae 73ad 738d 7bad 7bae 
94f4 94f4 94b3 94b3 9d15 9cf4 73d0 4a8a 31a7 4249 4a6a 3a08 2986 31c7 4a6a 5aec 634d 6b8e 73af 738f 7bcf 8431 8430 73cf 738e 738e 6b6d 6b4d 6b6d 738d 736d 736d 7b8d 7b8d 7b8d 7b8d 7b8d 7b8d 7b6d 7b6c 7b6d 7b6c 7b6c 7b4c 7b4c 7b4c 7b4c 7b4c 7b2c 7b2c 7b2c 7b2c 7b4b 7b4c 7b4c 7b6c 7b4c 7b4b 7b2b 7b2b 730b 730a 730a 7b0b 7b0a 7b0a 7b0a 7b0a 7b0a 7b0a 7b0a 7b0a 7b0a 7b0a 7b0a 7aea 7aea 7aea 7aea 7aea 72c9 72c9 72a9 72a9 72a9 72a8 72a9 72a8 72c9 72c9 72c9 72c9 72c9 72c9 72c9 72c9 72c8 7ac8 7ac8 7ac8 7ac8 7ac8 7ac8 7ae8 7ac8 7ac8 7ac9 7ac9 7ac9 7ac8 7ac8 7aa8 7ac8 7ac8 7aa8 7aa8 7aa8 7ac8 7ac8 7ac9 72a8 72a8 7aa8 7aa8 72a8 72a8 72a8 7288 72a8 72a8 7288 7288 7288 7288 7288 7288 7288 7288 7288 7288 7288 6a67 6a67 6a47 6226 6226 6206 6206 6206 6206 6226 6226 6206 6206 6206 61e5 61e5 6206 6206 6226 6226 6a27 6a47 6a67 72a9 7ae9 830a 832b 834b 8b6c 8b8c 8b8c 834b 7b0a 72a9 6a88 5a68 5248 5228 4a07 41c6 3965 3104 28c3 3125 4186 5a08 6249 6229 6229 6229 6a6a 6a8a 6aab 72cb 7b0c 832d 834d 836e 8b8e 7b0c 7b0c 7b4d 836e 838e 8bae 8bef 9410 9450 ad13 bd75 b574 b595 bdd6 c616 c637 d678 d698 deda e6fa e6da e6da deb9 d638 c5f7 b555 acd2 a4b1 9c71 942f 940f 940e 940e 942e 9c4f 9c6f a490 a4b0 acf1 ad12 b513 b533 b554 b574 b574 bd95 bdb5 bdd6 c5f7 c617 c618 c638 c638 c638 ce59 ce59 c659 c639 c639 c639 c659 c659 c65a c65a ce7a ce7a ce9b ce9b ce9b ce9b c69b c67b c67b c67b c67b c67b c69b c69b c69b c69b c6bc c69b be5b be3a b61a b61a b61a b619 be19 b5d8 b5b7 ad97 ad97 ad97 ad76 a555 9d35 9d14 94d3 8cb2 8cb2 8cb2 8c92 8471 7c10 73ef 73cf 73cf 73cf 73cf 73ae 73ae 73ae 73ae 7bcf 7bae 73ae 738e 738e 7bae 
52ab 5b0d 6b8e 6b8f 634e 5b2d 4a8a 31c7 39c8 4a6a 5aec 528b 31a7 31c7 52ab 632d 632d 634d 6b6e 738f 7bcf 7bf0 7bf0 7bf0 83ef 7bef 7bcf 738e 6b4d 736d 7bae 83ef 83cf 83ce 83ce 83ce 83ae 7bad 7b8d 7b6d 7b6c 7b4c 7b4c 734c 7b4c 7b4c 7b4c 7b4c 7b4c 7b4c 7b4c 7b4c 7b4c 7b4c 7b4c 7b4b 7b4b 7b2b 7b2b 7b2b 7b2b 7b2b 7b0b 7b0b 7b0a 7b0a 7b0a 7b0a 7b0a 7b0a 7b0a 7b0a 7b0a 7b0a 7b0a 7b0a 7aea 7aea 7aea 7aca 72c9 72c9 72c9 72c9 72c9 72c9 72c9 72a9 72c9 7ae9 7aea 7ae9 7ae9 7ae9 7ae9 7ae9 72a8 72a8 7aa8 7aa8 7ac8 7ac8 7ac8 7ac8 7ac8 7ae8 7ae9 7ae9 8309 8309 8309 8309 8309 830a 830a 8309 82e9 7ac8 72a8 7287 7267 7287 72a8 7aa8 7aa8 72a8 7287 6a67 72a8 7288 7288 7288 72a8 72a8 7ac9 7ac9 7ac9 7ae9 7ac9 72a8 7288 7288 6a67 6a47 6a46 6a26 6226 6226 6226 6226 6226 6226 6226 6226 6206 6206 6226 6226 6226 6226 6a47 6226 6227 6a67 72a9 7ae9 7aea 7aea 832b 8b6c 93ad 8b8d 8b6c 834c 7b0b 72c9 5a68 49e6 3985 3124 20c2 1861 2082 30e3 3925 3945 4986 4987 51a7 51a7 59c8 59e8 5a28 5a28 5a49 6249 6249 6249 6a8a 72cb 6269 6aaa 6aaa 6acb 6aca 7b4c 7b4d 7b6d 83ae 9cb2 b555 b595 c5d6 c5f6 c5f7 ce58 d699 d699 deba e6da e6fa e6da d679 ce38 c5d7 b534 acf3 ad13 ad13 acd2 acd2 a4b1 942f 9c4f 9c70 a490 a4b0 a4d1 acd1 acf2 ad13 b533 b554 b554 b574 b595 bdb6 bdd6 bdd7 bdf7 c5f8 c618 c618 c618 c638 c639 c619 c619 c619 be18 bdf8 bdf8 c618 c619 ce7a ce9a ce9b ce9b c67b c67b c69c cebc c69c c67c c67b c69c cebc cebc cebc c6bc be7b c69c cedc cedd cebc c6bc cebc cebd c67b c69b ce9c c69b c65b be5a be5a be5a c65a be5a be19 b639 be39 b639 b5f8 adb7 a555 9d34 94d4 8c92 8452 8431 7c10 7bf0 7bf0 7bf0 7bcf 73af 738f 73af 7baf 7bcf 
4a6a 632d 7c11 8452 8431 8431 8451 8431 73af 73af 6b8e 5b0c 4a6a 528b 5b0c 5b0c 4a8a 4a8a 52ab 630d 6b8e 73cf 7bef 8410 7bef 83ef 7bef 73ae 738d 738e 7bce 83ef 83ce 7bae 7bad 7b8d 7b8d 7b8d 7b8d 7b8d 7b6c 734c 734c 734c 7b4c 7b4c 7b4c 7b4c 7b4c 7b4c 7b4c 7b4c 7b4b 7b2b 7b2b 7b2b 7b2b 7b2b 7b2b 7b2b 7b2b 7b2b 7b2b 7b2b 7b2b 7b2b 7b2b 7b2b 7b2b 7b2b 7b0a 7b0a 7aea 7aea 7aea 7aea 7aea 7aea 7aea 7aca 72c9 72c9 72c9 7ae9 7ae9 7ae9 7aea 7aea 7aea 7aea 7aea 7aea 7ae9 7ae9 72c9 7ac9 72a8 7aa8 7ac8 7ac8 7ac9 7ae9 7ae9 7ae9 7ae9 7ae9 7ae9 8309 8309 8309 7ae9 7ae9 7ac8 7aa8 72a8 7287 7287 7287 7288 72a8 72a8 7aa8 7ac8 7ae9 7ae9 7ae9 7ae9 7ae9 7ac9 7ac9 7ac9 7ac9 7ac9 7ac9 7ac9 7ac9 72a8 7ac9 7ac9 72a9 72a8 7288 6a68 6a67 6a26 6226 6226 6226 6226 6a26 6a26 6a26 6206 6206 6206 6206 6206 6206 6206 6206 6a47 6a47 6a47 7288 72c9 7aea 7aea 7aea 8b6c 93cd 9c0e 9c0e 8bad 834b 6aa9 5a47 5a48 49c6 3944 28e2 20a1 20a2 3104 4165 4165 3945 4125 4966 51a7 51c7 51a7 4966 4145 3965 49a6 51e7 51c7 49a7 49c6 51e7 51e7 5208 5a28 6289 5228 5207 5208 5aaa 6b0c 9451 b575 c5f7 ce58 ce38 c617 c637 ce38 ce78 d699 deba deda deda de99 d679 cdf7 b534 a492 9c71 9430 940f 9c50 9c50 9c70 9c70 9c6f 9c4f 9c6f a490 acd1 ad12 ad33 b553 b574 b595 bd95 bdb5 bdd6 c5f7 c617 c618 c638 c638 c659 ce59 ce79 ce7a ce7a ce7a ce7a c659 c639 c618 c618 c618 c618 c639 ce7a cebb cebc cebc c69b c67b c67b c67c ce9c cedd cedd cedd c6bc c69c c69c c6bc cefd cefd cefd cedd cebd cebd c69c c6bc c6bc be7c be5b be5b c69b cedd cedd cedd cedd cedc c6bc c69b c69b c67b ce9b c67b c65a be39 b619 b5d8 ad97 a576 9d15 94d4 8c72 8431 8411 8411 8411 8411 
3a09 52cc 73d0 8431 7bf1 73d0 7bf0 7bf0 8c92 8c72 9493 94b3 8c92 8c72 7c10 6b8e 632d 5aec 5acb 632d 738e 7bcf 7bef 8410 8410 8430 8410 7bcf 7bae 7bae 7bae 738e 83ce 7bae 7b8d 734c 734c 734c 734c 736c 7b6c 7b4c 7b4c 7b4c 7b4c 7b4c 7b4c 7b4c 7b4c 7b4c 7b4c 7b2c 7b2b 7b2b 7b2b 7b2b 730b 730b 7b2b 7b2b 7b2b 7b2b 7b2b 7b4b 7b2b 7b2b 7b2b 7b2b 7b2b 7b2b 7b0a 7b0a 7aea 7aea 7aea 7aea 7aea 7aea 7aea 7b0a 7b0a 7b0a 7b0a 7b0a 7b0a 7b0a 7b0a 7b0a 7aea 7aea 72c9 72c9 72c9 72c9 72c9 72c9 7ac9 7ac8 7ac8 7ac9 7ae9 7ae9 7ae9 7ae9 8309 8309 8309 8309 8309 8309 8309 8309 7ae9 7ac9 7ac8 72a8 72a8 7ac8 7ac9 7ae9 7ae9 7ae9 7ae9 7ae9 7ae9 7ae9 8309 8309 7ae9 7ae9 7ae9 7b09 7b09 7ae9 7ae9 7ae9 7ae9 7b09 7b09 7ac9 72a8 7288 6a87 6a67 6a67 6a47 6a47 6a47 6a47 6a47 6a47 6a47 6a67 6a67 6a67 6a47 6226 6226 6226 6247 6a47 6a67 6a88 72c9 7aea 830a 832b 834b 8b8d 93ee 9c2f 9c0f 93ce 8b8d 7b0b 6ac9 5207 49c6 3924 28a2 2081 28a2 3924 4186 49c7 49a6 49a6 49a7 51a7 4986 4124 30c3 28a2 20c2 3103 3965 49a6 49a6 49a6 49a6 4145 49c7 5208 5a48 3965 3124 3986 5a89 62ec 9472 b576 bdd7 c5f7 bdf7 bdd6 bdf6 c617 c658 d699 d6ba deda dedb deba d679 c5d6 ad13 9c71 8c30 8bce 83ad 8bce 8bee 8bee 8c0e 940f 942f 944f 9c90 a4d1 ad13 ad13 ad33 b574 bd95 bd96 bdb6 c5f7 c5f7 c618 c638 c638 ce59 ce59 ce59 ce7a ce7a ce7a ce7a ce7a ce7a ce59 c639 c638 c639 c618 c618 be19 c639 c65a c67b c67b c67b cebc ce9c ce9c ce9c c69c c69c c6bc c6bd d71e cf1e cefd c6dd c69d c69c be7c be7c c69c be7c be5c be5c c69c c6dd cedd cedd c69c c69c c69c c69c c69c c6bc c6dd cedd cedd cedc cebc cebc cebc ce9c ce9c ce9c c65b be19 b5b8 ad97 ad98 b598 ad98 ad77 
73f0 6baf 6b6e 634e 632d 634e 6b8f 6b8e 634e 632d 630d 630d 5acc 4a8a 4a8a 52ab 4a8a 4a4a 52ab 6b6e 7bf0 7bf0 7bcf 7bcf 7bef 840f 8410 840f 840f 8c30 8c30 840f 83ef 83ce 7b8d 736c 734c 732c 734c 734c 7b6c 7b6c 7b4c 7b4c 7b4c 7b6c 7b4c 7b4c 7b4c 7b4c 7b4c 7b2c 7b2b 7b2b 7b2b 7b2b 7b2b 7b2b 7b2b 7b2b 7b2b 7b2b 7b2b 7b2b 7b0a 7b0a 7b0a 7b0a 7b0a 7b0a 7b0a 7b0a 7b0a 7b0a 7b0a 7b0a 7b0a 830a 832b 832a 834a 834a 832a 832a 7b0a 7b0a 7aea 7aea 72c9 72c9 72c9 72c9 72c9 72c9 7ae9 7ae9 7ae9 7ae9 7ae9 7ae9 7ae9 7ae9 7ae9 7ae9 7ae9 7ae9 7ae9 7ae9 8309 8309 8309 8309 7ae9 7ae9 7ae9 7ae9 7ae9 7ac8 7ac8 7ac8 7ae9 7ac9 7ac8 7ac8 7ac8 7ac8 7ae9 7ae9 7ae9 7ae9 7ae9 7ae9 7ae9 7ae9 7b09 8309 832a 832a 7b09 7ac9 72c8 72a8 72a8 7288 7287 7287 7287 7287 7267 6a67 6a67 6a47 6a46 6a47 6a67 6a67 6a47 6a47 6a67 6a88 7288 72a8 7ae9 7b0a 832a 834b 8b6c 8b8c 93ad 93ee 9c0f 9c0f 93ee 8bad 834c 730b 5a48 5207 4185 30e3 20a2 28a2 28e3 3104 4186 49a6 49e7 49c7 4186 3104 2882 2061 1861 1040 1861 28e3 3965 41a6 49c7 49c7 4186 5208 5208 41a6 20c3 20c3 2924 41c7 4a08 7b8f 9cb3 a514 ad75 b5b6 bdd7 c617 c617 ce58 d699 deda e6fb e6fb deba d679 bdb6 ad13 a4b2 9c91 9450 940f 8bee 83ce 8bee 942f 9c70 a491 a4b1 a4b1 a4d1 a4f2 ad13 ad33 b574 bd95 bdb6 bdd6 c5f7 c5f7 c618 c638 c638 c659 c659 c659 c659 c659 ce5a ce5a ce7a ce59 ce59 ce39 c638 c618 c5f8 bdf8 bdd7 b5b7 b5d8 be19 c63a c67b c67c c67c c67c c67b c67c c69c cebd cedd c6bd c6bc c69c be7c c69c c69c c69d c69d be5c b65c be5c c69d cefe cefe c6bd be7c be7c be7c be7c c6bc c6dd cefd cedd c6dd c69c c69c cebc cedd d6dd d6fd d6dd d6fd c67b c67b c67b c67b ce7c c67b c65b c65b 
8cb4 8c93 8c93 8cb3 8cb3 94d4 94d4 8c93 9cf4 94d4 94d4 8cb3 73cf 4a8b 3a09 4249 52ab 4a6a 4a8a 630c 73ae 7bcf 7bf0 8430 9471 8c71 8c51 8c50 8c30 840f 7bce 73ad 83ef 83ce 83ae 7b8d 736d 736d 7b6d 7b8d 7b6c 7b6c 7b4c 7b4c 7b4c 7b4c 7b4c 7b2b 7b2b 7b2c 7b2c 7b2c 7b2b 7b2b 7b2b 7b2b 7b2b 7b2b 7b2b 7b2b 7b2b 7b2b 7b2b 7b2b 7b0a 7b0a 7b0a 7b0a 7b0a 7b2b 7b0b 7b0b 832b 832b 832b 832b 832b 832b 832b 834b 834a 834a 832a 830a 7b0a 7aea 7aca 7ac9 7aca 7aca 72c9 7ac9 7ae9 7aea 7b0a 7b0a 8309 7b09 7b09 7ae9 7ae9 7ae9 7ae9 7ae9 7ae8 7ae8 7ae9 7ae9 7ae8 7ae8 7ae8 7ae9 7ae9 7ae9 82e9 82e9 7ae9 7ac9 7ac8 72a8 72a8 72a8 72a8 72a8 7ac8 7ac9 7ae9 82e9 7ac9 7ac9 7ac9 7ac9 7ae9 7b09 830a 832a 832a 8309 7ae9 7ae9 7ae9 7ae9 7ac9 7ac8 7287 7287 7287 7288 72a8 72a8 7287 6a67 6a67 6a87 72a8 72a8 72c9 72c9 7ae9 7b0a 830a 832a 832b 832b 834b 8b6c 8b8c 93ad 93ee 9c0f 9c2f 9c2f 93ee 838d 72eb 6289 6aaa 6289 51e7 3945 30e3 28c3 20a2 20a2 20a2 28e3 3125 3124 28e3 2082 1861 1861 18a2 1061 1061 20c2 3145 41a6 41a6 4186 41a7 49e8 49c7 41a6 3125 3145 3165 3986 62ec 9493 bd97 bdd7 c5f8 c618 bdf7 bdf7 ce58 ce79 d6ba deba dedb e6fb debb d679 b575 a4d2 9451 9450 9430 940f 8bee 83cd 83ce 8c0f 9c50 a491 a4b1 a4b1 a4d2 a4f2 ad33 b554 b574 bd95 bdb6 bdd6 c5f7 c5f7 c638 c638 ce59 ce59 ce59 ce7a ce7a ce7a ce7a ce7a ce7a ce59 ce39 c618 c5f7 bdd7 bdb6 bdd7 bdd7 bdd7 b5b7 b5d8 bdd8 bdf9 be1a be3b c67b ce9c ce9c c6bc cebc cedd c69c c69c c69c c69c c6bc c6bc c69c be7c be5c c69d cedd cede c6bd be7c be5c be5c c69d c6bd cede cf1e cefe cedd c69d be7c c69c cebd d6fe d71e d71e cedd c69c c67b be5b c67b c67c c67b be5b be5b be5b c67b 
634e 634e 5b2d 52cc 4a8b 4a8b 4aab 426a 52ab 52cc 5b0c 5b0d 52cb 4229 3a08 4a6a 5acb 4a49 4208 4229 4a69 52aa 5aeb 6b4d 6b6d 6b4d 736d 7bae 83ef 83ef 83ef 83ef 83ef 83cf 83ce 7bad 7b6d 736d 736c 7b6d 7b6c 7b6c 7b4c 7b4c 7b4c 7b4c 7b2b 732b 7b2b 7b2b 7b2b 7b2b 7b2b 7b2b 7b2b 7b2b 7b2b 7b2b 7b2b 7b2b 7b2b 7b2b 7b2b 7b2b 7b2b 7b2b 7b2b 7b2b 7b2b 7b2b 832b 7b2b 832b 832b 832b 832b 832b 832b 832b 832b 7b0a 7b09 7b09 7b09 7ae9 7ae9 7aca 7aca 7aea 7aea 7aea 7aca 7ae9 7ae9 7aea 7ae9 7ae9 7ae9 7ae9 7ae9 7ae9 7ae9 7ae9 7ae9 8309 8309 8309 7b09 7b09 7ae8 7ae8 7ae8 8309 8309 82e9 82e9 7ae9 7ae9 7ae9 7ae9 72a8 72a8 72a8 7ac8 7ac8 7ac8 7ac8 7ac9 7ae9 7ae9 7ae9 7ae9 8309 832a 832a 834a 832a 830a 8309 830a 832a 8309 7ac9 72a8 72a8 72a8 7aa8 7ac8 7ae9 7ae9 7ae9 7ac9 7ae9 7b09 7b0a 830a 7b0a 7b0a 7b2a 832a 832a 832a 832b 834b 834b 8b8c 93cd 9bee 9c2f 9c2f 9c2f 940f 93ee 838d 732b 6aea 72cb 6a8a 5a28 49a6 3945 28e3 20c3 20a3 1882 1882 1882 1882 1882 18a2 18a2 18a2 18e3 18e3 20e3 2945 41a6 41c7 41c7 4187 41a7 49e8 5229 5a6a 41c8 39a7 41c8 526a 6b2d 9473 b556 b597 bdf8 c618 c618 c638 ce79 ce79 d679 d679 deba dedb d69a ce38 b575 a4b2 8c2f 83ee 83ce 8bef 940f 940f 940f 942f 9430 9c50 9c70 9c91 a4d2 ad13 ad34 b554 b574 bd95 bdb6 bdd6 c5f7 bdf7 c618 c638 ce59 ce79 ce7a ce9a ce9a ce9a ce9a ce9a ce7a ce79 ce59 ce18 c5f7 c5f7 bdb6 c5d7 c5f7 bdd7 b5b7 b597 b5b7 b5b8 c63a c65b ce9c ce9c ce9c c69c c69c c69c c6bc c69c be7c be7b be7c c69c c69c c69c c69d c6bd c6bd c6bd c69d c69d c69d c6bd c6bd cede cede c69d be5c b63b be7c c6bd d6fe cefd cedd cebd c69c c67c be7b be7b c6bc c6bc c69c be5b b63a b63a c69c cedd 
9515 9d35 9d35 9d15 94d4 8472 636e 3a29 4a8b 636e 7c31 8c72 8c93 8431 73af 6b8e 6b6e 6b6e 738e 73af 7bcf 73af 73ae 7baf 630b 5aca 5aca 6b2c 736d 6b4c 734c 738d 83ef 83ef 83ce 7bad 736d 734c 734c 734c 7b6d 7b6c 7b6c 7b6c 7b6c 7b4c 7b4c 7b2b 7b2b 7b2b 7b2b 7b2b 7b2b 7b2b 7b2b 7b2b 7b2b 7b2b 7b2b 7b2b 7b2b 7b2b 7b2b 7b2b 7b2b 7b2b 7b2b 7b2b 7b2b 7b2b 832b 832b 832b 832b 832b 832b 832b 830b 830a 830a 7ae9 7ae9 7ae9 7ae9 7ae9 7aea 7aea 7aea 7aea 7aea 7aea 7aca 7ac9 7ac9 7ac9 7ac9 7ae9 7ae9 7ae9 7ae9 7ae9 7ae9 7ae9 7ae9 8309 8309 7b09 7ae9 7ae8 7ae8 7ae8 7ae8 7ac8 7ac8 7ac8 7ac8 7ac8 7ac8 7ac9 7ae9 7ae9 7ae9 7ae9 7ae9 7ae9 7ac9 7ac9 7ac8 830a 832a 832a 832a 8b4a 8b4a 8b4b 8b4b 834a 832a 832a 832a 832a 8309 7b09 830a 8b4a 832a 830a 8309 8309 8309 830a 830a 7b0a 7b0a 7b0a 7b0a 7b09 7ae9 7ae9 7ae9 832a 832a 834b 834b 8b6c 93ad 93ee 9c0e 9c2f 9c0f 93ee 93ee 8bce 838d 7b4c 7b2c 6aaa 6269 5a29 5208 49c7 3965 3125 3125 3125 2104 18c3 18a3 18c3 18e3 18c3 18c3 18c3 2104 3166 39c7 41c7 41c7 41a7 4187 49c8 522a 5a6a 5a6b 3987 3167 4209 630d 9473 ad56 b597 b576 b596 b5b7 bdd7 c618 ce59 ce79 ce79 ce79 deba debb ce59 bdb6 b555 a4f2 9c91 9450 8c2f 9450 9c91 9c91 acd2 acd2 a4d2 a4b2 a4b2 a4d2 acf3 ad13 b534 b554 b574 b595 bdb6 bdd6 c5f7 c617 c618 c638 ce59 ce79 ce7a ce7a ce9a ce9a ce7a ce7a ce59 ce59 ce59 ce59 ce38 ce18 cdf7 c5f7 c5d7 bdb6 b596 b597 b5b7 bdd8 c65a c65b c67b c67b c65b c67b be7b c67b be5b be5b b63a be5b be7c c6bd cedd d6fe cebd c69c c67c c69c cedd d6fe cede cebd cede cebd c69d c67c be5c c67c cebd d71e d6fe cedd c6bc be7c be5b be7b c69c c6dd c6bc c69c be7b be5b be7b c69c c6dc cefd 
5b2d 530d 5b0d 6baf 8c93 9d15 73d0 39e8 2987 52cc 634e 634e 6b8f 7bf0 7bf0 7bf0 73af 738e 6b4d 630c 5aec 630c 632d 6b4d 5aeb 528a 5aaa 6b2c 6b4d 6b2c 6b4c 7bae 83cf 83cf 83ce 7bae 7b6d 736d 7b6d 7b8d 7b6d 7b8d 7b6d 7b6d 838d 836d 7b6c 7b6c 7b4c 7b4c 7b4c 7b4c 7b2c 7b2b 7b2b 7b2b 7b2b 7b2b 7b2b 7b2b 7b2b 7b2b 7b2b 7b2b 7b0b 7b0a 7b2b 7b2b 7b2b 7b2b 832b 832b 832b 832b 832b 832b 832b 7b0a 7b0a 7b0a 7ae9 7ae9 7ae9 7ae9 7ae9 7aea 7aea 7aea 7aea 7aea 7aea 7aea 7aea 7ae9 7ac9 7ac9 7ac9 7ac9 7ac9 7ac8 7ac8 72c8 72c8 72a8 72c8 7ac8 7ac8 7ac8 7ac8 72c8 72a8 72a8 7ac8 7ac8 7ac8 7ac9 7ae9 7ae9 7ae9 7ae9 8309 8309 8309 8309 830a 832a 832a 832a 832a 834b 8b6b 8b6b 8b6b 8b6b 834b 834b 832a 832a 832a 832a 7b0a 832a 8b6b 9bcc 9bcd 93ac 8b4b 832a 8309 7ae9 7ae9 7ae9 7b0a 7b0a 7b0a 832a 834b 834b 834b 834b 8b6c 8b6c 8b6c 8b6c 8b8c 8bad 93ad 93cd 93ee 93ee 93ee 93ee 8bad 7b4c 6aca 6289 6289 6249 5a49 628a 5a69 49e8 41a7 39a7 3186 3145 2925 2104 20e4 18e4 18c4 18c3 2124 31a6 4228 4a49 4209 41c8 41c8 41c8 4a09 522a 49e9 41c8 3987 526b 6b4e 8411 9cd4 ad56 b576 ad56 b576 b596 b5b7 c618 c618 ce59 d679 d69a dedb deba c5f8 ad34 9471 9450 9c71 9c91 9450 9430 942f 8c0f 940f 9450 9c91 a4d2 ad13 b534 b554 b575 b574 b574 b575 bd95 bdd6 c5f7 c618 c638 c638 ce59 ce59 ce79 ce7a ce7a ce7a ce7a ce7a ce59 ce59 ce59 ce59 ce59 ce38 ce38 c5f7 c5d7 bdd7 bdb7 bdb7 b5b7 b5b7 b5b7 ad98 b5d9 be3a c67b c69c c67b c67b be5b be5b be7b c6bc cefd cedd c6bd be7c be3b c67c c6bc cedd d6fe d6fe cedd cebd c69c c69d c67c c67c cebd d6fe d6fe cede cebd be7c c67c c69c c67c be7c be7b be7b be9c c6bc be9c be7b c69c cefd cefd cedd c6bc 
94f4 94d4 8472 8452 94d4 8c93 5b2d 29a7 29a7 4249 4a6a 39e8 31a7 4249 5aec 5b0c 5aec 5b0c 5b0c 5b0c 630c 630c 632d 6b4d 6b6d 7bcf 7bef 738e 6b2c 6b2c 736d 7bae 83cf 83cf 83cf 83ce 7bae 7b8d 7b8e 7b8d 7b8d 7b8d 7b6d 7b6d 7b6c 7b6c 7b4c 7b4c 7b2c 7b4c 7b4c 7b4c 7b4c 7b4c 7b2b 7b2b 7b2b 7b2b 7b2b 7b2b 7b2b 7b2b 7b2b 7b2b 7b0b 7b2b 7b2b 7b2b 7b2b 7b4b 7b2b 7b2b 7b2b 7b2b 7b2b 7b2b 7b0b 7b0b 7b0a 7b0a 7b0a 7b0a 7b0a 7b0a 7b0a 7b0a 7aea 7aea 7aea 7aea 7aea 7aea 7ac9 72c9 7aca 7ae9 7ac9 7ac9 7ac9 7ac9 72a9 72a8 72a8 7288 72a8 72a8 72a8 72a8 7ac8 7ac8 7aa8 7ac8 72a8 7ac8 7ac8 7ac8 7ae9 7ae9 8309 8309 830a 830a 830a 8b2a 8b2a 8b4b 8b4b 8b6b 832b 8b6c 8b6c 8b6c 8b8c 834b 832a 832b 834b 832a 7b0a 834b 8b8c 8b8c 8b6b 8b6b 832a 834b 8b6b 8b6c 834b 832a 7aea 7ac9 7aea 7aea 7aea 832b 834b 8b8c 8b6c 8b6c 8b8c 8b8c 8b8c 8b8d 93ad 93ad 93ad 8bad 8b8d 8bad 8b8d 834c 730b 6aca 6aaa 6aca 6aeb 6aaa 5a69 5208 4a08 4a28 4a08 4208 39a6 3186 3145 2125 20e4 20e4 2105 2925 2105 2945 31a7 41e8 41e8 39c7 3187 3187 3187 39a7 3166 3187 526a 738f 8431 8c52 9cd4 a515 b597 b5b7 b597 b597 bdd7 bdd7 c618 ce18 ce59 d659 d679 c618 ad34 9c71 8bef 8bae 838d 8bad 8bee 9c30 9c70 9c71 9c91 a4b1 a4d2 acf2 acf3 ad13 b513 b534 b554 b575 bdb6 bdd6 c5f7 c5f7 c618 c618 c638 ce59 ce59 ce7a ce7a ce7a ce7a ce7a d69a ce7a ce5a ce39 ce59 ce59 ce59 ce39 c618 bdf8 bdd7 bdd8 bdd8 be19 c639 c65a ce9b c69b c67b c67b c65b be5b be5b be3a c6bc cebc cedd cedd c69c be7b be5b be5b cefd cefd d6fd cefd cebd c69c be7b be5b c6bc cedd d71e d71e d6fe c6bd be7b b63a be5b c69c cedd cedd c69c be7b be7b be7b c69c c6bc cedd cedd cedd c6bc c69c be7b 
632d 73d0 7c11 7c31 7c31 6baf 4a8a 2987 52cb 5aec 52ab 3a08 39e8 52cb 7bf0 94b3 8c93 8c92 8431 73cf 7bcf 8411 7bf0 6b4d 73af 7bd0 8410 8410 7baf 6b4d 6b2c 6b2d 8c10 8c30 9450 9430 8c10 83cf 7bae 7b8d 7b6d 7b6d 7b6d 7b6d 7b4c 7b4c 7b4c 7b4c 7b4c 7b4c 7b4c 7b4c 7b4c 7b4c 7b4c 7b2c 7b2b 7b2b 7b2b 7b2b 7b2b 7b2b 7b2b 7b2b 7b2b 7b2b 7b2b 7b2b 7b2b 7b2b 7b2b 7b2b 7b0b 7b0b 7b0b 7b0b 7b0b 7b2b 832b 832b 7b0a 7b0a 7b0a 7b0a 7b0a 7b0a 7b0a 7b0a 7aea 7aea 7aea 7aea 7b0a 7b0a 7b0a 832b 7ac9 7ac9 7ac9 7ac9 7ac9 72a8 72a8 72a8 72a8 72a8 7aa8 7ac8 7aa8 7aa8 7ac8 7ac8 7ac8 7ac8 7ac8 7ae8 7ae9 7ae9 7ae9 7ac9 82e9 830a 830a 830a 8b2b 8b4b 936b 936c 8b6c 8b6c 836b 834b 8b6c 834b 834b 836c 7b2b 8b8c 93cd 8bac 836b 836b 8b8c 93cd 9bee 9bcd 938d 8b6c 832b 832b 832b 832b 832b 832b 832b 834b 8b6c 8b8c 8b8c 8b8c 8b8c 8b8c 8b6c 8b6c 8b6c 8b8c 8bad 8bad 8b8d 8b8d 8b8d 836c 836c 834c 7b4c 7b4c 6aeb 6b0b 6aeb 62aa 5a69 5249 5248 4a28 41e7 39c7 3186 2946 2925 2925 2925 2946 2945 2125 2125 2125 2925 2925 2946 2946 2125 31a7 4a4a 5aec 6b2d 6b4d 738f 8431 9493 8c72 9cd4 ad35 b597 bdd8 bdd7 b576 bdb7 c5f8 ce39 ce38 c5f7 bd75 a4d3 9451 8bae 8bae 8b8d 8bad 8bce 93ef 940f 940f 9450 9c91 acf2 ad33 b534 b534 b534 b534 b575 b595 b595 bd96 bdb6 bdd7 c5f8 c618 ce59 ce59 ce7a ce7a ce7a ce7a ce7a ce7a ce5a ce5a ce5a ce5a ce5a ce5a ce5a c639 c639 c619 bdf8 bdf8 be19 c639 c63a c65a be1a be3a c65b c67b c69c c69c c69c c69c be5b be7b c69c c69c c69c c6bc cedd cefd cedd c6bc c69c be7b be7b c69c cedd cefd d71e d73e d73e cefd be7b be5b be7b c69c c69c c69c c69c be7b be5b be5b c69c c6bc cefd cedd c6bc c69c c69c c69c c6bc c6bc 
4229 4aab 52ec 52ec 52cc 4aab 426a 4249 4249 424a 4249 3a08 39e8 4229 4a8a 52ab 4a8b 424a 4229 4229 4249 4a4a 52cb 634d 5acc 5aec 6b2d 738e 7bae 736e 736d 738e 7b8e 7b8e 7b8e 7b8d 7b6d 7b6d 7b6d 7b6d 7b6d 7b6d 7b6d 7b6d 7b6c 7b6c 7b6c 7b6c 7b4c 7b4c 7b4c 7b4c 7b4c 7b4c 7b4c 7b4c 7b4c 7b2c 7b2c 7b2c 7b2b 7b2b 7b2b 7b2b 7b2b 7b2b 7b2b 7b2b 7b2b 7b2b 7b2b 7b2b 7b2b 7b2b 7b2b 7b2b 7b2b 834b 834b 834b 832b 832b 832b 832b 832b 7b0a 7b0a 7b0a 832b 832b 7b0a 7b0a 7b0a 7aea 72c9 72c9 7ae9 7ae9 7ac9 7ac9 7ac9 72a9 72a8 72a8 72a8 7aa8 7ac8 7aa8 72a8 72a8 7ac8 7ac8 7ac8 72c8 72a8 7ac8 7ac8 7ac9 7ac8 7ac8 82e9 8309 830a 8b2a 8b2b 8b4b 936b 8b6c 8b6c 8b6c 834b 834b 8b6c 836b 834b 8b8c 8b6c 93cd 93ed 8b8c 8b6c 93ad 9bee 9bee 93ad 938c 8b8c 8b8c 938d 93ad 93ad 93ad 8b8c 8b8c 8b8c 8b8c 8b8d 93ad 93ad 93ad 8bad 8b8c 8b6c 8b6c 8b6c 8b8c 8bad 93ae 93ce 8bad 8bad 8bae 8bce 8bce 8bad 838d 6aca 730b 732c 6aeb 62aa 5a69 5249 5249 4a28 4208 41c7 39c7 39a7 3186 3125 2905 2905 2945 3166 2966 2925 2104 2925 2966 39e8 4229 526a 5aec 632d 630c 736e 8431 8c52 8c52 94b3 a514 ad35 b576 b576 b555 bd96 c5b7 c5d7 bd95 ad14 9c92 9430 940f 9c0f 93ee 8bad 838d 838d 8bce 942f 9c70 9c71 9c91 a4d2 acf3 ad13 b534 b554 bd75 bd95 bd96 b596 b596 bdb6 bdb6 bdf7 c618 c618 c638 c639 c659 c659 c659 c65a ce5a d67a d67a ce7a ce7a ce5a c619 bdf8 bdd8 bdd8 b5d8 b5d8 bdd8 bdf9 c639 c63a c65a c65a c65b c67b c67b c69b c69b c69c c69c c69c cebc cedd cefd cefd cedd c6bc c6bc c69c c69c c69c c6bc cedd cefd d71e d73e cefd cedd c69c be5b b63a be7b c69c c69c c69c be7b be5b b63a be5b c69c cedd cefd cedd c69c be7b be5b be7b c6bc cefd d71e 
4a8b 73d0 94f4 a556 9d15 8c93 8472 8cb3 9d15 94d4 94b3 94b3 94b3 8c92 8451 8431 6b8e 4a8a 4229 5acc 738e 738e 738e 7bcf 83f0 7bf0 83f0 8431 8c30 8410 83f0 8410 8c10 8bef 83cf 7b8e 7b6d 7b6d 7b6d 7b6d 732c 734c 734c 7b4d 7b6c 7b6d 7b6d 7b6d 836c 7b6c 7b4c 7b4c 7b4c 7b4c 7b4c 7b4c 7b4c 7b4c 7b4c 7b4c 7b2b 7b2b 7b2b 7b2b 7b2b 7b2b 7b2b 7b2b 7b2b 7b2b 7b2b 7b2b 834b 834b 834c 836c 834c 834b 7b2b 7b2b 832b 832b 832b 832b 832b 7b0a 7b0a 7b0a 7b0a 7b0a 7b0a 7b0a 7b0a 7b0a 7aea 7aea 7ae9 7ac9 7ac9 7ac9 72a9 72a8 72a8 72a8 72a8 7aa8 7aa8 7ac8 7ac8 7ac8 7ac8 7ac8 72a8 72a8 72a7 7287 7287 72a8 7ac8 7ac8 7ae9 82e9 830a 830a 8b2a 8b2a 8b2b 8b2b 832b 834b 832b 834b 8b6c 834b 834b 8b8c 93ad 8bad 8b6c 836b 8b8c 93ed 9c0e 9bee 93ad 93ad 93ad 93cd 9bcd 93cd 93ad 938c 93cd 93ce 9bee 93ce 93cd 93cd 93ce 9bee 93ce 93cd 93ad 8bad 8bad 8bad 93ce 93ee 93ee 8bce 8bce 8bce 8bce 8bae 838d 836d 7b4c 7b6c 7b6d 732c 6acb 628a 5a89 5a89 5228 4a08 41e7 41c7 41c7 39a7 3966 3146 3146 3987 41c8 41e8 41c8 39a7 39a7 41c7 526a 5acb 62ec 632c 736d 738e 7bcf 8430 9472 9492 9cd4 a514 a4f4 a4f4 ad35 b555 b555 b554 ad13 a491 940f 83ce 83ad 8bad 8b8d 8bae 93ee 940f 940f 942f 942f 942f 9c91 9cb1 a4d2 a4f2 ad13 ad34 b554 bd95 b595 bdb6 bdb6 bdd7 bdd7 bdd7 bdd7 bdf7 bdf7 bdf8 c618 c638 c639 c639 c659 c65a c639 ce39 ce5a ce5a ce5a ce5a c639 c639 b5d8 b5d8 bdd8 bdf8 be19 c639 c65a c65a ce9b c69b c67b c65b be5b c67b c67b c69c d6fd d6fd d71e cefd cedd c6bc be9c be7b c6bc cedd d71e d73e d73e cefd cedd c6bc c6bc c69c be7b be5b be7b c6bc c6bc c69c c69c be7b be7b c69c c6bc cedd cedd cedd be7b be7b be7b c69c c6bc cefd cefd cefd 
73d0 5b2d 3a49 31e8 424a 4a8b 4a8b 4a8b 52cc 4aab 52ab 52cb 52cb 52ab 52cc 5b2d 52ab 4229 3a08 52cb 73af 73cf 630c 4a6a 4a29 528a 5acb 630c 6b4d 7bae 7baf 7bae 83cf 83cf 83ce 7bae 7b8d 734d 732c 6b0b 734c 734d 7b4c 7b6d 7b6d 7b6d 7b6d 7b6d 836d 836d 7b6c 7b4c 7b4c 7b4c 7b4c 7b4c 7b4c 7b4c 7b4c 7b4c 7b2c 7b2c 7b2b 7b2b 7b2b 7b2b 7b2b 7b2b 7b2b 7b2b 7b4b 7b4b 834c 834c 834b 834b 7b2b 7b2b 7b2b 7b0a 832b 832b 832b 832b 7b2b 7b2b 7b2a 7b2a 7b2a 7b2a 7b2a 7b0a 7b0a 7b0a 7aea 7aea 7ac9 72c9 72c9 72c9 72a8 72a8 72a8 72a8 72c8 72a8 72a8 7ac8 7ae9 7ae9 7aa8 7288 72a8 72a8 72a8 72a8 7287 7287 7288 7aa8 72a8 7aa8 7ac8 7ac9 7ac9 7ac9 7ac9 7ae9 7aea 7b0a 830b 832b 832b 7b0a 832b 8b8c 834b 832b 832b 834b 8b6c 8b8c 8b8c 8b8c 93cd 93ad 8b8c 8b6c 8b6c 8b8c 93ad 93ad 9bee 9bee 9c0e 9c0e 9c0e 9c0e 9c0e a42f 9c0f 9c0e 93ee 93ee 93ee 93ee 940f 940f 93ce 8bce 8bce 8bce 8bce 8bae 83ae 838d 93ce 8bad 836d 732c 6aeb 62aa 5269 5228 4a28 49e8 41a7 3986 3987 41a7 41c8 49e8 4a09 4a08 4a08 4a29 5249 5249 5269 528a 5aab 6b2c 738e 7bae 83ef 8410 8c30 9471 9492 9472 9cb3 a4f3 a4f3 a4f3 a4f3 a4d3 a4b2 9c71 940f 8bce 838d 836c 836c 836c 832c 836c 93ce 940f 940f 940f 940f 942f 9c71 9cb1 a4f3 ad33 ad34 ad54 b554 b555 b575 b596 bdb6 bdd7 c5f7 bdf7 bdd7 bdf7 bdf8 c618 c619 c639 c639 c639 c639 c639 c619 c639 c63a c63a ce5a ce5a ce5a c65a c63a c63a c65a c65a c65a c65a c65a c65a c67b c67b be5a be5a c67b c69b cebc cedc cedc c6bc c69c be7b be9b c6bc cefd d71e d73e d71e cefd cedd c6bc c69c be7b be7b c69c cedd cedd c69c be5b b63a be7b c69c cedd cedd cedd c6bc c6bc c69c c69c c69c c6bc c6bc cedd cefd cefd cedd c69c be7b 
94d4 9d35 a576 a556 9d15 8c93 7c31 7c31 7c31 7c31 7c10 6b8e 4a8a 31c7 31c8 424a 4a8a 4229 4a6a 6b6e 8431 8411 73af 6b8e 6b2d 6b6e 736e 6b6d 736e 7bcf 83ef 83cf 83ae 83cf 83cf 83cf 83ae 7b8e 7b8e 7b8e 838e 838e 83ae 83ae 83ad 838d 838d 7b8d 838d 836d 7b6c 7b4c 7b4c 7b4c 7b4c 7b2c 7b4c 7b4c 7b4c 7b4c 7b4c 7b4c 7b4b 7b4b 7b2b 7b2b 7b2b 7b2b 7b2b 7b4c 834b 834b 836c 834c 834b 7b2b 7b2b 7b2b 834b 834b 832b 832b 832b 7b2b 7b2a 7b2a 7b2a 7b2a 832b 7b2b 7b0a 7b0a 72ea 72c9 72a9 6aa9 7ac9 72c9 72c9 72a9 72a8 72a8 72a8 72a8 7ac8 72c8 7aa8 7ac9 7ae9 7ae9 7ac8 7288 72a8 7ac8 7ac8 7ac8 7287 6a67 6a67 6a67 6a47 6a47 6a47 6a67 7267 7267 7288 7288 72a9 72c9 7ac9 7ac9 7ac9 72a9 7b0a 938d 7aea 72c9 72c9 830a 834b 832b 7aea 72a9 7aca 7aca 7aca 7aea 7aea 832b 8b6c 93ad 93cd 9bee 9c0e 9c0e 9c0f a42f a42f a44f 9c2f 9c2f 9c2f 9c2f 9c2f 9c2f 9c30 9c2f 9c2f 9c2f 9c30 9c2f 940f 93ef 8bef 8bef 8bef 83ae 7b6d 7b2c 730b 62aa 5a69 4a28 4a28 4a28 4a08 49e8 49e8 41c8 41c8 41c7 4a09 524a 5a8b 62ab 5aab 5aab 62eb 732d 7bae 83cf 8c50 a4f3 b555 ad34 a4d3 a4d3 9492 9471 9492 9cb2 9c91 9451 9450 9430 8bee 83ad 836c 836c 836c 836c 836c 836c 8bad 8bcd 93ce 8bce 93ee 942f 9c70 9c91 9c91 9cb2 a4d2 a4f3 a513 ad34 ad54 b575 b575 b596 bdb6 bdb6 bdd7 bdd7 bdf7 bdf7 bdf8 be18 be18 be18 bdf8 bdf8 bdf8 bdf8 be19 bdf9 bdf9 bdf9 bdf8 bdd8 bdd8 bdf8 c65a c65a c65a c67a c67a c67a c67a c67b c67b c67b c69b c69b c69c cebc c6bc cebc c69c c69b c69c c69c c6dc cefd d73e df5f cefd cedd c69c be7b be7b be7b c6bc cedd c69c c69c c69c be5b b63a be5b c69c c6bc cefd cedd cedd c69c be7b be7b c69c c6bc cefd cefd cefd cedd c6bc c69c be7b be5b 
634e 638f 636e 634e 638e 6baf 6b8f 6b8f 73af 73d0 6baf 5b2d 424a 31c7 3a09 52ab 5aec 3a08 39c8 5acc 73af 738e 634d 6b4d 738e 736e 6b4d 6b4d 6b4d 738e 7baf 83cf 83af 83cf 83ce 7b8e 736d 734d 7b6d 7b8d 83cf 83cf 83ce 83ce 83ae 83ad 838d 7b8d 7b6c 7b6c 7b6c 7b6c 7b4c 7b4c 7b4c 7b4c 7b4c 7b4c 7b4c 7b4c 7b4c 7b4c 7b4c 7b4c 7b2b 7b4b 7b4c 7b4c 834c 834c 836c 836c 836c 836c 834c 834b 834b 834c 834b 836c 832b 832b 7b2b 7b2a 7b0a 7b0a 7b0a 7b0a 72c9 72c9 72c9 72e9 72e9 72ea 7aea 7aea 7ae9 7ae9 72c9 72c9 72c9 72c9 72c9 72c9 7ac9 7ac9 7ae9 7ae9 7ac9 7ac9 7ac9 7ac9 7ac9 7ac8 72a8 72a8 7287 6a67 6a47 6a26 6226 6226 6226 6226 6226 6a26 6a47 6a47 6a68 6a68 6a68 7288 7288 7288 7ac9 8b6b 72a9 72a9 72a9 7ac9 7aea 7aca 7289 6a48 6a68 7288 72a9 72a9 72a9 72c9 7aca 7aea 8b8c 8b8d 93cd 9bee a42f a42f a44f a450 a470 a470 a470 a470 a470 a470 a470 a470 a491 a491 a491 a471 9c50 9c50 9c30 9c30 8bef 8bce 838e 7b6d 732c 62cb 5a8a 5a8a 4a08 4a08 4a08 4a09 4a09 41c8 3966 3125 3146 41c8 5a8a 6b0c 6b0c 6b0c 734d 7b8e 8c30 9cb2 b575 d679 ef3c e6fb c618 b595 a4f3 9471 9431 8c30 83ef 83ae 83ad 838d 7b4c 7b2b 7b4b 834b 836c 8b6c 8b8c 8bac 93cd 93ee 9c2f 9c70 a491 a491 9cb1 9cb1 a4d2 a4d2 a4f3 a4f3 a4f3 a534 ad55 b595 b575 b596 b596 b5b6 b5b7 bdd7 bdd7 bdf8 bdd7 bdf8 bdf8 bdf8 b5d8 b5d8 b5b7 b5b7 ad97 b5b7 b5b8 b5d8 bdd8 bdf9 be19 be19 be19 be3a c65a c67a c67b c67b ce9b ce9b cebc cebc cebc c6bc c6bb c69b c69b c67b c6bc cedc cefd cefd cf1d cefd cefd c6dc c69c be7b be7b be7b c69c c6bc c6bc cedd cedd c69c be5b be7b cedd d71e d71e cefd c69c c69c c69c c69c c69c c6bc cedd cefd cedd cedd c6bc c69c be7b c69c c6bc cedd 
9d15 94f4 8452 6baf 5b2d 4aab 31c8 2146 31c8 3a09 424a 4a8a 4249 39e8 39e8 4229 3a29 3a29 4229 4249 4a6a 4a6a 4a6a 528a 4a49 4229 4a29 528a 5acb 62eb 62cb 62ec 6b0c 734d 7b8e 7b8e 7b6d 736d 7b6d 7b8e 83ae 83ae 83ae 83ae 838d 7b8d 7b6d 7b6c 7b4c 7b4c 7b6c 7b6c 7b4c 7b4c 7b4c 7b4c 7b4c 7b4c 7b4c 7b4c 7b4c 7b4c 7b4c 7b4c 7b4c 7b4c 7b4c 836c 836c 836c 836c 836c 7b4b 834b 834c 836c 836c 834c 7b2b 7b2b 832b 7b2b 7b2a 7b0a 7b0a 7b0a 7b0a 7b0a 7b0a 7b0a 7b0a 7b0a 7aea 7aea 7aea 7aea 7aea 7aea 7ae9 7ac9 72c9 72c9 7ac9 7ac9 7ac9 7ae9 7ae9 7ae9 72c8 72c8 7ae9 8309 7ae9 72a8 6a67 6a47 6a47 6a67 6a47 6a26 6a46 6a26 6226 6226 6226 6226 6a26 6226 6226 6227 6a47 6a68 7288 6a68 7288 830a 6227 7ac9 830b 7ac9 6a47 6a47 72a9 7ac9 72a9 72c9 7aca 7ac9 72a9 72c9 7aea 832b 834b 8b6c 93ad 9bee a42f a44f a450 a450 ac91 ac91 a491 a491 a471 a491 a491 a491 a491 a491 a491 a471 a471 9c71 9c71 9c71 8bce 83ae 838e 732c 62aa 5249 4a28 5249 49e8 39c7 3986 3166 3966 3966 3146 2905 28e4 28e4 3146 5249 732d 7baf 7b8e 736d 83ef a513 bdd6 ce58 e6fb ef7d ef3c e6fb b595 9471 7b8d 736d 838d 83ae 7b8d 732b 7b2b 7b2b 834b 836c 836b 836b 8b8c 93ed 940e 940e 942f 9c4f 9c70 a4b1 a4d2 a4f2 a4f3 a533 ad34 ad54 ad55 ad55 ad75 ad75 ad75 b576 b596 b5b6 bdd7 bdd7 bdd7 b5d7 bdf8 bdf8 be19 be19 be19 bdf8 b5f8 b5f8 bdf8 be19 c619 c63a c63a c63a c65a c65a c65a c67b ce9b ce9b ce9b cebb cebc cedc c69b c69b c69b c69b c69b c69b cebc cebc cedc cedc cedc c6bc c6bc c6bc be9b be7b c6bc c6bc c69c c69c c69c be7b be7b be7b c69c c69c c69c c6bc cedd cefd cedd c69c be5b be7b c69c c6bc cedd cefd cedd cedd c6bc c6bc c69c be7b be7b c6bc d71e df5f 
636e 7c31 94d4 9d15 a556 9d35 638e 2146 4a8b 6b8f 8452 8c93 94d3 8cb3 8c72 8472 8cb3 8c92 8c92 94b3 94d3 9492 8451 8431 6b6e 5acc 4a6a 528a 5acb 62ec 62ec 62ec 83cf 8c10 9451 9450 8bef 7bae 7b8e 7bae 83ae 83ae 838d 838d 838d 838d 7b6d 7b6c 7b4c 7b4c 7b4c 7b4c 7b6c 7b6c 7b4c 7b4c 7b4c 7b4c 7b4c 7b4c 7b4c 7b4c 7b4c 7b4c 836c 836c 836c 836c 836c 836c 836c 836c 7b2b 7b2b 7b2b 7b2b 7b2b 7b2b 7b2b 7b2b 832b 7b2b 7b2b 7b0b 7b0a 7b0a 7b0a 7b0a 7b0a 7b0a 7b0a 7aea 7aea 7aea 7aea 72ea 7b0a 7b0a 7b0a 7b0a 7b0a 7b0a 7b0a 7aea 7ae9 7ae9 7ae9 7ac9 7ac9 7ac9 72a9 72a9 72a8 72a8 7288 7288 6a68 6a67 6a67 6a67 6a67 6a67 6a47 6a47 6a47 6a47 6a47 6a47 6227 6226 6a47 6a67 6a67 6a47 72a8 832a 7ac9 72a9 7288 72a9 7ac9 72a9 72a9 830a 7aea 7aea 7aea 7ac9 7b0a 834b 834b 830a 7b0a 7b0b 832b 834b 8b6c 8b8c 93cd 9c0e 9c0f 9c2f a450 a470 a470 a470 a470 a470 a491 a491 9c50 940f 940f 9c50 940f 7b8d 734c 732c 62cb 5229 41e7 41c7 39c7 3986 2945 2105 20e4 20e4 20e4 2905 2905 20c4 3146 2905 2905 41c7 62cb 7b8e 7bcf 7bae 83ef 9471 a514 bdf7 d699 d6ba e71c f7be ef3c ce38 a4d2 7b8e 6aeb 6b0b 7b4c 838d 732b 7b2b 836c 8b8c 93ad 8bac 93ad 93ed 940f 9c2f 9c50 9c90 a4b1 a4d1 a4f2 a4f3 a4f3 a513 a513 a534 ad55 ad75 b596 b5b6 b5b7 bdd7 bdd7 bdd7 bdd7 bdf8 be18 c619 be19 be19 c639 c639 c63a be5a be5a be3a c63a c65a c65a ce7b ce7b c67b c65a c65a ce9b ce9b cebc cebc c69b c67b c65a be5a c69b c6bc cefc d71d d71d cefd cedc c6bc be7b be7b be7b be7b c69b c69c c6bc c6bc c69c be7b be5b be5b be7b c69c c6bc c6bc c6bc c6bc c6bc c69c c69c c6bc c6bc cedd c6bc cedd cedd cedd cedd c6bc c69c be7b be5b be7b c69c cedd d71e d73e d71e d71e 
6bd0 73d0 7411 8472 94f4 94d4 636e 29a7 2166 3a29 4a8b 426a 426a 4a8a 4a8b 52ab 52cc 5b0c 5b0c 52cb 52ab 5aec 634d 6b6e 52ab 4a4a 4229 4a29 5269 528a 5aaa 62cb 7b6d 7bae 83ef 83ef 83ae 7b8e 7b8d 7b8e 838e 838e 7b8d 7b8d 7b8d 7b8d 7b6d 7b4c 7b4c 7b4c 7b4c 7b6d 7b6c 7b4c 7b4c 7b4c 7b4c 7b4c 7b4c 7b4c 7b4c 7b4c 7b4c 7b4c 7b4c 7b4c 7b4c 7b4c 7b4c 7b4c 834b 834b 834b 834b 7b4b 7b4b 7b4b 7b4b 7b2b 7b2b 7b2b 7b2b 7b0b 7b0b 7b0a 7b0a 7b0a 7b0a 7b2b 7b0b 7b0b 7b0b 7b0b 7b0b 7b0a 7b0a 7b0a 7b0a 7b0a 7b0a 7b0a 7b0a 7b0a 7b0a 7ac9 7ac9 7ac9 7ac9 7ac9 7ac9 7ac9 72a9 7ac9 72c9 7ac9 72a8 72a8 7288 7288 7287 6a87 6a67 6a67 6a67 6a67 6a67 6a67 6a67 6a47 6a47 6a47 6a47 6a47 6a67 7ae9 8b4b 830a 7ac9 72a9 72a9 7ac9 72a9 7aea 8b4b 832b 832b 832b 832b 832b 834b 834b 832b 7aea 7b0a 7b0b 832b 832b 834b 8b6c 8bad 834c 8bad 93ee 940f 93ce 8bae 93ee 940f 8bae 836d 732c 730b 7b4c 7b4c 7b2c 730b 628a 5249 4a08 41c7 39a7 3986 3986 39a7 2925 2105 2105 2105 20e4 2925 2925 2905 2905 2905 3125 39a7 5229 62ec 7bae 8410 840f 7bce 9491 b5b6 c618 c638 d69a defb ef3c ef3c de79 ad14 8c0f 838e 7b6c 6b0b 732b 836c 8bad 8bcd 8bcd 93cd 93ee 9c0e 9c2f 9c50 9c70 a491 a4d1 a4f2 a513 a533 a533 a534 a534 ad54 ad55 ad75 b596 b5b6 bdd7 bdd7 bdf7 bdf8 be18 be18 c639 c639 ce7a c67a ce7a ce9b c69b c69b c67a c67a c65a c65a c65a c65a c67b c67b ce9b ce9b c67b c69b ce9b c69b c69b c69b c69b c69b d6fd d6fd cedc cedc c69c be7b be7b be7b be5a be7b c69c c6bc c6bc c69c be7b be5b be5b be5b c69c c6bc cefd cefd cedd cedd c69c c69c c6bc c6bc cedd cedd cefd cefd d71e cefd cedd c6bc c69c c69c c69c c69c cedd cedd cefd d71e d71e cefd cefd cefd 
9d15 94f4 9d15 a577 a576 8c93 52ed 2166 3a09 426a 3a29 2987 2987 3a09 4aab 5b0d 5aec 634d 6b6e 6b6e 738f 7bcf 738e 630c 736e 736e 6b6d 6b2d 62eb 528a 5a8a 62cb 83cf 83ef 8c0f 8bef 83cf 7b8e 7b8d 7b8d 7b8e 7b8d 7b8d 7b8d 7b8d 7b6d 7b6d 7b6c 7b4c 7b6d 7b6d 7b6d 7b6d 7b4c 7b4c 7b4c 7b6c 7b6c 7b6c 7b4c 7b4c 7b4c 7b4c 7b4c 7b4c 7b4c 7b4c 7b4c 7b4c 7b4c 7b4b 7b4b 836c 836c 834c 834c 834b 7b4b 7b4b 7b4b 7b2b 7b2b 7b2b 7b2b 7b2b 7b0a 7b0a 7b0a 7b2b 7b2b 7b2b 7b2b 7b2b 7b2b 7b2b 7b2b 832b 832b 832b 832b 7b0a 7b0a 7b0a 7b0a 7aea 7aea 7aea 7aea 7ae9 7ae9 7ac9 72c9 7ae9 7ac9 72c9 72a8 72a8 7288 7288 7288 7288 7288 7288 7287 7267 6a67 6a67 6a67 6a47 6a67 7288 72a8 72a9 7ac9 7aea 830a 72a9 72a8 7288 72a9 7ac9 7ac9 7aea 8b6c 7b0a 830b 832b 8b4b 834b 832b 832b 832b 7b0b 832b 832b 832b 832b 834b 8b6c 8b8c 836c 836c 8b8d 8bad 8b8d 836c 834c 7b4c 7b2b 6aca 6aca 730b 7b4c 730b 6aca 6acb 5a69 4a08 41c7 41a7 39a6 3166 3165 3186 2925 2925 2925 2925 2925 3146 3166 3166 3987 3986 41c7 5249 6b2c 7bce 840f 840f 7bce 8c30 8c30 9492 b596 ce39 d69a e6fb ef5c ef5c f75d ef3c ce18 9c91 7b8d 7b6c 83ad 83ad 838d 83ad 8bce 940f 9c2f 9c4f 9c70 9c70 9c91 a4d2 a4f2 a513 ad34 ad54 ad54 ad55 ad55 ad75 ad76 b596 b596 b597 b5b7 b5d7 bdf8 bdf8 c618 c619 c639 c639 c639 c65a c65a c65a c65a c67a c67a c65a c67a c67b c67b ce9b ce9b ce9b ce9b c69b c67b c69c cebc cebc cebc cebc cedc cedc cedc cedc c6bc c69b be7b be7b be7b c69c cefd cedd c6bc be7b be5b be5b be5b be7b c69c c6bc cedd cedd cedd c6bc c69c be7b c69c c6bc cefd d71e d73e d73e d71e d71e cedd c6bc c69c be7b c69c c6bc cedd cefd d73e d73e d71e cefd c6bc c69c c69c c6bc 
29a7 31e8 4aab 5b2d 5b2d 52cc 424a 31c8 4a8b 52cc 426a 31c8 31e8 4aab 634e 73af 6baf 7c10 8431 7bf0 73af 73af 7bf0 8410 6b2d 6b4d 738e 738e 6b4d 62ec 62eb 6b0c 736d 7b8e 7b8e 7bae 83ae 7bae 83ae 83ae 838e 7b8e 7b8d 7b8d 7b8d 7b8d 7b6d 7b6d 7b6d 7b6d 7b6d 836d 7b6d 7b6d 7b6c 7b6c 836c 836c 7b6c 7b4c 7b4c 7b4c 7b4c 7b4c 7b4c 7b4c 7b4c 7b4c 7b4c 7b4b 7b4b 7b4b 834c 834c 834b 834b 834b 7b4b 7b4b 7b4b 7b2b 7b2b 7b2b 7b2b 7b2b 7b2b 7b2b 7b2b 7b2b 7b2b 7b2b 7b2b 7b2b 7b2b 7b2b 834b 834b 834b 832b 832b 832a 7b0a 7b0a 7b0a 7b0a 7b0a 7b0a 7b0a 7aea 7ae9 7ac9 72c9 7ac9 72c9 72a8 72a8 7288 7288 7288 7288 72a8 7288 7288 7288 7287 7287 7287 7287 6a67 7288 72a8 72c8 7ac9 7ae9 7ae9 72a9 7ac9 7ac9 72a9 7ac9 830a 7aea 830b 8b6c 72c9 7ac9 7b0a 834b 834b 830b 830a 832b 832b 832b 834b 8b6c 8b8c 8b8d 8b8c 8b8c 93ad 8bad 8b8d 8b8d 8b8d 8b8d 836c 834c 836c 7b4c 834c 8bce 8bce 838d 7b4c 7b6d 7b6d 6b2c 62cb 5aaa 5aaa 5269 5249 4a49 41e7 41e7 4208 4208 41e8 4a29 524a 5249 5a6a 6aec 7b8e 8c10 9451 9c71 9c91 9cb1 8c50 83ce 7bce 7bce 7bcf 9cd3 bdd7 b5b6 b596 d659 ef3c f77d ef3c de99 ad34 83ef 8bef 83ce 83ae 8bee 940f 9450 9c50 9c70 9c91 9cb1 a4b2 a4d3 a4f3 a533 ad54 ad55 ad75 ad75 ad75 ad75 b596 b596 b596 b597 b596 b5b7 b5b7 b5d7 bdf8 be18 be39 c639 be39 be59 c65a c67a c67b c69b c69b c69b c67b c67b c67b ce9b ce9b ce9b ce9b c69b cedc cedc cebc cebc cebc c6bc c6bc c6bc c69b c69b c69c c69b c69b c69b c69c c6bc c69c c69c be7b c69c c69c c6bc cefd cefd cefd cedd c6bc be7b be5b b63a be5b be7b cedd cefd d71e d73e d71e cefd c6bc c69c be7b be7b c6bc cedd cefd d71e d71e d73e cefd cedd c6bc c69c be7b be7b c69c c6bc 
5b2d 6baf 7c31 7c11 636e 52ed 4acc 426b 3a29 426a 424a 3208 39e8 3a09 3a09 31e8 29a7 2987 31a7 3a08 4229 4229 4249 4a6a 526a 528a 5acb 630c 6b2c 630c 6b2c 6b4d 734d 736d 7b6d 7b8d 7b8e 7b8e 7b8e 7b8d 7b8e 838e 838d 7b8d 7b8d 7b6d 7b6d 7b6d 7b6d 7b6d 836d 836d 836d 836d 836d 7b6d 7b6c 7b6c 7b6c 7b4c 7b4c 7b4c 7b4c 7b4c 7b4c 7b4c 7b4c 7b4c 7b4c 7b4c 7b4b 7b4b 7b2b 7b2b 7b2b 7b4b 7b4b 7b4b 7b4b 7b4b 7b2b 7b2b 7b2b 834b 834b 834b 834b 834b 834b 834b 834b 834b 834b 834b 834b 834b 834b 834b 832b 832b 7b2b 7b2a 7b0a 7b0a 7b0a 7b0a 7b0a 7b0a 7aea 7aea 7aca 7ac9 7ae9 7ac9 72c9 72a9 72a8 72a8 7288 7288 72a8 7288 72a8 7288 7288 7288 7288 7288 72a8 72c8 72a8 6a67 6a87 72c8 7ac9 72c9 832a 7b0a 72c9 72a9 7aca 72c9 7ac9 830a 7aea 7ac9 7aea 832b 8b4b 832b 832b 832b 832b 832b 834b 8b8c 93ad 93cd 8b8d 8b6c 8b8c 93ad 93ce 93cd 8b8d 8b8d 93ae 93ee 93ee 940e 940f 940f 93ef 93ef 940f 9c50 9410 8c0f 8bef 83ce 83ce 8c0f 83ef 7bae 736d 736d 7b8e 7b8e 7b6d 7bae 83cf 83af 9410 9c51 a492 a4d2 a4d2 a4d2 a4d2 a4d2 9c90 944f 7bad 7bce 8c30 8c10 9471 bd96 ce38 deba e71c ef3c f77e ffbe ef1c c618 9c91 9450 8c30 9471 9c71 9451 9471 9cb2 9cb2 9cd2 a4f3 a4f3 a513 a534 ad54 ad55 ad75 ad75 ad75 ad76 b576 b596 b596 b596 b597 b5b7 b5b7 b5d7 bdf8 be18 c639 c65a c65a c67a c67a c67b c67b c69b c69b c69b c67b c67b c65a c65a c67b ce9c d6dd d6fd cedc cedc c6bc c69c c67b be7b be5b be5b c6bc c6bc c6dc c6bc be9c be7b be5b be5b b61a be5b c6bd d71e d71e cefe c6bc be7c be7b c69c c69c c69c be7b c69c c6bc cedd cedd cedd cedd c6bc be7b be5b b63a b63a cedd cefd d71e d73e d73e d71e cefd cedd be7b be7b be7b be7b c69c cedd cedd cefd 
4acc 636e 7c31 8c93 8cb4 9d15 a556 9d35 8c93 94d4 8cd3 8c93 8c93 8452 73f0 73d0 634d 4229 31a7 4a6a 738e 7bf0 7bf0 7bcf 73af 738e 736e 738e 738e 738e 7b8e 7baf 7bae 7bae 7bae 7bae 7b8e 7b8d 7b6d 736d 7b6d 7b8d 7b8d 7b8d 7b6d 7b6d 7b6d 7b6d 7b6d 7b6d 836d 838d 838d 836d 836d 836d 7b6c 7b6c 7b4c 7b4c 7b4c 7b4c 7b4c 7b4c 7b4c 7b4c 7b4c 7b4c 7b4c 7b4c 7b4b 7b4b 7b2b 7b2b 7b2b 7b2b 7b2b 7b4b 7b4b 7b4b 834b 834b 834b 834b 834b 834b 834b 834b 834b 834b 834b 834b 834b 834b 834b 834b 834b 834b 832b 832b 832b 832b 832b 832b 832b 832b 832b 832b 830b 830a 7b0a 7b0a 7aca 7ac9 72c9 72a9 72a9 72a8 72a8 72a8 72a8 72a8 72a8 72a8 72a8 72a8 72a8 72c8 72c8 72c8 72c8 72a8 72a8 7ac9 7ac9 72c9 832a 7b0a 72a9 6a88 7288 6a88 7289 7aea 832b 830a 7b0a 832b 832b 832b 830b 830b 832b 834b 8b6c 93ad 93cd 93cd 93ad 8b8c 93ad 93cd 93ce 93cd 93cd 93ce 9bef 9c0f 9c0f a450 a471 9c50 9c50 a470 a491 a4b1 a471 a491 a491 9c91 a4b1 acf2 acf2 a4b2 9cb1 a4b1 a4d2 acd2 a4b2 a4d2 acd3 acb2 b513 acb2 a491 a491 acb1 a4b1 9c6f 940e 83cd 734b 7b8d 8bee 7b8e 7b8e 8c10 9451 bdb7 bdf7 ce39 d69a e6fc ef3c ef3d ef3c c618 ad55 9472 8c51 9471 9492 9cb2 a4d3 a4d3 a4f3 a4f3 a513 a514 a534 ad55 ad55 ad55 ad75 ad75 ad76 b576 b596 b596 b596 b5b7 b5b7 b5b7 b5d7 b5f8 be18 c65a c67a c67b c67a c67a c67a c65a c65a be5a be5a c65a c67b c69b cebc cebc cebc cebc cebc be7b be7b be7b c67b c69b c69c c69c c69b c69c c69c c69c c69c be9c be7b be7b be7b c6bc cedd cedd cebd c6bc c67c be5b b63b be7b c6bc cefd d71e d71e cefd c6bc c6bc c6bc c69c c69c be7b be5b be7b c69c c6bc d71e d71e d73e d71e cefd cedd c69c be7b be5b be7b be7b c6bc cedd cedd c6bc c69c 
52ec 4acc 4aac 428b 424a 428b 4aab 4a8b 52ed 52ec 52cc 4aab 4a8b 426a 424a 4a8b 31e8 2986 31c7 5b0c 7bcf 73af 632d 632d 6b2d 630d 630c 630c 62eb 5acb 62ec 6b2c 6b0c 6b2c 734c 736d 7b6d 7b6d 7b6d 7b6d 7b6d 7b6d 7b8d 7b8d 7b8d 7b8d 838d 838d 7b8d 838d 838d 838d 836d 836d 7b6d 7b4c 7b6c 7b6c 7b4c 7b4c 7b4c 7b4c 7b4c 7b4c 7b4c 7b4c 7b4c 7b4c 7b4c 7b4b 7b4b 7b4b 7b2b 7b2b 7b2b 7b2b 7b2b 7b4b 7b4b 7b4b 834b 834b 834b 834b 834b 834b 834b 834b 834b 834b 834b 834b 834b 834b 7b2b 7b2b 834b 834b 834b 832b 834b 834b 834b 834b 832b 832b 832b 832b 832b 832b 7b0b 7b0a 72c9 72c9 72a9 72a8 72a8 72a8 72a8 72a8 72a8 72a8 72a8 72c8 7ac9 7ac9 7ae9 7ae9 72c8 7ae9 7ae9 7b09 7b09 7b09 72e9 72c8 7b0a 7b0a 7b0a 7aea 72c9 72c9 7aea 832b 832b 832b 7b0a 7aca 72c9 72c9 7aea 7aea 7b0a 834b 8b6c 8b8d 93ad 93ad 93ad 93ad 9bee 93cd 93ad 93cd 9bee 9c2f 9c2f 9c0f 9c2f a470 acb1 acb1 acb2 acd2 acd2 acb1 b4f2 b4f2 b4f2 b512 b513 b533 b513 ad13 acf2 acf2 ad13 ad13 acd2 acd2 acd2 ac91 a470 a470 a470 9c4f 93ee 8bcd 8bcd 8bcd 7b4b 8bcd 83ad 7b6c 83ad 83ae 7b6d 734d 6b6e 9492 b596 c618 d69b ef5d f77e ef3d ef5d d69a b576 9492 8c72 94b3 9cd3 9cd3 9cf3 a4f3 a514 a514 a514 a535 ad55 ad75 ad76 ad76 ad76 ad96 b596 b596 b596 b597 b597 b5b7 b5b7 b5d8 bdf8 be19 c65a c65a ce9b ce9b ce9b c69b c69b c69b c69b c69b c67b ce9c cebc d6dd cedc c69c c67b be3a be3a be5b be5b be7b c6bc c6bc c6bc c6bc b65b be5b be7b c69c c6bd cedd cedd c6bd c6dd c69c be5b be3b be5b c67c cedd d6fe cedd cefd d73e d73e cefd c6bc be7b be5b c6bc c6bc c6bc c6bc cedd cefd d71e d73e cedd cedd c6bc c6bc c69c c69c be7b be7b c69c c69c c69c c69c c69c c69c be7b be5b 
9d36 9515 9515 94f5 8cb4 8493 8472 7c31 7c11 73f0 636f 530c 426a 31c8 29a7 39e8 3a29 31c8 4229 636e 8431 7c10 6b8e 6b4d 6b4e 6b4d 6b6e 6b6d 6b2c 62eb 62ec 6b2c 6b2c 732c 734d 736d 736d 736d 736d 736d 7b6d 7b6d 7b8d 838d 838d 838d 83ad 83ae 838d 838d 838d 7b8d 836d 7b6c 7b4c 7b4c 7b6c 7b6c 7b4c 7b4c 7b4c 7b4c 7b4c 7b2c 7b4c 7b4c 7b4b 7b4b 7b4b 7b4b 7b4b 7b4b 7b4b 7b4b 7b4b 7b4b 7b4b 7b4b 7b4b 7b4b 7b4b 7b4b 834b 834b 834c 836b 834c 836b 834c 836b 834c 836b 834c 836b 834c 834b 834b 834b 834b 834b 834b 834b 834b 836b 834b 834b 832b 7b0b 7b0a 7aea 7aea 72ca 72c9 72c9 72c9 72a9 72a9 72a9 72c9 72c9 72c9 72c9 7ac9 7ac9 7ae9 7ae9 830a 7b0a 7b09 7ae9 7ae9 7ae9 72e9 72c9 72c9 72c9 72c9 7b0a 832b 832a 7aea 72a9 72a9 7aea 832b 832b 7b0a 72a9 6a68 6a88 72a9 72c9 72a9 7aea 832b 834b 832b 832b 8b6c 93ad 8b8c 93ad 9bce 9bee 9bee 9c0e a44f ac70 ac91 ac91 ac91 ac91 acb1 b4b2 b4d2 b4d2 acd2 acd1 acb1 acd1 acd1 a4b0 a490 a4b1 a4b0 a4b0 acb1 acb1 a470 a470 a450 9c0f a42f 93ee 8b8c 836b 836b 838b 838c 838c 8bac 836c 7b6c 838c 83ad 8bce 83ae 7b8e 7bae 7bcf 8c30 9cf4 ad76 bdf7 d6bb f79e e73d f79e e73d bdd7 9cb3 9492 9cd3 9cf3 a4f4 a4f4 a514 a514 a535 ad55 ad76 ad96 ad76 ad76 ad96 b596 b597 b597 b597 b597 b5b7 b5b7 b5d8 bdf8 be18 be39 c65a c67a c65a c65a c67a c67b c69b c69b cebc cebc cebc cebc c69b c67b c67b c67b c67b c69b c67b be7b be7b c69b c69c be9b be7b be5b be7b be7b c69c cedd cefe cefe cedd c6bc be5b be5b be7c c69c c6bd cedd cefe cefe d71e cefd c6bc c69c be5b be5b be7b c69c cedd cefd d71e d73e d71e cefd cedd c6bc c69c c69c be7b be7b be7b c69c c69c c6bc c6bc c6bc c69c be7b be5b be5b be7b c69c 
52ed 52ed 530d 5b2e 636f 6bd0 7411 7c11 8c93 8473 7c32 6baf 4aab 29a7 3208 5b2d 5b2d 426a 3a29 52ec 73cf 7c30 7bf0 7bf0 7bef 73ae 73ae 73ae 7bae 736d 736d 7b8e 7b8d 7b6d 736d 736c 734d 734c 7b6d 7b6d 7b8d 7b8d 838e 83ae 83ae 83ae 838e 838d 836d 836d 836d 836c 7b6c 7b6c 7b6c 7b6c 836c 7b6c 7b4c 7b4c 7b4c 7b4b 7b2c 7b2c 7b4c 7b6c 7b6c 7b6c 7b6c 7b6c 7b4c 7b4b 7b4b 7b4b 7b4b 7b4b 7b4c 7b4b 7b4b 7b4b 836c 836c 836c 836c 836c 836c 836c 836c 836c 836c 836c 836c 836c 836c 836c 836c 836c 836c 836b 834b 834b 834b 834b 834b 834b 7b4b 7b2b 7b2a 7b0a 730a 7aea 7aea 72c9 72c9 72c9 72c9 72c9 72c9 72c9 72c9 7aea 7ae9 7aea 7b0a 830a 7b0a 830a 7b0a 7ae9 7b09 7b09 7ae9 7ac9 7ae9 7b09 832a 832a 7b0a 7ae9 832a 8b6b 8b4b 7ae9 6a88 6a88 72c9 832b 834b 7b0a 72a9 6a88 6a68 72a9 830a 832b 7aea 7ac9 7b0a 832b 832a 8b6c 8b6c 938c 93ad 9bce 9bee a40f a42f a44f a42f a44f ac70 ac90 ac70 ac70 ac91 a490 a470 9c4f 9c2f 942e 9c2f 9c2f 9c4f 9c4f 9c2f 9c0e 93ee 93cd 93cd 8bad 8bad 93cd 93ad 8b6c 834b 832b 834b 836b 838c 838c 838c 8bad 8bcd 93ee 940e 940e 940f 838e 7bae 83ae 840f 9492 ad75 c638 d6db e73c e75d ef7e e71c c618 a534 9cd3 9cd3 ad55 ad35 ad35 ad55 ad55 a535 ad56 ad97 b5b7 ad97 b597 b5b7 b5d7 bdd7 bdd7 b5d7 b5d7 b5d8 bdf8 bdf8 be19 be19 be39 be5a c67a c67a c67a c67b ce9b cebb cedc cedc c69c c69b c67b be7b c69b c6bc cebc c6bc c69c be7b be5b b65a b65a be7b c6bc cedd cefd cefd cefd cefd cefd c6bc be7b be5b b61a b63a be7b cedd d71e d73e d71e cefd c69c be7b be5b be5b c69c cedd cefd d71e d71e d73e d73e d71e cefd c6bc c69c c69c be5b be7b c69c cedd cefd cefd c6bc be7b be7b be5b be5b be7b c69c cedd d71e d71e 
94f5 9535 94f5 7c73 6bb0 52ed 3209 1946 31c9 3a2a 3a4a 3209 3a09 3a09 31e8 31c8 31e8 29c7 29c7 31e8 3a08 3a28 4249 4a8a 630c 528a 4a49 5289 62eb 62eb 5aca 5aaa 6b0b 6b0b 6b2c 734c 734c 7b6d 7b8d 7b8d 7b8d 7b8d 838d 838d 838d 7b8d 836d 7b6d 836d 836d 836c 836c 836c 7b6c 7b6c 7b6c 7b6c 7b6c 7b6c 7b6c 7b6c 7b6c 7b6c 7b6c 7b6c 7b6c 7b6c 7b6c 7b6c 7b6c 7b6c 7b6c 7b6c 7b6c 7b6c 7b6c 836c 836c 836c 838c 838d 838d 838d 838c 838c 838c 838c 836c 836c 836c 836c 836c 836c 836c 836c 836c 836c 836b 834b 834b 7b4b 7b2b 7b2b 7b4b 7b2b 7b2a 7b2a 7b0a 7b0a 7b0a 7b0a 7b0a 7aea 7aea 7aea 7aea 7aea 7aea 7aea 7aea 7aea 7aea 7b0a 7b0a 7b0a 7b0a 7aea 7aea 7b0a 830a 830a 7b0a 7ae9 7ae9 7b09 7b0a 7b09 7ae9 7ac9 7ae9 830a 832a 7b0a 7ae9 7ae9 72c9 72c9 72c9 7b0a 7b0a 7b0a 7aea 7b0a 7aea 72c9 72a8 7ac9 830a 830a 7aea 830a 832a 832b 8b4b 8b6c 938c 938d 93ad 93ad 93ad 93ad 93cd 93ce 93cd 93ce 9bee 940e 940e 940e 940e 940e 940e 93ee 93ed 93cd 8bcd 8bad 8b8c 8b8c 8b8c 8b8c 8b8c 8b8c 8b6c 8b6c 8b6b 836c 836b 836b 836c 8bac 8bcd 8bce 93ee 940e 940e 940e 942f 8bee 838d 7b6d 83ae 840f 9471 ad55 c638 d6ba defc e75d ef5d df1c d69a bdf8 ad55 a4f4 ad14 ad55 ad76 ad56 ad56 ad77 b5b7 b5b8 b5b8 b5b7 b5d8 b5d8 b5d8 bdd8 b5d7 bdf8 bdf8 b5f8 bdf8 be19 c63a c67a c69b c65a c67a c69b c69b c69b c67a be5a be39 be5a be5b be7b c67b c67b c69b c69c c69c be7b be7b be9b c69c c6bc cefd d73e d75e d73e cefd cedd c69c c69c c69c be7b be7b c6bc c6bc cedd cedd cedd c6bc c69c be7b b63a b63a b63a be5b c69c cedd cefd d71e d71e cedd c6bc c69c be7b be7b c69c c69c d71e cefd cedd cedd c6bc be7b be5b be5b b63a be7b c6bc cedd cefd cefd cefd cefd 
8473 8472 8472 8cb4 9d36 9515 6bb0 3a2a 5b0d 8473 a556 9d15 8cb3 8452 8472 8cb3 8c92 8451 7c10 73f0 7c10 8431 7c10 7bcf 738e 5aeb 4a49 5269 62eb 6b0c 6b0c 62eb 6b2c 734c 734d 7b6d 7b6d 7b6d 7b6d 7b8d 7b8d 7b8d 7b8d 7b6d 7b6d 7b6d 7b6d 7b6d 836d 836d 836d 7b6c 7b6c 7b6c 7b6c 7b6c 7b4c 7b4c 7b4c 7b6c 7b6c 7b6c 836c 836c 836c 7b6c 7b6c 7b6c 7b6c 7b6c 7b6c 836c 836c 838c 838c 838c 838d 838d 83ad 83ad 838d 8b8d 838d 836c 836c 836c 836c 836c 836c 836c 836c 836c 834c 834c 834c 834c 834b 834b 834b 834b 834b 834b 7b4b 7b4b 7b2b 7b2b 7b2a 7b0a 7b0a 7b0a 7b0a 7b0a 7aea 7aea 7aea 7aea 7aea 7aea 7aea 7aea 7aea 7aea 7aea 7b0a 7aea 7aea 7aea 7aea 832a 830a 7b0a 7ae9 7ae9 7ae9 7ae9 7ae9 7ae9 7ae9 72c9 72c9 72c9 7ae9 830a 834b 832b 7aea 72a9 72a9 7aea 832b 834b 834b 832a 7aea 72a8 72c9 7b0a 832a 832a 830a 830a 830a 830a 832a 832b 834b 834b 8b4b 834b 834b 834b 8b6c 8b8c 93ad 93ad 93cd 93ed 93ed 93ee 940e 940e 93ed 93cd 8bad 8b8c 838c 838c 836c 836c 836c 838c 8b8c 8b6b 8b6c 8b8c 8b8c 8b8c 8b8c 8b8c 8b8c 8bad 8bcd 940e 940e 940f 940f 942f 9c50 9c50 8bef 83ae 7b8e 736d 738e 8c31 a514 bdd8 d69a e71c ef5d ef7e ef7e dedb c5f8 b576 b575 ad55 ad55 ad56 ad96 ad97 ad97 b5b8 b5b8 b5d8 b5d8 bdf8 bdf8 bdd8 b5d8 bdf8 b5d8 b5d8 b5d8 b5f9 be19 c65a c67a cebb cebc cebc cebb ce9b c69b c69b c69b c69b c69c c69c c69b be7b be5a be5b be7b be7b c69b c6bc cedd cefd cf1e cf1e cf1e cedd c6bc be7b be5b be5b be7b c69c c6bc cefd cefd cedd c6bc c69c be5b be5b be5b be7b c69c c6bc cefd d71e d71e d71e d71e c69c be7b b63a b63a be5b c69c cedd cefd d71e cefd c6bc be7b b63a b63a be5b be7b c69c c6bc cefd d71e d71e cefd c6bc c69c 
7c52 8493 8cf4 9d56 a577 8cb4 5b2e 31e9 3a2a 4a8b 4a8b 426b 52ec 636f 6b8f 636e 634e 6b8f 6b8f 634e 630d 632d 632d 5aec 62ec 5aab 526a 528a 5aab 62eb 630c 6b2c 736d 736d 7b8e 7b6d 736d 734d 734d 734c 7b8d 7b8d 7b6d 7b6d 7b8d 838d 838e 838d 836d 836d 836d 836d 7b6c 7b6c 7b6c 7b6c 7b4c 7b4c 7b6c 7b6c 836c 836c 836c 836c 7b6c 7b6c 836c 836c 836c 836c 7b6c 7b6c 838c 838d 838d 83ad 83ad 83ad 8bad 8bad 8b8d 8b8d 836c 836c 836c 836c 836c 836c 836c 836c 836c 836c 834c 834c 834c 834c 7b2b 834b 834b 834b 836b 836b 836b 836b 834b 7b4b 7b2b 7b2a 7b0a 730a 72ea 7aea 7aea 7aea 7aea 7aea 7aea 7aea 7aea 7aea 7b0a 7b0a 7b0a 7b0a 7b0a 7b0a 7b0a 7b0a 834b 832a 7ae9 7ac9 7ac9 7ae9 7ae9 7ae9 7ae9 7ae9 7ae9 7ac9 72c9 72c9 7b0a 832a 832b 832b 832b 7b0a 7aea 7aea 7b0a 832a 7b0a 7aea 7b0a 834b 834b 832a 832b 8b4b 830a 832a 832b 832b 834b 8b4b 8b6b 8b6b 8b6c 8b6c 8b6c 8b8c 93ad 93ad 93cd 93ee 9c0e 93ee 93ed 93cd 93cd 8bcd 8bcd 8bcd 8b8c 8b8c 8b8c 8b8c 8b8c 8b8c 8b8c 8b8c 8bac 8b8c 8b8c 8b8c 8b8c 8bad 8bcd 8bed 8bcd 93ee 940e 9c2f 9c2f 9c4f 9c50 9c70 a491 a492 9c71 83cf 734d 736d 7baf 83f0 9493 ad76 ce39 d6bb e73d f79e ef7e e73d d69a c638 b596 a535 ad56 b5b7 b5d7 ad97 ad97 b5b7 b5b8 b5d8 bdf8 bdf8 bdf8 bdd8 b5d8 b5b8 adb7 adb7 b5d8 b5d8 b5f9 be19 be3a c65a c65a c65a c65a c67a c6bb cedc cedc cedc cebc c67b be7b be5b be7b c69b c6bc c6bc cedd cefd cedd c6bc be9c be7b be7b be7b be7b c69c c69c c6bc cedd cedd cedd c6bc c69c be7b be5b be7b c69c cedd cefd cefd d71e d71e cefd cedd c6bc c69c be7b be7b be7b c69c c6bc cefd cefd cefd c69c be7b be5b be5b b63a be7b c6bc cedd d73e d71e d71e cefd c6bc c69c be7b be7b 
52cc 52ec 5b4e 73f1 8452 73f1 5b2e 4aac 426b 636f 636f 424a 3a29 530d 6b8f 6b6e 634e 73af 7bf0 73af 738f 738e 738e 6b6e 6b4e 736e 738f 738f 736e 6b2d 6b0c 6b2d 738e 7b8e 7b8e 7b8e 736d 736d 7b8e 7b8e 7b6d 7b8d 7b8d 7b8d 7b8d 838e 83ae 83ae 838d 838d 838d 838d 838d 838d 836d 836d 836c 836c 836d 836d 836d 836d 836c 836c 838d 836c 836c 836d 838d 838d 83ad 8bad 838d 838d 8bad 8bad 8bad 8bad 8bad 8bad 8bad 8bad 8b8c 838c 836c 836c 836c 836c 836c 836c 836c 836c 836c 836c 836c 836c 834b 834b 834b 834c 834c 834b 834b 834b 832b 7b2b 7b0a 7b0a 7aea 7aea 72ea 72ea 7aea 7aea 7aea 7b0a 7b0a 7b0a 7b0a 7b0a 832b 832b 832b 832b 832b 832b 832b 832b 834b 834a 7b2a 7b0a 7b0a 7b2a 7b2a 7b0a 7b0a 832a 832a 832a 7b2a 7b0a 7b0a 7b2a 7b0a 832b 834b 834b 832a 7aea 7b09 7b0a 7ae9 7b0a 832a 8b4b 834a 830a 832a 8b6b 832a 832a 832a 834b 8b6b 8b6b 8b8c 8b8c 8b8c 8b8c 8b8c 8b8c 93ac 93ac 93ad 93ad 93ed 93cd 8bac 8bac 8bac 8bac 8bad 8bad 8b8c 8bac 8bad 8bad 8bad 8bad 8bac 8b8c 93cd 8bcd 8bad 8bad 8bad 8bcd 93ee 940e 940f 942f 9c2f 9c50 9c70 9c70 9c70 9c70 a492 a4f3 a4d3 9c71 8bf0 7baf 7b8e 736e 83d0 9493 ad56 c619 dedc e73d e75e f79f ef7d defb ce59 b5b7 b5b7 bdd8 bdf8 b5d8 adb7 b5b7 b5d8 b5d8 bdf9 bdf8 bdf8 bdf8 b5b8 b5b8 adb8 adb8 b5b8 b5d8 add8 adb7 b5d8 b5f9 be5a c67b c69b ce9b cebb cedc c69c c67b c67b c67b c69c cebc cebc cedd c6bc c6bc c69c be7b be7b be7b be7b be7b c6bc cedd cefd cefd cefd cedd c6bc c6bc be5b be7b be7b be7b c69c cedd d71e d73e d73e d71e cedd c6bc c69c be7b be7b be7b c6bc cedd d71e d71e cefd c6bc c69c be7b be5b be7b c69c c6bc cedd cefd d71e d73e df5f d71e c6bc be7b be5b be5b be7b be7b 
29c7 29c8 428b 73d0 8cb3 8473 73d0 636f 636f 6bb0 5b2e 424a 426a 634e 7c31 8c93 9493 9493 8c72 8c72 9472 8c72 8c51 8410 8411 8410 83f0 7bd0 738f 736e 6b4d 6b2d 736e 738e 7b6e 736e 734d 734d 736d 7b8e 7b6d 7b6d 7b8d 7b8d 7b8d 7b8d 838d 838d 83ae 83ad 83ad 83ad 838d 838d 838d 838d 836c 836c 836c 836c 836c 836c 836c 836c 83ad 838d 838d 838d 838d 8bae 8bee 93ef 8bad 8bad 8bad 8bad 8bad 8bad 8bad 838d 8b8c 838c 838c 836c 836c 836c 836c 836c 836c 836c 836c 836c 836c 836c 836c 836c 8b6c 836c 836c 834c 834b 832b 832b 7b2b 7b0a 7b0a 7aea 7aea 7aea 7aea 7aea 7aea 7b0a 7b0a 7b0a 832b 832b 832b 832b 832b 834b 834b 834b 832b 832b 834b 834b 834b 832b 832a 832a 834b 834b 834b 832a 7b0a 832a 834a 834b 8b6b 8b6b 834b 832a 7b0a 7aea 7b0a 832a 832b 834b 834b 834b 832a 832a 7b0a 7b0a 832a 832a 832a 832a 832a 832a 832a 834b 834b 8b6b 8b6b 8b8c 8b8c 8b8c 8b8c 93ac 93ac 93ad 93cd 93ed 93cd 8b8c 8b8c 8b8c 8b8c 8bac 8bad 8bad 8bad 8bad 8bcd 93cd 93cd 93ed 93cd 8bcd 8bad 93cd 93cd 93cd 93ee 93ee 940e 940e 940e 9c50 9c4f 9c4f 9c50 9c70 9c70 9c70 9c70 a4b2 a4b2 a4d2 acf3 9c92 8c10 7b8f 7b8f 736e 83d0 9452 ad76 ce7b d6dc d6fc e75d f79e ef7d e73c d6ba c638 b5d7 b5d7 b5d7 b5d8 b5f8 bdf9 bdf9 bdf8 b5d8 b5d8 b5d8 b5d8 b5b8 adb8 adb8 b5d8 b5b8 adb7 ad97 b5d8 b5f8 be19 be3a c65a c67a c69b cebc c67b c67b c69b cebc cedd cedd cedd cedd c69b be5b b63a b61a b63a be7b c6bc cefd d73e d73e d71e cefd cedd c69c be7b be5b be5b be7b c6bc cefd d71e d71e d71e d71e d71e cedd be7b be5b be5b c69c cedd cefd d71e d71e d71e cefd c6bc be7b be5b b63a be7b c6bc cefd d71e d73e d73e d73e d73e cedd c6bc be7b be5b be5b be7b c69c c6bc 
5b2d 5b0d 5b2d 634e 636e 636f 73f0 8452 8452 8452 8452 8c73 8c73 7c11 73d0 73d0 634e 5b0c 5aec 5b0c 630d 5aec 630d 6b4e 6b4e 6b2d 630d 630d 630d 630d 6b2d 6b2d 736e 736e 736e 6b4d 6b0c 630c 6b0c 6b2c 7b6d 7b6d 7b8d 7b8e 7b8d 7b8d 7b8d 838d 83ae 83ae 83ad 838d 838d 838d 838d 838d 7b6c 7b6c 7b6c 7b6c 7b6c 836c 838d 838d 83ad 83ad 8bad 8bae 8bae 8bce 8bce 8bce 8bad 8bad 8bad 8bad 8bad 838d 838d 836c 836c 836c 836c 836c 836c 836c 836c 836c 836c 836c 836c 836c 836c 836c 836c 836c 8b6c 8b6c 836c 834b 834b 832b 7b2b 7b0b 7b0a 7b0a 7b0a 7b0a 7b0a 7b0a 7b0a 7b0b 7b2b 832b 832b 834b 834b 834b 834b 836b 836c 836b 834b 834b 834b 834b 836b 8b6c 834b 834b 834b 834b 834b 834b 832b 832b 834b 834b 834b 834b 834b 832b 832a 7b0a 7b0a 7b0a 7b0a 832a 834b 8b6b 834b 834a 834a 7b2a 7b09 832a 834a 834b 832a 832a 834a 834a 834b 8b6b 8b6b 8b8b 8b8c 8b8c 8b8c 93ac 93cd 93cd 93ed 9c0e 9c0e 9bed 8b6c 8b8c 8b8c 93ac 93ad 93cd 93cd 93cd 93cd 93cd 93ed 93ee 940e 940e 940e 940e 940e 9c0e 9c2f 9c2f 9c4f 9c4f 9c50 9c4f 9c70 9c70 9c70 9c70 9c70 9c70 9c91 9cb1 a4d2 9cb2 a4b2 acf3 acf3 a492 9431 8bf1 6b0d 734e 7b8f 9472 b5b7 c639 ce7a df3d e73d ef7d f79e ef7d defb c639 b5d7 adb7 bdf8 be18 bdf9 bdf8 b5d8 b5d8 b5d8 b5d8 b5d8 b5b7 ad97 a576 a576 a576 a576 a556 a556 a556 a556 a577 adb7 b5f8 be3a be5a cebc cebc cedd cedd cedd cebc c69c c67b be7b be5b be5b be5b be7b c6bc cedd cf1e cefd cefd c6bc be7b be5b be5b be7b be7b c6bc cedd d71e d73e d73e d71e cedd c6bc c69c be5b b63a b63a be7b cedd cefd cefd cedd cedd c69c be7b be7b be7b c69c c6bc cedd cedd d71e d73e d73e d71e cedd c6bc be7b be7b c69c c69c c69c c6bc cefd d71e 
94d3 8cd3 94d3 9d15 a576 a576 9d35 94f5 9cf5 9cf5 8cb4 8473 8472 8472 8473 8c93 8452 634d 4a8b 634d 8c52 94d4 94b3 8c72 8452 8c72 8c72 8c52 8c52 8431 8411 7bf0 83f0 83f0 83f0 7baf 738e 736e 734d 736e 736d 7b6d 7b8d 7b8e 83ae 83ae 83ae 83ae 838d 838d 838d 838d 7b8d 7b6d 7b6c 7b6c 838d 836d 7b6c 836d 838d 838d 8bae 8bce 838d 8bae 8bce 93ee 8bee 8bae 838d 836c 8bad 8bad 8bad 8bad 838d 836c 836c 834c 836c 836c 836c 836c 836c 836c 836c 836c 836c 836c 836c 836c 836c 836c 836c 836c 836c 836c 834c 834b 834b 834b 832b 832b 832b 832b 832b 832b 7b2b 7b2b 7b2b 832b 834b 834b 834b 836b 8b6c 8b6c 8b8c 8b8c 834b 834b 834b 834b 834b 836c 8b6c 8b8c 8b8c 8b6c 834b 834b 834b 834b 8b6b 8b6c 8b6b 8b6b 834b 832a 7b0a 7b0a 7b0a 7b0a 7b0a 7b2a 834b 834b 832a 832a 7b2a 7b2a 72e9 7b09 832a 834a 834b 834b 834a 832a 834b 8b4b 836b 8b6b 8b6b 8b6b 8b8b 8b8b 93cd 9bed 9bed 93ed 93cd 93ed 93cd 8bac 8b8c 8b8c 8b8c 8b8c 93ac 93ad 93cd 93cd 93cd 93cd 93cd 93ed 93ee 940e 9c2e 9c2f 9c4f 9c4f 9c4f 9c70 a470 a490 a491 a491 9c70 a491 a491 a491 9c91 a4b1 a4f2 ad13 a4f2 a4f2 a4d2 a4b2 acf3 b534 acd4 9c72 83af 83af 736e 7baf 8c92 9cf4 ad96 ce9a defb df1b ef7d f7de f7be df1c ce59 bdf8 bdf8 bdf8 bdf8 bdf8 b5d8 b5b8 b5d8 b5d8 b5d8 ad97 a536 9d15 94f5 9cf5 9d15 9d15 9d36 a556 ad97 b5f8 be3a c67b cebc cebc cedd cedd cedd cebc c69c c67b be5b be5b c69c c6bc cedd cefd cefd cefd cedd c6dd be7b be5b b63a b61a b61a be5b c6bc d71e d73e d73e d73e d71e d71e cedd c69c be7b be5b be5b be7b c6bc cefd d71e d71e cedd c6bc be7b b63a b63a be5b c69c cefd d71e d73e d71e d71e d71e cefd c6bc be5b b63a be5b c69c cefd cefd cedd cefd d71e df5f 
39e8 4249 4249 4a6a 52cc 5b0d 5b0d 5b0d 73d0 73d0 7c11 8452 8c93 8c73 6baf 52ec 52ec 52ec 52cc 5b2d 8431 9d14 94d4 8451 7bf0 73af 6b6e 6b8e 738f 6b8f 6b8f 738f 736e 7b8f 7baf 83d0 7bcf 7baf 7b8e 7b8e 7b8e 7b8e 7b8e 7b8e 7b8d 7b8d 7bae 7bae 838e 838e 838d 838d 838d 838d 838d 838d 838d 838d 83ad 83ad 8bce 8bce 8bce 8bce 8bce 83ad 838d 838d 838d 83ad 8bce 8bce 8bce 8bae 838d 838d 836c 836d 838c 838d 8b8c 8b8c 8b8c 8b8c 8b8c 838c 836c 836c 836c 836c 836c 836c 838c 838c 838c 836c 834b 834b 834b 834b 834b 834b 834b 834b 834b 832b 832b 832b 832b 832b 832b 834b 834b 836c 8b8c 8b8c 8b8c 836c 834b 7b2b 834b 836c 836c 836c 836c 836c 8b8c 93cd 834b 834b 836b 8b6b 8b6b 836b 836b 836b 7b2a 7b0a 7aea 7ae9 7aea 7b0a 7b2a 7b2a 836b 834b 834b 832a 7b0a 7b0a 7b0a 7b0a 7b2a 832a 832a 834b 834a 834b 834b 834a 836b 834b 834a 834a 834b 8b6b 8b8c 93ac 93cd 93ed 93ed 93ed 93ed 93cd 93cd 93ad 93ac 93ac 93ac 93ac 93ad 93cd 93cd 93ed 940e 93ee 93ee 93ee 940e 940e 9c2f 9c4f 9c4f 9c70 a470 a490 a490 a491 a491 a491 a4b1 a4b1 a491 9c91 9c91 a4b2 a4f2 acf3 ad13 ad13 ad13 ad13 ad13 ad14 b514 b514 9c72 8c10 6b4d 6b2d 7bcf 8431 8cb2 9d54 ce58 d699 defb e71c e73c e73c dedb ce59 c618 bdd8 b5d7 b5d8 b5d8 b5b7 ad97 ad77 a536 a556 a576 a556 9d15 94f5 8cb4 8cb4 94d4 9d35 add8 c67b d6fd d6fd cebc be5a c67b c65b c65b c65b c67b c67b c69c c69c cedd cefd cefd cefd cedd c6bd c69c be7c be5b be5b be7b c69c c6bc cefd d71e d73e d73e d71e cefd c6bc be7b be5b be5b be7b c6bc c6bc cedd cefd cefd c6bc c69c be7b be5b be7b c69c c6bc cedd cefd cefd d71e d73e d71e cedd be7b be5b be5b be7b c69c cedd cefd d71e d73e d73e d71e cefd cefd 
4a8a 4aaa 52aa 5aec 634d 634d 5b2d 632d 5b0d 424a 31c8 422a 634e 73d0 634e 4a8b 634e 6b8e 634e 5b2d 6baf 8472 94d3 94d4 8451 7c31 7c11 7c11 7bf0 73cf 73af 73af 7bd0 83d0 83f0 83f0 7bcf 7baf 7b8e 7b8e 7b8e 7b8e 7b8e 7b8e 7b8e 7b8d 7b8d 838e 838d 838d 838d 838d 838d 83ad 83ad 83ad 838d 838d 83ad 83ad 83ad 83ad 83ad 83ad 8bae 83ad 838d 838d 838d 8bae 8bae 8bce 838d 838d 838d 838d 838d 838d 838d 838d 838d 8b8c 8b8c 838c 838c 838c 838c 836c 836c 836c 836c 836c 838c 838c 838c 838c 834c 834c 836c 836c 836c 834c 834b 834b 832b 832b 832b 834b 834b 834b 834b 834c 836c 836c 836c 836c 836c 836c 836c 836c 834b 836c 836c 836c 836c 836c 8bad 93cd 8b6c 8b6c 8b6c 836b 834b 7b2a 7b0a 7b0a 7aea 7ae9 72e9 7ae9 7b0a 7b2a 834b 834b 834b 832b 832a 7b2a 7b2a 7b2a 832a 832a 834a 834a 834b 834b 8b4b 8b4b 834b 834b 8b6b 8b6b 8b6b 8b6b 8b8b 8bac 93cc 93cd 93cd 93cd 93cd 93cd 93cd 93cd 93cd 93cd 93ad 93ad 93ad 93ad 93cd 93cd 93ed 93ee 940e 940e 940e 940e 940e 9c2f 9c4f 9c4f 9c70 9c70 a470 a491 a491 a4b1 a4d2 a4d2 a4d2 a4f2 a4f2 a4f2 acf3 a513 a4f3 a4f3 ad33 ad33 ad33 ad33 b534 b534 b534 b535 ad14 9cb3 8410 738e 6b8e 6b8e 7c10 94b2 ad54 bdb6 c617 ce38 ce38 ce79 deda e71c ce79 bdf8 b597 b5b7 bdf8 bdf9 ad97 a556 a536 a536 a556 a536 9d36 9d15 9d15 9d15 94d4 9d15 adb8 be3a cebc d6dc cebc c69b be5b c65b c67b ce9c cebc cedd d6fd d6fe d71e d6fd cedd c6bc c69c be7c be7b be7b be7b c69c c6bc cefd d71e d71e cefd cedd be7b be7b be7b be5b be5b be7b c69c cedd cefd cefd cefd cefd cedd be7b b61a add9 b63a be7b c6bc d71e d73e df5f df5f df5f cedd c69c be5b b63a b63a be7b cedd cefd d71e d73e d73e d73e d73e cefd cedd c6bc 
4208 4249 52aa 634d 73cf 7c10 8c72 9d14 94d4 6b8f 4a8b 52cc 7bf1 9cf5 a556 9d35 8cb3 94f4 94d4 8472 8492 8c93 8472 8451 8c93 8c93 8c92 8c72 8451 7c10 8431 8451 83f0 83f0 83d0 83cf 7baf 7b8e 7b8e 7b8e 7b8e 7b8e 7b8e 7b8d 7b8d 7b8d 7b8e 7b8e 7b8d 7b8d 838d 838d 838e 83ae 83ae 83ae 83ae 83ae 838d 838d 838d 838d 838d 838d 83ad 83ad 83ad 8bce 8bce 8bce 83ad 838d 836d 838d 838d 838d 83ad 838d 838d 838c 838d 838d 838d 838c 838c 838d 838d 838d 838c 838c 838c 838c 838c 838c 838c 838c 836c 836c 836c 836c 836c 836c 834c 834b 834b 834b 834c 836c 836c 836c 836c 836c 8b8c 8b8c 836c 836c 834b 834b 836c 836c 836c 836c 836c 836c 836c 836c 8b8c 8bad 838c 836c 836b 7b4b 7b0a 730a 72ea 72ea 730a 72ea 730a 7b0a 7b2b 834b 836b 836b 834b 834b 832b 832b 832b 834b 834b 834b 834b 834b 8b6b 8b6b 8b6b 8b6b 8b6b 8b6b 8b8c 8b8c 8b8c 8bac 93ac 93cd 93cd 93ed 93ed 93cd 8bcd 8bcd 93cd 93ed 93ed 93ed 93cd 93cd 93cd 93cd 93ce 93ee 93ee 940e 940e 940e 940f 942f 9c2f 9c4f 9c50 9c70 9c70 9c70 9c70 9c71 a491 a4b1 a4d2 a4d2 acf3 ad13 ad33 ad34 ad54 ad54 ad34 ad34 ad33 ad53 ad54 b554 b574 b575 b555 b555 b575 b575 a514 8c51 7bcf 6b4d 6b8d 840f 840f 9c91 ad33 bd95 bdb6 c5d7 d679 e6fb f77e debb bdf8 b597 b5b7 b5d8 b5f9 b5f9 b5b8 ad97 a577 a536 9d36 9d36 9d35 9d35 a556 a577 adb8 b5f9 be5a c65a be5a be3a be3b c67b ce9c d6dd d6fd d6fd d6fe d71e cedd cebd c69c be7c be5b be5b be7c be7c c69c c6bc cefd d71e d71e cefd cedd c69c be7b c69c c6bc c6bc cedd cedd d71e d73e d71e cefd c69c be7b be5b be5b be5b be5b c69c cedd d71e df5f df5f d71e cedd c6bc b63a b61a b61a be5b c6bc cefd d71e d73e d73e d73e cefd cedd c69c be7b be7b be5b 
31c6 39c7 31a6 2985 2986 39e8 52ab 6b8f 73af 4a6a 2966 2987 4a6b 5b0d 632e 632e 5b4d 6baf 73f0 73f0 7c31 8452 8452 8452 8431 7c31 7bf0 73af 6b8e 6b8e 73af 7bcf 7baf 7baf 7baf 7bae 7b8e 7b8e 7b8e 7b8e 7b8e 7b8e 7b8e 7b8e 7b8d 7b8d 7b8d 7b8d 7b8d 7b8d 838d 838d 838d 838e 838e 838e 83ad 83ad 838d 838d 838d 838d 838d 838d 838d 83ad 8bce 8bee 8bee 8bce 838d 836d 83ad 83ad 8bad 8bad 8bad 838d 838d 836d 838d 838d 838c 838c 838c 838d 838d 838d 838d 838d 838d 838c 838c 838c 838c 838c 836c 836c 836c 836c 836c 836c 834c 834c 834c 836c 836c 836c 8b8c 8b8c 8b8c 8b8c 8b8c 836c 836c 836c 836c 834b 834b 834b 836c 836c 836c 836c 836c 836c 836c 836c 7b4b 7b4b 7b2b 7b0a 7b0a 730a 7b0a 7b0a 7b2a 7b2a 7b2a 7b2b 834b 836b 836b 836b 836c 836b 834b 834b 834b 834b 834b 834b 8b6b 8b6b 8b6c 8b8c 8b8c 8b8c 8b8c 8b8b 8b8c 8bac 93ac 93cc 93cd 93cd 93cd 93cd 93ed 93cd 8bcd 93cd 93ed 93ed 940e 93ee 940e 940e 9bee 940e 9c0e 9c0e 9c0e 9c2f 940f 9c2f 9c2f 9c4f 9c50 9c70 9c70 9c70 a491 9c91 9c91 9c91 a491 a4b1 a4b2 a4d2 acf3 a513 a513 a513 ad34 ad34 b554 b575 ad74 b574 b575 b595 b595 b595 b596 b576 b596 bdb7 bdb7 ad55 9492 7bcf 6b6d 736d 736c 83ee 9c91 b533 bd95 c5d6 cdf7 ce18 ef3c e71c debb ce5a c619 b5d8 bdf8 be19 bdf9 b5d8 ad97 ad77 ad97 ad97 adb7 adb7 a556 a577 ad97 b5d8 be3a c67b c67b c67b c69c cebc cedd d6dd cedd cebd cebc cebd c67c c67b be7b be5b be7c c69c c6bd cedd d71e cefd cedd cedd c6bc c69c c69c be7b c69c c6bc cefd d71e d73e d71e cefd cedd cedd c69c b63a b61a b63a c69c cefd d71e d71e d73e d73e d73e cefd c6bc be5b b63a adf9 b61a be5b c6bc d71e d73e d73e d71e df5f d71e c6bc be5b b63a be5b be7b c69c 
2124 31c6 3a07 3a08 4229 4a6a 4a6a 4a4a 4a8b 31a7 2146 39e9 5aec 5b0d 4a8b 422a 52ec 6baf 7c31 8452 7c31 7c11 7c11 8451 8c52 8431 7bf0 73af 736e 736e 738e 738e 736e 7b8e 7baf 83cf 83cf 83ae 7b8e 7b8e 83ae 7b8e 838e 838e 838e 838e 838e 838e 838e 838e 838e 838e 838e 838e 838e 838e 838d 838d 83ad 83ae 83ae 83ae 838d 838d 83ad 83ce 8bef 8bef 83ce 83ad 838d 83ad 83ae 8bae 8bad 83ad 83ad 83ad 838d 838d 838d 838d 838d 838d 838d 838d 838d 83ad 838d 838d 838d 838d 838d 838d 838d 838d 838c 838c 836c 836c 836c 836c 836c 836c 838c 838c 8b8c 8b8d 8b8d 8b8d 8b8c 8b8c 836c 836c 836c 836c 836c 836b 836b 834b 836c 836c 836c 834b 834b 7b4b 7b4b 7b4b 7b2b 7b2b 7b0a 7b0a 7b0a 7b0a 7b0a 7b2b 834b 834b 834b 834b 836c 836c 836c 836c 836c 836c 834c 834b 834b 834c 834c 836c 8b6c 8b8c 8b8c 8b8c 8b8c 8b8c 8b8c 8b8c 93ac 93ad 93cd 93cd 93ed 93cd 93cd 8bcd 93cd 93cd 93cd 93ed 940e 940e 940e 93ee 9c0e 940e 9c0e 940e 9c0e 940f 9c2f 9c2f 9c2f 9c2f 9c4f 9c50 9c70 9c70 9c70 9c70 a491 a4b1 a4b1 a4b2 a4d2 a4d2 a4d2 a4d2 a4d2 a4d2 a4d2 a4d2 a4f3 a513 ad34 ad55 b575 b575 b596 b5b6 bdb6 bdb7 bdd7 bdd7 bdd7 bdd7 c5f8 c5f8 b576 9c92 7baf 6b2c 734c 83ad 940f a491 b513 c595 c5d6 c5b6 ce18 d679 debb d69b c639 bdf8 bdf8 bdf9 be19 bdf9 b5d8 adb8 b5b8 b5b8 b5d8 b5d8 adb8 adb8 b5d8 be19 c65a ce9b cebc cebc cebd cebd cebd ce9c c67c c65b c65b c65b be7b c67c c69c cebd cedd cefd cefe d71e d73e cefd c6bc be7b be7b be7b be7b c69c c6bc cedd cefd d71e d73e d71e c6bc be7b be5b b63a be5b be7b c6bc cefd d71e d73e d73e d71e cefd cedd c6bc c69c be7b be7b be7b be7b c69c cedd cefd cefd d71e d71e cefd c6bc be5b b61a b61a b63a c69c cedd 
2985 2965 18e3 0881 18e3 3186 31c7 31a7 2146 1905 2126 31c8 424a 424a 3a09 39e9 52cc 636f 7c11 8c72 8c93 8c72 8452 8c72 8c72 8c52 8c31 8410 8410 83f0 83f0 7bcf 7b6e 7b8e 83af 83cf 83cf 83cf 7b8e 7b8e 83ae 83ae 83ae 83ae 838e 838e 838e 83ae 83ae 83ae 83ae 83ae 83ae 83ae 83ae 83ae 7b8d 838d 838d 83ae 83ae 83ae 83ae 83ae 8bce 8bee 83ce 83ae 838d 838d 83ad 8bce 83ad 83ad 83ad 83ad 83ad 83ad 83ad 83ad 838d 838d 838d 838d 838d 838d 83ad 8bad 83ad 83ad 83ad 838d 838d 838d 838d 838d 838d 838c 836c 836c 836c 836c 838c 8b8c 8bad 8bad 8bad 8b8d 8b8c 838c 838c 838c 836c 836c 834b 834b 834b 836c 838c 8b8c 836c 836c 836b 834b 7b4b 7b4b 7b2b 7b4b 834b 834b 7b2b 7b2b 7b2b 7b2b 7b2b 7b2b 834b 834b 834b 836c 836c 836c 836c 836c 834b 834b 834b 834b 834c 8b6c 8b6c 8b8c 8b8c 8b8c 8b8c 93ad 93ad 93ad 93ad 93ad 93cd 93cd 93ed 93ed 93ed 93cd 93cd 8bac 8bcd 93cd 93ed 93ee 940e 940e 940e 93ee 9c0e 942e 9c0e 940e 940f 9c2f 9c2f 9c2f 9c4f 9c50 9c50 a470 a471 a471 9c70 9c70 9c91 9c91 a4b1 a4b2 a4d2 a4f2 a4f2 a4f3 a4f3 a4f3 a4f3 a513 a513 ad34 ad34 ad34 ad55 ad55 b576 b596 b5b7 b5d7 bdd7 b5d7 bdf8 bdd7 bdf8 c639 c5f8 bd97 a4d4 8c10 7b2c 836c 8bae 940f a470 acf2 b554 bd74 bd75 c5d7 ce38 ce59 ce59 c639 bdf9 b5d8 ad97 ad77 a577 a577 ad77 ad97 adb8 b5d8 be3a be3a c65a c67b c69b ce9b c69b c69b ce9c c67c c65b c65b be3b be3b be5b be5b cebd cedd cefd d6fe d71e cefe cedd cedd c69c c69c be7b be7b c69c c6bc cedd cefd d73e d71e cefd cefd cefd cedd c69c be5b be5b be7b c6bc cefd d73e d73e d73e d73e d71e cedd c69c be5b be5b be5b be5b be7b c69c c6bc cefd cefd cedd c6bc c6bc c69c be5b b63a b63a b61a b63a be7b c69c c6bc 
2103 2103 18c2 1082 18e3 2965 3186 3187 31a7 3187 3187 31a8 31a8 31a8 39e8 4229 4a8b 4a8b 52ab 52ac 5b0d 630d 632d 6b6e 7baf 7baf 7baf 7baf 83af 83cf 83af 7b8e 7b8e 7b8e 7bae 83ae 83ae 83ae 7b8e 7b8e 83ae 838e 838e 838e 838e 838e 838e 838e 83ae 83ae 83ae 83ae 83ae 83ae 83ae 83ae 838e 838e 838e 838e 838d 838d 83ae 83ae 8bce 83ce 83ad 7b8d 7b8d 83ad 83ad 83ce 838d 83ad 83ad 83ad 83ad 83ad 83ad 83ad 83ad 83ad 83ad 83ad 83ad 83ad 83ad 83ad 8bae 83ad 83ad 83ad 83ad 83ad 83ad 838d 838d 838c 838c 836c 836c 838c 838d 8bad 8bad 8bad 838c 838c 836c 836c 836c 836c 836c 836c 836c 836c 836c 838c 8b8c 8bac 838c 836c 836b 834b 834b 834b 834b 836b 836c 836c 836c 834b 834b 834b 834b 834b 836c 836c 836c 8b8c 8b8c 8b8c 8b8c 836c 834c 834c 836c 836c 8b6c 8b8c 8b8c 8bad 8bad 93ad 93ad 93cd 93cd 93cd 93cd 93cd 93cd 93cd 93ee 93ee 93ee 93ed 93cd 8bcd 93cd 93ed 93ee 940e 93ee 93ee 940e 9c0e 9c2f 9c2f 9c2f 9c2f 9c2f 9c4f 9c4f 9c50 9c70 a470 a471 a471 a491 a491 a471 9c91 9c91 9c91 9c91 9cb1 a4b2 a4d2 a4f2 a4f3 a4f3 a513 ad14 ad34 ad34 ad54 ad54 ad55 ad55 ad56 ad56 ad76 ad97 b5b7 b5b7 b5b8 bdf8 b5b7 bdf8 c619 c619 ce19 c5d8 b555 93ce 8b8c 836c 8bce 9c0f 9c2f a471 acf2 acf3 b555 c5f7 d69a defc d6db be19 a577 94d4 9cf5 9d15 a536 ad97 b5d8 be3a c67b c65b c67b c69b cebc cebc cedc cebc cebc c67b be3b be3a be3a c65b c67b c67c c67c cedd cefd d6fe cefd cedd c6bc c67c be7b b63a be5b be7b c6bc cedd cefd cefd cefd cedd c6bc c69c be7b be5b be7b be7b be7b cedd cefd d71e d73e d73e d73e d71e d71e c6bc c69c be5b b63a b63a b63a be5b be5b c6bc cedd cefd cefd cedd c69c be5b be5b be7b be7b c6bc cedd cefd cefd cefd cefd 
2124 31a5 39c7 39c7 31a6 2986 2966 3187 39e8 3187 2967 31a8 4229 4a6a 4a8b 52ab 4a8b 5aec 632e 6b4e 632d 630d 632d 738f 83d0 83f0 83f0 83cf 83af 83cf 83cf 83cf 83ae 7bae 7b8e 7b8e 7b8e 7b8e 83ae 83ae 7b8e 7b8e 7b6e 7b6e 838e 838e 838e 838e 838e 7b8d 838e 838d 838e 83ae 83ae 83ad 83ae 83ae 838d 7b8d 836d 838d 838d 83ae 838d 7b8d 7b8d 838d 83ce 83ce 83ad 838d 83ad 83ad 83ae 83ce 83ae 83ad 83ad 83ad 83ad 83ad 83ad 8bae 8bae 83ad 83ad 83ad 8bce 8bae 8bae 83ad 83ad 83ad 83ad 83ad 838d 838c 838c 838c 838c 838d 8bad 8bad 8bad 838c 838c 836c 836c 836c 836c 836c 836c 838c 838c 8bad 8bad 83ac 838c 836c 838c 838c 836c 836b 836c 836c 838c 838c 836b 836c 836c 836c 836c 836c 8b8c 8b8c 8b8c 8b8c 8bad 8bad 8bad 8bad 8b8c 836c 836c 836c 836c 8b8c 8b8d 8b8d 93ad 93ad 93ad 93cd 93cd 93cd 93cd 93cd 93cd 93cd 93cd 93cd 93ed 93ee 93ee 93ed 93cd 93cd 93ee 940e 9c0e 940e 93ee 93ee 9c0e 9c2f 9c50 9c4f 9c4f 9c4f 9c50 9c70 9c70 a470 a471 a491 a491 a491 a491 a491 a491 a491 a4b2 a4b1 a4b1 a4b1 a4b2 a4d2 a4f2 a4f3 a4f3 a4f3 a4f3 a513 ad34 ad34 ad54 ad75 b576 b576 b597 b597 b597 b5b7 b5b7 b5b7 b5d8 b5b7 bdf8 c619 c5d8 c5f9 ce19 c5d7 b513 940e 7b4c 838d 8bce 8bad 940f a491 acf2 b534 bdb6 ce59 dedb defc ce9b be19 ad77 ad97 ad97 b5b8 b5d8 be19 c65a ce9b d6fd d6fd d6fd d6fd cedc cebc c69b c67b c69c c67b be5b be5b c69c cebd cedd cedd cedd cebd cebd c69c be7c be5b b63b b61a be7b c69c c6bc cedd cedd cedd c6bc c69c be5b be5b be5b b63a be5b be7b cedd cefd cefd d73e df5f df5f d73e cedd c69c be7b b63a b63a b61a b63a be7b c6bc cedd cedd cefd cedd c6bc c69c be7b be5b be7b be7b c69c c6bc cefd d71e d73e d73e d71e d71e 
2945 2945 2965 3186 3186 31a6 39c7 39e8 39e8 39e8 3a08 3a08 4229 424a 424a 4229 41e8 4a29 528a 52ab 528b 52ab 630c 736e 7baf 7b8e 7b8e 7b8e 7bae 7bae 7bae 7b8e 83ae 83ae 7bae 7bae 7b8e 7b8e 7b8d 7b8d 7b6d 7b6d 7b6d 7b6d 7b6d 838e 838e 838e 7b6d 7b6d 7b8d 7b8d 7b8d 838d 838d 838d 7b8d 7b6d 7b6d 7b6c 7b6c 7b6c 7b6c 7b6c 7b6d 7b6d 7b6d 838d 838d 838d 83ad 838d 83ae 83ae 83ae 83ae 83ae 8bae 8bae 8bce 8bae 8bae 8bad 8bad 8bad 8bad 8bad 8bad 8bae 8bae 8bae 8bae 8bad 8bad 83ad 838d 8bad 8bad 838d 838c 838d 8bad 8bad 8bad 838c 838c 838c 838c 838c 838c 838c 838c 838c 838c 83ad 83ad 83ad 838c 838c 838c 838c 838c 838c 838c 838c 838c 83ac 83ac 838c 838c 8b8c 8b8c 8b8c 8b8c 8bad 8bad 8bad 8bad 8b8c 8bad 93ad 93ad 8b8c 8b8c 8b6c 8b6c 8b6c 8b8c 8b8c 8bac 8bad 8bad 93cd 93cd 93cd 93cd 93cd 93cd 93cd 93cd 93cd 93cd 93cd 93cd 93cd 93cd 93ce 93ee 93ce 93ee 9c0e 9c0e 93ee 93ee 9c0f 9c4f a470 9c50 9c50 9c70 a470 a470 9c70 9c70 a491 a4b1 a4b1 a4b1 a4b1 a4b1 a4b1 a4b1 a4d2 a4b2 a4b2 a4d2 a4f2 a4f2 a4f2 a4f2 a4f3 a4f3 a513 ad34 ad54 b575 b575 b575 b575 b575 b576 b576 b596 b597 b5d7 bdd7 bdf8 bdf8 bdd8 bdd8 bdf8 c5f8 c619 c618 cdf7 b534 9430 7b8d 734c 7b6c 83ad 8bee 9450 9c91 9cb2 9cb2 9cb2 9cf3 ad75 bdd7 c63a c63a c61a c63a ce7b cebc cebc ce9c d6fd d6fd d6fd cedd c69c be7b be7b be7b be3b c67c c6bc cebd cebd cebd cedd cefe cedd c6bc be7c be7b be5b b63b be5b c69c cedd cedd cedd cedd cedd c69c be5b be5b b61a b63a be5b be7b c6bc cefd d71e d73e d71e cefd cedd c69c be7b be5b b63a b63a be5b c69c c6bc cedd d71e d73e d71e cefd c6bc c67c be5b be7b be7c be7c c69c cebd d71e d71e d71e d73e df3e df3e df3e df3e 
2945 2945 2945 2965 2945 2145 2145 2965 31c7 31c7 29a6 2966 31a7 4209 4a6a 4a6a 4208 4229 4a4a 528a 5a8a 5aab 630c 734d 7bae 738e 736d 736d 7b6e 7b8e 7bae 7bae 7bae 7bae 7bae 7bae 7bae 7bae 7bae 7b8e 838e 838e 838e 838e 838e 838e 838e 838d 7b6d 7b6d 7b6d 7b6d 7b6d 7b6d 7b6d 7b6d 7b6d 7b6d 7b8d 838d 838d 838d 838d 838d 7b8d 7b8d 838d 838d 838d 838d 838d 838d 83ae 83ae 83ae 83ae 83ae 8bae 8bae 8bce 8bae 8bae 8bae 8bae 8bae 8bae 8bae 8bae 8bae 8bae 8bae 8bae 8bad 8bad 83ad 838d 8bad 8bad 8bad 8bad 8bad 838d 838d 838d 838c 838c 838c 838d 838d 8bad 8bad 83ad 8bad 83ad 83ad 83ad 83ad 83ad 83ac 83ac 838c 838c 838c 838c 83ac 83ac 83ac 8bad 838c 8b8c 8b8d 8b8d 8b8c 8b8c 8b8c 8b8c 8b8c 8bad 93ad 93cd 93cd 93ad 8bac 8b8c 8b6c 8b6c 8b6c 8b8c 8b8c 8bac 8bad 8bad 93cd 93cd 8bcd 8bcd 8bcd 8bcd 8bcd 93cd 93ce 93ce 93cd 93cd 93cd 93ce 93ce 93ee 93cd 93ee 9c0f 9c0f 9c0f 9c0e 9c0f 9c2f 9c50 9c70 a470 a491 a4b1 a491 a470 9c70 9c90 a491 a491 a4b1 a4b1 a4b1 a4b1 a4b1 a4d2 a4d2 a4d2 a4f2 a4f2 acf3 a4f3 a4f3 ad13 ad14 ad34 ad34 ad34 ad34 ad54 b575 b575 b595 b596 b5b6 b5b6 b5b6 b5b6 b5b7 bdd7 bdd7 bdf8 c5f8 c618 c619 c619 c618 ce59 c617 b554 9451 7b8d 734c 7bae 8c0f 8c30 8c30 8c30 8c50 94b2 a534 bdd7 c639 ce5a ce5b ce7b ce9c d6bc d6dd d6bc cebc cebc cebc c69c c67b be5b be5b be7b be9c be7b c69c cedd cedd cedd c6bd c6bd cebd c69c c67c be7c be7c be7b be7b c67c c69c d71e cefd cedd c6bc be7b be5b b63a b63a be5b be7b c69c cedd cefd cefd cefd cefd cedd c69c b63a b61a b61a be5b be7b c69c cedd cefd d71e d71e d71e d71e cefd cedd be5b be3b be5b be7b c67c c69c cedd d6fe df5f df5f df5f df5f df5f d71e cefd cedd 
5aec 52ab 4a6a 4a49 4229 3a08 3a08 4249 3a08 3a08 31c7 2145 2125 31a7 4229 4a6a 52ab 5aab 5acb 62ec 630c 6b2d 736d 738e 738e 736e 734d 734d 736d 736d 7b8d 7b8e 7b8d 7b8d 7b8e 7b8e 7b8e 7b8e 7b8e 7b8e 7b8e 7b8d 7b6d 7b6d 7b6d 7b4d 7b4d 7b6d 7b6d 7b6d 7b6d 7b6d 7b6d 7b6d 7b6c 7b6c 7b6d 7b8d 838d 838d 838d 838d 838d 838d 838d 838d 838d 838d 838d 838d 838d 838d 83ad 83ad 83ad 83ad 83ad 8bae 8bae 8bce 8bce 8bce 8bce 8bce 8bce 8bce 8bce 8bce 8bae 8bae 8bae 8bae 8bad 8bad 83ad 83ad 838d 8bad 8bad 8bad 8bad 838d 838d 838c 8bad 8bad 8bad 8bad 8bad 8bcd 8bcd 8bce 8bcd 8bcd 8bcd 83ad 83ad 83ad 83ad 8bcd 83ac 83ac 83ac 83ac 83ac 83ad 8bcd 8bcd 8bad 8bad 8bad 8bad 8bad 8b8c 838c 836c 836c 8b8c 8bad 8bad 8b8c 836c 836c 836c 8b6c 8b6c 838c 8b8c 8bac 8bad 8bad 8bcd 93cd 8bcd 8bad 8bac 8bad 8bad 8bcd 93cd 93cd 93cd 93cd 93cd 93ce 93ce 93ce 93ee 93ce 93ee 93ee 9c0e 9c0f 9c0f 9c2f 9c2f 9c50 a470 a491 acb1 a4b1 a4b1 a491 a491 9c70 9c70 9c91 a491 a4b1 a4b1 a4d2 a4d2 a4f2 acf2 ad13 ad13 ad13 ad13 ad13 ad13 ad14 ad34 ad54 ad54 ad34 ad34 ad54 ad55 b595 b596 b5b6 b5b6 b5b7 b5b7 b5b7 b5b7 bdd7 bdd7 bdf8 bdf8 c618 c618 c619 c619 c618 c639 c618 ad75 9492 83ef 83ef 8c30 9491 9492 9cd3 ad55 b5b7 c638 ce7a ce9a ce7b ce7b ce9c d6bc d6bc cebc ce9c c67b c67b be5b be5b be5b be7b c69c c6bc cedd cedd cefd cefd cefd cedd c6bc be7b be7b be7b c69c c6bc c6bc c6bc cedd cedd cedd c6bc c69c be7b be5b be5b be5b be7b be7b c6bc cedd d71e d73e d73e d71e cedd c69c be5b b61a add9 add9 b61a be7b c6bc cefd cefd d73e d73e d71e cedd c69c be5b b63a be3b be5b be7c c6bc cedd cedd d71e d73e d73e d73e d73e d71e d6fd cedd c69c be5b 
3187 2966 2946 2145 2125 2125 2145 2966 3a08 4249 3a28 2966 1904 2145 31c7 3a08 4a4a 4a6a 528a 5aab 62cb 62ec 630c 6b2c 736e 736e 7b6e 7b8e 7b8e 7b8e 736d 736d 736d 7b6d 7b6d 7b6d 7b8d 7b8d 7b8d 7b8d 7b6d 7b6d 7b4d 734c 732c 732c 732c 732c 7b6d 7b6d 7b6d 7b6d 7b6d 7b6d 7b6d 7b6d 838d 838d 838d 7b8d 7b6d 7b8d 7b8d 838d 83ad 83ad 83ad 83ad 83ad 83ad 83ad 83ad 83ad 83ad 83ad 83ad 8bae 8bce 8bce 8bce 8bce 8bce 8bce 8bce 8bce 8bce 8bce 8bce 8bae 8bae 8bae 8bad 8bad 8bad 83ad 83ad 8bad 8bad 8bad 8bad 8bad 8bad 838d 838d 8bcd 8bcd 8bcd 8bce 8bce 8bce 8bce 93ee 8bcd 8bcd 8bcd 83ad 83ad 83ad 83ad 83ad 83ac 83ac 83ac 83ac 83ac 8bcd 8bcd 8bcd 8bcd 8bad 8bad 8bad 8bad 8b8c 838c 836c 836c 836c 8b8c 836c 836c 834b 834b 834b 8b6c 8b6c 8b8c 8b8c 8bac 8bad 93cd 93cd 93cd 8bad 8bad 8bac 8bac 8bad 8bcd 93cd 93cd 93cd 93cd 93cd 93ce 93ce 93ce 93ee 93ee 93ee 93ce 93ce 93ee 9c0e 9c2f 9c4f a470 a490 a491 a491 a491 a491 a4b1 a4b1 9c70 9c70 9c90 a4b1 a4b1 a4b1 a4d2 a4d2 a4d2 acf3 ad13 ad13 ad13 ad13 ad33 ad33 ad13 ad34 b575 b575 b575 ad55 ad55 ad75 b596 b596 b596 b596 b5b6 b5b7 bdd7 bdf8 bdf8 bdf8 bdd8 bdd8 bdf8 bdf8 c619 c639 be18 c639 ce59 c639 bdf7 b596 ad55 a555 b596 b5b7 be18 ce7a d6db d6db cebb ce9b ce9b ce9c ce9c ce9c ce7b c65b c65b c65b be5b c67b c67b c69c cedd d71e d71e d71e cefd cefd cedd c6bc c69c be7b be5b b63a be5b c69c cedd cedd cedd cedd cedd c69c b63a b63a b63a be5b be7b c6bc cedd cefd d71e d73e df5f df5f d73e cedd c69c be5b b61a b61a adf9 b61a be5b c6bc cefd d71e d71e d73e d73e d71e c6bc be5b b61a add9 b63a be5b c6bc cefd d71e d71e d73e df5f d73e d73e cefd c6bc c67b be5b be3a be3a 
632d 634d 634e 632d 5b0d 52cb 4a6a 4249 3a28 4249 3a08 2986 2966 31c7 39e8 3a08 39c7 41e8 4a49 528a 5acb 5acb 630c 6b2c 734d 736d 738e 7b8e 7b8e 7b8e 7b8d 736d 7b6d 7b6d 7b6d 7b8d 7b8d 7b8d 7b6d 7b6d 7b6d 7b6d 7b4d 734d 7b4d 7b4d 7b4d 7b4d 7b6d 7b6c 7b6d 7b6d 7b6d 7b6d 7b6d 7b8d 83ad 838d 7b8d 7b6c 7b6c 7b6d 838d 83ad 83ce 83cd 83ad 83ad 83ad 83ad 83ad 83ad 83ad 8bad 8bad 8bce 8bce 8bce 8bce 8bce 8bce 8bce 8bce 8bce 8bce 8bce 8bce 8bce 8bae 8bae 8bad 8bad 8bad 83ad 83ad 83ad 8bad 8bad 8bad 8bad 8bad 8bad 8bae 8bce 8bae 8bae 8bce 8bce 8bce 8bce 8bce 8bce 8bcd 8bcd 8bcd 8bcd 8bcd 8bad 8bad 83ad 8bad 8bad 8bad 8bad 8bad 8bcd 8bcd 8bcd 8bce 8bce 8bce 8bad 8bad 8bad 8bad 8bad 838d 836c 836c 836c 836c 836c 836c 836c 836c 836c 8b8c 8b8c 8b8c 8bad 8bcd 8bcd 8bcd 8bcd 8bad 8bad 8bad 8bcd 8bed 93ee 93cd 93ce 93ce 93ce 93ce 93ce 93ce 93ee 93ee 93ee 93ce 93ce 93ee 9c0f 9c2f 9c50 a470 a491 a4b1 a4b1 a491 a4b1 a4b1 a4b1 a491 9c91 9c91 a4b1 a4d2 a4d2 a4d1 a4d2 a4d2 a4f2 ad13 ad34 ad34 ad34 ad34 b554 ad54 ad54 b555 b575 b575 b595 b575 b575 b596 b596 b596 b596 b5b7 b5d7 bdf8 be18 bdf8 bdf8 bdf8 bdf8 bdf8 bdf9 be19 be19 c65a c639 be39 c639 c659 c65a c67a c65a ce7a ce7a ce9b cebb cebb c69b c69b c69b ce9b ce9c ce9b c67b c65a c65a c65b c67b c69c c69c cebc d6fd d71e d71e d71e d6fd c6bc c69c be7b be5b be5b be5b be7b be7b c69c c6bc cedd c6bc c69c be7b b63a b61a adf9 b63a be5b c69c cedd d71e d71e d71e df5f df5f d73e d71e cedd c69c be5b b63a b63a be5b c69c c6bc cedd cefd d71e d71e d71e cedd c6bc be7b be5b b61a add9 a5b8 adf9 b63a c6bc cefd d73e d73e d73e d73e d73e d71e cedd c69c b63a b61a b63a be5b 
7c11 8452 7c11 6baf 634e 634e 5b0d 52ab 424a 3a29 31c7 31a7 3a08 4a69 4a49 4208 4208 4a29 528a 5acb 5aeb 5aec 630c 6b4d 6b0c 6b0c 6b2c 6b4d 734d 736d 736d 7b8d 7b6d 7b6d 7b6d 7b6d 7b6d 7b6d 7b6d 7b6d 7b6d 7b6d 7b6d 7b6d 7b6d 7b6d 7b6d 7b6d 7b4c 7b4c 7b4c 7b6c 7b6d 7b6d 7b6d 7b8d 838d 838d 7b8d 7b6d 7b8d 83ad 83ce 8bce 83ce 83cd 83ad 83ad 83ad 83ad 83ad 8bad 8bce 8bce 8bce 8bce 8bce 8bce 8bce 8bce 8bce 8bce 8bce 8bce 8bce 8bce 8bce 8bce 8bce 8bae 8bad 8bad 8bad 83ad 83ad 83ad 8bad 8bad 8bad 8bad 8bad 8bae 8bce 8bce 8bad 8bad 8bad 8bad 8bad 8bae 8bae 8bae 8bcd 8bcd 8bce 8bce 8bcd 8bcd 8bcd 8bcd 8bcd 8bcd 8bcd 8bcd 8bcd 8bcd 8bcd 8bcd 8bce 8bce 8bce 8bce 8bae 8bad 8bcd 8bcd 838d 836c 834c 836c 836c 8b8c 8b8c 838c 836c 836c 836c 8b8c 8b8c 8bad 8bad 8bcd 8bcd 8bcd 8bad 8bad 8bcd 8bcd 93ee 93ee 93ce 93ce 93ce 8bce 93ce 93ce 93ce 93ee 93ee 93ee 93ee 9c0f 9c2f 9c2f 9c2f 9c2f 9c50 a491 acd2 acd2 acd2 acd2 a4d1 a491 a4b1 9c91 a491 a4d2 a4f2 a4d2 a4d1 a4d2 a4d2 a4f2 ad13 ad34 b554 b554 b554 b554 b595 b575 ad55 ad55 b575 b595 b596 b596 ad76 b596 b5b7 b5b7 b5b7 b5d7 b5d7 b5d7 bdd8 bdf8 be19 be39 c639 c639 be19 be19 be39 be5a c65a be5a c65a c65a c67a c67a cebb cebb cebb c6bb c69b c69b c6bb c6bb c67b c67b c67b c65a be5a c67b c69b cebc cedd cedd d6fd d71e d71e d6fd cebd c69c be3a b63a b63a be5b be7b c6bc cedd cefd d71e d71e cefd c6bc be7b b63a adf9 add9 b61a be5b c6bc cedd d71e df5f d73e d71e d71e cefd c6bc c69c be5b be5b be5b be5b c69c c6bc cefd d71e cefd cefd d71e d73e cefd c6bc be5b b61a b61a adf9 b61a b61a be5b c69c cedd d71e d73e d73e cefd cedd c69c c69c c69c be7b be7b be7b c69c c6bc 
4a8b 4acc 426b 31e8 31e8 4aab 5b0d 52ec 5b0d 52cb 4a8a 4a8a 52cb 5aec 52cb 528a 52aa 52aa 5aab 5aab 528a 526a 528a 5aaa 62eb 630c 6b0c 6b2c 6b2c 734c 736d 736d 736d 736d 736d 7b6d 7b6d 7b6d 7b6d 7b6d 7b6d 7b6d 7b6d 7b6d 7b6d 7b6d 7b6d 7b6d 7b6d 7b6d 7b6d 7b6d 7b6d 7b8d 7b8d 838d 838d 838d 838d 838d 83ad 83ae 8bce 8bee 83cd 83cd 83ad 83ad 83ad 83ad 8bce 8bce 8bce 8bce 8bce 8bee 8bee 8bee 8bce 8bce 8bce 8bce 8bce 8bce 8bce 8bce 8bce 8bce 8bce 8bce 8bae 8bad 8bad 8bad 8bad 8bad 8bad 8bad 8bad 8bad 8bae 8bae 8bae 8bae 8bae 8bae 8bae 8bae 8bae 8bae 8bae 8bad 8bce 8bce 8bce 8bce 8bee 8bee 8bce 8bce 8bee 8bcd 8bcd 8bcd 8bcd 8bcd 8bcd 8bcd 8bce 8bce 8bce 8bee 8bee 8bce 8bce 8bce 838d 838d 838d 838d 838d 838c 838c 836c 838c 838c 838c 8b8c 8bac 8bad 8bad 8bcd 8bcd 8bcd 8bcd 8bcd 8bcd 93ed 93ee 940e 93ee 93ee 8bce 8bcd 8bcd 8bce 93ee 93ee 93ee 93ee 940f 9c2f 9c2f 9c2f 9c2f 9c4f 9c50 a491 acb1 acd2 acd2 acf2 acd2 a491 a4d2 a491 9cb1 a4d2 acf3 a4d2 a4d2 a4d2 a4d2 a4f2 a513 ad33 ad34 b554 ad54 ad54 b575 b575 b575 b575 b575 b595 b596 b5b6 b596 b5b6 b5b7 b5b7 b5b7 b5b7 b5d7 b5d7 b5d8 bdf8 be19 c639 c63a c63a be39 be19 be3a c67a ce9b cebb ce9b c69b c67b c67a c69b c6bb cedc cedc cedc c6dc c6bc c6bc c67b c67a c67a c67a c67b c69b cebc cebc cedd d6fd d6dd d6dd cebd ce9c c65b be5b b61a be5b be7b c6bc cedd d71e d73e d73e d73e d71e cedd c6bc be7b b63a b63a b63a be5b c6bc cefd d71e d71e d73e d71e cedd be7b be7b b63a b63a b63a be5b c69c c6bc cefd cefd d71e d71e cefd cedd cedd cedd cefd c6bc be7b be7b be7b c69c cedd cefd d6fd d71e d73e d71e d71e d6fd c6bc be7b b61a b61a b63a be5b c69c cedd d71e d71e 
4a8b 52cc 4a8b 31e8 3a29 5b2d 73d0 73d0 8452 7c51 8431 8451 8431 7bf0 7bcf 7bcf 738e 6b6e 6b4d 630c 5aec 5aab 5aaa 5acb 630c 6b2c 734d 736d 736d 736d 736d 736d 7b6d 7b6d 7b8d 7b8d 7b8d 7b8d 7b8d 7b8d 7b6d 7b6d 7b6d 7b6d 7b6d 7b6d 7b6d 7b6d 7b8d 838d 838d 838d 838d 838d 838d 838d 838d 838d 83ad 83ad 83ae 83ae 83ce 83ce 83cd 83ad 83ad 83ad 83ad 83cd 8bce 8bce 8bce 8bce 8bee 8bee 8bee 8bce 8bce 8bce 8bce 8bce 8bce 8bce 8bce 8bce 8bce 8bce 8bce 8bce 8bce 8bae 8bae 8bae 8bae 8bae 8b8d 8bad 8bae 8bae 8bae 8bae 8bad 8bad 8bae 8bae 8bae 8bae 8bae 8bae 8bae 8bae 8bce 8bce 8bce 8bcd 8bce 8bce 8bee 93ee 8bcd 8bcd 8bcd 8bcd 8bad 8bad 8bad 8bcd 8bad 8bce 8bee 93ef 93ef 93ee 8bce 8bae 8bad 8bce 8bce 8bcd 8bad 836c 836c 836c 8b8d 8b8c 8b8c 8bac 8bad 8bad 8bcd 8bcd 8bcd 8bcd 8bcd 8bcd 8bed 93ed 93ee 93ee 940e 93ee 8bce 8bcd 8bad 8bce 8bce 93ee 93ee 940e 940f 940f 940f 9c2f 9c4f 9c50 9c70 a491 a4b1 a491 a4d2 acf3 acf2 a4d2 a4d2 a491 9cb1 a4f2 ad13 acf2 a4f2 a4f2 a4d2 a4d2 a4f2 ad13 ad34 ad34 ad34 ad13 a514 ad54 b595 b596 b596 b595 b596 b596 b5b7 b5b7 b5b7 b5b7 b5b7 b5b7 b5d8 bdf8 b5d8 b5f8 bdf8 be19 be39 be3a c63a be5a be39 be3a c65a c67a c67b c69b c69b c69b c69b c69b c69b c69b c6bb c6bb c69b c69b c67b c69b c69b c6bb cebc cebc cebc cebc cebc cebc ce9c c67b c65b be3b be3a be3a be3a be7b c6bc cefd d71e d71e d71e d71e cefd c6bc be7b be7b be5b b63a be5b be7b c6bc cefd d71e d71e cefd cefd c6bc be7b b61a adf9 adf9 b61a be5b c69c cedd d71e d71e d71e d71e d71e cefd c6bc c69c be7b be5b be5b be7b c69c c6bc cedd d71e df5f df5f df5f df3e d71e d71e d6fd c6bc be5b b63a b63a b61a be5b c6bc cefd d73e d73e 
52ed 6bb0 8473 8472 7c31 7c31 8452 8472 8452 7c11 73f0 73cf 73af 6b6e 632d 630c 5acb 528a 528a 5acb 62ec 630c 630c 630c 736d 738e 7bae 7bae 7bae 738d 736d 736d 7b8d 7b8d 7b8d 7b6d 7b6d 7b6d 7b6d 7b6d 7b6d 7b4d 7b4d 7b4d 7b6d 7b6d 838e 838e 838d 7b8d 7b8d 7b8d 7b8d 7b8d 838d 838d 83ad 83ae 83ae 83ae 83ad 83ad 83ad 83ad 8bee 83ad 7b8d 838d 8bce 8bee 8bce 83ad 8bce 8bce 8bce 8bce 8bee 8bee 8bee 93ee 8bef 8bce 8bce 8bce 8bce 8bce 8bce 8bce 8bae 8bae 8bad 83ad 83ad 83ad 83ad 83ad 8bae 8bae 8bae 8bae 8bae 8bae 8bae 8bae 8bce 8bce 8bae 8bae 8bad 8bad 8bad 8bae 8bce 8bce 93ee 93ee 93ee 93ee 93ee 93ee 8bce 8bce 8bce 8bee 93ee 93ee 93ee 8bee 93ee 940f 940f 940f 940f 8bee 8bce 8bce 8bae 8bad 838d 838d 838d 8bad 838d 838d 8bad 8bad 8bad 8bad 8bad 8bcd 93ee 93ee 8bce 8bce 8bee 8bee 8bee 8bee 8bee 93ee 8bee 93ee 93ee 8bce 8bce 8bce 8bee 940f 940f 93ee 93ee 940f 9c50 9c70 9c70 9c50 a491 a491 a491 a4b1 a4d2 acd2 acf3 ad13 ad13 a4b2 9c91 a4d2 ad13 acf3 a4d2 a4d2 a4d2 a4d2 9cb2 a4d3 a513 ad34 ad34 ad34 ad34 ad34 ad55 b596 b596 b596 b5b6 b5b6 b5b7 b5b7 b5b7 b5b7 b5d7 b5d7 bdf8 be18 bdf8 bdf8 bdf8 be19 be19 be39 c65a c65a c65a c65a c67a c69b ce9b c69b c69b c69b c69b c69b c69b c67b c67a be9b c69b c6bb c6bb cebb cedc cedc cefc cefd cedc cedc cebc c69b be5b be1a be1a be1a be3b be5b c69c c69c c69c cedc cefd cefd cedc c69c be5b be7b c69c c69c be7b be7b c6bc cedd cefd cefd cefd cefd cefd c69c be5b b61a adf9 adf9 b63a be7b c6bc cefd d71e d71e d71e d71e cefd cedd c69c be5b be5b be5b be5b be7b c6bc cefd d71e d73e d73e d73e d71e df3e df3e d71d cebc be5b be5a b63a be5b be7b c69c cefd d73e d73e cf1e cedd 
426b 5b0d 6bb0 73f1 7411 7c32 8472 8472 94d4 8cb3 8cb3 94d4 94f4 94d3 9cd3 9cf4 8c51 7bcf 6b4d 632c 6b2c 6b4d 736d 738e 738e 7bae 7bae 7bae 7b8e 738d 738d 736d 736d 736d 736d 736d 736d 736d 7b6d 7b6d 7b6d 7b6d 7b6d 7b6d 7b6d 7b6d 838e 838e 838e 838e 838e 838e 838e 838e 83ad 83ad 83ae 83ae 83ae 83ae 83ad 83ce 83ce 83ce 8bee 8bce 83ad 83ad 83ce 8bce 8bce 8bce 8bee 8bee 8bee 8bee 8bee 8bee 8bee 8bee 93ef 8bef 8bce 8bce 8bce 8bce 8bce 8bce 838d 838d 838d 838d 838d 83ad 8bad 8bad 8bce 8bce 8bae 8bae 8bae 8bae 8bae 8bae 8bae 8bae 8bae 8bce 8bce 8bae 8bae 8bad 8bee 8bee 93ee 8bee 8bee 8bce 8bce 8bce 8bce 8bce 8bee 93ee 940e 940e 93ee 8bee 93ee 93ef 8bee 8bee 8bee 8bee 8bce 8bce 8bad 83ad 838d 838d 838d 838d 838d 838d 8bad 8bad 8bad 8bad 8bad 8bcd 8bce 93ee 8bce 8bce 8bcd 8bcd 8bcd 8bee 8bee 8bee 93ee 8bee 8bce 8bce 8bce 8bce 93ee 93ee 940f 940f 940f 940f 9c2f 9c50 9c50 9c70 9c70 9c70 9c91 a4b1 acd2 acf2 acf3 acf2 b534 acf3 a4d2 a4d2 a4f2 a4d2 a4f2 ad13 a4f3 a4f3 a4f3 a4f3 a4f3 ad13 ad34 ad54 ad55 ad54 ad55 ad75 b596 b596 b5b6 b5b7 b5d7 b5d7 b5d7 b5d7 b5f8 bdf8 bdf8 bdf8 be19 be19 be19 be19 be19 be39 c63a c65a c65a c65a c67a c67a c69b c67b c67b c67a c67a c67a c67a c67a c67b c69b cebb cedc cedc cedc cedc cedc cebc c6bb c69b cebc c69b c67b be3b be3a be3a c67b ce9c cedd d71e d71e cefd cefd cedc c69b b63a b619 b61a be5b c69b c6bc cedc cefd d71e d73e df5f d73e d71e cedd c69c be7b b63a b61a adf9 b63a be7b c6bc cedd cedd cedd cedd cefd cefd c6bc be7b b63a b61a b63a be5b c6bc cedd cefd d73e df5f d73e d73e d71e d73e d71d cefd c69c be5b b61a b61a b61a b63a c69c d71e df5f df5f d73e d71e d73e 
2987 2987 2967 2987 29a8 31e8 3a29 424a 426a 424a 4249 424a 4a8a 52cb 632d 6b6e 6b6e 632c 5aeb 5aeb 632c 6b6d 738e 73ae 738e 7bae 7bae 738e 738d 738d 738d 738d 736d 736d 736d 7b6d 7b6d 7b6d 7b6d 7b8d 7b6d 7b8d 7b8d 7b8e 838e 838e 838e 838e 838d 838d 838d 7b8d 838d 838d 838e 838e 83ad 83ad 83ad 83ad 83ad 83ae 83ae 83ce 8bce 8bee 8bee 8bce 83ae 83ae 8bce 93ef 8bee 8bee 8bee 8bee 8bee 8bce 8bce 8bce 8bce 8bce 8bce 8bae 8bae 8bae 8bae 8bae 8bad 83ad 83ad 83ad 8bad 8bad 8bae 8bce 8bce 8bce 8bce 8bad 8bad 8bad 8bad 8bad 8bad 8bad 8bae 8bce 8bce 8bce 8bce 8bce 93ef 93ef 93ee 8bce 8bce 8bce 8bce 8bce 8bad 8bae 8bce 93ee 93ee 93ee 93ee 8bce 8bee 8bee 8bce 8bce 8bce 8bce 8bce 8bce 8bad 83ad 838d 838d 838d 838d 838d 838d 8bad 8bad 8bad 8bad 8bad 8bce 8bee 93ee 93ee 8bee 8bee 8bee 8bee 8bee 8bee 8bee 940f 8bee 8bee 8bce 8bee 8bee 8bee 8bee 940f 940f 940f 942f 9c2f 9c50 9c70 9c70 9c50 9c70 9c91 a491 a4d2 ad13 acf3 a4d2 ad34 ad13 ad13 ad13 a4f3 a4d2 a4f2 ad13 ad14 ad34 ad14 a513 a4f3 a513 ad34 ad55 ad55 ad55 ad55 b575 b596 b596 b596 b5b6 b5b7 b5b7 b5d7 bdf8 bdf8 bdf8 bdf8 bdf8 c639 be39 be19 be19 be39 be3a c63a c65a c65a c65a c65a c67a c67a c67a c67a c67a c67b c69b c69b c69b c69b cebb cebb cedc cefc cefc cefc cebc c69b be7a be7b c67b c67b c67b be5b c67b c67b c69c cedd cedd cedd cedd cedc c69c be7b b63a b63a b61a be7b c69b c6bc cedd cefd d71d d71e d71e d71e cedd c69c be5b b63a b63a be5b be5b be5b be5b c69c c6bc cefd cefd d71e d71e c6bc c69c be5b b63a b61a b63a be7b c6bc d71e d71e d73e df5f df5f df5f d73e d73e d6fd cedc c67b be5a b63a be3a be5b be7b c6bc d71d df5f df5f d73e cefe cefe d71e 
1905 10c4 10a3 10c4 1926 2987 31e8 3a49 3a08 3a08 3a08 3a08 3a08 4229 4a6a 52ab 52cb 5acb 5aeb 630c 632c 632c 632c 632c 736d 736d 736d 736d 736d 736d 736d 736d 736d 736d 736d 7b6d 7b6d 7b8d 7b8d 7b8d 7b8d 7b8e 838e 83ae 838e 838e 838e 838e 838d 7b8d 7b8d 7b8d 838d 838d 838e 838e 838d 838d 83ad 83ad 83ae 83ae 83ae 83ce 83ce 8bee 8bef 8bee 83ce 83ad 8bce 8bee 8bce 8bee 8bce 8bce 8bce 8bce 8bae 8bae 8bae 8bae 8bae 8bad 8bad 8bad 8bad 8bad 8bce 8bae 8bad 8bad 8bad 8bad 8bae 8bce 8bad 8bad 8bad 8bae 8bae 8bae 8bae 8bae 8bad 8bad 8bad 8bad 8bad 8bce 93ee 93ef 93ef 93ef 93ce 8bce 8bce 8bce 8bce 8bce 838d 8bad 8bad 8bcd 8bce 8bce 8bce 8bcd 8bce 8bce 8bce 8bae 8bae 8bce 8bce 8bee 8bce 8bae 8bad 8bad 8bad 8bad 8bad 8bad 8bad 8bad 8bad 8bcd 8bce 93ee 93ee 93ee 940e 940e 940e 940e 940e 93ee 8bee 8bee 940f 940f 8bee 8bee 8bee 93ee 93ee 940f 93ee 8bee 8bee 940f 9c2f 9c70 a470 9c91 9c70 a491 a4b1 9c91 a4b1 acf2 acf3 a4f2 a4f3 ad13 b534 b554 ad34 a4f3 a4f2 a4f3 ad34 ad34 ad34 ad14 a513 a4f3 a514 a514 ad55 ad55 b575 b596 b5b6 b596 ad76 ad76 ad76 ad96 b5b7 b5d7 bdf8 bdf8 be18 be19 be39 be39 be19 c639 be3a c65a c65a c65a c659 c659 c659 c659 c65a c65a c67a c67a ce9b ce9b cebb cebb cebb cebb cebb cedb cebb cebc c6bb c69b c67a be7a c67b c69b c69b c69c cebc cebc cebc c69c c69c c67b b63a b63a be5a be5a be5b be7b c6bc cedd cefd cefd cefd cefd cefd cedd c6bc c69c b63a b61a adf9 add9 adf9 b63a be7b c6bc d71e cefd cefd d71e d73e d71e cedd c69c be7b be5b b63a b63a be5b c69c cefd d71e d73e d73e d73e df5f df5f d73e d73e d71e c69c c67b be3a be3a be5a c69b cebc cedd d73e d73e d73e d73e d71e cedd c69c be7b 
1905 18e4 18e4 1925 2146 2146 2166 29a7 4249 4a8a 52cb 52ec 52ec 52ec 52cc 52cb 6b4d 6b6d 6b6d 6b6d 6b4d 632c 6b2c 6b4c 6b6d 736d 736d 736d 736d 736d 736d 736d 734c 734d 734d 736d 736d 7b6d 7b6d 7b6d 7b8e 838e 838e 83ae 83ae 838e 838e 838e 83ae 83ae 83ae 83ae 83ae 83ae 83ae 83ae 838e 83ae 83ce 83ce 8bce 83ce 83ce 83ce 83ae 8bce 8bef 8bef 8bcf 83ce 8bae 8bae 8bce 8bce 8bce 8bae 8bae 8bae 8bae 8bae 8bae 8bae 8bae 8bae 8bae 8bae 8bae 8bae 8bae 8bad 83ad 838d 83ad 8bad 8bad 8bae 838d 8bad 8bad 8bcd 8bce 8bcd 8bad 8bad 8bad 8bad 8bad 8bad 8bcd 93ee 93ee 940f 8bce 8bce 8bae 8bae 8bae 8bce 8bce 8bae 838d 838d 838d 8bad 8bae 8bce 8bce 8bcd 8bce 8bce 8bce 8bce 8bce 8bce 8bce 93ee 8bce 8bce 8bad 8bad 8bad 8bad 8bad 8bad 8bad 8bad 8bcd 8bce 8bee 8bee 93ee 93ee 940e 940e 940f 940f 940f 940e 940e 940e 940f 940f 942f 940f 8bef 8bef 940f 940f 940f 8bef 8bee 8c0f 9430 9c70 9c71 9c70 9c71 a4b1 a4b2 a4b1 9cb1 a4d2 a4f3 a4f3 a4d2 acf3 ad34 b574 b555 ad34 ad13 a4f3 b555 ad54 ad34 a513 a513 a513 a513 a514 ad35 ad55 ad76 b596 b5b6 b596 b596 b596 ad96 b596 b5b7 b5d7 bdf7 be18 be18 c619 c619 c639 c639 c639 c63a c65a c65a c65a c659 c659 c65a c65a c65a c67a c67b c67b c69b ce9b cebb cebc cebb cebb cebb cebb c67b c67a c67a c67a c69b c6bb cebc c6bc cedc cedc cedc cedc c6bc c67b be3a b63a be5b be5b be5b be7b c6bc cefd d73e df5e d73e d71e d71d cefd cedc c69c be7b be5a adf9 adf9 adf9 adf9 b63a be5b c69c cedd cefd cefd d71e d73e d73e cefd c69c b63a be7b be5b b63a be5b c6bc cefd d71e d71e d73e d73e df5f df5f d73e cefd c6bc c69c be3a be3a be3a be5a c69b cedc d6fd d6fd cefd cefd cefd cf1e cf1e c6dd be7b ae1a 
2125 2125 2946 3187 31a7 31c8 39e8 3a29 31e8 3a29 4a8a 52cb 5b0c 632d 6b6e 6b6e 73ae 73cf 7bcf 7bcf 73ae 73ae 73ae 7bce 73ae 73ae 738e 738d 738d 738d 736d 736d 736d 736d 736d 736d 7b6d 7b6d 7b6d 7b6d 7b6d 7b8d 7b8e 838e 838e 838e 838e 7b6d 838e 838e 838d 838d 838e 83ae 83ae 83ae 838e 83ae 83ce 8bce 8bce 83ce 83ae 83ae 83ae 83ae 8bce 8bcf 8bcf 8bce 8bae 83ae 8bae 8bae 8bae 8bae 8bae 8bae 8bae 8bae 83ae 8bae 8bad 8bae 8bae 8bad 8bad 8bad 83ad 838d 838d 838d 8bad 8bae 8bce 8bee 8bad 8bad 8bcd 8bce 8bcd 8bad 8bad 838d 8bad 8bad 8bce 93ee 93ee 93ee 93ee 93ee 8bae 8bad 838d 8b8d 8bae 8bae 8bae 8bae 8bad 838d 838d 8bad 8bad 8bce 8bce 8bce 8bce 8bce 8bce 8bce 8bce 93ee 93ee 93ee 8bce 8bce 8bad 8bad 8bad 8bcd 8bcd 8bad 8bad 8bcd 8bcd 8bce 8bce 8bee 8bee 8bee 93ee 940e 940e 940f 940f 940f 940f 940f 942f 942f 9450 942f 940f 940f 940f 9430 9450 942f 8c0f 940f 9430 9c50 9c70 9c70 9c70 9c91 a4b2 a4d2 a4d2 a4d2 a4d2 a4d2 acf3 ad13 ad13 ad34 b554 b554 b554 ad34 b595 b575 ad34 a513 a513 a514 a534 a534 ad35 ad34 ad55 ad76 b596 b596 b5b7 bdd7 b5b7 b5b7 b5b7 bdd7 bdf7 be18 be18 c619 c639 c639 c639 c639 c63a c65a c65a c65a ce5a ce5a ce7a ce7a ce9b ce9b ce9b ce9b ce9b cebc cebc ce9b ce9b c67a c65a c67a c67a be5a be5a c69b cebb cedc cedc cedc cebc c6bb c69b be5b be5a be3a be3a be3a c6bc c6bc c6bc cefd d71e d73e d73e d73e d73e d71e cefd c6bc c69c be5b b63a b63a b63a be5b be7b c69c c6bc cedd cefd d71e cefd d71e d71e cedd be7b b63a b63a b63a b63a b63a be5b c69c cefd d71e d73e d71e d73e df5f df5f df5f d71e c6bc be5b b61a b619 b619 be5a c69b d6fd d73e d73e d73e cefd cedd c6bc c69c be7c be7b b65b b65b 
4208 4208 3a08 39e8 39c8 39e8 3a08 4249 5b0c 634d 6b6e 6baf 73f0 8431 8c92 8c92 8c71 8c91 8c71 8c51 8410 7bef 7bcf 7bae 7bce 7bae 738e 738d 738d 738d 736d 736d 7b6d 7b6d 7b6d 7b6d 7b8d 7b8d 7b8d 7b8d 7b6d 7b6d 7b6d 7b8d 7b6d 7b6d 7b6d 7b6d 7b6d 7b6d 7b6d 7b6d 7b8d 7b8d 838d 838d 83ae 83ae 83ce 83ce 83ce 83ae 83ad 838d 83ae 83ae 83ae 8bce 8bce 8bce 8bae 83ae 8bae 8bae 83ae 83ae 83ae 83ae 838e 838e 838d 838d 838d 83ad 83ad 83ad 838d 838d 8bad 83ad 838d 83ad 8bad 8bce 8bee 93ee 8bce 8bcd 8bcd 8bad 8bad 8bad 838d 838d 8bad 8bad 8bcd 93ee 93ee 93ee 8bce 8bce 8bae 8bad 8b8d 8bad 8bae 8bae 8bae 838d 8bad 8bad 8bad 8bad 8bce 8bce 8bce 8bce 8bce 8bce 8bce 8bce 8bce 93ee 93ee 93ee 93ee 93ce 8bcd 8bcd 8bcd 93cd 93cd 8bcd 8bce 8bce 8bce 8bce 8bee 8bee 8bee 8bee 8bee 93ee 940e 940f 942f 942f 942f 942f 9450 9c50 9c50 9450 942f 942f 942f 9430 9c50 9c50 9430 942f 942f 9c50 9c70 9c91 9c71 9c70 9c91 acd2 ad13 acf3 a4d2 acf3 ad13 ad13 a4f3 ad13 ad34 b554 ad54 ad34 b575 b575 ad55 ad54 ad34 a514 a534 a534 ad55 ad55 ad55 ad55 ad76 b596 b5b7 bdd7 b5d7 b5d7 bdd7 bdd7 bdf8 be18 c618 c618 c639 c639 c639 c639 c659 c65a c65a c65a ce5a ce7a ce7b ce9b ce9b ce9c ce9b ce9c ce9c c69c c69b c67b c65a c65a c65a c67a c69b c69b c69b cebb cedc cedc cebc c69b be7b be5a be3a b63a b63a be5a be7b c69c cefd cefd cefd cefd d71e d73e d71e d71e cefd cedd c6bc be7b be5b b63a be5a be5b c69c c6bc cefd d71e d73e d73e d73e d73e df7f df5f cefd be7b adf9 a5b8 a5b8 add9 adf9 b63a c69c cedd cefd d71e d73e d73e d73e d73e d71e cefd cedd be7b b63a b61a be3a c65a c69b d6fd df3e df3e df5e df5e d71e cefd c69c b63a ae1a b61a b65b be7c 
6b6e 73af 7bf0 8431 8452 8c92 8cd3 94d4 9d35 a576 adb7 adb7 adb7 adb7 a576 a555 9cf4 9cd3 8c71 8430 7bef 7bef 7bcf 7bae 7bae 738e 736d 736d 736d 736d 736d 736d 7b6d 7b6d 7b6d 7b6d 7b6d 7b6d 7b6d 7b6d 7b6d 7b6d 7b6d 7b6d 7b6d 7b6d 7b6d 7b6d 7b6d 7b6d 7b6d 7b6d 7b8d 7b8d 838d 838e 83ce 83ce 83ce 83ce 83ce 83ae 83ad 83ad 83ae 83ae 83ae 83ae 83ae 83ce 83ce 8bce 83ae 83ae 83ae 838e 838e 838d 838d 836d 83ae 83ae 8bae 8bae 8bae 8bae 8bad 83ad 8bad 83ad 838d 838d 838d 83ad 8bce 8bce 8bee 8bcd 8bad 83ad 83ad 83ad 8bad 8bad 8bad 8bad 8bad 8bcd 8bce 8bcd 8bce 8bce 8bce 8bae 8bae 8bae 8bce 8bae 8bad 838d 838d 838d 8bad 8bae 8bce 8bce 8bce 8bce 93ee 8bce 8bce 8bce 8bce 8bce 93ee 93ee 93ee 93ee 93ce 93ce 93ce 93ce 93ce 8bce 8bee 8bee 8bee 8bee 8bee 8bee 8bee 8bee 8bee 940e 940f 942f 9c2f 9c4f 9c4f 9c50 9c70 9c50 9c50 9c50 9c50 9c50 9450 9430 9450 9c50 9c70 9c50 9430 9450 9c71 a4b2 a4b1 9470 9c70 a4d2 ad13 ad13 ad13 ad34 ad13 acf3 a4f3 a4f3 ad14 ad34 ad34 a513 a513 ad54 b595 b595 ad55 a534 a514 a514 ad55 ad55 ad55 ad76 ad76 ad76 ad76 ad96 b5b7 b5b7 bdd7 bdf8 bdf8 c618 c619 c639 be18 c619 c639 c639 c65a c65a ce7a ce7a ce5a ce7b ce7b ce9b ce9b ce9b c69b c67b be5b be5a be5a be5a be5a c67b cebb cedc cebc cedc cedc cedc cedc cebb c69b c67b be5a be3a be3a be5a be7b c6bc cedd cefd df5e d73e d6fd cefd cefd cefd cefd d71d be7b be7b be5a b63a b63a be5a be7b c6bc cedd cf1e d73e d75f df5f d73e d73e d73e cefd cedd be7b be7b be7b be5b b61a add9 b63a be7b cedd cefd cefd cefd d71e d73e d73e d71e cedd c69c be7b be7b be7b c67b c69b cebc cedc d71d d71e d71e d71d d71d cedc c69c be7b be5b be5b b65b b65b b63a 
a597 ad97 adb8 add8 add8 add8 add8 add8 add8 add8 adb8 add8 adb8 ad97 9d35 9cf4 94b3 94b2 8c92 8430 7bef 7bce 7bae 7b8e 738d 738d 738d 736d 736d 736d 736d 7b8d 734d 734d 7b4d 734d 734d 7b4d 7b4d 7b4d 7b4d 7b4d 7b4d 7b4d 7b6d 7b6d 7b6d 7b6d 7b6d 7b6d 7b8d 7b8d 838d 838e 838e 83ae 83ce 83ae 83ae 838e 7bae 83ae 83ae 83ce 83ce 83ce 83ae 83ae 83ae 83ae 83ae 83ce 83ae 83ae 83ae 838e 838e 838e 838e 838e 83ae 83ae 83ae 83ae 83ae 83ae 83ae 83ae 8bce 83ce 8bae 83ad 83ad 83ad 83ad 83ad 8bce 8bad 83ad 83ad 83ad 8bad 8bce 8bce 8bce 8bce 8bce 8bce 8bce 8bce 8bce 8bce 8bce 8bae 8bad 8bad 8bae 8bce 8bae 8bae 83ad 8bad 8bad 8bae 8bce 8bce 8bae 8bae 93ee 93ee 8bce 8bce 8bce 8bee 93ee 93ee 93ef 93ef 93ef 93ef 93ef 93ee 93ee 93ee 8bce 93ee 93ee 93ee 8bce 8bce 93ee 93ef 940f 940f 940f 940f 942f 942f 9c2f 9c2f 9c70 9c70 9c70 9c70 9c91 9c91 9c70 9450 9c70 9c50 9c50 9c70 9c71 9c71 9c71 9c71 9c71 9c71 9c91 9cb2 a4d2 ad13 ad14 ad34 b575 b554 ad13 a4f3 a513 ad34 ad54 b555 a514 a534 ad35 ad75 b575 ad75 ad35 a534 ad55 ad55 ad76 b596 b596 b596 b596 ad96 b5b7 b5b7 b5d7 bdd8 bdf8 be18 be19 c639 c639 c639 c65a c65a c65a c67a ce7b ce9b c65a c67b ce7b ce9b ce9b c69b c67b c67b c65a c65a c67b c69b cebc cebc cebc cebb ce9b cebb cebc c6bb c67b be5a be5a be7a be5b be5a be5b be7b c6bc cefd d71e d71e d6fd d71e df3e df3e d71e cedd c69b be7b be3a b61a b61a b63a be5b be7b cedc d71e d73e df7f df7f df5f d73f d75f d73e cf1e c69c be7b b63a b63a b63a be5b be7b be7b cefd cefd d71e d73e d73e d71e cefd cedc c6bc be7b be5b b63a b61a b63a be7b c6bc cedd cefd cedd cefd d71e d71e cefd c69c be7b be5b b63a b63a b63a be7b c69c cedd 
b619 b63a be5a be5b be5a b619 adf9 a5b8 a577 9d76 9d36 9d35 9d15 94f4 94b3 8c92 8451 8451 8430 7bf0 7baf 7bae 7b8e 738d 7b8d 736d 736d 736d 734d 736d 736d 736d 734d 7b4d 7b4d 734d 7b4d 7b4d 7b4d 7b4d 7b4d 7b6d 7b6d 7b8d 7b8d 7b6d 7b6d 7b6d 7b6d 7b6d 7b8d 838e 83ae 83ae 83ae 83ae 83ae 83ae 83ae 838e 7b8d 7bae 83ae 83ae 83ce 83ce 83ae 7bae 83ae 83ae 83ae 83ce 838e 838e 838e 838e 838e 838e 83ae 83ae 83ae 83ce 83ce 83ce 83ae 83ae 83ae 83ae 83ce 83ce 83ae 83ae 83ad 83ad 83ad 83ad 8bce 83ce 83ce 83cd 8bad 8bce 8bce 8bce 8bee 8bee 8bce 8bce 8bce 8bce 8bce 8bce 8bce 8bae 8bad 83ad 8bad 8bad 8bad 8bad 83ad 83ad 8bad 8bae 8bce 8bce 8bce 8bce 93ee 8bee 8bee 8bce 8bee 93ee 93ee 93ef 93ef 93ef 93ef 93ef 93ef 93ef 93ef 93ef 93ee 93ee 93ef 93ee 8bee 8bee 93ee 93ef 940f 940f 940f 940f 942f 942f 9c2f 9450 9c70 9c70 9c91 9c91 a491 a491 9c91 9c91 9c70 9c70 9c71 9c71 9c71 9c71 9c71 9450 9450 9471 9c71 9c91 9cb2 a4d2 a4d3 a4f3 a4d3 ad13 b554 bd95 bdb6 bd96 b575 b575 ad34 ad34 ad55 ad55 ad76 b576 ad75 ad55 ad55 ad55 ad75 ad75 ad76 b576 b596 b596 b5b7 b5b7 b5d7 bdd8 bdf8 bdf8 be18 be19 c639 c639 c63a c65a c65a c67a ce7b ce9b c67b c67b c67b c67b c67b c67b c67b c67b c67b c67b c67b c69b cebc cebc c69b c67b cebb cebb cebb c69b be5a be3a b63a be3a be7b c67b c69c c6bc cedd cefd cefd cefd d71e d71d cedd cebc c67b be5a be3a be3a be3a be5b be7b c69c c6bc cedd cefd cefd cf1e d73e d73e d73e d73e d71e c6dc b65b b63a b63a b63a b63a be5b c69c cedc cefd d73e d73e d73e d73e d73e d71e cefd cedd be5b b63a adf9 add9 adf9 b61a be7b cedd cefd cefd cefd cedc c6bc c6bc c69c be7b b63a b63a b65a be7b be9b c6bc cefd d71e 
be5a be3a be3a b619 adf9 add8 adb8 adb8 a577 9d56 9d36 94f5 8cb4 8c93 8452 8431 7c10 7bf0 7bef 7bcf 738e 738e 736d 7b8d 736d 734d 734d 734c 734c 734c 734d 734d 734d 7b4d 7b4d 7b4d 7b4d 7b4d 7b4d 7b4d 7b6d 7b6d 7b6d 7b8d 7b8d 7b8d 7b6d 7b6d 7b8d 838d 838e 83ae 83ae 83ae 83ae 838e 838e 838e 838e 838e 838e 83ae 83ae 83ae 83ae 83ae 7bae 7bae 7bae 7bae 83ae 83ae 838d 838d 838e 83ae 83ae 83ae 8bae 8bae 8bce 8bce 8bce 8bce 8bce 83ce 83ae 83ae 83ce 83ce 83ae 83ae 83ae 83ae 83ae 83ce 8bce 8bce 8bce 8bce 8bce 8bce 8bce 8bad 8bee 8bee 8bce 8bce 8bce 8bce 8bce 8bae 8bce 8bad 838d 838d 838d 838d 838d 838d 83ad 8bad 8bad 8bae 8bce 8bce 8bce 8bce 8bce 8bce 8bce 8bee 93ee 93ee 93ef 93ef 93ee 93ee 93ee 8bee 93ee 93ef 93ef 93ef 93ef 940f 940f 940f 93ef 93ef 93ef 940f 940f 940f 940f 942f 942f 9430 9450 9c50 9c70 9c91 a4b1 a4b2 a4b2 a4b2 a4b2 a4b2 9c91 9c91 9c71 9c91 9c91 9c91 9c71 9c71 9c71 9c91 9c91 9c91 9cb2 9cb2 a4d2 a4d2 ad14 ad13 a513 a513 ad34 b575 bdb6 c5f7 bdd7 b5b6 ad55 a534 a534 ad55 b596 b5b7 ad76 ad76 ad76 ad76 ad76 b596 b5b7 b5b7 b5b7 b5b7 b5d7 bdd8 bdf8 bdf8 bdf9 be19 be19 c639 c63a c63a c65a c67a ce7b ce9b ce9b c67b c65a c65a c67b c67b c67b c67b c67b c67b c67b c69b cebc cebc c69b c67b be3a be5a be3a be3a be5a be5a c69b c6bc cedc cedd cedd cedd cedd cedd cedd cedd cebc c69b be5a b61a b61a b63a be5a c67b c69c cedd cefd cedd cedc cefd d71e d73e d73e d71e cefd c69c be7b be7b b63a adf9 adf9 b63a c69c cedd cefd cefd d71e d73e d71e d71e d73e d73e d71e cedd c69b be5b be5b b63a b63a b63a be5a be7b cedd d73e d73e d73e d71e cedd be9b b65a b61a adf9 adf9 b61a be5a c69b c6bc cefd d71d d71e 
be3a b619 b5f9 add8 adb8 adb8 adb8 adb8 a577 a577 9d56 9d15 94d4 8c93 8452 8431 8410 7bf0 7bcf 7baf 738e 736d 736d 736d 734c 734c 734c 734c 734c 734d 734d 734d 734d 734d 734d 734d 7b4d 7b4d 7b4d 7b4d 7b6d 7b6d 7b4d 7b4c 7b4d 7b6d 7b8d 838d 83ae 83ae 83ae 83ae 838d 7b8d 7b8d 7b6d 7b8d 7b8d 838d 838e 83ae 83ae 83ae 83ce 83ae 7bae 7bae 7bad 7b8d 7b8d 7bae 7bae 83ae 83ae 83ae 83ae 8bae 8bae 8bce 8bce 8bcf 8bcf 8bcf 8bce 8bce 8bce 83ce 83ae 83ce 83ce 83ce 83ce 83ce 8bce 8bce 8bce 8bee 8bee 8bee 8bee 8bee 8bce 8bce 8bad 8bce 8bce 8bce 8bce 8bce 8bce 8bce 8bce 8bae 8bad 838d 838d 838d 838d 83ad 83ad 8bad 8bad 8bad 8bae 8bce 8bce 8bce 8bce 8bce 8bce 8bce 8bee 93ee 93ee 93ee 93ee 8bee 8bce 8bce 8bce 8bce 93ee 93ef 940f 940f 940f 940f 940f 940f 940f 940f 940f 942f 942f 942f 942f 942f 9450 9c50 9c70 9c91 9c91 a4b2 a4d2 a4d2 a4d2 a4d2 a4d2 a4d2 a4b2 a491 9c91 a491 a492 a4b2 a4b2 9cb2 9cb2 9cb2 9cb2 9cb2 a4d2 a4f3 a4f3 ad13 a4f3 a4f3 a513 ad14 ad34 b555 b575 b575 b576 b5b6 bdb7 bdb7 b596 ad76 ad55 b596 b596 b576 ad76 ad76 b596 b5b7 b5b7 b5b7 b5d7 bdd8 bdf8 be18 be18 be19 be19 be19 c639 c63a c63a c65a c65a c67b ce9b c67b c65b c65a c65a c67b c69b c69b c69b cebc cebc cebc cebc c69b c67b be5a be3a be3a be3a be3a be3a be5a be7b c6bc cedc c6bc cefd d71e d73e cefd c6bc be7b b63a b63a b619 b5f9 b61a be5a c69b cebc cedc d6fd d71e d71e cefd cefd d71e d71e cefd c6bc c6bd c69c b63b adf9 ae19 b63a be7b c69c c6bc cefd d71e d73e d73e d71e d71e d73e d71d c6bc be7b be5a b63a b63a be5a be7b c69b c6bc cedd cefd cefd d71e d73e df5f d75e d73e cefd c69c b65a adf9 add8 add9 adf9 b63a be7b c6bc c6bc c6bc c6bc 
adb8 adb8 adb8 adb8 adb8 a597 a557 9d36 9d15 9d15 9d15 94f5 94d4 8c93 8c72 8451 8411 83f0 7bcf 7baf 738e 734d 734c 734d 734c 734c 734c 734c 734d 734d 734d 734d 732c 734d 734d 734d 734d 7b4d 7b4d 7b4d 7b6d 7b6d 7b4d 7b4c 7b4d 7b6d 838d 83ae 83ae 83ae 838d 7b8d 7b6d 7b6d 7b6d 7b8d 7b8d 838d 838e 83ae 83ae 83ae 83ae 83ae 83ae 7bae 7bae 7bae 7bae 7bae 838e 838e 83ae 83ae 83ce 8bce 8bce 8bce 8bce 8bce 8bce 8bce 8bce 8bce 8bce 8bce 83ce 83ce 83ce 83ce 83ce 8bce 8bce 8bce 8bce 8bee 8bee 8bee 8bee 8bee 8bee 8bee 8bce 83ce 8bce 8bce 8bce 8bce 8bce 8bce 8bce 8bee 8bae 8bad 83ad 838d 8bad 8bad 8bae 8bae 8bce 8bae 8bae 8bae 8bae 8bae 8bae 8bae 8bae 8bce 8bce 8bee 93ee 93ee 93ee 93ee 8bce 8bce 8bce 8bce 8bce 8bef 93ef 93ef 940f 940f 940f 940f 942f 942f 940f 940f 942f 942f 942f 9430 9450 9c50 9c50 9c70 9c91 9c91 9c91 a4b2 a4f2 acf3 acf3 a4f3 a4d2 a4b2 a4b2 a4b2 a4b2 a4d2 a4d2 a4b2 9cb2 9cb2 9c91 9c91 9cb2 a4d2 a4f3 ad13 a4f3 a4f3 a513 ad34 ad55 ad55 ad34 a513 a4f3 a535 b576 bdb7 bdd7 bdd7 b5b6 b596 b596 b596 b596 b596 b596 b596 b596 b596 b5b7 b5d7 bdf8 be18 be18 be19 c639 c639 c639 c639 c65a c65a c65a c65a c67b ce7b c67b c67b c67b c67b c69b cebc cebc cebc cedc cedc cedc c69b be5a be3a b619 b5f9 b63a b63a be3a be3a be5a c69b c6bc cedd d71e d71e cefd c6dd be9c be5b b63b b63a b61a b619 b61a be5a c6bc cefd cefd cedc d71e d71e d71d d71d d73e df5e cedc b63a adf9 b63a b65a b63a b63a be5b c6bc cedd d73e d73e d71d cefd d71d d71e d71e d71d cedd c6bc c69c be5b b63a b63a b63a b63a be7b c6bc cedd d71e d71e d71e d71e cefd cf1e cefd c6bc c6bc c69c be7b be5b b63a b61a b61a be3a be7b c69b c69c c69b c69b 
ad97 a577 a557 a556 9d56 9d36 9d16 9515 9d15 94f5 94d4 8cb4 8c93 8c72 8452 8451 8410 7bcf 7b8e 7b8e 736d 732d 6b2c 732c 732c 732c 734c 734c 734d 734d 734d 734d 732c 732c 734d 734d 7b4d 7b4d 7b4d 7b4d 7b4d 7b4d 7b6d 7b6d 7b8d 7b8d 7b8d 7b8d 838d 7b8d 7b8d 7b8d 7b8d 7b8d 838e 83ae 83ae 83ae 83ae 83ae 83ae 83ae 838e 838d 83ae 7bae 7bae 83ae 83ae 83ae 83ae 83ae 83ce 83ce 8bce 8bcf 8bcf 8bce 8bce 8bce 8bce 8bce 8bce 8bce 8bce 8bce 8bce 8bce 8bce 8bce 8bce 8bce 8bce 8bce 8bee 8bee 8bee 8bee 8bee 8bee 8bee 8bee 8bee 8bee 8bce 8bce 8bee 8bee 8bee 8bee 8bee 8bee 8bae 8bad 8bad 8bad 8bce 8bce 8bce 8bce 8bce 8bce 8bae 8bae 8bae 8bae 8bce 8bce 8bce 8bce 8bce 8bee 8bee 8bee 8bee 8bee 8bce 8bce 8bce 8bce 8bce 93ef 93ef 93ef 940f 940f 940f 942f 942f 942f 942f 942f 9430 9430 9450 9c50 9c50 9c50 9c70 9c70 9c71 9c70 9c71 9cb1 acf2 ad13 ad13 ad13 a4b2 a4b2 a4d2 acf3 acf3 a4f3 a4d2 9cb2 9cb2 9cb2 9c91 9c91 9cb2 a4d2 a4f3 ad14 ad54 ad34 a4f3 a4f3 a514 ad34 b555 b575 ad35 ad35 a535 ad35 ad55 b596 bdd7 bdf8 bdb7 bdb7 b5d7 b5d7 b5d7 b5b7 b5b7 b5b7 b5b7 b5d7 bdf8 be18 be19 be39 c639 c639 c639 c63a c65a c65a c65a c65a c67b c67b c67b c67b c69b ce9b cebc cebc cebc cebc c67b c69b c67b be5a be3a b619 be3a be3a be3a be3a be5a be7b c69b c69c c6bc cedc d71e cedd c69c b65b b61a b61a b63a be5b be5b be5a be5b c69b cedc d6fd d6fd cefd d6fd d71e d73e cefd cedc c69c be7b b63a b61a ae1a ae1a b63a be7b c6dd cefd d71e d71e d71e d71e d71e d73e d71e cefd cedc be5b be7b be7b be7b be7b be5b be7b be7b cedd cefd d71e d73e d73e d73e d71e cefd c6bc be7b b63a b63a b63a be5b be7b be9b c6bc c6bc c6bc cedc cedd cefd cefc cedc 
b5d8 adb7 a577 a556 a556 a577 ad97 ad98 a577 a536 9d15 94d4 94b3 8c93 8c52 8431 83f0 7baf 738e 7b8e 736d 732d 6b0c 732c 732c 732c 732c 732c 732c 732c 732c 732c 732c 734d 734d 734d 736d 736d 736d 736d 734d 7b6d 7b6d 7b8d 7b8d 7b8d 7b6d 7b6d 7b8d 7b8d 7b8d 7bae 83ae 83ae 83ae 83ae 83ae 83ae 83ae 83ae 838e 838e 838d 838d 83ae 83ae 83ae 83ae 83ce 83ce 83ce 83ce 83ce 83ce 8bce 8bcf 8bcf 8bcf 8bce 8bce 8bce 8bce 8bce 8bcf 8bce 8bce 8bce 8bce 8bce 8bce 8bce 8bce 8bce 8bee 8bee 8bee 8bee 8bee 8bce 8bce 8bce 8bee 8bee 8bef 8bee 8bee 8bee 8bee 8bee 8bee 8bee 8bee 8bce 8bce 8bce 8bce 8bce 8bce 8bce 8bce 8bae 8bae 8bae 8bae 8bae 8bce 8bce 8bce 93ee 93ee 93ee 93ee 8bee 8bee 8bee 8bee 8bce 8bce 8bce 8bef 8bef 93ef 93ef 940f 93ef 8bef 940f 942f 9430 9c50 9450 9430 9430 9450 9c50 9c70 9c70 9c70 9c70 9c70 9c71 9c71 9c91 9cb2 a4f2 ad13 ad34 ad34 a4d3 a4f3 a4f3 acf3 acf3 acf3 a4d3 a4d2 a4d2 9cb2 9cb2 9cb2 9cd2 a4f3 a4f3 a514 a514 ad14 ad34 ad34 ad34 ad34 ad35 ad55 a535 ad55 ad55 ad75 ad75 ad76 b596 b596 bdd7 bdd7 bdd7 bdd7 bdd7 bdd7 bdd7 bdd7 b5b7 b5d8 bdf8 be19 be19 be39 c639 c639 c63a c65a c65a c65a c65a c65a c67b ce9b c67b ce9c ce9c ce9c c69b c67b c69c c69c be5a be3a be3a be3a be5a c67b c69c c6bc cedd cefd cedd cedd c6bc c69c be7b be7b b63a be5b be5b be5b be5b b63a adfa add9 c67b c69c cedc d6fd d6fd d6fd d71d d73e d6fd d71e d71e c6bc b63a b619 b63a be7b be9b be7b b65a be7b c6bc cefd d71e d71e cefd cefd d73e d73e d73e cefd c69c be7b c69c be7b b63a b61a b61a be7b cedd d73e d71e d73e d73e d73e d71e d71e cefd c6dc be7b b65b b63a b63a b63a b65b be7b c6bc d71e cefd d6fd d6fd d71d d73d d71d d71d 
ad97 ad77 a577 a577 adb8 b5d8 b5f9 b5f9 ad77 a556 a536 a535 9d15 9cd4 8c72 8c31 8410 7baf 7b8e 7b8e 7b6e 732c 732c 732c 732c 732c 732c 732c 732c 732c 732c 732c 734d 734d 734d 7b6d 7b6d 7b6d 7b6d 7b6d 7b6d 7b6d 7b6d 7b6d 7b6d 7b6d 7b6d 7b6d 7b8d 7b8d 83ae 83ce 83ce 83ce 83ae 83ae 7b8d 7b8d 7b8d 838d 838d 838e 83ae 83ae 83ae 83ae 83ce 83ce 83ce 83ce 8bce 8bce 83ae 83ce 8bce 8bce 8bcf 8bce 8bce 8bce 8bce 8bce 8bce 8bcf 8bee 8bee 8bee 8bee 8bce 8bce 8bce 8bce 8bce 8bee 8bee 8bee 8bee 8bee 8bce 83ae 8bce 8bee 8bef 940f 8c0f 8c0f 93ef 8bee 8bee 8bee 8bce 8bce 8bce 8bce 8bce 8bce 8bee 8bee 8bce 8bce 8bad 8bad 8bae 8bae 8bce 8bce 8bce 8bee 93ef 93ef 93ee 93ee 8bee 8bee 8bee 8bee 8bee 8bee 8bef 93ef 93ef 940f 940f 940f 8bef 8bef 8c0f 942f 9450 9c50 9c50 9450 9450 9450 9c70 9c70 9c71 9c70 9c70 9450 9c91 9c91 9cb2 a4b2 a4d2 a4f3 ad13 ad34 ad34 ad14 acf3 a4f3 a4f3 acf3 acf3 ad13 a4d2 a4d2 a4d3 a4d3 a4f3 a4f3 a4f3 a4f3 ad34 ad55 b575 ad54 a514 a514 ad34 ad55 ad55 ad55 ad55 ad55 ad55 ad76 b597 bdd7 b5b7 b5b7 b5b7 b5b7 b5b7 b5d7 bdd7 b5d7 b5d8 bdf8 be19 be39 c639 c639 c639 c639 be3a c63a c65a c65a c65a c65a ce7b ce9b c67b ce9c ce9c c67b c65b be5a be5b c67b c67b be5a b61a be3a c67b cebc cedd cefd d71d d71e d71e d73e d71e cefd cedd c6bc be5b b61a add9 a5b9 a5d9 adfa b63b be5b c69c d6fd df3e df5e d73e d6fd d71d d73e d71e cedd c69c be7b be7b be5b b61a b61a b63a be5b c6bc cefd d71e d71e cf1d cf1d d73e d73e d71d cedd c69c be5b be5a b63a b61a b63a be7b c69c c6bc cedd cedd cefd cefd d71e d71e cefd cedd c6bc be7b b63a b63b b65b be7b be9c c6bc c6bc cedd d71e d71e cefd cefd cefd d6fd d71d d6fd d6fd 
b5b8 b5d8 b5b8 adb8 ad97 a556 9d15 94f5 94f5 94f5 9cf4 94d4 9493 8c52 8411 7bf0 7baf 7b8e 7b6e 736d 734d 732c 732c 730c 730c 730c 730c 730c 732c 734d 7b4d 7b4d 7b6d 7b6d 734d 734d 736d 736d 7b6d 7b6d 736d 734c 732c 734c 734c 7b6d 7b8d 7b8d 7b8d 7bae 83ae 83ae 83ae 7bae 7b8d 7b8d 838e 838e 838e 838d 838d 838d 838d 838d 7b8d 7bae 83ae 83ce 8bef 8bcf 8bce 83ce 8bce 8bcf 8bcf 8bcf 8bcf 8bce 83ce 83ce 8bce 8bce 8bce 8bce 8bce 8bee 8bee 8bee 8c0f 8bef 8bef 8bef 8bee 8bee 8c0f 8c0f 8bee 8bee 8bee 8bee 8bee 8bee 8bee 8bef 8bee 8bee 8bce 8bce 8bae 8bae 8bae 8bce 8bce 8bce 8bce 8bee 8bee 8bce 8bce 8bce 8bae 8bae 8bce 8bce 8bce 8bee 8bee 93ef 940f 93ef 8bee 8bee 8bce 8bce 8bce 8bce 8bce 8bee 8bef 8c0f 940f 942f 940f 942f 8c0f 940f 942f 9430 9450 9450 9450 9450 9450 9450 9c70 9c71 9c70 9470 9c70 9c71 9c71 9c91 9cb2 9cd2 9cb2 a4d2 a4d3 a4f3 ad34 b554 b555 b554 ad34 ad34 ad34 ad34 ad14 a4f3 9cd3 a4d3 a4f3 ad14 a514 a514 ad34 ad55 b575 b575 ad55 ad35 ad35 ad55 ad75 ad55 ad55 a535 ad55 ad76 b596 b5d7 b5b7 b5b7 b5b7 b5b7 b5b7 b5d7 b5d7 bdd8 b5f8 bdf8 be18 be19 c639 c639 be39 be39 be39 c65a c67b ce9b ce9b ce9b c67b c65b cebc ce9c c69b c65b be5a be3a be3a be3a be5b c69b cebc cebc cedc cedd cedc cedc d73e d73e d73e cefd cedd c6bc c69c be7b be5b be5b be5b b63a b61a b61a be5b c69c c69c cedc d71d d71e d71d cedc cebc c6bc c69c be5b b63a b63a b63a b63a be5b be7b c69c c6bc cefd d71e d73e d71e d71e d71e d71e cefd c69c be5b b61a b619 adf9 adf9 b61a be5b c6bc cefd d71e d71e cefd cedd cefd d71e d73e cefd be7b b619 adf9 ae19 b63a be7b be9c c6bc cedd cefd d71e cf1d d71d cefd cefd cefd cefd cedc c69b be7b 
ad97 ad77 a536 9d15 9d15 9cf5 94f5 94f5 8cb4 8c93 8c73 8c52 8431 8410 7bf0 7bcf 7b8e 736d 734d 734c 732c 732c 732c 730c 730c 732c 732c 732c 734d 7b4d 7b4d 7b4d 734d 734d 734d 734d 734d 736d 736d 736d 7b6d 7b6d 7b6d 7b6d 7b8d 7b8d 7bae 7bae 7b8d 7b8d 7b8d 7b6d 7b6d 7b8d 838d 838e 838e 838e 838d 838d 838d 838d 838d 838d 83ae 83ce 83ce 83ef 8bcf 8bcf 8bce 8bce 8bce 8bcf 8bcf 8bcf 8bcf 8bce 8bce 83ce 8bce 8bce 8bce 8bce 8bee 8bee 8bef 8bef 8c0f 8c0f 8bef 8bef 8bee 8bee 8bee 8c0f 8bee 8bee 8bee 8bee 8bee 8bee 8bef 8c0f 8bef 8bee 8bce 8bce 8bae 8bae 8bae 8bce 8bce 8bee 8bee 8bee 8bee 8bee 8bce 8bce 8bce 8bce 8bce 8bce 8bee 8bee 93ef 940f 93ef 93ef 8bee 8bee 8bce 8bce 8bee 8bee 8bef 8bef 8c0f 940f 942f 942f 942f 942f 942f 942f 9430 9430 9450 9450 9450 9450 9450 9450 9c70 9c71 9c71 9c71 9c91 9c91 9cb1 9cb2 9cd2 9cd2 a4d2 a4d2 a4f3 ad13 ad13 ad34 ad34 ad34 ad34 b554 b554 ad34 ad34 a514 a4f3 a4f3 a4f3 a4f3 a514 a514 a514 ad55 b575 b596 b576 ad75 ad55 ad55 ad55 ad55 ad75 ad76 ad76 ad76 b596 b596 b5b7 b5d7 b5d7 bdd7 b5d7 bdd8 bdd8 bdf8 bdf8 bdf8 be18 be39 c639 c639 be39 be39 c65a c65a c63a c63a c65a c67b cebc d6dc c69b c69b c67b c67b be5a be3a be3a be3a be5b c69b cebc cedc cedd d71d d73e d73e cefd cefd cedd c6bc be7b be7b be7b be5b b63a be5b c69c c6bc c6bd cebd cedd cedd d6fd d6fd d6fd d6fd cefd c69b b63a add9 adb8 a5b8 a5b8 add8 adf9 b61a c69b cefd d73e d73e d71e d71d cefd d71d d71e d71e cefd c6bc be5b b61a b619 adf9 add8 a5b8 b63a be7b cedd d71e d71e d71e d71e d73e d73e cefd c69c b63a b619 b619 b61a b63a be5b be9c c6dd cedd cefd cefd d71e d71e df5f d73e cefd cedc c6bc c69b be5b be5a 
ad97 ad77 a536 9d15 9cf5 9d15 9d15 9d15 94d4 94b4 8c93 8c72 8431 8410 7bf0 7bcf 7b8e 7b6e 734d 734c 732c 732c 732c 732c 732c 732c 734c 734d 7b4d 7b4d 734d 734d 734d 734d 734d 734d 734c 734c 734c 734c 734d 734d 7b6d 7b6d 7b6d 7b8d 7b8d 7b8d 7b8d 7b6d 736d 736d 7b6d 7b6d 7b8d 838d 7b8d 7b8d 838d 838d 838d 838e 838e 83ae 8bcf 8bce 8bce 83ce 83ce 83ce 83ce 83ce 8bce 8bce 8bcf 8bcf 8bcf 8bcf 8bce 8bce 8bce 8bce 8bcf 8bcf 8bee 8bef 8bef 8c0f 8c0f 8c0f 8c0f 8bef 8bee 8bee 8bee 8bee 8bee 8bee 8bee 8bee 8bee 8bee 8c0f 8c0f 8c0f 8bee 8bce 83ce 83ae 83ae 83ae 83ce 8bee 8bee 8bee 8bee 8bee 8bee 8bce 8bce 8bce 8bce 8bce 8bee 8bee 8bee 93ef 940f 93ef 93ef 8bee 8bee 8bee 8bee 8bef 8bef 940f 942f 942f 942f 9430 9430 9430 9430 9430 9430 9450 9450 9450 9450 9450 9450 9450 9471 9c71 9c91 9c91 9c91 9cb1 9cb2 a4d2 9cd2 9cd2 9cd2 9cd2 a4f3 a513 ad14 a513 a513 a513 ad34 ad34 b555 ad34 ad14 ad34 ad35 ad55 ad34 a514 a514 a4f4 a514 a514 a535 ad75 b596 b5b7 b596 b596 ad76 ad55 ad56 ad76 b596 b596 ad96 ad96 ad96 bdd7 bdd7 bdd8 bdf8 bdf8 bdf8 bdf8 bdf8 bdf8 be18 be19 be19 be39 be39 c63a c63a c67b c67b ce9b ce9b ce9b ce9b ce9b ce9b c67b c69b c69b c69b c67b c67b c67b c67b c69b cebc cedc cedc cedc cedd cedd cedc c69c c69c be7b be5b be5a be5b be5b be5b c67b c69c cedd d6fd d71e d71e d6fe d6fd d71e d6fd cedc cebc cebc c69b b61a add8 a577 9d57 9d77 a5b8 adf9 be5a c69c cedd d6fd d71e df3e d73e d73e d71e cefd cedc be7b be5b b63a b619 ae19 b61a b61a b61a c69c cedd d71d d73e d71e d71e d71e d71e cedc c69c b63a b61a b619 b61a b63a b63a c69c c6dc cefd cefd cedd cefd d71e d73e d73e d71d c6bc be7b be5b be5b be5b be7b 
a556 a556 a536 9d35 9d15 9cf5 94f5 94d4 94f4 94d4 94b3 8c93 8c72 8431 7bf0 7bcf 7bae 7b8e 734d 734c 732c 732c 732c 732c 734c 734c 734d 7b4d 7b4d 734d 734d 732d 734d 734d 734d 732c 732c 6b2c 732c 732c 732c 734c 736d 7b6d 7b6d 736d 736d 736d 736d 736d 7b6d 7b8d 7b8d 7b8d 7b6d 7b6d 7b6d 7b6d 7b8d 838d 83ae 83ae 8bae 83ce 8bcf 8bce 83ce 83ae 83ae 83ae 83ae 83ce 83ce 83ce 83ce 83ce 8bce 8bce 8bce 8bce 8bce 8bcf 8bcf 8bef 8bef 8bef 8c0f 8c0f 942f 940f 8c0f 8bef 8bee 8bee 8bee 8bee 8bee 8bee 8bee 8bee 8bee 8c0f 8c0f 940f 8bee 8bee 8bce 83ae 83ad 83ae 8bce 8bce 93ef 8bee 8bee 8bee 8bee 8bee 8bce 8bce 8bce 8bee 8bee 8bee 8bee 8bee 8bee 8bee 93ef 93ef 8bee 8bee 8bee 93ef 8c0f 8c0f 9430 9430 942f 942f 9430 9430 9430 9450 9450 9450 9450 9450 9471 9c71 9c71 9c71 9471 9471 9c91 9c91 9c91 9cb1 9cb2 9cd2 a4d2 9cd2 9cd2 9cd2 a4f3 a4f3 a513 a513 a513 a513 ad14 ad34 ad34 ad34 ad34 ad14 ad34 ad55 b575 b575 b575 ad55 ad35 ad35 a514 a535 ad55 ad76 b596 b5b7 b597 b596 b596 b596 b596 ad76 ad76 ad76 b596 b5b7 bdd7 bdd7 b5d7 bdd8 bdf8 bdf8 bdf8 be18 be18 be19 be19 be39 c639 c65a c65a c65a c67a ce9b cebc d6dc cebc ce9b c65b be3a c67b c67b c69b c69b c69b c69b c69c cebc cebc cedc cefd cedd cebc c67b be5a b63a b63a be5b be5b be5b be5b be7b c67b c69c cefd cedd cedd d6fd d6fd d71e d6fe d6fd d6fd cebc c67b be5b be5b be7b be5b be5a be5b b61a b61a be7b cedd d71e cefd cedd c67b cedc d6fd d6fd d6fd cedd c69b b63a b61a b63a b63a b63a b63a b65a be9b c6dc d71d d71e d71e d73e d71e cefd c69c be5b b61a b63a b63a b63a b63a b63a be5b be7b cedd cefd cefd cedd cedd cefd d71e d73e cedc c6bc be7b be5b b63a b65a be5b be9b 
a576 a576 a576 a556 a556 9d15 94f4 8cd4 8c93 8472 8452 8431 8410 7bf0 7baf 738e 736d 736d 732c 6b2c 6b2c 732c 732c 732c 732c 732c 734c 734c 732c 732c 732c 6b2c 732c 732c 6b0c 6b0c 6aeb 6b0b 6b0c 732c 732c 734d 7b6d 7b8d 7b6d 7b6d 7b6d 7b6d 7b6d 7b8d 7b8d 7b8d 7b8d 7b8d 7b8d 7b6d 7b8d 838d 838e 83ae 83ae 8bae 8bae 83ae 8bce 83ce 83ae 83ae 83ae 83ae 83ae 83ce 83ae 83ae 83ae 83ce 83ce 83ce 8bce 8bce 8bcf 8bcf 8bef 8bef 8bef 8c0f 8c0f 8c0f 942f 940f 8c0f 8c0f 8bee 8bee 8bee 8bee 8bef 8bef 8c0f 8c0f 8c0f 8c0f 940f 940f 8bee 8bce 83ce 83ae 83ae 8bce 8bce 8bee 93ef 8bef 8bef 8bef 8bce 8bce 8bce 8bce 8bef 8bef 8bef 8bef 8bef 8bef 93ef 93ef 940f 940f 940f 940f 8c0f 940f 940f 940f 942f 942f 9430 9430 9430 9450 9450 9450 9450 9450 9471 9471 9c91 9c91 9c91 9c91 9c91 9c91 9c91 9c91 9cb1 9cb2 9cb2 9cb2 9cd2 9cd2 9cd2 9cd3 a4f3 a4f3 a4f3 a4f3 a4f3 a514 ad34 ad34 ad34 ad34 ad54 ad54 ad35 ad35 ad55 b555 b576 b576 b576 ad76 ad56 ad55 ad35 ad55 ad76 b596 b5b7 bdb7 b5b7 b5b7 b596 ad96 ad76 ad96 b5b7 b5b7 b5d7 b5b7 b5b7 b5b7 b5d7 bdf8 be18 c619 c639 be39 c639 c65a c65a c67a c67b c67b c67b c67b c67b c67b c67b c67b c67b c67b c65b c67b c67b c67b c67b c69c cebc cedd cebc cebc cedd cebc c69c be5b b61a b5f9 b61a be3a be5b c67b c69c cebc cedd d6fd d6fd d6fd cedd d6dd d6dd d6dd d6dd cedc cebc c69b be5b b61a b619 b61a be5b c69b c6bc c69c c6bc cefd d73e df5f d73e d71e cedc cedc c6bc be7b be5a be3a b619 add8 add9 adf9 b63a be5b be7b be7b c69c c6bc cefd d71d d71e d71e cedd c69b b63a add9 adf9 b61a b61a b63a b63a be7b c6bc cefd cefd d6fd d6fd d6fd d6fd d71d cefd cedd be9b be9b be7b b65b b63a b63a be5b be5b 
b5d8 b5b7 adb8 ad97 ad97 a556 9d35 9515 8c93 8472 7c11 73d0 73af 738e 6b6e 6b4d 734d 734c 6b2c 6b0c 732c 732c 732c 734c 732c 732c 732c 732c 732c 6b0c 6b0c 6b0c 6aeb 6aeb 6aeb 6aeb 6aeb 6b0b 732c 734d 736d 7b6d 7b8d 7b8d 7b8d 7b8d 7b8d 7b6d 7bad 7b8d 7b8d 7b8d 7b6d 7b8d 7b8d 7bae 83ae 83ae 83ae 83ae 8bae 83ae 83ae 83ae 8bce 83ce 83ae 83ae 83ae 83ce 83ce 8bce 83ae 83ae 83ae 83ae 83ce 83ce 8bce 8bcf 8bef 8bef 8bef 8bef 8bef 8c0f 8c0f 8c0f 940f 8c0f 8c0f 8c0f 8bee 8bee 8bee 8c0f 8c0f 8c0f 8c0f 8c0f 8c0f 8c0f 8c0f 8c0f 8bce 8bce 8bce 8bce 8bce 8bce 8bef 8bef 93ef 8bef 8bef 8bce 8bce 8bce 8bce 8bce 8bef 93ef 93ef 93ef 940f 940f 940f 940f 940f 940f 940f 940f 940f 940f 942f 942f 942f 942f 9430 9430 9450 9450 9450 9470 9450 9450 9471 9c91 9c91 9cb1 9cb2 9cb2 9cb2 9cb1 9cb1 9cb1 9cb2 9cb2 9cb2 9cb2 9cd2 9cf2 a4f3 a4f3 a4f3 a4f3 a4f3 a4f3 a513 ad34 ad34 a514 a514 ad34 b575 b575 b555 ad35 ad14 ad35 ad55 b576 b596 b596 b596 ad76 ad55 ad35 ad55 b596 b5b7 bdd7 b5b7 b5d7 b5d7 b5b7 b5b7 b5b7 b5b7 b5b7 b5b7 b5b7 b5b7 b5b7 b5d7 bdf8 be18 be39 c639 c639 c65a c65a c67a ce7a ce9b ce9b c67b c67b c67a c65a c65a c65a c65a c67b c67b c67b c69c c69c c69c cebc cedd cedd cedd cebc c69c be5b b63a b5f9 b5f9 b61a b61a be3a c67b cebc cedd d6fd d6fd d71e d71d d71d d6fd d6fd d6dd cebc c67b be5a be5a be5b be5b be5a be3a be5a c67b c6bc cebc cedd d71d cefd cefd cefd d71d d71e d71d cedc c69b be5a b63a b619 b5f9 add9 add9 adf9 b61a be7b c6dc cefd c6dc c69c c6bc cedd cefd cedd c69c b63a b61a b61a b63a b61a b61a be5a c69c cedd cefd d6fd cedc d6fd d71d d71d d71d d71d c6bc be7b be5b be5b b65b b65b be7b be7b be7c be7c 
b5b7 adb7 adb7 ad97 a576 a556 9d35 9d15 94f4 8c93 8451 7bf0 73cf 73af 738e 6b6e 736d 734d 732c 732c 732c 734c 734c 734c 732c 732c 732c 732c 6b0c 6b0c 6b0c 6b0c 6aeb 6b0b 6b0c 6b2c 6b2c 732c 736d 7b6d 7b6d 7b6d 7b6d 7b8d 7b8d 7b8d 7b8d 7b6d 7b8d 7b8d 7b8d 7b6d 7b6d 7b8d 7b8d 83ae 83ae 83ae 83ae 83ae 8bae 83ae 838e 838e 83ce 83ce 83ce 83ce 83ce 83ce 8bce 8bce 83ae 83ae 83ae 83ce 83ce 83ce 8bef 8bef 8bef 8bef 8bef 8bef 8bef 8bef 8c0f 8c0f 8c0f 8c0f 8bef 8bef 8bee 8bee 8c0f 8c0f 8c0f 8c0f 8c0f 8c0f 8c0f 8c0f 8bef 8bef 8bee 8bee 8bee 8bee 8bef 8bef 8bef 8bef 93ef 93ef 8bef 8bef 8bef 8bef 8bef 8bef 8bef 93ef 93ef 940f 940f 940f 940f 940f 940f 940f 940f 940f 9430 9430 9430 9430 942f 942f 9430 9450 9450 9450 9470 9470 9471 9c71 9c71 9c91 9c92 9cb2 9cb2 9cb2 9cb2 9cb2 9cb2 9cb2 9cb2 a4d2 9cd2 9cd2 a4f3 a4f3 a4f3 a4f3 a4f3 a4f3 a513 a514 ad34 ad34 a514 a514 a514 ad55 b575 b596 b576 ad55 ad35 ad35 ad55 b576 b596 b597 b596 b576 ad55 ad55 ad56 b576 b5b7 bdb7 bdd7 bdd7 bdd7 bdd7 b5d7 b5b7 b5b7 b5b7 b5b7 b5d7 b5d7 b5d7 bdf8 bdf8 bdf8 be18 be19 be39 c639 c65a c67a c67a c67b c67b c67b c67b c67b c67b c67b c67b c65a be5a ce9c cebc cebc cedd cebc cebc cedd cedd cebc c67b be3a b61a adf9 add9 adf9 b63a be5b be7b c69c cedd d6fd d6fd d6fd df1e df1e d71d d6fd d6bc ce9b c65b be3a be19 be3a be3a be5b c67b c6bc cedc cedd cefd d71e df3e df5f d73e cefd cefd cefd cefd c69c be5a be5a be5a be7b be5a b63a be3a be5a be5a be7b c6bc cefd d71e cefd cefd cedd c6bc be7b b63a b63a b63a b63a be5a b63a b63a be7b c6bc cefd d71d cefd cedc d6fd d71d d71d d6fc cedc cebc be7b be5b b63a b63a b63a b65b be9c c6bd c6dd c6fd 
adb7 adb7 adb7 adb7 ad97 a576 9d36 9d15 8cb3 8c93 8452 8431 8431 8410 7bf0 7bae 736d 736d 734d 734c 734c 732c 732c 732c 734c 732c 732c 6b2c 6b0c 6b0c 6b0c 6b0c 6b0b 6b2c 734d 736d 736d 736d 7b6d 7b8e 7b8d 7b6d 736d 736d 7b8d 7b8d 7b8d 7b6d 736d 736d 7b6d 7b8d 7b8d 7b8d 7b8d 7b8d 838e 83ae 83ae 83ae 83ae 83ae 83ae 83ae 83ae 83ce 83ce 8bce 8bce 8bce 83ce 83ce 83ce 83ce 83ce 83ce 83ce 83ef 8bef 8bef 8bef 8bef 8bef 8bef 8bef 8bef 8c0f 8c0f 8bef 8bef 8bee 8bee 8bee 8bee 8bef 8c0f 8c0f 8c0f 8c0f 8c0f 8bef 8bef 8bee 8bee 8bef 8bef 8bef 8bef 8bef 8bef 8bef 8bef 8c0f 8bef 8bef 8bef 8bef 8bef 93ef 8bef 8bef 8bef 93ef 940f 940f 940f 940f 940f 942f 942f 9430 9430 9430 9430 9430 9430 9430 9430 9450 9450 9470 9470 9470 9470 9c71 9c91 9c91 9c92 9cb2 9cb2 9cb2 9cb2 a4d2 9cb2 9cb2 9cb2 a4d2 a4d2 a4d2 9cd2 a513 a513 a514 a513 a4f3 a4f3 a514 ad34 b575 ad55 a514 a4f3 a514 ad55 b575 b576 b576 b576 b555 ad75 ad76 ad76 b576 ad76 ad76 ad76 ad55 ad55 ad56 ad76 b596 b5b7 bdf8 bdf8 bdf8 bdd7 b5d7 b5b7 b5d7 b5d7 b5d7 b5d7 bdf8 bdf8 bdf8 bdf8 bdf8 bdf8 b5f8 be19 be19 be39 c65a c65a c65a c65a c65a c65a c65a c65a c65b c67b c67b ce9b ce9c cebc cedd cedd cedd cebc cebc c69c c67b be5a b61a b619 b5f9 b5f9 b61a be5a c69b c69b cebc d6fd d6fd d6fd d6fd d71e d71e d6fd ce9c c65b be3a be3a be3a be5b be5a be3a be3a c67b cedd d71d d71d d6fd d71d d71d d71d cefd d71d d71d c6bc be7b be3a b5f9 add9 b619 be3a b63a be3a be7b cedc cefd d71e cefd c6dc c6dc cefd d75f d71e be7b add8 a597 a5b8 b61a b61a b61a b63a be7b c6bc cedd cedd cedd cefd cefd d71d d71d cefc c69b be7b be5a be5a be5b be5b b63a b63a b65b be9c c6dd cefd cf1e 
b5f8 b5d8 adb7 a576 9d35 94d4 8cb3 8c93 8452 8452 8431 8431 7c10 7bef 7bcf 7bae 7b8e 7b8d 7b6d 734d 734c 732c 732c 732c 732c 732c 732c 732c 732c 732c 732c 732c 732c 734c 7b6d 7b8d 7b8d 7b6d 734c 734c 734c 736d 7b6d 7b6d 736d 736d 7b6d 7b6d 736d 7b6d 7b6d 7b8d 838e 83ae 83ae 83ae 838d 838e 838e 838e 83ae 83ae 83ae 83ae 8bcf 83ce 83ce 83ae 83ae 83ae 83ae 83ce 8bef 8bcf 83ce 83ce 8bcf 8bef 8bef 8bef 8bce 8bcf 8bef 8bef 8bef 8bef 8bef 83ef 8bef 8bef 8bef 8c0f 8c0f 8c0f 8c0f 8c0f 8c30 8c2f 8c0f 8c0f 8bef 83ef 8bef 8bef 8c0f 8bef 8bef 8bef 8bee 8c0f 8c0f 940f 8c0f 8c0f 8c0f 8c0f 8c0f 8c0f 940f 8c0f 8c0f 8c0f 8c0f 8c0f 940f 8c0f 940f 8c0f 940f 942f 942f 9430 9430 9430 9430 9450 9430 9450 9450 9450 9471 9471 9471 9471 9c92 9c92 9c92 9cb2 9cb2 a4d2 a4d2 a4d2 a4d3 a4d3 a4d3 a4d3 a4d3 a4d3 a4d3 a4d3 a514 a514 a514 a514 a514 a514 a534 ad55 b575 ad55 a535 a534 a514 a514 ad55 b5b7 bdd7 b5b6 b576 ad75 ad76 b596 b576 ad76 b596 b596 ad96 ad97 b597 b597 ad96 ad76 bdd7 bdd7 b5d7 b5b7 b5b7 b5b7 b5d8 bdd8 b5b7 b5d8 bdf8 bdf8 bdf8 be19 be19 c639 be39 be39 be39 be39 be39 be3a c63a c65a c65a c65a c65a c65a c65b ce7b cebc d6dc cebc cebc d6dd d6fd d6dd cebc c67b be5a be3a be3a be3a be3a be1a be3a be5b c69b cebc cebb cebb cedc d6fd d71e d71e d6fd be7b be5b be3b be3b be5b be5b be5a b63a be7b c69c cedd d71e d71e d71e d71d d71d cefd d71d d71d cefc cebc c67b b639 adf9 b63a be3a b61a b5f9 adf9 b61a c69b cedc cedd cefd d73e df5f df5f d73e cefd c6bc c6bc c69c b63a add9 9d77 9d77 a5b8 b619 be9b be9b be9b be7b be7b be9b c6bc cedd cefd be7b b61a b61a b61a b61a b61a b63a be5b be5b be7b c69c c6bc cefd cf1d d71d 
ad76 a556 9d35 94f4 94d4 8c93 8452 8431 8431 8431 8411 8410 7bef 7bcf 73ae 7b8e 7b6d 736d 734c 732c 732c 732c 732c 734c 732c 732c 732c 732c 732c 732c 734c 734c 734c 734c 734c 7b6d 7b6d 7b6d 734c 734c 736d 7b6d 7b6d 7b6d 7b6d 736d 7b6d 7b6d 7b8d 7b8d 838d 83ae 83ae 83ae 83ae 83ae 838d 838d 7b8d 7b8d 838d 838e 83ae 83ae 83ae 83ae 83ae 83ae 83ae 83ce 83ce 8bce 8bef 8bcf 8bcf 8bcf 8bef 8bef 8c0f 8bef 8c0f 8bef 8bef 8bef 8bef 8bef 8bef 8bef 8c0f 8bef 8bef 8bef 8c0f 8c0f 8c0f 8c2f 8c30 8c30 8c10 8c0f 8c0f 8c0f 8c0f 8c0f 8c0f 8bef 8bef 8bef 8bee 8c0f 8c0f 940f 8c0f 8c0f 8c0f 8c0f 8c0f 8c0f 940f 940f 8c0f 8c0f 940f 940f 940f 940f 940f 940f 942f 942f 9430 9430 9430 9430 9450 9450 9450 9450 9471 9c71 9c71 9c71 9c71 9c71 9c92 9c92 9c92 9cb2 9cb2 9cb2 a4d2 a4d2 a4d3 a4d3 a4d3 a4d2 9cb2 9cb2 a4f3 a513 9cd3 9cf3 a514 a534 a534 a514 a534 a534 ad35 a534 a534 ad35 ad35 ad55 ad76 b596 b5b7 b5b7 b5b7 b596 b596 b597 b5b7 b596 ad96 ad96 ad97 ad97 adb7 adb7 ad97 ad96 b597 b5b7 b5d7 bdd7 b5d8 b5d8 b5d8 bdd8 b5d8 b5d8 bdf8 bdf8 bdf8 be19 be19 c639 be39 be39 be19 be19 be39 be39 be3a c63a c63a c63a c65a c65a ce9b cebc d6dd d6fd d6fd d6fd cedc ce9b c67b be3a be19 b619 be3a be19 be19 be5a c69b cebc cedc cedc d6fc d6fc d6fd d6fd d6fd cedd c69c be5b be5b be3b b63b b63a b63b be7b be9b be9c cedd cefd d6fd d71e d73e df3e df5e df5e df3e d71d cefc c6bb c67a b639 adf8 add8 adb8 b5f9 be3a be5b c67b cebc cefd d71d d73e d71d cefd cefd d71d cefd be9b b63a a598 adf9 be5b be7b b63a b63a be7b cedc c6dc c6dc c6bc c6bc c69c c69c c69c c69c b63a add9 a5b8 a5b8 a5b8 a5b8 adb8 add9 be3a c67b cedc d71d d71d cefd cedc c6bc 
94d3 8cb2 8472 8451 8451 8451 8431 7c11 7c11 7c10 7c10 7bef 7bcf 73ae 738d 736d 734d 734c 732c 6b2c 6b2c 732c 734c 734c 732c 732c 732c 732c 732c 734c 734c 734c 7b8d 7b6d 734c 734c 7b6d 7b6d 7b6d 734c 736d 7b6d 7b6d 7b6d 7b6d 7b6d 7b6d 7b6d 838d 838d 7b8d 7b8d 838d 838d 838e 838e 7b8d 7b8d 7b8d 7b8d 7b8d 838e 83ae 83ae 83ae 83ae 83ae 83ae 83ce 83ce 8bce 8bcf 8bce 83ce 83ce 8bce 8bef 8bef 8c0f 8c0f 8c0f 8bef 8bef 8bef 8bef 8bef 8c0f 8c0f 8c0f 8bef 8bef 8bef 8c0f 8c0f 8c2f 8c30 8c10 8c10 8c10 8c10 8c2f 8c0f 8c0f 8c0f 8bef 8bef 8bef 8bef 8bee 8c0f 8c0f 8c0f 8c0f 8c0f 8c0f 8c0f 8c0f 8c0f 8c2f 8c2f 8c2f 8c2f 8c2f 8c2f 8c2f 942f 942f 942f 942f 942f 9430 9450 9450 9450 9450 9450 9450 9471 9c71 9c71 9c91 9c91 9c91 9c91 9c91 9c92 9cb2 9cb2 9cb2 9cb2 a4d2 a4d3 a4d3 a4f3 a4f3 a4d3 9cb2 9cb2 a4d3 a513 a4f3 a4f3 a4f4 a4f3 a4f3 a514 a534 ad55 ad35 ad55 ad55 ad55 ad55 ad76 ad75 ad55 ad76 b5b6 bdb7 b5b7 b596 b596 b597 b597 ad96 ad96 b597 b5b7 b5b7 b5b7 b5b7 b5b7 b597 b5b7 b5b7 b5d8 bdd8 bdf8 bdf8 bdf8 bdf8 bdf8 bdf8 bdf8 bdf8 be19 be19 be19 be39 be39 be39 be39 be3a be3a c63a c63a c65a c65a c65a ce7b cebc d6bc d6dc d6dc cebc ce9b c67b be3a be19 be19 be3a be5a c65a c65a c67b ce9b cebc cedc cedc cebc cebb d6fc d73d d71d cebc be5b be5b be7b be5b be3b b63b b63b be5b c69c cedd cf1d d73e d73e d73e d71e d71e d71e df3e df5e d73e cefc c69b c67b be5a b619 b5f8 b5f9 a598 adf9 be5b c69c cedd d6fd d71e d71d d73e d71e cefd c6bc be5b b61a adf9 adf9 b63a b63a b63a b63a be5b c69b cedd d71d d73e d73e d73e d73e d71e cefd c6bc be9b b61a adfa adfa adfa adf9 add9 b61a be5b b63a be5b c6bc cedc cedc c6dc cedc cefc 
8472 8451 7c31 7c31 8431 8451 8451 8451 7c10 7c10 7bef 7baf 738e 736d 734d 734c 734c 732c 732c 732c 732c 734c 734c 736d 732c 732c 732c 734c 734c 734c 734c 734c 7b8d 7b6d 734c 734c 734c 734c 734c 734c 734c 734c 7b6d 7b6d 7b6d 7b6d 7b8d 7b8d 7b6d 7b6d 7b6d 7b6d 7b6d 7b6d 7b6d 7b8d 7b8d 7b8d 838d 83ae 83ae 83ae 83ae 83ae 8bce 83ce 83ce 83ce 83ce 83ce 8bce 8bce 83ce 83ce 83ce 8bce 8bef 8bef 8bef 8bef 8bce 8bcf 8bef 8bef 8bef 8bef 8c0f 8bef 8bef 8bef 8c0f 8c0f 8c0f 8c0f 8c30 8c30 8c0f 8c0f 8c0f 8c10 8c2f 8c2f 8c2f 8c0f 8bef 8bef 8bef 8bef 8bee 8c0f 8c0f 8c0f 8c0f 8c0f 8c0f 8c0f 8c0f 8c2f 8c2f 942f 8c2f 942f 942f 942f 942f 942f 942f 942f 942f 942f 9430 9450 9450 9450 9450 9450 9450 9471 9c71 9c71 9c91 9c91 9c71 9c91 9c92 9cb2 9cb2 9cb2 9cb2 9cb2 a4d2 a4f3 a4f3 a4f3 ad13 a4f3 a4d3 a4d2 a4d3 a4f3 a4f3 a4f3 a4f3 9cf3 9cf3 a4f3 a514 ad34 ad55 b576 b576 ad55 ad55 ad75 ad76 ad55 ad75 b596 bdb7 b5b7 b597 b596 b597 b596 ad96 b5b7 b5b7 b5b7 b5d7 b5d7 b5d8 b5d8 b5d8 bdd7 b5b7 b5b7 b5b7 b5d8 bdf8 c619 be19 bdf8 b5d8 b5d8 bdf8 be19 be19 be19 be39 be39 be3a c65a c65a c65a c65a c65a c65a c65a c67b ce9b cebc d6bc cebc ce9b c65a be3a b5f9 b5d8 b5d8 b619 be5a c67b cebc d6dc d71d d6fd cedc cebc cebc cedc d71d d71d d6fd cebc be5b b61a b61a b61a b61a b63b be5b be7b c69c cedc d71d d73e df3e df3f df3e df3e d71e d71e d71d d71d cebc c67b be5a be5a be39 b5f9 b5f9 be3a c67b c69c cedd d6fd d71e df3e d73e d73e d71d cefd c6bc be5b adf9 add9 adf9 b61a adf9 b61a be5b c69c cedd cefd cefd cedd cf1d d71e d73e d73e d71e c6dc be7b b63a b63a b61a b61a b63a b63a be3a be7b c6bc d6fd cedd cedc c69c be7b be7b c69b c6bb 
8c92 8cb2 8cb3 8cb3 8c92 8472 8451 8451 7bf0 7bcf 73ae 736d 6b4d 6b4c 6b2c 732c 732c 732c 734c 734c 734d 734d 734c 734c 732c 734c 734c 734c 734c 734c 734c 732c 732c 732c 732c 732c 732c 732c 734c 734c 734c 734c 736d 736d 736d 736d 7b6d 7b6d 7b6d 7b6d 7b6d 7b6d 7b6d 7b6d 7b8d 7b8d 7b8d 838d 83ae 83ce 8bce 8bce 83ce 83ce 8bcf 8bce 83ce 83ae 83ae 83ce 83ce 8bcf 8bef 8bcf 8bcf 8bef 8bef 8bef 8bef 8bef 83ce 8bce 8bcf 8bef 8bef 8bef 8bef 8bef 8bef 8bef 8c0f 8c30 9430 9430 8c30 8c2f 8c0f 8c0f 8c0f 8c2f 8c30 8c30 8c2f 8c2f 8bef 8bef 8bef 8c0f 8c0f 8c0f 8c0f 8c0f 8c0f 8c0f 8c0f 8c0f 8c0f 8c2f 8c2f 942f 942f 942f 942f 942f 942f 9430 9430 9430 9430 9430 9450 9450 9450 9471 9471 9471 9451 9471 9c71 9c91 9c91 9c91 9c91 9c91 9c92 9cb2 9cd2 9cd2 9cd2 9cd2 9cd2 a4f3 a513 a513 a4f3 a4f3 a4f3 a513 a513 a513 9cd3 9cf3 a4f4 a514 a514 a514 a514 a534 a535 b576 b596 ad55 a535 ad55 b596 b596 b576 b5b7 bdd7 bdd7 bdd7 bdd7 b5d7 b5b7 ad97 b5b7 b5b7 b5d7 b5d8 b5d8 b5d8 bdf8 bdf8 bdf8 b5d8 b5b7 b5b7 bdd8 be19 c639 be19 bdf9 bdf8 b5d8 b5f8 be19 be19 be19 be19 be39 be3a c65a c65a c67a c67b c67b c67a c67a c67b ce9b cebc cebc ce9b c67b be3a b639 b5f8 add8 adb8 add8 b5f8 b619 c6bb d6fc d71d d71d d6fc d6fc d71d d71d d71d cedc be7b be5a be7b be7b be5b b61a b5f9 be3a c69c cebc cedd cedd d6fd d6fd d71e df3e df5f df5f d73e d6fd cedc cebc c67b be5a be3a b63a b5f8 adb8 adf8 be5a d6fd d71e d71e d71e d73e df3e d73e d71e cedd be7b b61a adf9 b61a b63a b65a b63a add8 be5a cedd d71e d71d cefd cefd d71d d71e d73e d73e cf1d c6dc be9b b65a b63a b63b b63a b61a b63a be5b c67c cebc d6fd d73e d71e d71d d71d cefd cefd c6dc c6bb 
8cb3 94d3 94f4 94f3 8c92 7c50 73ef 73ae 6b6e 6b6d 6b4c 6b2c 6b2c 6b2c 6b2c 732c 6b2c 732c 734c 734d 734d 734c 734c 732c 732c 734c 734c 734c 734c 732c 732b 6b0b 6b0b 6b2c 732c 734c 734c 734c 734c 7b6d 734c 734c 734c 734c 734c 734c 734c 734c 734c 734c 7b4c 7b4d 7b6d 7b6d 7b8d 7b8d 838d 83ae 83ae 83ce 8bce 83ce 83ce 83ae 83ae 83ae 83ae 83ae 83ae 83ae 83ce 8bcf 8bce 8bce 8bce 8bce 8bcf 8bef 8bce 83ce 8bef 8bef 83ce 83ce 83ce 83ce 83ef 8bef 8bef 8c0f 8c0f 9430 9430 9430 8c30 8c2f 8c10 8c10 8c30 8c30 8c30 8c30 8c30 8c2f 8c0f 8c0f 8c0f 8c0f 8c0f 8c0f 8c0f 8c0f 8c0f 8c0f 8c0f 8c0f 8c0f 8c2f 942f 942f 942f 9430 9430 9430 9430 9430 9430 9430 9430 9430 9450 9450 9c71 9c71 9471 9471 9471 9471 9c91 9c92 9cb2 9cb2 9cb2 9c92 9cb2 9cd2 a4d3 a4f3 a4d3 9cd2 a4d3 a4f3 a513 a4f3 a4d3 a4d3 a4f3 ad34 ad34 ad34 a514 a4f4 9cf3 9cd3 9cd3 a514 ad55 b576 a535 b576 b596 ad55 a534 ad35 ad76 b576 b596 b5b7 b5b7 bdd7 bdf8 bdf8 bdf8 b5b7 b597 b5b7 b5b7 b5b7 b5b8 b5d8 b5d8 b5d8 bdd8 bdd8 bdf8 bdd8 bdf8 bdf8 be19 be39 be19 bdf9 bdf8 bdf8 bdf8 be19 be19 be19 be19 be39 be39 be5a c65a c67a c67b c67b ce9b ce9b ce9b ce9b c67b c67b be3a be3a b619 b619 b619 b619 b619 b639 be39 be3a c69b c69b c69b c69b cedc d6fc cedc c69b be7b be7b be7b be5b be5b be5a be5b be7b be3b c67b cedd d71e d71e d71d d6fd d6fd cefd d6fe d71e d71e cefd c6bc be7b be5a be5a be3a b63a b639 b619 b5f9 be5a cebc cedc d6fd d71e d71e d71e d6fd cedd c6bc be7b be5a b619 adf9 b619 b61a b63a b63a c6bc cedd cedd c6bc c69c c6bc cefd d73e df5f d73e cf1d c6bc be7b be5b be5b be7b be5b b63b b63a be5b c69c cedd d71e d73e cedd cedd d6fd d71e d73e d73e cf1d cedc 
8cb2 8c92 8c71 8450 7c10 6bae 634d 632c 632c 632b 630b 630b 6b0b 6b0b 6b2b 732c 732c 732c 732c 734c 734c 734c 734c 734c 734c 734c 732c 732c 732c 732c 732b 732b 732c 732c 732c 734c 734c 736d 734c 734c 732c 734c 734c 734c 732c 732c 732c 732c 734c 734c 7b6d 7b6d 7b8d 7b8d 7b8d 7bae 83ae 83ae 83ae 83ae 83ae 83ae 7bae 7b8d 7b6d 7b8d 838d 83ae 83ae 83ce 83ce 83ce 83ae 83ae 83ae 83ae 83ce 83ce 83ae 83ae 8bcf 83ce 83ae 83ae 83ae 8bce 8bef 8c0f 8c0f 8c0f 8c0f 9430 9430 9430 8c30 8c30 9430 9430 8c30 8c30 8c2f 8c0f 8c0f 8c0f 8c0f 8c0f 8c0f 8c0f 8c0f 8c0f 8c0f 8c0f 8c2f 8c2f 8c2f 8c2f 8c30 8c30 9430 9450 9450 9450 9450 9450 9450 9450 9450 9450 9450 9450 9471 9c71 9c91 9c91 9c71 9471 9471 9c71 9c91 9cb2 9cb2 9cb2 9cb2 9cb2 9cb2 9cb2 9cd3 a4f3 a4f3 a4d3 9cd3 9cd3 a4f3 a4f3 a4f3 a4f3 a514 ad14 ad34 ad34 ad55 a534 9cf3 9cd3 9cd3 9cf4 ad55 b596 a534 ad75 b596 ad76 ad35 a535 ad35 ad35 ad76 b596 b596 b5b7 bdd7 bdf8 bdf8 bdd7 b5b7 b5b7 b5b7 b5b8 b5d8 b5d8 b5d8 b5d8 b5d8 bdf8 bdf8 be18 bdf8 bdf8 bdf8 bdf8 be19 be19 be19 be19 be19 be19 be19 be39 be39 be39 be3a be5a c65a c67a c67b c67b ce9b ce9b ce9b c67b c65b be3a be3a be19 b5f9 b619 be5a c67b cebb cedc cedc cedc c6bb cebb c69b c69b c69b c69b be3a add8 b619 be5b be9b be7b b61a adf9 b63a be7b cedd cefd d71e df3e df3e df3e df3e df3e d6fd d6fd cedd c69c be5b b61a add9 adb8 b5f9 b619 be3a be5a c67b c6bc cefc d71d d71d d71e df3e df3e d71e cedd c69c be5b b61a b63a be5a b63a b61a b61a b63a be7b cedd c6bc c69c c6bc cefd cefd cefd cedd cefd c6dc be9b b65a b63a b63a b63a b65a b63a be5b be5b c69c cebd d6fd d6fd d6fd d71e d6fd d71d d71d cefd c6dc be9b be5a 
8c72 8430 73cf 6b8e 6b6d 634c 632c 630b 630b 630b 630b 6b0b 6b0b 6b0b 6b0b 6b0b 732c 732c 732c 734c 734c 734d 734c 734c 736d 734c 732c 732c 6b2c 732c 732c 734c 734c 732c 732c 732c 734c 734c 732c 6b0b 6b0b 6b0b 6b2c 732c 732c 732c 734c 734c 7b6d 7b8d 7b8d 7bae 83ae 83ae 83ce 83ce 83ce 83ae 83ae 7b8d 7b8d 7b6d 7b6d 7b6d 7b6d 7b8d 838e 83ae 83ce 83ce 83ce 83ae 83ae 83ae 83ae 83ce 8bce 8bce 83ce 83ae 838e 83ae 83ae 83ce 8bef 8bef 8c0f 8c0f 8c30 8c30 8c0f 8c0f 8c0f 8c30 9430 9430 9450 9430 8c30 8c0f 8c0f 8c0f 8bef 8bef 8c0f 8c0f 8c0f 8c0f 8c0f 8c30 8c30 8c30 8c30 8c30 8c30 8c30 8c30 9430 9450 9450 9450 9450 9450 9450 9450 9450 9450 9450 9450 9471 9c71 9c91 9c91 9c91 9c71 9c71 9451 9471 9c91 9cb2 9cb2 9cb2 9cb2 9cb2 9cb2 9cb2 9cd3 a4f3 a4f3 a4f3 9cd3 9cb2 9cb2 a4d3 ad14 ad34 ad34 a514 a4f3 a4f3 a534 a534 ad55 a534 a534 a514 a514 a534 9cf3 a514 ad55 ad76 ad76 ad55 ad55 ad35 ad55 ad76 b596 b5b7 bdd7 bdf8 bdf8 bdf8 bdd8 b5d8 b5d8 b5d8 b5d8 bdf8 bdf8 b5d8 be18 be18 be18 bdf8 bdf8 b5d8 b5d8 b5d8 bdf8 be19 be19 be19 be19 be19 be39 be3a c65a c65a c65a c65a c65a c67a c67b ce9b c65a c65a c65a c65a c65a c65a c65b c67b be3a be7a c69b cedc d6fc d6fc d6fc cedc d6fc d73d d73d cefc c6bb c67a b619 a5b8 9d77 9d97 a5b8 adf9 b63a be7b c6bc cedd d71e d73e df3e df3e df3e df3e df3e df5e df5f d71e cedd be5b adf9 a598 a577 9d77 add8 b619 be5a c6bc cefd d71d d71d cefd d71e df3e df3e d71e cebc be5b b61a add9 adf9 adf9 b63a be5b c69b c6bc c6bc c6dc cefd cefd cefd cefd cefd cedd cedc c6bc c69c be7b be5b be5b be5b be7b be5b b65a be5b be7b c6bc cefd d6fe d71e d6fd cedd cedd d6fd d73e d73e d71d c6bc be5a b619 
8410 73cf 6b6d 632c 5b0b 5aeb 5aeb 5aeb 5aca 62ea 62eb 6b0b 6b0b 6b0b 732b 732b 732c 732c 732c 734c 734c 734c 734c 734c 732c 732c 732c 732c 732c 732c 732c 732c 6b2c 6b2c 6b2c 6b2c 6b2c 6b0b 6b0b 6b0b 732c 732c 732c 732c 734c 734c 7b6d 7b8d 83ae 83ce 83ce 83ce 83ae 7bae 7bae 83ae 83ae 7bae 7b8d 7b8d 7b8d 7b8d 7b8d 7b8d 838e 83ae 83ae 83ce 83ce 83ce 83ae 83ae 83ae 83ae 83ae 83ae 83ae 83ae 83ce 83ce 83ae 83ae 83ce 8bcf 8bef 8bef 8c0f 8c0f 9430 9430 8c30 8c0f 8c0f 8c30 8c30 9430 8c0f 8c0f 8c0f 8c0f 8c0f 8c0f 8c0f 8c0f 9430 9430 8c30 8c30 8c30 8c30 8c30 8c30 8c30 8c30 8c30 9430 9430 9450 9450 9450 9450 9450 9450 9450 9450 9450 9451 9451 9470 9c71 9c91 9c91 9c91 9c71 9c91 9c91 9c91 9471 9c92 9cb2 9cb2 9cb2 9cd2 9cd2 a4d3 9cd3 a4f3 a4f3 9cd3 9cd3 9cd3 9cd3 9cd3 a4f3 ad34 ad34 ad34 ad34 a514 a514 a514 a535 ad75 ad55 a514 a514 a535 a534 9cd4 a4f4 a535 ad55 ad56 ad56 ad56 ad55 a515 ad55 b576 b596 b597 bdd7 bdf8 bdf8 be19 bdf8 b5d8 b5d8 b5d8 bdf8 bdf9 bdf8 be18 bdf8 bdf8 bdf8 b5f8 b5f8 b5f8 b5d8 be19 bdf8 be19 be39 be39 be19 be39 c65a c65a c65a c67a c67b c67b c67a c65a be5a be39 be3a be5a be3a be3a be3a c67b c69b cedc cedc cebc cedc cefc d6fd d71d d71d d6fd d71d d71d cefc be5a b5f9 b619 be5a b63a add9 9d77 9d77 a598 b619 c69c d71d df3e d73e d71e d6fd d6fd d6fd df1e df3e cedd c69c be5b be3a b5f9 add9 add9 b61a be5b c69b cedc d71d df3e df3e d73e d71e df3e d71e cedd c6bc c67b be5b b63a b63a b619 adf9 adf9 b61a be5b c6bc cefd cf1d cedd cedd cefd d71e d73e d73e cedd c69c b65a b63a b63a be5b be7b be9b be7b b63a be5b c6bc d6fd d71e d71e d6fd d6fd cedd cedd d6fd d71d cefd c6bc be9b be7b be7b 
6b6d 6b4d 630b 5aca 52aa 52a9 52a9 52a9 5aca 62ea 62ea 6b0b 6b0b 6b0b 732b 732c 732c 732c 732c 732c 732c 732c 732c 6b2c 6b0b 732c 732c 734c 734c 734c 732b 6b2b 732c 732c 732c 732c 732c 732c 732c 732c 732c 732c 734c 736d 7b6d 7b8d 7b8d 7bae 7b6d 7b8d 83ae 7bae 7b8d 7b6d 7b8d 7b8d 7b8d 7b8d 7b8d 7b8d 7b8d 7b8d 83ae 83ae 83ce 83ce 8bce 8bcf 8bcf 83ce 83ae 83ae 83ce 83ce 83ae 83ae 83ae 83ae 83ae 83ae 83ce 8bce 8bcf 8bef 8bef 8bef 8c0f 8c0f 9430 9430 8c30 8c0f 8c0f 8c30 8c30 8c30 8c0f 8c0f 8c30 8c30 8c30 8c30 8c30 8c30 9430 9430 8c30 8c30 8c30 8c30 8c30 8c30 8c30 8c30 8c30 9430 9430 9450 9450 9450 9450 9450 9450 9450 9450 9451 9451 9471 9470 9c71 9c91 9cb1 9c91 9c71 9471 9c91 9c91 9471 9c92 a4d2 9cb2 9cb2 9cd2 9cd2 a4f3 a4f3 a4f3 a4f3 a4f3 9cd3 9cd2 9cb2 a4f3 a4f3 a514 a514 a514 a514 a514 a534 a514 a534 ad55 ad55 a534 a534 ad55 a535 9cf4 a4f4 a515 ad55 ad76 ad76 ad76 ad55 a535 ad55 ad76 b576 b596 b5b7 bdd8 bdd8 bdf8 bdf8 b5d8 b5d8 b5d8 b5d8 b5d8 b5d8 bdf8 bdf8 bdf8 be18 be19 be19 be19 be19 be19 bdf8 be19 be3a be5a be3a c65a c67a c67a c67a c65a be5a be5a be5a be5a be3a be5a be5a be5a be3a be3a be5a c67b c69b cedc cedc cedc cedc cedc d6fd d73d df3e d71d cedc c69b c67b c67b be5a be5a be5a be5a b61a adf9 b61a b63a be5a be7b c69b cedc cedc cedc d6fd df1e df1e d6dd cebc be5b be5b b61a add9 a5b8 add9 b63a be7b cebc d6fd d73e df3e d73e d71d d73e df3e d6fd cedd c67b be3a b61a b61a be5a be7b be5b be5b be5b c69c cedd d71e d73e d73e cefd cefd cedd cefd d71e d71e c6bc be7b b61a ae19 ae19 ae19 b63a b65a be7b c69c cedd d71e d71e d6fd cedd cedd d6fd d6fd d71e d6fd cefd c6bc be7b b63a adf9 adf8 
5acb 5acb 5aaa 52aa 5aaa 5aca 5aca 5aca 5aea 62ea 62ea 6b0a 6b0b 6b0b 732b 732b 734c 734c 732c 732c 732c 732c 732c 732c 6b2c 732c 734c 734c 734c 732c 6b0b 6b0b 6b0b 6b2c 732c 732c 734c 734c 734c 732c 734c 736d 7b6d 7b8d 7b8d 7b8d 7b6d 7b6d 734c 736d 7b6d 7b6d 7b6d 7b6d 7b6d 7b6d 7b8d 7b8d 7b8d 7b8d 7b8d 83ae 83ae 83ae 8bcf 8bcf 8bcf 8bce 83ce 83ae 83ae 838e 83ae 83ae 83ae 83ae 83ae 83ae 83ce 83ce 8bef 8bef 8bef 8bef 8c0f 8c0f 8c0f 8c0f 8c30 8c30 8c30 8c0f 8c0f 8c0f 8c2f 8c2f 8c30 8c30 9430 9430 9430 9430 9430 9430 9430 9430 9430 9430 9430 9430 9430 9430 8c30 8c30 8c30 9450 9450 9450 9450 9450 9450 9450 9450 9451 9451 9471 9471 9471 9471 9c91 9cb2 9cb2 9c92 9c91 9471 9471 9c92 9491 9cb2 9cd2 9cb2 9cb2 a4d3 a4f3 a513 a513 a514 a4f3 a4f3 9cd3 9cb2 9cb2 9cd3 a4f3 a4f3 a513 a514 a514 a514 a514 a514 a534 ad55 ad55 a514 a514 ad35 ad55 a514 a514 a514 a535 ad55 ad76 ad76 ad56 ad56 ad35 ad55 ad76 b576 ad76 b597 b5b7 bdd8 bdd8 bdd8 b5d8 b5d8 b5d8 b5d8 b5d8 b5f8 bdf8 be19 be19 be19 be39 be39 be59 be19 be19 be39 c65a c65a be5a be5a c65a c67a be7a be5a be5a be39 be39 be39 be3a be5a be5a be7a be7a be5a c67b c69b cebc cebc cedc cedd cefd cedd cefd d71d d71e cedc be7b b619 b619 be3a be7b be5b be5a be5b be5b c67b cebc cefd cedc cebc c6bb c69b cebc cebc cedd cedd cebc be5b b61a be3a be5b b63a adb8 a598 add9 be3a be5b c69c c6bc cedd d6fd d71e d71e d71e d71e c69c c67b be5b b61a add9 add9 adf9 adf9 b63a c69c cefd d71d cefd cefd d73e df5f d73e d71e cefd cefd cedd c6bc be7b be5a b63a b63a ae19 adf9 adf9 b61a be7b c6bc cefd d6fd d6fd cebc cebc cebc d6fd d71e cedd cebc be7b b63a b63a b65a b65b b67b 
62ec 62ec 62eb 62eb 630b 630b 630b 630a 62ea 62ea 62ea 62ea 6aeb 6aeb 6b0b 730b 732c 732c 732c 732c 732c 734c 734c 736d 734c 734c 734c 732c 732c 6b0b 6b0b 6b0b 6b0b 6b0b 6b2c 732c 734c 734c 734c 734c 734c 734c 736d 7b6d 736d 734c 732c 6b2c 734c 734c 736d 7b6d 7b6d 7b6d 7b8d 7b8d 7b8d 7b8d 7b8d 7b8d 7bae 83ae 83ae 83ae 83ce 83ce 83ae 83ae 838e 838e 838e 838e 83ae 83ae 83ae 83ae 83ce 8bcf 8bef 8bef 8bef 8bef 8bef 8c0f 8c0f 8c0f 8c0f 8c0f 8c0f 8c0f 8c0f 8c0f 8c0f 8c0f 8c0f 8c0f 9430 9430 9430 9430 9430 9430 9430 9430 9430 9430 9430 9430 9430 9430 9430 9430 9450 9450 9450 9450 9450 9450 9451 9451 9450 9451 9451 9471 9471 9471 9471 9471 9471 9c91 9c92 9cb2 9c91 9c91 9c91 9c91 9cb2 9491 9cb2 a4f3 9cd2 9cd2 a4f3 a4f3 a4f3 a4f3 a514 a514 a4f3 9cd3 9cd2 9cd2 9cd2 9cd3 a4f3 a514 a514 a514 a513 a4f3 a535 a535 ad55 ad55 9cf4 9cf4 a535 ad55 a515 a514 a514 a514 a515 ad35 ad56 ad76 b576 ad55 ad35 ad76 b576 ad56 ad76 b597 b5d8 b5d8 bdf8 bdf8 bdf9 bdf9 bdf9 be19 b5f8 be19 be19 be19 be19 bdf8 be19 be39 be3a be5a c65a c65a be5a be39 be39 be39 be5a be5a be5a be5a be5a be5a be3a be3a be5a be5a c67b c69b c69b c69b cebc cebc cedc cefd d6fd d6fd cedd cebc c69c c69b be3a b63a b61a b5f9 b5f9 b63a be5b c69c c69c c6bc cedc d6fd d71d d73e d73e d73e d71d d71d d6fd cebc be5b b61a add9 adb8 adb8 adf9 b61a b61a b61a be5b c69c cebc cefd cebc c69c cedd d6fd cefd c67b b61a b63a be5b c67b c67b be5b b63a b61a b61a be5b c6bc cefd cefd cedc c6bc cefd d73e d73e d73e d71e cedd c69c be5b be5a b63a be7b be5b b65a b63a b61a b65a c6bc cefd d71e d71e d6fd cedd cebc cebc c69c c69c cebc be7b b61a adf9 adf9 ae1a ae3a ae3a 
734d 734d 6b2c 6b2c 630b 62ca 5aca 5ac9 5aca 5ac9 62ca 62ea 62ea 62ea 6aeb 6b0b 6b0c 6b0c 6b0c 6b0c 732c 734c 734c 734c 736d 734c 732c 6b0b 6b0b 6b0b 732b 732c 732c 732c 732c 732c 732c 732c 732c 732c 6b0b 6b2c 732c 732c 732c 732c 732c 732c 734c 736d 7b6d 7b6d 7b6d 7b8d 7b8d 7b8d 7b8d 7b8d 7b8d 7bae 83ae 83ae 83ce 83ce 83ae 83ae 838d 7b8d 7b8d 838e 83ae 83ce 83ae 83ce 8bce 8bef 8bef 8bef 8bef 8bef 8bef 8bef 8bef 8c0f 8c0f 8c0f 8c0f 8c0f 8c0f 8c0f 8c0f 8c0f 8c0f 8c0f 8c2f 8c0f 9430 9430 9410 9410 8c30 9430 9430 9430 9430 9430 9430 9430 9450 9450 9450 9450 9450 9450 9451 9451 9451 9451 9471 9471 9471 9471 9471 9471 9471 9471 9471 9471 9471 9c91 9c91 9c91 9491 9491 9cb2 9cb2 9cb2 9c92 9cd2 a4f3 9cd2 9cd2 a4f3 a4f3 9cd3 a4f4 a514 a514 a4f4 9cd3 9cd3 9cb3 9cb3 9cd3 a4f3 a514 a514 a514 a4f4 a4f3 a514 a514 ad76 ad96 a535 9cf4 a535 ad55 a535 a535 a535 a514 9cf4 9d14 a555 ad96 b597 ad56 ad55 b576 b597 ad76 ad76 b597 b5b8 b5d8 bdf8 be19 bdf9 bdf9 be19 be19 b5f8 bdf8 be19 be19 b5f8 b5f8 b5f9 b619 be5a c65a c65a be5a be3a be39 be19 be19 b619 be39 be5a be5a be5a be5a be7a c67a be7a c67a c67b c69b c69b cebc cedc cedd d6fd cedd cedd c6bc c6bc be7b b63a b61a adf9 b63a be5b b63a b63a be5a c69c cedd cedd d6fd d6fd d6fd d6fd d71d df3e df5e df5e d73e cedc c67b b61a adf9 add9 adb8 adb8 add9 b61a c67b c69c c6bc cedd d6fd df3e d6fd cedd cedd cedd c6bc be3a add9 a598 adb8 b5f9 b63a be5b be7b c69c c6bc d71d cedd c6bc c6bc cefd cefd cefd cedd cefd cedc c69c be7b be7b be7b be5b b63a b63a b65a be7b be9b c6bc cefd cf1d d73e cedd cedd cedd cedd d6fd d6fd cedd c69c be5b b63a b61a b61a b63a b63a ae19 a5f9 
6aec 6aec 62cb 5aaa 5a8a 5269 5269 5268 5288 5aa9 5aa9 62c9 62ca 62ea 6b0b 6b0b 732c 732c 732c 732c 732c 732c 734c 734c 734c 732c 6b2c 6b0b 6b0b 732c 734c 736c 734c 734c 734c 732c 6b0b 6b0b 6b0b 6b0b 732c 6b2c 6b2c 6b0b 6b2c 732c 732c 734c 7b6d 7b6d 7b6d 7b6d 7b6d 7b6d 7b6d 7b6d 7b6d 7b8d 7b8d 83ae 83ce 83ce 83ce 83ce 83ae 83ae 838e 838e 83ae 83ce 8bef 8bef 8bef 8bef 8bef 8bef 8c0f 8bef 8bef 8bef 8bef 8bef 8bef 8c0f 8c0f 8c0f 8c0f 8c0f 8c0f 8c0f 8c0f 8c0f 8c0f 8c30 8c30 8c30 9430 9430 9410 940f 8c0f 8c30 9430 9430 9430 9430 9450 9450 9450 9451 9451 9451 9451 9451 9451 9451 9471 9471 9471 9471 9471 9471 9471 9471 9471 9471 9471 9471 9c91 9c91 9c91 9c91 9491 9c91 9cb2 9cd2 9cb2 9c92 9cb2 a4f3 9cd2 9cd3 a4f3 a4f3 9cf3 a514 ad35 ad35 a514 9cd3 9cb2 94b2 9cd3 9cd3 9cf3 9cf3 9cf3 9cf3 a4f4 a514 9cd3 9cf3 ad75 b5b6 ad55 a535 a535 a555 a535 a555 ad55 a535 9cf4 9cf4 a535 ad76 b596 ad76 ad76 b596 b597 ad76 ad76 b597 b5d8 b5d8 bdf8 bdf8 bdf9 bdf9 bdf9 bdf9 b5f8 b5f8 bdf8 bdf8 b5f8 b5f8 b619 be19 be39 be5a be5a be3a be39 be39 be3a be39 b619 b639 be39 be39 be39 be5a c69b cebb cebb c69b c67b c67a c67b c69b cedc d6fd d6fd c6bc be7b be5b be5b be5b b63a b61a adf9 b61a b63a be5b be7b c6bc cedd cedd d6fd d71d d71d d71d d71d d71d df3d df5e d71d c6bb b63a b5f9 b5fa b61a b5fa add9 be3b be3a be5b cebc cedd cebc cebc d6fd df3e d73e d71e cedd c67b be3a b61a b61a add9 adb8 a5b8 a5b8 add9 b63a c69c cefd d73e cefd c6bc cedc cefd cefd cedd c6bc c69c b63a adf9 b61a be5b c69c be7b be5b be5b be7b c69c cedd d71e d73e d73e d73e cedd cedd cedd cedd d6fd d71e cedd c69c b5f9 add9 add9 add9 adf9 b63a b65b be7b 
5a6a 5a6a 5249 5249 5228 5248 5269 5a89 5289 5aa9 62c9 62ea 62ea 6b0b 6b0b 6b2c 732c 734c 734c 734c 732c 732c 732c 732c 732c 732c 732c 732c 734c 734c 734c 734c 734c 732c 6b0b 6b0b 6aeb 6aeb 6aeb 6b0b 732c 6b2c 6b0b 6b0b 6b0b 6b0b 732c 732c 736c 736c 736c 736d 7b6d 7b8d 7b8d 7b8d 7bad 7bae 83ae 83ce 83ce 83ce 83ce 83ce 83ae 83ae 83ae 83ce 83ce 8bcf 8bef 8bef 8bef 8bef 8bef 8bef 8bef 8bef 8bef 8bef 8bef 8c0f 8c0f 8c0f 8c0f 8c0f 8c0f 8c0f 8c0f 8c0f 8c0f 8c0f 8c0f 8c30 9430 9450 9430 9430 9430 9410 8c0f 8c30 8c30 9430 9430 9450 9450 9450 9451 9451 9451 9451 9471 9471 9471 9471 9471 9471 9471 9471 9491 9491 9491 9491 9491 9491 9491 9471 9c91 9c92 9cb2 9cb2 9cb2 9cb2 9cb2 9cd2 9cd2 9491 9cb2 9cd3 9cd3 a4f3 a4f3 9cd3 9cd3 a514 ad55 ad75 ad34 9cf3 9cb3 94b2 9cb2 9cd3 9cf3 9cf3 9cd3 9cd3 a4f3 a514 9cf3 9cd3 a534 ad96 ad76 a555 a555 a555 a535 ad55 ad76 ad55 a514 9cf4 9d14 a535 ad56 ad76 b576 b596 b576 ad76 ad76 ad76 b5b7 b5b7 b5b8 b5d8 bdf9 bdf9 bdf9 bdf9 bdf8 b618 b5f8 b618 b618 be19 b619 b619 b619 be39 be39 be39 be19 be3a be3a be3a b639 be39 be39 be39 be39 be7a c69b cedc cedc cebc c69b c67b c67b c69b cebc cedc cedd c69c be3b b61a b61a b63a b63b b63b b63b be3b be5b be7c cebd cefe cefe cedd cedc d6fd d71d d71d df1d df3d d71d d6fc c67b be3a adf9 adb8 add9 add9 b5fa b61a be5b c67b c69c cedd cefd d6fd d71e df3e df3e df5f d71e c6bc b61a a5b8 a598 adb8 b61a b61a b5f9 b5f9 b61a be5b c6bc cefd c6bc cedd d71d d71d cefd c6bc c69c be9b b63a b61a adf9 adf9 b63a be5b be7b be7b c6dc cedd cefd cf1d d73e d73e cf1d cefd df5e df3e d71e d6fd cedd c69c be5b b61a b5f9 add9 a5b8 a598 9d98 a5d8 ae3a b65b 
5a4a 5249 5249 5228 4a28 5248 5a89 5aaa 62ca 62ca 62ea 6b0b 6b0b 6b0b 6b0c 6b2c 732c 732c 732c 732c 732c 732c 6b2c 6b0b 6b0b 732c 734c 736d 736d 734c 732c 6b0b 6b0b 6aeb 6aeb 62ca 6aca 6aeb 6aeb 6b0b 6aeb 6aeb 6aeb 6aeb 6b0b 6b0b 732c 734c 732c 732c 734c 736c 7b8d 7b8d 7bae 7bae 83ce 83ce 83ee 83ee 83ce 83ce 83ce 83ad 7b8d 7bad 83ae 83ce 8bcf 83ee 8bce 83ce 8c0f 8bef 8bef 83ce 8bce 8bee 8bef 8c0f 940f 940f 940f 940f 8c0f 8c0f 8c0f 8c0f 8c0f 8c0f 8c0f 8c0f 8c0f 9430 9450 9450 9450 9430 9430 8c30 8c0f 8c0f 8c30 9430 9450 9450 9450 9451 9451 9451 9451 9451 9471 9471 9471 9471 9471 9471 9471 9471 9491 9491 9491 9491 9491 9491 9491 9471 9c91 9cb2 9cb2 9cb2 9cb2 9cb2 9cb2 9cd2 9cd2 9491 9cb2 9cd2 a4f3 a4f3 a4f3 9cd3 9cd3 a514 ad55 b575 ad55 a514 9cd3 9cb3 9492 9cb3 a4f3 a4f4 9cd3 9cd3 9cd3 9cf3 ad55 9cf4 9cf4 a535 a555 a555 ad55 ad55 a535 ad55 ad76 ad76 a555 a514 9cf4 9cf4 a535 ad76 b596 b576 ad76 ad76 ad76 ad76 b597 b597 b5b7 b5b8 bdf9 bdf9 be19 bdf9 be19 be19 b5f8 b5f8 bdf8 b618 b5f9 b5f8 b5f9 be19 be19 b619 b619 be19 be39 be39 be19 be39 c65a c65a c65a c67a c69b cebc cedc cedc cebb c6bb c69b c69b c69b c69c c69c be7b be3b b61a b61a b63a b63a be5b be7b c69c c6bc cebd d6fd d71e d71e cedd cedd cedd cedd d6fd d6fd d71d cebc be7a be5a be5a b639 add8 a597 a598 b61a c67c c69c d6fd d71e d6fd cedd d6fd d6fd d71e cedd cedd cedd be7b b61a a5b8 a578 a578 9d57 a598 b5f9 be5b c69c cebc cebc c6bc c69b c6bc cefd d71e d73e cefd be7b b63a b61a be5b be7b b63a adf9 add9 be3a c69c cefd d71d d71d d71d d71d cf1d cf1d cefd d6fd d71e df3e d71e d6dd cebc be7b be3a b5f9 b61a b63a b63a b61a b63a b65b be7b 
5229 5229 5229 5249 5a6a 5aaa 62cb 62cb 6aeb 62eb 62eb 6aeb 6aeb 6b0c 6b0c 6b0c 6b0c 6aeb 6b0b 6b0b 6b0b 6b0c 732c 732c 7b6d 7b4c 734c 732b 6b0b 6b0b 6b0b 6b0b 730b 6aeb 6aeb 6acb 6aca 62ca 62aa 62aa 6b0b 6aeb 6aeb 6aeb 6b0b 6b2c 6b0b 6b0b 734c 7b6d 7b8d 7bae 7b8d 7b6d 7b8d 83ae 83ce 83ce 83ce 83ce 83ae 83ad 7b8d 7b8d 83ce 83ce 83ce 83ee 8bef 8c0f 8c0f 8c0f 8bef 8c0e 8bef 8c0e 8c0f 8c0f 8c0f 8c2f 8c0f 8c0e 8bef 8bee 8bef 8c0e 8c0f 8c0f 8c0f 8c0f 8c0f 8c0f 8c2f 9430 9450 9450 8c0f 8c0f 8c2f 8c30 9430 9450 9450 9450 9451 9451 9451 9451 9451 9451 9451 9451 9471 9471 9471 9471 9471 9471 9471 9471 9491 9491 9491 9491 9491 9491 9c92 9cb2 9c92 9cb2 9cb2 9c92 9cb2 9cd2 9cb2 9cb2 9cb2 9cb2 9492 9cb2 9cd3 9cd2 9cd3 a534 a513 a534 ad55 ad55 ad55 ad55 a514 9cd3 94b2 94b2 9cd3 9cd3 9cd3 9cd3 9cd3 9cd3 9cf3 9cf4 a514 a534 ad55 ad55 ad55 ad55 ad55 ad76 ad76 ad55 a535 a515 a514 9cf4 a514 a534 ad55 ad76 ad76 ad56 ad56 ad76 ad76 ad96 b597 b5b7 b5b7 b5d8 bdf8 be19 be19 be19 be18 bdf8 b5d8 b5f8 bdf8 be19 b5f8 b618 be19 be39 be39 be39 be39 be19 be19 c65a ce9b ce9b c69b c67b c67b c67a c69b cebc cedc cedc c69c be5b b63a b61a adfa b63b b65b b63b b61a b61a be5a c67b cefd d6fc d6fd d71d df1d df1d df1e df3e d73e d71e cefd cedc c69b be5a b61a b61a adf9 b63a be7a be5a b619 b619 be7a cebc df3d df1d d6fd d71d df3e df5f cefd c69c be5b be5b be5b b63b b61a adfa b61a be3a b5f9 adb8 ad98 b5d9 be3a c65a c65a c65a c67b c69c cedc d71d cefd c6bc b65b adfa b63a ae1a b63a be7b be7b b63a be3a c69b d6fd d6dc cedc cedc cefc cf1d d71d d73d df3e d71e cedd cebd c67c be7c be5b b63b b63b b63b b63b b61a b61a b63a c69c cedd 
5249 5249 5a69 5a8a 62aa 62cb 62cb 62cb 62cb 6aeb 6b0c 6b2c 6b2c 6b0c 62cb 62aa 62cb 62cb 62eb 6aeb 6aeb 6aeb 6b0b 6b0c 732c 730c 730b 6b0b 6b0b 6b0b 6b0b 730b 6aeb 6aeb 6aeb 6acb 6aca 6aca 62ca 62ca 62ca 6aeb 6b0b 6b0b 732c 734c 734c 736d 7b6d 7b8d 7b8d 7b8d 7b8d 7b8d 7b8d 7b8d 7b8d 7b8d 7b8d 7b8d 7bad 7bad 7bad 7b8d 83ce 83ce 83ce 83ee 83ee 83ee 83ee 83ee 8bee 8bee 8bee 8c0e 8c0f 8c0f 8c0f 8c0f 8c0e 8c0e 8bee 8bee 8bee 8bee 8c0e 8c0f 8c0f 8c0f 8c0f 8c0f 942f 9430 9430 9450 8c2f 8c2f 8c30 8c30 8c50 9450 9450 9450 9451 9451 9451 9451 9451 9451 9c51 9451 9471 9471 9471 9471 9471 9471 9471 9471 9491 9491 9491 9491 9491 9491 9cb2 9cb2 9cb2 9cb2 9cb2 9c92 9cb2 9cd2 9cb2 9cb2 9cb2 9cb2 9492 9cb2 9cf3 9cd2 9cd3 a534 9cd3 a513 a534 ad54 ad55 ad75 a534 9cd3 94b2 94b2 9cd3 9cd3 9cd3 9cd3 9cd3 9cd3 94b3 9cf3 a534 ad55 ad75 ad55 ad55 a534 a535 ad55 ad76 ad55 a535 a535 a514 a514 a514 a534 ad75 b596 b596 ad96 ad76 ad96 ad96 b597 b5b7 b597 b597 b5b7 b5d8 b5d8 bdf8 bdf8 bdf8 bdf8 bdf8 bdf8 be19 be19 be19 be19 be19 be19 be19 be39 be39 be5a c639 c65a ce7a ce9b cebb cebc cebc cebb c69b cebc c6bc c69b b65a ae19 add9 add9 a5d9 adfa b61a b61a b61a b63a c69b d6fc d71d d71d d71d d71d d6fd d6fd d6fd d6fd d73e cefe c6bc be7b b63a adf9 add9 add9 b63a b63a b639 b63a be5a c67a cebb cedc d71d df3d df3e d71e d6fd cedd be7c b63b b63b adfa a5b9 adf9 b61a b63b b63b be3a c67b ce7c d6bc d6dd ce9c c65a be3a c65a ce9b cebc c69c be5a add9 a5d9 b63a be9c b63b a5d9 a598 a5d8 b63a c69b d6dc d6dc d6dc cedc cedb cedb cedc cedc cf1d d73e d6fd cebc be5b b61a adfa b5fa b63b be5c be7c be5b be3b be3b be5b c69c cebc cedd 
5a69 5a8a 62ca 62eb 62eb 62cb 62ca 62aa 6aeb 62cb 62aa 5aaa 5a8a 62aa 62cb 62eb 62aa 62aa 62ca 62cb 6aeb 6aeb 6aeb 6b0b 6aeb 6aeb 6aeb 6b0b 6b0b 6b0b 6b0b 6b0b 6aeb 6aeb 6aeb 6aeb 6aeb 6aeb 6acb 6acb 6aeb 730b 734c 734c 732c 732c 734c 736d 7b6d 736d 734c 736d 7b6d 7b8d 7b8d 7b6d 7b8d 7b8d 7bad 83ae 83cd 83ce 83ce 83ce 83ce 83ce 83ce 83ce 83ce 83ce 83ce 83ce 8bee 8bee 8bee 8bee 8c0e 8c0e 8c0f 8c0f 8bee 8bee 8bee 8bee 8bee 8c0e 8c0f 8c0f 8c2f 8c2f 942f 9430 9430 9430 9430 9450 8c2f 8c30 8c30 8c50 9450 9450 9450 9451 9451 9451 9471 9471 9451 9451 9451 9451 9471 9471 9471 9471 9471 9c91 9491 9c92 9c92 9c92 9c92 9c92 9491 9c92 9cb2 9cb2 a4d2 a4d2 9cb2 9c92 9cb2 9cb2 9cb2 9cb2 9cb2 9cb2 9cb2 9cb2 9cf3 9cd3 9cd3 a514 94b2 9cf3 a513 a534 ad55 ad75 ad55 a514 9cd3 9cd3 9cd3 9cd3 9cf3 9cf4 9cf3 9cd3 9492 9cd3 a514 ad55 ad75 ad55 a535 a515 a535 ad55 ad76 ad55 ad55 ad35 a535 a514 9d14 a514 a555 ad76 b596 ad96 ad96 b596 b5b7 b5b7 b5b7 b5b7 b597 b597 b5b8 b5b8 b5d8 bdd8 bdf8 bdf8 bdf8 bdf8 be19 be19 be39 be39 be19 b619 b619 be19 be5a c67a ce7b ce9b ce7b c67b ce9b cebc cedc cebc cedc cebc c69b be5a b63a b619 adf9 add9 add9 add9 adb9 add9 b5f9 be5a cebc d6fc d71d d71d d73d d73d df1d d71d d6fd d6fd cedd c69c be5b b63a b61a adf9 adf9 adf9 b619 b61a be5a c69b cedc cefc d6fc cefc d6dc d6fd d71d cedd c69c be5b b63b b63b b63b ae1a adf9 adfa b5fa b63a be7b c6bc d6fd d6fd df1e df1e defd d6bc ce9b c67b cebc d6dc cedd be7b a5b8 9d77 a5b8 ae19 b65b b67b b63a a5b8 a5b8 be3a cebc d6dc d6dc cebb ce9b cedc d71d d71d cf1d cefd c69c be3a b5fa b63a be5c be7c be5b be5b be7c be5b be3b c67b cebd d71e d71e d6fd 
62cb 62eb 6aeb 6aeb 62cb 62aa 5a8a 5a8a 5269 5a69 5a89 5a8a 5a89 5a69 5a69 5269 5a89 5a8a 62aa 62ca 62cb 6aeb 6aeb 6aeb 6aeb 6b0b 6b0b 6b0b 6b0b 6aeb 6aea 6aea 6aca 6acb 6aeb 6aeb 6aeb 6aeb 6aeb 6aeb 6b0b 732c 734c 734c 6b2c 6b0b 6b0b 6b0b 734c 732c 732c 734c 7b6d 7b8d 7b8d 7b6d 7bad 7bad 83ad 83ae 83cd 83ce 83ce 83ce 83cd 83cd 83ad 83ad 83ad 83cd 83ce 83ce 8bee 8bee 8bee 8bee 8bee 8bee 8c0e 8c0f 8bee 8bee 8c0e 8c0f 8c0f 8c0f 8c2f 8c2f 9450 9450 9450 9450 9450 9430 9430 8c2f 8c30 8c30 8c30 8c50 9450 9450 9450 9451 9451 9451 9471 9471 9451 9451 9451 9471 9c71 9471 9471 9471 9471 9c91 9cb2 9cb2 9cb2 9cb2 9cb2 9cb2 9c92 9c92 9cb2 9cb2 a4d3 a4d2 9cb2 9c91 9c92 9cb2 9cd3 9cd3 9cb2 9cd2 9cb2 9cb2 9cf3 9cd3 9cd3 a514 94b2 9cf3 a514 a534 ad34 ad55 ad75 ad55 a514 9cf3 9cd3 9cd3 9cf3 9cf4 a514 9cf4 9cd3 9cd3 9cd3 9cf4 a514 a535 ad35 a535 ad35 ad55 ad76 ad56 ad55 ad55 a535 a515 a514 a514 a514 a555 ad56 ad76 ad76 b597 b597 b5b7 b5b7 b5b8 b5b8 b5b8 b5d8 b5d8 b5d8 bdd8 bdf8 bdf8 bdf8 bdf8 be19 be19 be19 be39 be39 be19 be19 be39 c65a c67b cebc cebc ce9b c69b c67b cebc cebc cebc cedc c69b b63a b619 b63a be5a b61a adf9 adf9 add9 add9 b61a c69b cedc cedc c69b cedc cefc d71d df3d df3e df1d d6fd cedd b63a b61a adf9 adf9 adf9 adf9 adf9 b61a b61a be7b cedc d71d d73d d71d d71d d71d cedc cedc cebc be7b b63a b61a b63a be5b be5b b65b b65b b63a b63a be5b cebc d71e df1e d6fd d6dd d6fd df1e df1d df1d d71d d6fd d6fd cedc c69b b63a a5d9 9d98 9d97 a5b8 b63a be5b b61a adf9 be3a ce9b d6dc ce9b d6dc df1d df1d cefc c69b c69b c6bc be5b b5fa add9 add9 b5fa b61a b63b be7b be7b be5b c67b cebc d6fd df1e df1e d71d 
62eb 62eb 62ca 5aaa 5a69 5269 5249 5249 5248 5249 5269 5269 5269 5249 5248 5248 5a69 5a89 5a8a 62aa 62cb 62eb 6aeb 6aeb 6b0b 6b0b 6b0b 6aeb 6aeb 6aca 62ca 62ca 6aca 6acb 6aeb 6aeb 6aeb 6aeb 6aeb 6aeb 6aeb 6b0b 6b2c 6b2c 6b0b 6b0b 6aeb 6aeb 6b0b 6b2c 734c 734c 736c 736c 7b6c 7b6c 736c 7b6c 7b6c 7b6d 7b8c 7b8d 7b8d 7b8d 83ad 83ad 83ad 83ad 83cd 83ce 83ce 83ee 8bee 8bee 8bee 8bee 8bee 8bee 8bee 8c0e 8bee 8c0e 8c0f 8c2f 942f 942f 944f 944f 9450 9450 9450 9430 942f 8c2f 8c0f 8c0f 8c30 8c30 8c30 9450 9450 9450 9451 9451 9451 9471 9471 9471 9451 9451 9451 9471 9c71 9471 9471 9471 9491 9c92 9cb2 9cb2 9cb2 9cb2 9cb2 9cb2 9cb2 9492 9cb2 9cb2 a4d3 9cb2 9c92 9c91 9c92 9cb2 9cd3 a4d3 9cd3 9cd3 9cb2 9cb2 9cd3 9cd2 9cb3 9cf3 9cd2 a513 a534 a514 a4f4 a534 ad55 b575 ad55 a534 9cf3 9cf3 9cf3 9cf4 a514 a514 a514 9cd3 94b2 94b3 9cf4 a535 ad55 a555 a535 a555 ad55 ad55 ad55 ad56 ad55 a535 a535 a535 a535 ad56 ad76 ad76 ad96 b597 ad97 b597 b5b8 b5d8 bdf8 b5d8 b5d8 b5b8 b5d8 bdf8 bdf8 bdf9 bdf8 b5f8 bdf9 bdf9 b619 be39 be5a be5a be5a be5a c65a c67a ce9b cebc cedc cebc ce9c cebc cebc cedc c67b be5a b619 adf9 b619 b619 b619 adf9 adf9 b61a be5b cedc df3e df3e cefd c6bb cebc cedc d71d df3e d71e d6fd cebc c67b b61a b619 adf9 add9 add9 adf9 b619 be5a cebc cedd d6fd d71d d6fd d6fd d71d d71d cebc c6bc c67b be5b b63a b63a b63a b63a b65b b61a b63a be7b cebd d6fd d6fd d6fd d6fd df1e df1e df1e d6fd d6fd df1d df3e d6fd c6bb be3a b619 ae19 b61a ae1a ae19 9d98 a5b8 adf9 be5a c69c cebc ce9b c67a c65a c65a c67a cebb cedc cedc c69b be7b b619 b61a b61a b61a add9 a5b9 adfa be5b c6bc cedd d6fd d71d d71d d6fd d6fc d6fd 
5a8a 5269 5228 4a08 4a07 4a07 4a07 4a07 5269 5269 5269 5249 5249 5a69 5aaa 62ca 5aaa 5aaa 62aa 62ca 62cb 62eb 6aeb 6aeb 6aeb 6aeb 6aca 62ca 62ca 62ca 62ca 6aca 6aca 6acb 6acb 6aeb 6aeb 6aeb 6aeb 6aeb 6aeb 6aeb 6aeb 6aeb 6aeb 6aeb 62ca 62ca 62ca 6aeb 6b0b 6b2c 6b0b 6b0b 6b0b 732b 732c 734c 734c 734c 736c 7b6c 7b8d 7b8d 83ad 83ad 83ad 83cd 83ce 83ce 83ee 83ee 8bee 8bee 8bee 8bee 8bee 8bee 8bee 8bee 8bee 8c0f 8c2f 942f 944f 9450 9450 9450 9430 942f 8c2f 8c0f 8c0f 8c0f 8c0f 8c0f 8c30 8c50 8c50 9450 9450 9470 9451 9451 9471 9471 9471 9471 9c71 9c71 9c71 9471 9c91 9c91 9c91 9c91 9491 9cb2 9cb2 9cb2 9cb2 9cb2 9cb2 9cb2 9cb2 9cb2 9cb2 9cd2 a4d3 9cb2 9c91 9c91 9cb2 9cb2 9cd3 a4f3 9cd3 9cd3 9cb2 9492 9cd2 9cd2 9cb2 9cd3 9cd3 a514 a534 a4f3 9cd3 a4f3 ad34 ad55 ad55 ad55 a514 9cf3 9cf3 9cf4 a514 a534 a534 9cf3 94b3 9cd3 a514 a535 a555 a535 a514 a514 a535 a535 a555 ad76 ad76 ad55 a535 a535 ad56 ad76 ad97 ad96 ad76 ad76 ad97 b597 b5b8 b5d8 b5d8 b5d8 b5b8 ad97 b5d8 bdf8 bdf8 bdf8 bdf8 bdf8 bdf9 be19 be19 be39 c65a c67a c67b c67a c65a be5a c67b cebc cedd cedd cebc c69b be7b be5a b619 be3a be5a b61a add9 add8 adf9 b63a be5a c69b cedc cefd cedc cedc cedc d6fd d71d d71d d71d d71d cedd c69c be5b b61a b619 adf9 adb8 a5b8 adb8 adf9 be5a c69b d71d d6fd cedd d6fd d71d d6fd cebc c67b be3a b63a b63a be7b c69c be7b b63a b61a b63a be5b c69c cefd d71e d6fd d6fd cedd cedd d6fd d71e df3e df1e d71d cedd c6bb be7a be5a b63a b619 b63a b63a b65a b65a b63a adf9 b61a c69c d6fd d6fd ce9b c65a c67b be39 b5f9 be39 c67b c67a b639 add8 a5b8 a5d9 adf9 b63a be5b be5b be5b b63a c6bc d6fd df3e df3e df1d d6fc d6fd df1d 
5228 4a07 4a07 4a07 4a27 5248 5248 5228 4a28 5269 62aa 62eb 62eb 62ea 62ca 62ca 62cb 62cb 62ca 62ca 62ca 62ca 62ca 62ca 62aa 62aa 5a89 5a89 6289 62aa 6aca 6aeb 6acb 6aca 6aca 62ca 62ca 62ca 62ca 62ca 62ca 62ca 62ca 62ca 62ca 62aa 5aaa 5a89 62ca 62ca 62ca 62ca 62ca 62ca 6aeb 6b0b 734c 734c 734c 736c 7b6c 7b8d 7bad 83ad 83ad 83ad 83cd 83ce 83ce 83ee 83ee 83ee 8bee 8bee 8bee 8bee 8bee 8bee 8bee 8bee 8c0e 8c0f 8c2f 942f 942f 942f 942f 8c2f 8c0f 8c0f 8c0f 8bef 8bef 8c0f 8c0f 8c0f 9450 9450 9450 9470 9470 9471 9471 9471 9c71 9c71 9c71 9c71 9c71 9c71 9c71 9c71 9c91 9c92 9c92 9cb2 9cb2 9cb2 9cb2 9cb2 9cb2 9cb2 9cb2 9cb2 9cb2 9cb2 9cd2 9cd3 a4d3 9cb2 9c91 9c91 9cb2 9cb2 9cb2 a4d3 9cd3 a4f3 9cb2 9492 9cd2 9cd3 9cd3 9cf3 9cf3 a514 a514 9cf3 9cd3 9cf3 a514 a514 ad55 ad55 a534 a514 a514 9cf4 a514 a534 a514 9d14 9cf4 9cf4 a514 a535 a535 a514 a514 a535 a535 a535 a535 ad56 ad76 ad55 a535 a536 a556 ad97 b597 ad97 ad77 ad77 ad97 ad97 b5b8 b5b8 b5d8 b5b8 adb8 ad97 b5d8 b5d8 b5f8 b5f8 b5f9 be19 be19 be39 be3a c65a c67a c69b c69b c69b c69b c67b c67b c69c cebc c69c c67b be5a b61a adf9 adf9 b63a be5a be3a b619 b619 be5a c6bb cedc d6fd d6fd cebc c67b c67b cebc d6fd d71d d6fd cedc c69c be7b be3a b61a b61a adb8 a597 a577 a597 add9 be3a c67b c69c cedd cedd cedd d6fd d6fd cebc be5b b5f9 add9 add9 adf9 b63a be5b be5b be5b be7b c69c cedd d71e df3e d6fd cebc cebc cedd cedd cedd cefd d6fd d6fd cedd c69c b63a adf9 b619 be5a be7b be7b b65a b65a b63a be7b c67b c6bc d6fd d6fd d6dd d6dc d6fd cebc d6fd df3e cebc b5f9 9d36 9515 9d56 a598 9d97 9556 9556 a598 b63a be7b be7b c6bc cedc d71d df1d d71d d71c df1d df3d 
5228 4a27 4a27 5248 5a89 62ca 62ca 5aaa 62ca 62ca 62eb 62ea 62ca 62ca 62ca 62ca 62cb 62ca 62aa 5a8a 5a89 5a89 5a69 5a69 5a89 5a69 5a69 5269 5a69 62aa 6aca 6aeb 6acb 6aca 62ca 62aa 62aa 62aa 62aa 62aa 5aaa 62aa 62aa 5aaa 5a89 5a89 5a89 5a89 62ca 62ca 62ca 62ca 62ca 6aea 6b0b 732c 732c 732c 734c 734c 736c 7b6c 7b8d 7b8d 83ad 83cd 83ce 83ce 83ee 83ee 83ee 83ee 8bee 8bee 8bee 8bee 8bee 8bee 8bee 8bee 8c0f 8c0f 8c2f 942f 942f 8c2f 8c0f 8c0f 8c0f 8c0f 8bef 8bef 8bef 8c0f 8c2f 9430 9450 9450 9470 9470 9471 9471 9c71 9c71 9c71 9c71 9c91 9c91 9c91 9c91 9c91 9c91 9c92 9c92 9cb2 9cb2 9cb2 9cd2 9cd2 9cd2 9c92 9cb2 9cb2 9cb2 9cb2 9cd2 a4f3 a4f3 a4f3 9cb2 9c91 9c92 9cb2 9c92 9cb2 9cd3 a4f3 a4f3 9cb2 9492 9cd2 9cf3 9cd3 a4f4 a513 a514 a514 9cf3 9cd3 a4f4 a4f4 9cf3 a514 a534 ad55 a534 a514 9cf4 a514 a534 a514 a514 9d14 9cf4 9cf4 9cf4 a514 a514 ad55 ad55 a535 a535 a535 ad56 ad56 ad56 ad76 a556 ad56 ad77 ad97 ad97 ad97 ad97 b5b7 ad97 ad97 b5b8 b5b8 b5d8 b5b8 adb8 adb7 adb8 b5d8 b5d8 b5f9 be19 be39 be5a c67b c67b c67b c67b c69b c69b c69b c69b be7b be7b be7b be5b be5b be5b b63a b61a adf9 adf9 b619 b61a be5a c69b cedc d6fd cebc d6fd d71d d71d d71d d6fd cedc cedc c69c c67b be3a b619 adf9 b5f9 b61a b63a b619 b5f9 b5f9 be3a cebc d6fd d6fd d6fd cebc cedd d6fd cedd c69c be5b be3a b63a b61a adf9 adf9 adf9 add9 adf9 be5b c6bc d73e d6fd cedd cedd d6fd d6dd cedc cebd cefd d71e d73e cedd c67b be3a be3a be5b b63a b619 ae19 adf9 b619 b63a be7b be7b cedc cefd d6fd d6fd cebc cebc cebc d6dc d6fd d6fd d6fd cedc be7b add8 9556 8cf5 9516 9d97 a5b8 9d77 9536 9d97 adf9 be5a cebc cebc cedc d6dc d6fc d6fc d6fc d6fc 
5268 5a89 5aa9 5aaa 5aaa 62ca 62ea 6b0b 62eb 62ca 5aca 62ea 6b2b 6b2c 6b0b 62ea 5248 5248 5268 5a89 5aa9 5a89 5269 5228 4a07 5228 5269 62aa 62cb 62eb 62ca 62aa 5a89 5aaa 62aa 62aa 5a89 5a89 5a89 5a89 5a89 5a89 5a69 5a69 5a89 62aa 62aa 62aa 62aa 62aa 62aa 62ca 6aea 6b0b 6b0b 6b2b 6b0b 6b0b 732b 734c 736c 7b6c 7b8c 7b8d 7bad 7bad 83ad 83ce 83ee 8bee 8bee 8bee 8bee 83ee 83ce 83ce 83ce 83ee 8bee 8c0f 8c0f 8c0f 8c0f 8c0f 8c0f 8bee 83ee 83ce 8bee 8c0f 942f 8c2f 8c0f 8c0f 942f 9450 9450 9470 9471 9471 9491 9c91 9c91 9c91 9c91 9c91 9c91 9c91 9c92 9c92 9c92 9c92 9c92 9cb2 9cb2 9cd2 9cd2 9cb2 9cb2 9cb2 9cb2 9cb2 9cb2 9cd2 9cd2 a4f3 9cf3 a4f3 a4f3 9cb2 9c92 9cb2 9cb2 9491 9492 9cb2 9cd3 a4f3 a4f3 9cd2 94b2 94b2 9cf3 a534 a514 a534 9cf3 9cd3 a514 a514 9cd3 a514 a534 a514 9cf3 a514 ad55 ad55 a534 9cf3 9cf4 a514 a535 a535 9d14 9cf4 9cf4 a514 ad55 ad55 a535 a535 a535 a535 ad56 ad76 ad76 ad77 ad77 ad97 ad97 ad97 b5b8 b5d8 b5d8 adb7 ad77 ad97 adb8 b5d8 b5d8 b5b8 b5d8 b5d8 b5d8 b5f8 b5f9 be19 be19 be39 be5a c65a be5a be5a c69b cebc cedc c6bc be7b be5b b63b b63a b63a b63a be5b be5b b63a b619 b619 be5a c69b cefc d6fd d6fd d71d d6fc cebc cebc d6fd df3e d71e cedc be5a adf9 a5b8 a5b8 add8 b5f9 b619 be3a be5a c67a cebc d6fd d71d d71d d71d d6fd d71e d6fd cebd be5b b5fa b5d9 b61a be5b be5b be7b b63a a5d9 a5b8 b63a cebc cefd cedd d6fd d6fd d6fd d71d df1e d6fd d6dd d6fd cedd c6bc be5b b63a b61a b61a b61a b63a b65a be7b b65a b639 b63a be9b cedc d71d d71d d71d d6fd d6dd d6dd d6dd d6fd d6fd d6fd d6fd cebc be5a b619 add8 a5d8 9d77 9d77 9d77 a597 add9 be5a c69b c69b be5a be5a c67a cebb d6fc df1d df1d df1d 
5aa9 62ca 6b0b 6b2b 6b0b 62ea 62ca 5aca 62eb 62ca 5aaa 5aaa 5aca 5aaa 5a89 5269 5248 5248 5228 5248 5248 5269 5269 5268 5a69 5a89 62aa 62aa 62aa 5aaa 5a89 5a89 5a89 5a89 5a89 5aaa 5a89 5a89 5a69 5a69 5a69 5a69 5a89 5a89 62aa 62aa 62ca 62ca 62aa 62aa 62ca 62ca 6aeb 6b0b 6b0b 732b 732b 732b 732c 732c 734c 736c 7b6c 7b6c 7bad 7bad 83ad 83ce 83ce 83ee 83ee 83ee 8bee 83ee 83ee 83ce 83ce 83ee 8bee 8bee 8bee 8bee 8bee 8bee 83ee 83ee 83ee 83ee 8c0f 8c0f 942f 8c2f 8c0f 8c0f 9430 9450 9471 9471 9471 9491 9491 9c91 9c91 9c91 9c91 9c91 9c91 9c91 9c92 9c92 9c92 9c92 9cb2 9cb2 9cb2 9cd2 9cd2 9cd2 9cb2 9cb2 9cd2 9cb2 9cb2 9cd2 9cd2 a4f3 9cf3 a4f3 a4f3 9cb2 9cb2 a4d2 9cd2 9cb2 9c92 9cb2 9cd3 9cd3 9cd3 9cd2 94b2 9491 9cb2 a4f4 a534 a513 9cd3 9cf3 a514 a514 a514 a514 a534 a514 a514 a514 a535 a535 a514 9cd3 9cd3 9cf4 9d14 9d14 9cf4 9cf4 a514 a535 ad76 ad56 ad55 a535 a535 a535 ad56 ad76 ad77 ad77 ad77 ad97 ad97 ad97 ad97 b5b8 b5d8 b5b8 ad97 ad97 ad97 b5b8 b5b8 b5d8 b5f8 be19 be3a c67a c67b c67b c67a c65a be39 be5a be5a be5a be5a be5a be7a be5a be7b be5b b61a adf9 adf9 adf9 b63a be5b be3a be5a c67b cebc d6fd d71d d6fd cedc d6fd cefc cedc cedc d6fd d6fd c69c be5a b5f9 add8 add8 adf9 b5f9 b5f9 b619 b63a c69b cedc d71d d71d d6fd d6fd d6fd d71e df3e cedd be5b b61a b5f9 b5f9 b5f9 adf9 b61a b63a b65a b65a be7b c6bc cedd cebc c67b c69b cebc d6dd d6fd df1e df1e d6fe c69c be7b b63b b63a b63b b63b b63a b61a b61a b61a b63a be5a be9b c6dc cefc d6fd d71d d6fd d6fd d6fd d71d df1e d6fd cedd d6fd cedc c69c be5a b619 adf9 add9 adf9 b65a b63a adf9 add8 b619 be7a cebc d6fc df5e d71d cebb c67a c65a c65a c65a c65a 
630b 62eb 62eb 62ea 62ea 62ea 62eb 62eb 62ca 5aaa 5a89 5269 5248 4a48 4a28 4a27 4a48 5248 5248 5268 5269 5a69 5a69 5a69 5aaa 62aa 62aa 62aa 5a8a 5a89 5a89 5a8a 5269 5a69 5a89 5a89 5269 5268 5248 5248 5248 5a69 5aaa 62aa 62aa 5aaa 62aa 62aa 5a89 5aaa 62ca 62ca 62ea 6aea 6aeb 6b0b 6b2b 6b2b 6b2b 732b 734b 734c 7b6c 7b8c 7b8d 7b8d 83ad 83ad 83ad 83ce 83ce 83ce 83ad 83ad 83ad 83ad 83ad 83ad 83ce 83ce 83ce 83ce 83ee 83ee 83ce 83ee 8bee 8c0f 8c2f 8c2f 8c2f 942f 9430 9430 9450 9450 9471 9471 9c71 9c91 9c91 9c91 9c91 9c91 9c91 9c91 9491 9491 9491 9c92 9c92 9c92 9cb2 9cb2 9cd2 9cd2 9cd2 9cd2 9cd2 9cb2 9cd2 9cd2 9cd2 9cd2 9cf3 9cf3 9cf3 9cd3 a4f3 a4d2 9cb2 a4d2 9cd2 9cb2 9c92 9cb2 9cb2 9492 9cb2 9cb2 94b2 9491 9492 9cf3 a534 9cd3 9cd3 a4f3 a514 a514 a534 a514 a514 a514 a514 a534 a514 a514 a514 9cf4 9cf4 9cf4 9cf4 9cf4 9d14 a515 a535 a535 a555 a555 a535 a535 a535 a535 a556 ad76 ad77 ad97 ad97 ad97 ad97 ad97 ad97 ad97 b5d8 b5b8 adb8 adb7 adb7 adb7 b5d8 b5f8 b5f9 be39 c65a ce9b cebc cebb ce9b c69b c67b c69b c67b be5a b619 b5f9 add9 add8 a5b8 add9 adf9 b61a b61a be3a be3a be5b c69b cebc cefc d71d d71d d71d d6fd cedc d71d d71d d71d d6fd cebc be5a add9 a598 a598 adb8 add9 b619 be3a be5a c67b cebc d6fd d71d df3e df3e d71d d6fd d6fd d6fd c69c be5b b61a adf9 b5f9 b5fa adf9 add9 ae19 ae19 b63a be7b cedd cefd d6fd cedd ce9c ce9c ce9c ce9c cedd d6fd d6dd cebd be3b adfa a5b9 add9 b61a b63b b63b b63a b61a b61a b63a c69b cefd d71d d6fc cedc d6fc d6fc d71d df3e df3e d71e d6fd cedd c67b be5b b63a b61a b61a b63a b63a b63a add8 ae19 be5a c69b cedc d6fc d71d d6fc d6fc d6dc cebb ce9b ce9b ce9b ce9b c69b 
5aaa 62ca 62ea 6b0b 6b0b 62ea 5aaa 5289 5269 5268 5248 4a28 4a27 4a27 4a27 4a27 4a27 5248 5268 5269 5269 5a69 5a89 5a89 5a89 5a89 5a89 5a89 5a69 5a69 5a89 5a8a 5248 5248 5248 5248 5228 4a28 4a28 4a28 5a69 5a89 5aaa 62aa 5aaa 5a89 5a69 5a69 5a69 5aaa 62ca 62ca 62ca 62ca 62ca 6aea 6b0b 6b0b 6b0b 6b0b 732b 734c 7b8c 7b8d 7b6c 7b6c 7b8d 7b8d 838d 83ad 838d 838d 7b6c 7b6c 7b8d 838d 83ad 83ad 83ce 83ce 83ce 83ee 83ee 83ee 83ce 83ee 8c0f 942f 9430 8c2f 8c0f 942f 9450 9450 9450 9450 9471 9471 9c71 9c91 9c91 9c91 9c91 9c91 9c91 9c91 9491 9491 9c92 9cb2 9cb2 9cb2 9cd2 9cd2 9cd2 a4d3 9cd3 9cd2 9cd2 9cd2 9cd2 9cd2 9cd2 9cd2 9cf3 9cf3 9cf3 9cd2 a4f3 a4d2 9cb2 9cb2 9cb2 9cb2 9c92 9cb2 9492 8c51 8c51 9492 94b2 9492 94b2 9cd3 a4f3 9cb2 9cf3 a514 9cf3 a4f4 a514 a4f3 9cf3 a514 a534 a534 a514 a514 a514 a534 a514 9d14 9cf4 9cf4 9d14 a535 a515 9d14 9d14 a515 a515 a535 a535 a535 ad56 ad76 ad97 ad97 b5b8 ad97 ad97 ad97 ad97 ad97 ad97 adb7 b5d8 b5d8 adb8 b5d8 b5f9 be39 be39 be3a c65a c67b ce9b cebb cebc cebc cebc cebc c69b be5a b619 add8 adb8 adb8 add9 a5b8 adb8 adb8 add9 b63a c67b c6bc cedc cefd d6fd d6fd cedc cedc d6fd d71d d73e d71d cefd c6bc be3a adb8 9d77 9d57 a577 a598 add8 b5f9 be3a c67b cedc d71d df3e d71d d6fd d71d d71d d71d cedc c69b b61a b61a be3a b63a b61a b61a b61a b61a b61a b61a be5b c6bc cedd cefc d6fd d71d df1e d6fd cedc ce9c ce9c ce9c c67c be5b b61a adda a599 a598 a5b9 adfa b61a b63a b61a b65a be7b cedc d71d d71d cefc cebb d6fd d6fc d6fd df1d df3e d71d cebc be7b b63a b63a b63a b63a b65b b65a b61a adf9 b619 be5a c69b c6bb cedc cefc d6fc d6fc cebc cedc d6dc d6dc d6dc cedc ce9b c67b 
62eb 62ca 5aaa 5aaa 5a8a 5269 4a28 4a07 4a08 4a07 41e7 4a07 4a28 4a28 5248 5248 5268 5268 5268 5268 5268 5269 5a89 62aa 5a89 5269 5248 5248 5228 5228 5228 4a28 4a28 4a28 4a28 4a28 4a28 4a28 5228 5248 5a89 5a89 5a89 5a89 628a 6289 5a89 5a69 5a89 62aa 62eb 6aeb 62ca 62ca 62ea 6aea 6aea 6aea 6aeb 6b0b 732b 736c 7b8c 7b8d 734c 7b4c 7b6c 7b6c 7b8d 7b8d 7b8d 7b6c 7b8d 7b8d 83ad 83ce 83ce 8bce 8bce 8bce 83ce 83ee 8bee 8bee 83ee 8bee 8c0f 942f 942f 8c0f 8c0f 942f 9450 9c70 9c70 9470 9470 9471 9c71 9c91 9c91 9c91 9c92 9c92 9c91 9c91 9c91 9c91 9cb2 9cb2 9cb2 9cb2 9cd2 9cd2 9cd2 9cd3 9cd3 9cd3 9cd2 9cd2 9cd2 9cd2 9cd2 9cf3 9cf3 9cf3 9cf3 9cd2 a4f3 a4d2 9c92 9c91 9491 9c92 9cb2 9cb2 9492 8c30 8410 8c51 9492 94b2 94b2 9cb2 9cd3 9cb2 a513 a534 9cf3 9cd3 a4f3 9cd3 9cf3 a514 a534 a534 a514 9cf4 a514 a534 a514 9d14 9cf4 9cf4 a515 a515 9cf4 9cd4 9d14 9d14 a515 a535 a535 a555 ad56 ad76 ad97 adb7 adb8 ad97 ad97 ad97 ad97 a576 a576 adb7 b5f8 b618 b5f8 b5f8 be19 be39 be3a c65a c65a c67b c69b cebc cedc cedc c69c c67b be5a b63a b619 adf9 adf9 b5f9 b63a b619 b5f9 b5f9 b619 be3a be5a be5a cebc cebc cebc cebc cebc cedc d71d df3e cefd c6bc be7b b63a adb8 a577 a598 add9 adb8 add9 b5f9 b5f9 be3a c65a ce9b cedc d71d d6fd d6fd d6fd d71d cedd c69b be3a b63a be5a be5b be5a b61a b61a b63a be5b b65a be9b cefd d73e d71d cebc cedc d71d df3e df1e d6fd cedd cebc c67c be3b b61a b61a b61a adfa adda a5b9 a5b9 adfa b61a b65b be9b cedd cedc cebc cebc d6fc df3d df3d d6fc cedc d6fc d71d cedd be5b adf9 add9 a5d9 add9 adf9 b63a b65a b65a b63a be7a c69b cedc cefc d6fc d71d d6fd d6fc d71d df1d d71d d6fc cebc c67b be5a be3a 
62eb 5aaa 5248 41e7 41e7 41e7 4a07 4a28 41e7 41e7 4a07 4a28 5248 5269 5269 5269 5a89 5aa9 62ea 62ea 62ca 5aaa 5a89 5a89 5228 4a27 4a07 49e7 4a07 4a07 49e7 41e7 4a07 4a27 4a48 5248 5248 5269 5a69 5a89 5a69 5a69 5a69 5a89 62aa 62aa 62aa 62aa 5aaa 62aa 62ca 62ca 62ca 62ca 62ca 6aea 6aeb 6b0b 6b0b 732b 734c 736c 7b6c 7b6c 734c 7b4c 7b6c 7b6c 7b8d 7b8d 7b6c 7b6c 83ad 83ad 83ce 83ce 83ce 83ce 83ce 83ce 83ce 83ee 8bee 8bee 8bee 8bee 8c0f 8c2f 8c0f 8c0f 8c2f 9430 9450 9470 9c70 9c71 9450 9470 9471 9c91 9c91 9cb1 9cb2 9cb2 9cb2 9cb2 9c91 9cb2 9cb2 9cb2 9cb2 9cd2 9cd2 9cd2 9cd2 9cd2 9cd2 9cd2 9cd2 9cd2 9cd2 9cd2 9cd2 9cf3 9cf3 9cf3 9cf3 9cd2 a513 a4d3 9cb2 9471 9471 9491 9cb2 9cd3 9492 8c51 840f 8410 8c51 9491 9492 9492 9cb2 9cd2 a513 a534 a4f4 9cd3 9cd3 9cd3 9cf3 a514 a534 a534 a514 9cf3 9cf3 9cf4 a514 9d14 9d14 a515 a535 a535 a515 9d14 a535 a535 a555 a556 a556 a556 a556 a556 ad76 ad97 ad97 ad77 a576 ad97 ad97 ad76 ad97 b5d8 be19 be39 be39 be39 be39 be39 be3a be3a c65a c67b c69b ce9b c69b cebc be5b be3a b61a b619 b619 adf9 b619 b61a b5f9 b619 c65b cebc cedc cebc c69b c67b c67b c69b c69b cebc cedc cedc d6fd d6fd c69c be5a b619 adf9 a598 9d77 a598 b61a b61a be3a c67b c69b cebb cedc cedc cebc d6fd d6fd d6fd cedd c6bc be7b be3a b63a b63a b61a adf9 adf9 ae19 b65a be7b c69b cedc cefd d73e df3e d6fd cebc cedc d71d df1d df3e df1e d6fd cebc be7b b61a adb9 b5fa be3b be5b b63b adfa adda adfa b61a c6bc cedd cefd cebc c65a c65a cebb df1d d6fc df1d df3d d6fd c69b be3a b61a ae1a a5b8 a5b8 9d98 9d98 a5b8 ae19 b65a be9b be7b c6bb cefc d71d d73d df1d df1d d6fc d6fc d71d df3d df1d cedd c67b be3a b5f9 
4a28 4a28 4a28 4a28 4a28 4a07 41e7 41e7 4a07 4a28 5269 5a89 5a8a 5aaa 5aaa 62ca 62ca 62ea 630b 62ea 62ca 5a89 5248 4a28 49e7 41e7 41c7 41c7 41e7 49e7 4a08 4a08 4a07 4a48 5269 5a89 5a89 5a89 5a89 5a89 5a69 5a89 5a89 5aaa 62aa 62aa 62aa 62aa 5a89 5a89 5a89 5a89 62a9 62ca 62ca 6aea 6b0b 6b0b 732c 734c 736c 736c 736c 736c 7b4c 7b6c 7b8d 7b8d 838d 838d 7b8d 7b8d 83ad 83ad 83ad 83ad 83ad 83ad 83ad 83ad 83ce 83ce 8bee 8c0e 8c0f 8c0f 8c0f 8c0f 8c0f 942f 9430 9430 9430 9450 9450 9c71 9470 9471 9471 9c91 9c91 9c91 9c92 9c92 9cb2 9c91 9c91 9c91 9cb2 9cb2 9cb2 9cd2 9cd2 9cd2 9cd2 9cd2 9cd2 9cd2 9cd2 9cd2 9cd2 9cd2 9cf3 9cf3 a4f3 a4f3 9cf3 9cd3 a4f3 a4d3 9cb2 9471 9451 9471 9492 9cb2 9492 9471 8410 83ef 83ef 8c50 9471 9492 94b2 9cb2 9cd2 9cf3 a514 9cf3 9cd3 9cf3 a514 a514 a534 a534 a514 9cf4 9cf3 9cd3 9cf4 9d14 9d14 a515 a535 a535 a535 a535 a555 a556 ad56 ad56 a556 a555 a535 a555 a535 a576 a576 a576 a576 ad97 adb7 adb7 adb7 b5f8 be19 c659 c67a c67a c659 c65a be5a be5a be5a be5a be5a be5a be3a be3a be3a b63a b61a b61a b619 adf9 b619 b63a c67b c69b ce9c cebc cedc d6fd df3e e75e cedc cedc cedc cedc cebc c69b be5a b63a b63a adf9 adf9 b61a adf9 a598 a578 add9 be3a c69b d6dd d6fd df1d df3d df1d d71d cedc cedd cebc c67b be3a b61a b63a be5a b63a ae19 adf9 adf9 b63a be7b c6dc c6dc d73e d71d cefc cedc d6fd d6fc d6fd d71d d6fd d6fd d6fd cebc c67b be3b b5fa adb9 adda b5fa b63b b63b b61b b63b be5b be7c cefe cefd cedd cebc c67a c65a ce9b cebb cebb d71c df3d cedc b63a add8 add9 b63a b63a ae1a adf9 9db8 9d98 9db8 adf9 b63a d73d d71d cefc cebb cebb cedb cedb cebb cedc d6fc df1d df1d cedc be5b b5f9 a5b8 
4a28 4a28 4a28 4a28 4a28 4a28 4a28 4a28 5248 5a89 62ca 62eb 62eb 62eb 6b0b 6b0c 6b0b 62ca 5a89 4a28 4207 41e7 41e7 49e7 4a07 49e7 49e7 41e7 41c7 41e7 4a08 5228 4a28 5269 5a8a 62ca 62aa 5aaa 5a89 5269 5a89 62aa 62aa 62aa 6289 5a69 5a69 5a69 5a89 5a89 5a89 5a89 62aa 62ca 6aeb 6b0b 6b0b 6b2b 734c 7b6c 7b6d 7b6d 7b6c 736c 7b6c 7b6c 7b8d 83ad 83ad 83ad 83ad 83ad 7b8d 838d 83ad 83ad 83ad 83ad 83ad 83ad 83ce 83ce 8bee 8c0f 8c2f 8c2f 8c0f 8c0f 8c0f 942f 9450 9450 942f 8c2f 9450 9c71 9470 9471 9471 9c91 9c91 9c91 9c91 9c91 9c91 9c91 9491 9c91 9cb2 9cb2 9cd2 9cd2 9cd2 9cd2 9cd2 9cd2 9cd2 9cd2 9cd2 9cd2 9cd2 9cd2 9cf3 9cf3 a4f3 a4f3 9cf3 9cd3 a4d3 a4d3 9cb2 9471 8c50 8c50 9471 9471 9471 9471 8c30 7bce 7bae 8410 8c71 9492 9492 94b2 9491 94b2 a514 a514 9cd3 a4f4 a514 a514 a514 a534 a534 a514 9cf4 9cf3 9cd3 9cf4 9cf4 9d14 9cf4 9d14 a535 a535 a555 a556 ad56 ad56 a556 a555 a535 a535 9d35 a556 a576 a556 a576 adb7 b5f8 b5d8 b5d8 b5f8 be19 c65a c67a c69b c69a c67b c69b c67b be5b be3a b619 b5f9 b5f9 b5f9 adf9 b5f9 b639 be3a b639 b619 b63a be5a cebc d6fc df1d d6fd d6dc cebc d6fd df1d e75e df3e d6fd cedc c6bb be3a adb8 9d57 a5b8 a598 adf9 b65a b63a adb8 a577 a598 be5a ce9c d6fd d6fd d6fd df1d df1d d6fd cefd c6bc be5a b61a b61a b63a be5a be5b be5b be5b be5b be5a be7b c69b cedc cf1d d71d cedc cebb d6fc df5e e77f df3e cedc cebc cebc c69c be5b b63a b61a b61a b61b adda add9 add9 adfa b63a be7c c6bc cedd cefd cedd cedc cedc d6fc d6dc cebc ce9b cebc c69b be7a be3a b619 add9 a5b8 a5b8 a5d9 adfa ae1a ae1a adf9 adf9 b65a be9b c69b cebb cedc d6fc d6fd d6fc cebb c67b c67b c69b c69b c67b be3a b5f9 adf9 adf9 
49e7 41e7 41e7 4a08 5248 5a69 5a8a 5a89 5a8a 5aaa 62eb 630b 630b 62eb 5aca 5aaa 4a48 4207 41e7 4a07 4a28 4207 41e7 41e7 4a07 4a28 5248 4a28 4a28 5249 5aaa 6b0b 62eb 62cb 5aaa 5aaa 5a8a 5a8a 5aaa 62aa 5a89 5a89 5a89 5a89 5a68 5248 5268 5a89 5a89 5a8a 5aaa 62cb 62cb 62ca 62cb 6b0b 6aeb 6b0b 6b2c 734c 734c 734c 736d 7b8d 7b6d 7b6d 7b6d 7b8d 838d 83ad 83ad 838d 838d 7b8d 7b8d 7b6d 7b8d 838d 83ad 83ce 8bee 8bce 8bee 8bee 8bee 8bee 8c0e 942f 9450 942f 942f 942f 942f 942f 942f 9450 9470 9470 9470 9c91 9c91 9c91 9cb1 9cb1 9cb1 9cb1 9491 9491 94b1 9cb1 9cd2 9cd2 9cf2 9cd2 9cd2 9cd2 9cd2 9cf2 9cf2 9cf3 a4f3 9cf2 a4f3 a4f3 a513 a513 a4f3 9cd2 9cd2 9cb2 9c92 9451 8c30 8c30 9451 9492 9451 8c30 83ef 7bcf 7bcf 7bae 840f 9492 9492 9491 94b2 9cf3 9cf3 9cd3 9cd3 9cf3 a514 9cf4 9cf4 9cf4 a514 a514 a514 9cf4 9cf3 9cf4 9d14 9cf4 9cf4 9d14 a535 ad75 ad76 a576 a555 a555 a555 a555 a555 a535 9d15 9d14 9d35 a556 ad96 b5d7 b5f8 b5f8 b5f9 be19 be39 be39 c65a c67a ce9b cebc c6bc c69c be5b b61a adf9 add9 adf9 adf9 b619 b639 b639 be19 be3a c67b cebb cebb d6fc df1d df3d df1d df1d df1d df1d d71d df1d d71d d71d d6fd c6bc be5b adf9 a5d8 a5d8 a5d9 adf9 b61a b63a b619 add8 adb8 be3a c65a ce9b d6fc d71d d71d d71d d71d c69b be5a b619 ae19 b61a b63a b61a adf9 b61a b61a be3a c67b d6fd d71d d6fd d6dc d6fc d6fd d71d d71d d71d d71d d6fd d6fd cedd c69c be5b b63a b63b b63b be5b be5b be3b be3b b5fa b5f9 b63a c67b cedc d71d d71d cedc c69b c6bb cedc d71d d71d d6fd d71d c69c b61a adb8 add9 b5fa b5fa b5fa b61a add9 a5b8 a5b8 ae19 be7b c6dc cf1d cedb c69b c67a ce9b cebc d6dc d6dc d6fc cebc be3a add8 a598 a5b8 adf9 ae1a b63a 
4a28 5228 5249 5aaa 62eb 6aeb 62eb 62cb 6b2c 6b2c 630b 5aca 5a8a 5269 4a28 4a28 4a28 4a08 4207 4207 4a28 4a28 4a28 4a28 5269 5a8a 62ca 62eb 62ca 5aaa 5aaa 62ca 5a8a 5aaa 62cb 62cb 62ca 5a8a 5249 4a28 4a28 5248 5a69 5a89 5a69 5268 5268 5a89 5a89 5269 5269 5a8a 62aa 62aa 62ca 62cb 6b0b 6b0b 6b2c 6b2c 732c 734c 734d 7b6d 7b6d 7b6d 7b6c 7b6c 7b6d 7b8d 7b6d 7b6d 7b6c 838d 83ad 83ad 838d 838d 83ad 83ce 83ce 83cd 83ce 8bee 8bee 8bee 8c0e 942f 942f 942f 940f 940f 942f 942f 9450 9450 9450 9470 9470 9c91 9c91 9c91 9cb1 9cb1 9cb1 9cb1 94b1 94b1 9cb1 9cb1 9cd2 9cf2 9cf2 9cf2 9cd2 9cd2 9cf2 9cf2 9cf2 9cf2 9cf2 a4f3 a4f3 a513 a513 a513 a4f3 9cd2 9cb2 9cb2 9cb2 9451 83ef 83ef 8c30 9492 9451 8410 7bae 7bae 83ef 83ef 7bcf 83ef 9491 9491 94b2 9cd2 9cd3 94b2 9cd3 a514 9cf4 9cf3 9cf3 9cf4 a515 a535 a515 a514 9cd3 9cf3 9cf3 9d14 a534 a555 ad75 ad76 ad76 ad76 a555 a555 9d35 9d35 9d35 9d35 a535 a555 a555 a575 a576 adb7 b618 be59 c65a be39 b619 be39 c65a c67b c67b c65b c69b b65b b61a adf9 adf9 adf9 add8 a597 adb8 b5f8 be19 be3a c67a cebb d6dc d6dc d6dc d6fc df1d df1d df1d df1d d6fd d6dc d71d d6fd cebc be7b adf9 a5b8 add9 ae1a adf9 adf9 add9 b619 be3a be7a c65a be5a d71d d6dc ce9b c69b cedc d6fd d6fd cebc be5a b63a b619 ae19 b61a b61a ae1a ae1a b61a be5b c67c cebc cebc d6dc d6fd df1d defc d6fc d71d d71d df1d d71d cefd cedd be7b b63b b63b b63b b63b b61a b5fa b61a be3b be3b be5b c69b cebc d6fc d71d d73d d6fc d6fc d6fc d6fd d6fd d6fd d6fd d6fd c69c c67c be5b b5fa adb9 a599 add9 adfa adfa adfa b61a be7b c6bc cedc c6dc c6bb cedc cedc d6dc d6dc d6dc d6dc d6fd d6fd c67b b5f9 a598 a597 a5b8 a5b8 a5d9 a5f9 
62eb 6b0b 6b0c 6aeb 62cb 62ca 62eb 6b2c 62eb 62cb 5a8a 5249 4a28 4207 4207 4207 41e7 41e7 41e7 4207 4a28 5269 5a8a 5aaa 62eb 62eb 6b0b 6b0b 62eb 62ca 62ca 62cb 5a8a 5a8a 5aaa 5aaa 5a8a 5a69 5249 5248 5248 5228 5248 5248 5228 5248 5269 5a89 5a8a 5269 5269 5a89 5aaa 62ca 62cb 62cb 6b0b 6b0b 6b0b 6b0b 6b0b 6b2c 6b2c 732c 734c 734c 734c 734c 7b4c 7b6c 7b6c 7b6c 7b4c 7b8d 83ad 838d 7b6d 7b6c 838d 83ad 8bce 83ce 83cd 8bce 8bee 8bee 8c0f 940f 940f 8c0f 8c0f 940f 942f 9450 9450 944f 9430 9450 9470 9c71 9491 9c91 9c91 9cb1 9cb1 9cb1 94b1 94b1 9cb1 9cd1 9cd2 9cd2 9cf2 9cf2 9cd2 9cd2 9cd2 9cf2 9cf2 a4f2 9cf2 a4f3 a4f3 a513 a513 a4f3 a4f3 9cd2 9cb2 9cb2 9c92 8c30 83cf 7bcf 8410 8c51 8c51 83ef 738e 736d 7bcf 7bcf 7b8e 738e 8c30 8c51 9471 9491 8c71 8c51 9492 9cf3 9cd3 9cb3 9cd3 9cf4 a534 ad55 a534 a514 9cd3 9cf3 9cf3 a534 a555 ad76 ad96 ad96 ad96 ad76 a556 a555 9d35 9d35 9d35 a535 a555 a556 a556 a556 a576 adb7 b619 be5a c67a be5a be3a be5a c65a c65a be1a b5f9 b61a b61a adf9 adf9 adf9 adf9 add8 adb8 add8 b639 c67a ce9b cebc d6dc d6fc d6dc d71d d71d d6fc d6fd df1d df1d d71d d6fd d6dd cebc be5a adf9 a597 9d77 a598 adf9 adf9 adf9 ae1a be5a c69b cebc cebb ce9b cebb d6fc d6fd c69b be3a b61a add8 a577 a5b8 adf8 b63a b63a b63a ae19 adf9 adf9 b61a be7b cedd d6fd d6dd cebc d6bc d6dc df1d df1d df3d df3d df1d cefd c69c be5b b63a b61a b63b be5b be5b b61a adfa b61a be3a c65b cebc d6fd d71d d71d d6fc cedc cedc d6fc d71d d71d d71d cedd cebd c6bc c69c b63b adfa adf9 b61a b61a adda a598 add9 adf9 b63a c69b cedc cf1d cefc cedc cedc d6fc d71d d6fc d6dc d6fd d6dc cedc c69b b619 a598 9d77 a598 a598 a5b8 a5b8 
6b2c 62eb 62aa 62aa 62eb 6b0b 6b0b 62eb 5249 5248 4a28 4a28 4207 4a08 4a28 4a28 41e7 4207 4a28 4a28 5249 62ca 6b0b 6b2c 6b0b 6b0b 62eb 62eb 6aeb 6aeb 62cb 62ca 5a69 5269 5249 5248 5248 5249 5269 5a69 5248 5228 5248 5248 5268 5269 5a89 62ca 62ca 5aaa 5aaa 5aaa 62ca 62eb 62eb 62cb 62cb 62ca 62ca 5aaa 62ca 62ca 62eb 62eb 6b0b 6b0b 6b0b 732b 734c 7b4c 7b6c 7b6d 7b6c 7b6c 7b6c 7b6c 7b4c 7b6c 838d 83ae 8bce 83ce 83cd 83ce 8bee 8bee 8bee 8bee 942f 940f 8c0f 940f 942f 942f 942f 940f 944f 9450 9470 9470 9470 9470 9c91 9c91 9c91 9491 9491 94b1 9cb1 9cb1 9cd2 9cd2 9cd2 9cd2 9cd2 9cd2 9cd2 9cd2 9cf2 a4f2 a4f3 a4f3 a513 a513 a4f3 a4f3 9cd2 9cd2 9cd3 9cb2 9471 840f 7bae 7bae 83ef 8c10 8c30 8410 7b8e 6b4d 736d 736d 736d 7bae 8410 8410 8c30 8c30 8c30 8430 8c71 9cd3 9cb3 94b2 94b2 9cf3 a534 ad55 a535 a514 9cf3 9d13 a514 a534 a555 ad75 ad96 ad96 ad96 ad96 a576 a555 9d35 9d35 a556 a556 a556 a556 a556 a576 adb7 b5d8 b5f8 b5f8 be3a c65a c69b c67b be5a b619 b5d8 adb8 add8 b619 b63a b63a adf9 add8 b5f9 b63a be5a c67b ce9b cedc d6fd d71d d6fd d6dc d6fc d6fd d71d d71d df1d d71d d6fd cedc be5a b619 add9 add8 adb8 a5b8 a5b8 a5d8 a5d8 ae19 be7b c6bc cefd cedc cebb c69b c67a d6dc df3e d6fd c67b b5f9 9d57 94f5 8cd4 9515 9d77 a597 a5b8 add9 b61a be5b c6bc c6bc cebc cebc d6dc d6fd df1d df1d defd df1d df1d d71d cedc c69b be5a b61a b63b b61a b63b be5b be5b b61a b61a be5b c67b ce9c cedd d6fd df1e d71d d6fc cedc cefc cedc cedc cefd d6fd cedd c67c b63b b5fa b61a b63b b63a b61a b61a b5fa b61a adfa b61a b63a be7b c6bc cedc cedc cedc cebb cefc d6fd d6dc d6fd d6fd cebc be5b be3a b619 add9 a598 9d77 9d98 9d97 9577 
62cb 62eb 6b0b 62eb 62ca 5a89 5269 5269 5269 5249 4a48 4a48 4a48 5269 5269 5289 5aaa 62ca 5aaa 5aaa 5aaa 62eb 6b2c 6b2c 6aeb 62eb 62cb 6b0b 6b2c 6b0b 62aa 5248 49e7 4a07 4a28 5228 5228 5228 4a08 4a07 49e7 4a28 5a89 62cb 6b0b 62eb 62eb 62eb 5aca 62cb 62cb 5aca 5aaa 5aaa 5289 5289 5269 5269 5269 5269 5269 5289 5aaa 5aaa 62eb 6aeb 6b0b 732c 734c 7b6c 7b8d 7b8d 7b8d 7b8d 7b8d 7b8d 838d 83ad 83ae 83ce 83ad 83ad 83ad 83ad 83ce 8bee 8bee 8bee 940f 8c0f 8c0f 940f 942f 942f 8c0f 8c0e 9450 9450 9470 9470 9450 9450 9470 9470 9490 9490 9490 9490 9cb1 9cb1 9cd1 9cd1 9cd2 9cd2 9cd2 9cd2 9cd2 9cd2 9cd2 a4f2 a4f2 a4f2 a4f3 a4f3 a4f3 9cd2 9cd2 9cb2 9cd2 94b2 8c71 840f 738e 738e 7bcf 8c30 8c30 83ef 736d 6b2c 734d 734d 736d 7bae 83ef 83ef 83ef 840f 8c30 8c30 8c51 9492 9cd2 94b2 94b2 9cd3 a514 ad55 a534 a514 9cf3 9d13 a514 a514 9d14 a535 ad76 ad96 b5d7 b5b7 ad76 a555 9d35 9d35 a556 a556 a576 ad97 ad97 adb7 adb8 add8 b5d8 b5f8 be3a be5a c67b be5a be1a b5d9 adb8 adb8 add8 b619 b63a b619 adf9 b5f9 be3a c67b c67b c65a c67b cebc d6dd df1d df1d d71d cebc cefd d73d df3e d71d cebc c67b be3a add8 a597 a597 add8 adf9 adf9 adf9 b619 b619 be5a cedc d71d d71d d6fd cebc cebc cedc cebc c69c cebc c69c be3a add9 a598 9d56 9d36 9515 8cd4 8cd5 9516 a598 b61a cedd cebc c69c cebc d6dc d6fc d6bc ce9b d6dc d6dc cebc c67b be3a b63a b63a be5a be5b b63a b61a b61a b61a b61a be5b cebc d6dd d6dd d6dd d6dd d6fd d71d d71d d73d d71d cedc cebc c6bc c69c be7c b63b b61a adfa ae1a b63b b63b b61a b61a b63a be5b be5b c67c cedd d6fd cefc cebc c69b c69b c6bb cedc cedc cebc d6fd d6fd c69b b5f9 adb8 b61a b61a a5b8 a598 add9 adf9 a5b8 
6b0b 6b2c 6b2c 62eb 5269 4a07 41e7 4a07 4a48 4a48 5249 5269 5aaa 62cb 630b 6b2c 6b2c 6b2c 6b2c 6b0c 6b0c 6b2c 6b2c 6b2c 6b0b 62ca 5a8a 5a8a 62aa 5aaa 5249 4a07 49e7 4a07 5228 5248 5248 5228 4a08 49e7 5248 5269 5aaa 62eb 6b0b 630b 62eb 62eb 62eb 62eb 62eb 5aca 5289 5249 4a28 4207 41e7 4207 4a28 4a28 4a48 5269 5289 5aaa 62eb 6aeb 6b2b 734c 734c 7b6c 7b8d 7b8d 7b8d 7b8d 83ad 83ce 8bce 8bce 83ae 838d 83ad 83ad 83ad 83cd 8bce 8bee 8c0f 8bee 8bee 8bee 8c0e 8c0f 8c0f 8c0f 8c0f 8c0f 9450 9450 9450 9450 9450 9450 9450 9450 9470 9470 9470 9490 9490 9cb1 9cb1 9cd1 9cb1 9cd2 9cd2 9cd1 9cb2 9cb2 9cd2 9cf2 a4f2 a4f2 9cf2 9cf2 a4f3 9cd2 9cb2 9491 9471 94b2 94b2 8430 736d 6b4c 7bae 8c30 8c10 7bae 6b4d 6b4d 7b6e 736d 734d 7b8e 83ef 7bae 7bae 83cf 83ef 840f 8c30 9471 9cd2 94b2 9492 94b2 9cf3 a534 a554 a534 9cf3 9cf3 9cf3 9cf3 9cf3 9d14 a555 ad96 b5d7 b5b7 ad97 ad76 a556 9d35 a535 a556 ad97 b5d8 b5f9 b5f8 adb8 adb8 b5f8 be3a be3a b619 b5f9 add9 b5d9 b5d9 b5d9 adb8 adb8 adb8 adb8 adf9 be3a c67b c69b cebc ce9b c67b c67b c69b cebc d6fd d6fd d6fd d73e d71d cefd cedc c67b be3a b619 b61a add9 adb8 adb8 adb8 adb8 adb8 b619 be7b c69b cedc d6fd d71d d6fd d6fd d6fd d6fd cebc be5a be3a be3a b61a add9 adf9 b61a b61a b5f9 adb8 9d77 9d36 9d36 a577 adb8 a597 a597 adb8 be19 c67b d6dc d6fc d71d cedc cebb c67a b619 adf9 adf9 b61a be5b b63a b63a b61a b61a b61a be5b c6bc d6fd df1e df1e d6dd d6bc cebc cedc d6fd d6fd d71d d71d cedd c69c b63b b5fa b61a b61b b63b adfa add9 adfa b61a b65b be5b b63a c6bc cedd d71d d73d d71d cefc cedc cedc cebc c6bb c69b c69c cebc c6bc b61a a598 a598 adf9 add9 9536 9536 a5d9 be7b be9c 
6b2c 5aa9 4a27 4a07 5269 5a89 5269 4207 4a28 4a48 5289 5aca 630b 6b4c 736d 738d 6b2c 6b2c 6b2c 6b2c 734c 6b2c 6b0c 6b0b 62cb 5a8a 5228 4a07 4a07 4a28 5228 4a28 5228 5228 5248 5a68 5a69 5a89 5a8a 5aaa 62cb 62ca 5aaa 5aca 5aca 5aaa 5aaa 5acb 62eb 62eb 5aca 5289 5269 4a48 4a08 41e7 39c6 41e7 4a08 4a28 4a28 4a28 5269 5a89 62ca 6aea 6b0b 734c 734c 734c 736c 7b6c 7b8d 838d 83ad 83ce 83ce 83ce 838d 7b6c 83ad 83ce 83ce 83ce 83ce 8bee 8bee 8bee 83ce 8bee 8bee 8bee 8bee 8bee 8c0f 942f 9450 942f 942f 8c2f 944f 9450 9450 942f 9450 9470 9470 9470 9c90 9cb1 9cb1 9cb1 9cb1 9cd1 9cd2 9cd1 9cb1 9cb1 9cb2 9cd2 a4d2 9cd2 9cb2 9cd2 9cf2 9cd2 9cb2 9471 8c51 9492 94b2 8430 738e 6b4c 738e 83ef 83cf 736d 6b2c 734d 736d 6b2c 6b2c 7b8e 83cf 7b8e 7b6d 7b8e 7bae 7bce 840f 8c50 9cb2 9491 8c71 9491 94d2 9d13 a534 a554 9cf3 9cf3 9cd3 94d3 94d3 9d14 a555 ad76 adb7 b5b7 b5b7 b5b7 ad97 a576 a576 a576 ad97 add8 b5f9 b619 b5f9 adf9 b5f9 b619 adf9 add8 a598 a598 adb8 add9 b5d9 b5f9 adb8 adb7 add8 b619 c69b cedc d6fd d6dc cebc cebc ce9c cebc cebc cebc cebc d6fd d73e cefd be9c b63a adf9 adf9 b61a be3a b61a add9 add9 b5f9 b5f9 b5f9 be5a cedc d6fd d6fd d6fd d6fd d6fd cedc cedc cedc be5a be3a b63a b61a b5f9 add9 b61a be3a b61a b5f9 b5f9 be3a c65b c67b c67b be5a c69b be3a b5f9 adb8 add8 b619 be39 c65a be3a b619 b5f9 add8 add8 add9 adf9 b5f9 adf9 b63a be5b be5b c67b cebd d6fd d71e df1e defe d6dd d6dd cebc cebc cebc cebc cedd cedd c69c be5b adfa adda adfa b61b adfa b63b b65b b61a adf9 adfa be7b cedd cefd cefd d6fd d6fd d6fd d71d df1d df3d cefd cedc c6bc c69c be7b b63a add9 a598 a598 a598 9536 8cd5 8cd5 9d77 b63a c6bc 
5248 5248 5248 4a28 4a28 4a28 4a28 5248 5269 5a89 62eb 6b2c 736d 736d 6b4c 6b2c 6b0c 62eb 62eb 6b2c 6b2c 6aeb 62ca 62aa 5249 5228 4a28 4a07 4a07 4a07 4a28 5228 49e7 5227 5a68 62a9 62eb 6b0b 6b0c 6b2c 62eb 62cb 62eb 62eb 62eb 5aca 5aaa 5aaa 5aca 5aaa 5289 5249 4a48 4a48 4a28 41e7 39c6 4207 4a28 4a28 4a08 4a28 4a48 5269 5a89 62ca 6aeb 732b 734c 734c 734c 734c 83ad 83ad 83ce 83ce 83ad 838d 7b8d 7b8d 83ad 83cd 83ce 83ad 83ad 83ad 83ad 83ad 83cd 8bce 8bee 8bee 8bee 8bee 8c0f 942f 942f 942f 8c0f 8c0f 942f 9450 9450 8c2f 9450 9450 9470 9470 9c90 9c91 9cb1 9cb1 9cb1 9cb1 9cd1 9cb1 9cb1 9cb1 9cb2 9cd2 9cd2 9cb2 94b1 9cb2 9cd2 9cd2 9cb2 8c71 8c71 8c91 8c71 8430 7bce 738d 736d 738e 7b8e 736d 732d 734d 6b2c 62cb 6aeb 83ae 83cf 7b8e 7b6d 7b6d 7b8e 7bae 840f 9451 9471 8c71 8c50 8c50 9491 9cd2 a514 a534 9d14 9cf3 9cd3 94d3 9cf3 9d14 a535 a555 ad76 ad97 b5d8 b5d8 b5d8 adb8 adb7 adb7 a597 a597 adb8 b5f9 be3a be3a adf9 a598 9d77 a597 adb8 adb8 adb8 adb8 b5d9 b619 b5f9 b619 be5a c69b cebb cedc cedc cebc ce9b ce9b cebc cedc cebc ce9c cebc cedd c69c be5b b61a ae1a adf9 adf9 b5f9 b61a b5f9 adb8 adb8 be3a c69b cebc cedc d71d d6fd d6fd d71d d71d d71d cedc c69b be5a b619 add9 a5b8 adb8 adf9 be5b be5b be3a be3a be1a b619 be3a ce9c d6dc d6dc cedc c69b c67b c67b cebc d6fc cebb be39 add8 9d36 9d56 a577 adb8 b5f9 b5f9 add9 a598 a5b8 b61a be7b c69c cedd d71e d73e d71e d6dd d6dd defd df1e df1e df1e d71d d6fd c69c be7b b61a adfa adfa adfa adfa adfa b65b b63b b61a b61a b63b be7b c6bc cefd d71d d6fd cedc d6fd df1d df3d df1d d71d df3e d73e d71e cedd be5b adf9 add8 adf9 add9 a5b8 a5b8 a598 a598 a5b8 b63a c6bc 
41e7 41e7 41e6 41e6 41e6 41e7 4207 4207 5269 62eb 734c 734c 6b4c 734c 6b2c 62eb 62eb 62ca 5a8a 5a89 5aaa 5aaa 5a69 5248 4a08 5228 5248 5248 5248 5248 5248 5a69 5a68 5a69 62aa 6b0b 734c 734c 6b0c 62eb 6b0b 6b0b 630b 6b0c 630b 62eb 5aaa 5289 4a28 4207 4207 4a48 5269 4a48 4a08 4207 41e7 4207 4a48 5269 5269 5269 5269 5269 5aaa 62ca 62ea 6b0b 732c 7b6c 7b8d 83ae 83ce 83cd 83ad 838d 838d 83ad 838d 7b8d 838d 83ad 83ad 83ad 83ad 83ad 83ad 83cd 83ad 83ce 8bee 8bee 8c0e 8c0e 8bee 8bee 940f 8bee 8bce 8bee 8c0f 942f 942f 8c0f 942f 9450 9470 9470 9470 9c91 9cb1 9c91 9c91 9cb1 9cb1 9cb1 9cb1 9cb1 9cb1 9c91 9cb2 9cb2 9cb1 9cb1 9cd2 9cd2 9491 8c50 8430 8c71 8c91 8c91 738e 6b6d 6b4d 6b6d 6b4d 6b2c 6b4d 6b4d 62cb 62cb 6b2c 7b8e 8bef 7b8e 734d 7b8d 7bae 7b8e 7bce 8c10 9491 8c50 8430 8430 8c71 94b2 9d13 a534 a514 9cd3 94d2 9cf3 9d14 9d14 9d14 a535 ad97 ad96 b5b7 bdf8 be19 be19 be3a c65a b5d8 b5f9 b619 be3a be5b be3a adf9 a598 9d57 9d57 9d77 a577 a598 adb8 adb8 add8 be39 c67a c67a c69b d71d df1d cedc cebc d6fd cedc cebc c69c c69c c69c c67b be3a a5b8 a5b8 a5d9 ae1a b61a b61a b5f9 add9 adb8 b5f9 c65b ce9c cedc d6fd d6fd d71d d6fd d6fc d6fd d6fd cefd c6bc be5a b5f9 a598 a5b8 a5b8 a5b8 a5b8 a5b8 adf9 b61a b5f9 c65a cebc d6dd d6fd d71d d6fd cebc cebb ce9b cebc d6fc d71d d6fd cebb be7b b5f9 9d56 8cb4 8cb4 9d56 adf9 b5f9 add8 a598 adf9 be5b cedd d6fd d71e d6fd cedd cebc d6dd df1e df1e df1e df3e d71e cedd c69c be5b adfa add9 add9 adda ae1b b63b b61b ae1a ae1a b63a be7c cedd cefd d6fd df3e d71d d71d df1d df1d d6fd d6fc d6fc cefd cefd cedd be7b adf9 a5b8 add9 b61a b61a b63a adf9 9d77 9d57 a5b8 b63a be7b 
39a6 39c6 41e7 4a27 5268 5aa9 5aca 5aca 5aca 62ca 62eb 630b 6b4c 738d 736d 6b2c 5a89 5269 5248 4a28 4a07 4a07 49e7 49e7 5228 5228 4a28 4a28 5248 5a69 62ca 6aeb 62ca 62ea 6aeb 6aeb 62ca 62ca 62ca 62ca 62ca 62ca 5aca 5aca 5aaa 5269 4a28 4207 4207 41e7 41e7 4207 4a28 4a28 4a28 4a48 5289 5289 5289 5289 5289 5289 5aaa 5aca 62aa 62ca 62ea 6b0b 734c 7b6d 7b8d 7bad 7b8c 7b6c 7b6c 7b6c 7b8d 7b8d 838d 7b8d 7b8d 838d 838d 838d 838d 83ad 83ad 83ce 83ad 83ad 83ad 83cd 83ce 8bce 8bee 8bee 8c0f 8bee 8bee 8bee 8c0f 942f 942f 940f 944f 9450 9470 9470 9470 9c91 9c91 9c91 9470 9c91 9c91 9c91 9491 9c91 9cb1 9cb1 9cd2 9cb2 9cb1 9cb1 9cd2 9cd2 8c70 7bee 840f 8450 8410 7bef 8410 73ae 6b6d 738e 6b4c 630c 6b0c 630c 5aaa 5a8a 62cb 6aec 83cf 7bae 7b6e 736d 734d 738d 7bae 7bcf 8c50 8430 840f 7c0f 8430 94b1 9cf3 9d13 94b2 94b2 94b2 94b2 94d3 9d14 a535 a535 ad76 ad76 ad97 bdf8 be3a c63a be3a be3a be3a be5a be5b be5a be3a b619 adf9 add8 9d77 9d57 9d57 9d57 a598 adb8 b5d9 b5f9 cebb cedc c69b c67a cedc d6fd d6fd d71d df3e d71e d6fd cebc c69c be5b b5f9 adb8 adf9 adf9 add9 adf9 adf9 add9 add9 add9 be3a c65b ce9c cedc d6fd d71d d71d d71d d6fc d71d d6fd cedc be7b b63a b5f9 b619 b63a adf9 adf9 adf9 adf9 add9 add9 add9 c65b ce9c d6dc d6dc d6dc d6dc d6fc d6fd d6fc cedc cedc cedc d6fd cedc be7b b619 a5b8 a5b8 9d77 9536 8cf5 8cf5 9536 9d77 adb8 adf9 be3a c69c cefd d6fd d6fd cedd defd d6fd d6dd cebc cebc d6fd d6fd cedd be7b b61a add9 add9 add9 a5d9 a5b9 a5b9 ae1a b61a b63b be7b cedd d71e d71d d71d d6fd d6fd d6fd d6fd d71d d71d df1d df1d cebc be7b b61a add9 add9 add9 a5d9 a5b8 9d97 b61a be7b be5b b63a b63a b63a b619 
4a48 4a48 4a48 5289 5aa9 5aea 62ea 62ea 62ca 5aca 62eb 6b2c 736d 736d 6b0b 5aca 4a48 4a48 4a28 4207 41e7 41e7 41e7 4a07 4a07 4a28 5269 5aaa 62ea 6b0b 732c 734c 736c 6b2c 6aeb 62eb 6b0b 6b0b 62cb 5aaa 5269 5269 5289 5269 5269 4a48 4207 41e7 41e7 4207 4207 4207 4207 4207 4a48 5269 5aaa 5aca 5aca 5aca 5aca 5aca 5aca 5aca 62ca 62ea 6b0b 6b2b 734c 736c 7b6d 7b8d 736c 736c 736c 7b6c 7b8c 7b8d 7b6c 7b6c 7b6c 7b6c 7b6c 7b6c 7b8c 838d 83ad 83cd 83ad 83ad 838d 838d 83ad 83ad 83ce 8bce 8bce 8bce 8bce 8bee 8bee 8c0f 940f 942f 9450 9470 9470 9470 9470 9c90 9c90 9c90 9c70 9c90 9c70 9470 9450 9c71 9cb1 9cb1 9cb1 9cb1 9491 9491 9cd2 9cb2 8c2f 738d 7bce 7bef 738d 6b4c 8c71 7bef 6b2c 6b4d 736d 630c 5acb 5acb 5a8a 528a 5a8a 5a8a 734d 7b8e 7b8e 6b0c 62eb 6b2c 736d 736d 83ef 83ef 7bce 73ae 7bef 8c71 94b2 9491 8c91 94d2 9cd3 94b2 94b3 9cf4 9d14 9d14 9cf4 a535 ad97 b5d8 be19 be3a be3a be3a be3a b5f9 adb8 a598 a598 a598 a598 a597 a5b8 a5b8 a598 a577 a577 b5d9 c67b d6fd d6dc d6dc cebb c69b cebc cefc d6fd d71d d6fd d6fd cedc c67b b619 add9 adf9 b61a ae1a adf9 adf9 adf9 b61a b61a be3a be5b cebc cebc d6dc d6dc d6dc d6fd d71d d71d d6fd cedc c67b be3a b61a b61a adf9 adf9 adf9 b61a b61a b61a add9 add9 b61a c67b cedc d6dd d6dc d6dc cebc d6dc d6fc d6fd d71d d71d d6fd cedc c6bc be7b b61a adf9 adf9 adf9 adf9 a5d8 9d77 9d36 9d36 9d56 a597 adb8 add8 b619 be3a c69b cedd d71e df1e df1e d71e d71e d6fe cedd be5b adf9 add9 add9 b61a b63b b63b adfa a5b9 a598 adf9 b61a be5b c6bc cefd d71e d71d d71d d6fd d71d d71d cefc d6dc d6fc d6fc cedc cebc be7b adf9 a5b8 a5b8 a5b8 a598 9d97 9516 9d57 a598 add8 b61a cebc d71d df3e 
630b 630b 5aea 5aca 5aa9 5aca 5aca 62ea 62eb 62eb 6b2c 6b4c 6b0b 5aaa 5269 5269 5269 5269 5269 5248 4a48 4a48 5248 5269 4a48 5269 62ca 6b0b 6b4c 734c 6b2c 6b2b 6b2c 6b0b 62ea 62eb 6b0b 62eb 5a89 5248 41e7 41e7 4207 4207 4207 41e7 41e7 41e7 41e7 4207 4a28 4a48 4a48 5248 5269 5a89 5aaa 5aaa 5aca 62ca 62eb 62eb 62eb 62ea 62ca 62ea 6b0b 6b2b 734c 734c 734c 734c 734c 734c 734c 736c 7b6c 7b6c 7b6c 7b6c 7b6c 7b6c 7b6c 7b8c 7b8c 838d 83ad 83ad 83ad 838d 838d 838d 83ad 83ad 83cd 83ce 838d 83ad 8bce 8bce 8bee 8bee 940f 942f 9450 9450 9450 9450 9470 9c70 9c90 9c90 9c70 9c70 9470 9450 9470 9c91 9cb1 9cb1 9c91 9c91 9491 9491 9cb1 9c91 842f 738d 7bce 7bef 6b6d 632c 8c50 840f 632c 5acb 738e 630b 5aaa 528a 5269 5269 5269 5269 62ec 734d 736e 6b0c 62cb 62eb 6b2c 6b4c 73ae 7bcf 7bce 738d 73ce 8430 8c50 8430 8430 8c71 94d3 94d3 94d3 94d3 94d3 94d3 9d15 ad76 b5d8 b5d8 b5f9 be19 be1a be1a b5f9 a598 9516 8cd5 94f5 9d36 9d56 9536 9d77 a598 add9 be5b ce9c cedd ce9c c67b d6dc d6dc cebc cebc cedc d6fc d6fd d71d c6bc c67b be3a b619 adf9 add8 add9 add9 a5b8 a5b8 add9 b61a be5b ce9c cedd d6fd defd d6fd d6fd d6dc d6dc d6dc d6fd d6fd cefc c69b b619 add8 adf9 ae19 adf9 adf9 a5b8 add9 b61a b61a b5f9 b63a c69c df1e d6fd d6fc d6dc d6dc d6fd df1d d6fc cebc d6fd d71d d71d c6bc b63a adf9 adf9 adfa add9 add9 adf9 b61a b63a b63a b619 b5f9 be3a c67b c67b be5a b5f9 add9 b61a c67b cebc ce9c ce9c c69c c69c be5b b5fa adb8 a578 adb8 adf9 b63a b63a b63a be5b c69c b61a be5a c69c cedc cefd d6fd d6fd d6fd d71d df3d d73d d6fc d6dc d6fd cedc c67b be3a adf9 a5b8 a598 a5b8 adf9 adf9 ae19 b63a b619 b5f9 b619 c69b d6fd d6fd ce9b 
6b4c 6b4c 632b 630a 5aca 5aca 62eb 630b 62eb 62ea 62eb 5aca 5269 4a07 4a07 4a48 5248 5269 5269 5289 5aaa 5aca 5aca 5aca 630b 62eb 62ea 62ea 62ea 62ea 62ea 62eb 62eb 6b0c 734c 6b2c 62ca 5269 4a28 4a28 4a07 41e7 41e7 41e7 41e7 4207 4207 4a27 4207 4a27 5248 5269 5a89 5aaa 5aca 62ca 62ca 5aca 5aaa 5aca 62ca 62ea 62eb 6b0b 62ca 62ca 62ea 62ea 6aeb 6b0b 6b0b 6b0b 6aea 6b0b 6b2b 734b 734c 736c 736c 7b6c 7b6c 7b6c 7b8c 7b8d 7b8d 7b8c 7b8c 7b8c 7b8c 7b8d 838d 83ad 83ad 83ad 83ad 83ad 836c 838d 8bce 8bce 8bee 8c0e 942f 942f 942f 942f 942f 944f 9450 9470 9470 9c70 9c70 9450 944f 9450 9c70 9cb1 9c91 9470 9491 9c91 9cb1 9491 9491 9471 8c2f 7bce 7bef 83ef 736d 6b6d 73ae 8430 738d 5acb 738d 5aeb 528a 5289 4a69 4a49 4a28 4208 528a 5acb 6b0c 6b2d 62ec 5aeb 630c 6b4d 6b6d 7bae 7bcf 73ae 7bcf 8430 8c71 8430 8430 8c50 94b2 9cf3 9cf3 94d3 9cd4 9d14 a576 ad77 ad97 b5b8 b5d9 be1a be1a b5f9 a597 9d56 94f5 8cb4 8cb4 8cd4 8cd4 8cb4 9d36 a598 be1a c65b be3a c63a ce7b d6dd d6fd cedc cedc d6fd d6fd d71d d71d d6fd adf9 9d97 9556 9d97 ae19 b63a adf9 a5b8 adb8 adf9 b61a c67b ce9c d6dd d6fd df1d df1d df1d df1d df1d d71d d6fd cebc cebc be5a be5a b63a b61a add9 a5d9 add9 adf9 b61a adf9 add9 b61a c69c cedc d6dd d6dc d6fd d6fd d6fd d6fd df1d df1d d6fd cedc cedc cedc c6bc be7b ae1a adfa adfa ae3a 9d98 a5b8 a5d9 adf9 b619 b63a c67b cebc d6fc df1d df3e d71d cebc be5a b61a b61a be5b be3a be3a b5f9 adb8 a577 9d36 9516 a578 a598 add9 b61a b63a b61a b61a b61a c67b c6bc cefd d6fd cedc cedc d6fc d71d d71d df3d df3d d71d d71d df3e d6fd c67b adb8 9d57 9536 9d57 a5b8 add9 a5b8 9d77 a5b8 a5b8 adf8 be5a d6fd df1d d6dc c67a 
6b4b 6b4c 6b4b 630b 5aca 5aa9 52a9 5aa9 5289 5269 5269 5269 4a48 4a28 4a07 4a28 4207 4227 4a68 5aaa 630b 6b4c 6b6c 6b4c 734c 6b2b 62eb 62ea 62ea 62ea 62ea 62ca 5aaa 62cb 62eb 62ca 5a89 5248 4a28 4a28 4a07 4a07 4a07 4a07 4a27 5248 5289 5aa9 5a89 5a89 5289 5289 5a89 5aaa 5aca 5aaa 5aa9 5aaa 62ca 62eb 62eb 62ea 62ca 5aaa 5a89 5a89 5a89 5aa9 5aa9 62aa 62ca 62ca 6aea 6b0b 6b2b 732b 732b 734b 734c 734c 734c 7b4c 7b6c 7b6c 7b6c 7b4c 7b4c 7b4c 7b4c 7b6c 7b8c 838d 83ad 83ad 83ad 838d 836d 838d 8bce 8bee 93ee 940f 942f 942f 940f 8c0f 942f 942f 944f 942f 944f 944f 942f 942f 8c2f 944f 9c70 9c91 9470 8c2f 9470 9c91 9491 9470 8c50 8c50 8c0f 83ef 83ef 7bef 738d 6b6d 630c 840f 7bef 6b4d 736d 630c 5aeb 5aeb 5aaa 4a69 4228 39c7 4a29 4a49 528a 62ec 62ec 5aab 5acb 630c 6b2c 738e 7bce 7bce 7bef 8c50 9491 9491 8c71 8c51 8c71 94b2 94b2 8c92 8c92 9cd4 8c93 8c72 8c73 9cf5 adb8 be3a be1a b5d9 9d36 9d57 9d57 9516 8cd4 8493 8493 84b4 8493 9d57 be3a c69b be3a b5f9 be1a c67b c69b c69b d6fd df3e d71d cefc c6bc be7a 9d76 9535 8cf5 9535 9556 9d97 a5d8 ae19 be5a c67b cebc cedc d6dd d6fd d6dd d6dc d6dd d6fd df1d df1d d71d cebc c67b be3a adb8 add8 ae19 b63a b61a ae1a adfa adfa b61a b61a b63a c67b cedc cedc cedc cebb d6dc df1d df3d df1d d6fc d6fc d6fc d6fd cebc c67b b63a ae1a ae1a ae3b ae3b ae3b a5f9 a5d9 a5b8 a5b8 add8 b639 c69b d6fc d6fd d6dc d6dc d6fd d71d df3e d71d d6fd c67b c67b be5b b5f9 a598 9536 94f5 94f5 8494 8494 8cd5 9d77 adf9 be5b be7b c67b cebc cedc d6fd d6fc cedc cedc d6fc d71d d71d d71d d71d d71d d71d d6fd c69c be3a b61a b61a adf9 b61a b61a ae19 adf9 a5b8 be7a c69b cedc d71d df1d d6fc d6dc d6dc 
632b 632b 5aea 5ac9 5289 4a48 4207 41e7 41e7 41e7 4207 4a28 4a48 5248 5248 4a48 4a48 4a69 5aaa 630b 6b6c 73ad 7bad 7bad 6b4c 6b4c 6b2c 6b4c 6b4c 632b 5aca 5a89 4a28 4a08 4207 4207 4a28 4a48 4a28 4207 41e7 41e7 4a07 4a27 4a27 5268 5aa9 62ca 6aeb 62ea 62ca 5a89 5a89 5aa9 5aa9 5a89 5a89 5a89 5aa9 62aa 62aa 5a89 5268 5248 5268 5268 5268 5268 5a89 5aa9 62ca 62ca 6b0b 6b2b 6b2b 6b2b 6b0b 6b0b 6b0b 6b0b 732b 732b 732b 732b 732b 732b 732b 732b 734b 7b4c 7b6c 7b8c 838d 838d 838d 838d 838d 83ad 8bce 8bce 8bee 93ee 940f 8c0f 940f 8c0e 8c0f 942f 942f 8c0f 8c0e 8c0f 8c0f 940f 942f 942f 9450 9470 9450 8c2f 8c0f 9450 9450 8c50 8c2f 8c2f 840f 83ef 840f 7bce 738e 6b4d 630c 738e 83ef 7bce 7bce 736d 6b6d 6b6d 630c 52aa 4a69 4a49 4229 4209 4a49 52ab 52ab 4a6a 4a6a 528a 5acb 632c 6b6d 738e 73ae 7bef 8c71 94b2 8c71 8450 8430 8410 7c10 7c10 7c10 7c10 7bf0 73d0 7c11 94b4 a577 b5b8 adb8 a577 a557 a577 adb8 a597 9d57 9d36 9d57 a597 b619 add9 adb8 adb8 b5f9 be3a c63a be3a c65b c67b cedc d6fd c69b b63a b619 adf8 adf8 a5d8 a5b7 9556 8cf4 84d4 9576 b619 c6bc d6dc d6fd d6fd d6fd d6fd d6fd d6dc d6dc d6dc cebc cebc ce9b c65a be19 b5f9 add8 a5b8 a5b8 add9 ae1a b63a b61a ae1a b61a be7b cedd d6fd cedc ce9b cebc d6dc d6dc df1d df3d df1d d6fc d6dc cedc cedc be5a b619 add9 a5d9 adfa ae3b ae3b ae3b b67b ae1a a5d9 add9 b63a c6bb cedc cedc d71d d6dc cebb cebc d6fd df3e df3e d71d cefd c69c b63a adb8 9d57 9d57 a598 b5f9 add9 a577 9536 8cf5 94f5 9d56 adf9 be7a cebc cebc cedc d6dc cedc cefc d6fc d6fc cedc cefc cefc cefc cebc be7b b61a add9 9d57 a598 a5b8 add9 a5b8 add9 b61a be7b be5a c6bc d71d df3e d6fd cebb ce9b d6dc 
62eb 5aca 5289 4a48 4a48 4a28 4207 41e6 39c6 41e6 41e7 41e6 41e7 4a28 5a89 5aaa 6b0b 6b2c 6b4c 736d 738d 738d 736d 736d 738d 738d 736d 6b4c 6b4c 62ea 5289 4a28 4207 4208 4a28 4a28 4a28 4a28 4a48 5249 5269 5269 5a89 5a89 5aa9 5aa9 62ca 62ea 62ea 62ea 62ca 5aca 5aaa 62ca 62ca 62ca 5aaa 5269 4a28 4a07 4a07 4a27 5248 5268 5269 5268 5248 5248 5a69 5aa9 62ca 6aeb 62ca 62ea 6aea 6aea 62ea 62ea 6b0a 6b0b 6b0b 6b0b 6b0a 6aea 6aea 6aea 6b0b 730b 734b 734c 7b4c 7b6c 7b8c 838d 838d 838d 838d 83ad 8bae 8bce 8bee 8bee 8bee 8bce 8c0f 8c0e 8c0f 942f 940f 8bee 8bee 8bee 8bee 940f 942f 942f 944f 9450 9450 8c2f 83ce 8c0f 8c2f 8c0f 8c0f 8c2f 8c2f 83ef 8c0f 7bce 7bce 736d 738d 6b6d 7bce 7bef 840f 7bcf 73ae 73ae 6b4d 5aeb 5aeb 5acb 4a8a 4a4a 4a4a 4a8a 528a 4a6a 4229 4229 528a 5acb 630c 632c 634c 6b8e 8410 8c71 8c71 8c91 8c71 8431 8451 8472 8452 7c11 8472 8c93 94d5 a536 a557 9d16 94f5 94f5 9d56 9d36 9d36 9d56 a597 add8 b61a be3a c69c cebc c69b be19 ad98 a577 b5b8 be19 d6dd c69c c69c be5a a598 9d77 add8 b619 adf9 a5d8 a5d8 a5d8 a5b7 9d97 a5d8 b659 c67b cebb cedc d6bc d6dc d6fd df1d df1d defd d6dd c67b be5a b61a b619 b5f9 b5f9 b61a b61a adfa a5b8 9d78 a598 adf9 b63a cedd cefd d71e d71e d6fd cebc cedc d6fc d6fd d6fc d6dc d6fd df1d d71d cebc be3a add9 add9 add9 a5d9 a5d9 a5da ae1a ae3b b63b ae1a ae1a b65a c6bc cefd d6fd d6fc cebb cedc d6fd d71d d71d d6fd d6fd cedc d71d cebc be5b b5f9 a577 9516 9516 9536 adb8 adf9 b619 a5b8 9515 94f5 a597 be5a cebb ce9b cebb cedc d71d d71d d71d cedc cebb cebc cedc cedc c67b b61a adf9 adf9 add9 a598 9d77 9d77 a5b8 b61a be7b cebc d71d d71d d71d d6fd d6dc cebc d6dc e73d 
5aaa 5aaa 528a 5249 4a28 4207 4207 4a07 4a28 4a28 4a08 4a07 41e6 4a07 5269 62ea 7b6c 7b6c 736c 736c 734c 6b4c 734d 736d 738e 736d 630c 62eb 5aca 5aa9 5a89 5aa9 5268 4a68 4a68 4a48 4a28 5248 5a89 62aa 6b2b 6b0b 6b0b 6b0b 6b0b 6b0b 62eb 62ea 6b0b 6b2b 6b0b 62ea 62ca 5aaa 5269 4a28 4a07 4a28 4a48 4a28 4207 41e7 4207 4a28 5248 5248 5269 5269 5a89 5aaa 62ca 62ea 62ca 62ca 62ea 62ca 62ca 62ca 62ea 630a 62ea 62ea 62ea 62ea 6aca 6aea 6b0a 730b 730b 732b 732b 7b4c 7b6c 7b6c 7b6c 7b6c 836c 838d 8bcd 8bee 8bee 8bce 83ad 83ad 8bee 8bee 8bee 83cd 83ad 8bce 83cd 83ad 83ce 8bee 942f 944f 8c2f 8c0f 8c0f 942f 83ce 83ad 83ce 8c0f 8c0f 83ce 83ee 8c2f 7bce 83ee 840f 83ef 7bae 738d 7bae 840f 8410 73af 6b6e 6b6e 738f 738f 632d 52ab 5aec 52cc 52ab 52cc 632e 6b6e 6b6e 634e 632d 632d 634d 6b4e 73ae 8431 9cd3 a555 a555 9d55 9d55 a576 adb7 add7 adb8 ad97 a577 adb8 b5f9 b5f9 a577 94d5 8c94 8cb5 9d56 9556 9556 9d76 a5d8 b619 b619 b5f9 add8 be5a cebc d6dc ce9b c63a bdf9 be19 be5b b63a adf9 adf9 a5b8 a598 a5b8 adf9 add8 9d77 9d56 a5b8 be5a c69b be5a adf8 c65a d6bb d6dc d6dc cebb d6dc d6fd d71d cefd c69c b63a add9 add9 adf9 ae1a b61a adda adfa b61b b61a b5fa b61a be5b c69c cebc cebc cedc cedc cedc cefc d6fd d71d d6fc cefc cedc cedc cedc c67b b63a add9 adfa b61a b61a add9 9d98 9d78 a5d9 b63a b63a b63b be7b c6bc d6fd d71d d6fd cedc cebb d6fc df1d df3d d73d d71d d71d d71d d6dd c69c b5fa adb8 a5b8 a5b9 9d78 9536 9536 9d57 a577 adb8 b639 c65a be19 ad97 add7 b5f9 c65a ce9b cebc cebc cebc cedc d71d cefd d71e cedd b63a adf9 adf9 adf9 adfa 9d78 9536 9516 9536 adf9 c6bc cedc d6fd d71d d71d d6fc cebb ce9b cebc d6fc 
4a08 4a08 4a28 4a28 4a08 4a08 4a28 4a28 5248 5a89 62ca 62ca 5aa9 5289 5aa9 62ca 62ca 62a9 62a9 62ca 62eb 630b 62eb 5acb 62eb 5aaa 528a 528a 5aaa 5289 5248 4a48 4a47 4a68 5288 52a9 5aca 62ea 6b0b 6b2c 6b0b 6b0b 6b0b 6aeb 6aeb 6b0b 6b0c 6b2c 6b4c 6b4c 6b2c 5aca 5248 4a28 4227 4207 4207 4a28 4a28 4a28 4207 41e7 39c7 39c6 41e7 4a08 5248 5269 5a89 5a89 5a89 5289 5aaa 5aaa 5aaa 5aa9 5ac9 5ac9 5aa9 5aa9 62ca 62ea 62ca 62ea 62ea 6aea 6aea 72ea 72ea 730b 730b 730b 732b 732b 732b 734b 7b4c 838c 83ad 8bcd 8bce 83ad 83ad 838d 7b8c 838d 838d 838d 838d 83ad 83ad 83ac 83ad 83cd 8bce 8bee 83ee 83ce 83ce 8bee 7bad 83ce 83ee 83ee 8c0f 8c0f 8c0f 8c0f 8c0f 8c2f 8c0f 83ce 738d 736d 7bef 8c50 8410 7bf0 73af 6b8e 6b4e 6b2d 630d 5aec 5aec 5b0d 5b2e 634e 636e 6b8f 73af 73d0 8431 8c92 94f4 9d15 a535 a555 a555 ad76 b5f8 b5d7 b5f8 b619 be39 b619 a597 9d15 9d57 9d36 9d36 9d57 a557 9d57 9d16 9516 9516 9556 9d97 adf8 be5a c69b c67a be5a be3a be39 be19 be3a c67b d6bc d6bc d6dd be5b a5b9 9537 9536 9d77 9d77 9d77 9d77 9536 a597 b619 be5b be9b be7b be5a be5a ce7a cebb d6bb ce9b cebb d6dc cedd cedc be7b b63a a5d9 9d98 a598 a5b8 a5b8 a598 adfa b61b b63b be3b be3b be5b ce9c d6fd d6fd cebc c69b c69b cefc d73d cf1d cebb cedc d6fc d6fd c6bc be5b ae1a adfa b61a b63b b63b adfa a5d9 a5b8 a5b8 add8 ae19 ae1a be7b cedd d71e d6fd cedc d6dc d6dc d6fd d6fc cedc cedc cefc d6fc d6fd d6fd c67b be3a b5d9 adb9 add9 a5d9 a5b9 a5b9 b61a add9 a577 a577 b5d8 c69a defc df3d c65a be19 b619 be5a cebc d6fc c6bc be5b b63a b63a be5b be5b b63a ae19 ae19 adf9 adfa a5b9 9d98 9d57 9d57 add9 c67b cedc d6fc d6fc d6fc d6fc d6dc cedc d6dc d6dc 
5229 5228 5228 4a08 4a07 4a07 4a08 5228 62aa 62eb 6b0c 6b0c 62cb 5a89 5a89 62aa 62ca 62ca 62ca 5aca 62eb 6b2c 630b 5aca 4a49 4228 4228 4a48 5289 5289 5269 5248 4a27 4a48 5289 5aa9 62ca 630b 6b0c 6b2c 6b2c 6b2c 6b2c 6b0c 6b0c 6b0c 6b0c 6b0c 6b2c 6b2c 630b 5aaa 5269 4a28 4a28 4a28 4a28 4a28 4207 41e7 41e7 41e7 4207 4a07 4a28 5249 5a8a 62aa 62ca 62ca 5aaa 5a8a 5aaa 5aaa 5a89 5aa9 5aa9 5aa9 5289 5268 5268 5288 5a88 5a89 62a9 62ca 6aca 6aca 6aca 6aca 6aca 6aca 6aea 6aea 6b0a 6b0a 732b 7b4b 7b6c 836c 7b6c 7b4c 7b4c 7b4c 732b 7b2b 7b4c 7b6c 7b6c 7b6c 7b6c 838c 7b8c 7b6c 7b6c 7b8c 7b8c 7b6c 7b8d 83ad 7b6c 83cd 83ce 83ad 83ce 8c2f 8c0f 83ce 8bef 8c2f 8c0f 7bae 6b6c 6b6d 7bcf 8c50 8c51 8430 73cf 6b4d 5aec 52ab 52ab 52ac 634e 6b6e 6b8f 6b8f 6b8f 6b8f 73cf 7bf0 8431 8c72 94d3 a535 ad76 ad96 ad97 ad97 b5f8 b5f8 b5f8 b619 b619 adb7 9d36 8cb4 8cb4 8cd4 9516 9d77 a598 a5b8 a598 a598 b63a b63a b65a be5a be7a c69b c69b c67b cebc c69b c65b ce9b cebc d6bc c67b be1a b61a a598 9d57 a598 add9 a5b8 9d77 9d77 9536 add8 c67b cebc c69b be7b c69b cebc cebb ce9b ce9b c69b ce9b cebc c69c be5b b61a adf9 a5b8 9d98 9d77 9d77 9d77 9d78 9d58 a578 adda be3b c67c cedd d6fd d71d d6fc d6fc d6fc cedc cedc cedc cedc cedc cefc cefd cedc be7b adf9 a5b9 add9 ae1a adda adfa b61a b63a b61a adf9 add8 a5b8 be7b c6bc d71e d71e cedc c69b ce9b cebb d6dc d6fc d6fc d71d d71d cefc cebc c69b be1a b5d9 adb8 add9 add9 a5b9 a5b9 adfa adfa add9 add9 b619 c65a ce9b cebb d6db defc ce9b be19 add8 add8 b619 be5a be7b b61a adf9 add9 a5b8 9d57 9d77 add9 b61a b63a b61a a598 9516 9516 a597 be3a d6fc cebc cebb cebc d6dc defd d6fd d6fc d6fc 
4a08 5228 5269 5a89 5a89 5a89 5aaa 62aa 62cb 62eb 6aeb 6aeb 62ca 5a8a 5a69 5a89 5aaa 62ea 62ea 5aa9 5289 5289 52aa 5289 4a48 4228 4207 4228 4a48 5269 5a89 5aaa 62eb 62eb 630b 6b0b 6b0b 6b0b 6b0c 732c 6b2c 732c 734d 6b2c 6b0c 62eb 5acb 5aaa 4a69 4a48 4a28 4a48 5269 5269 4a48 4208 4a28 4207 41e7 41e7 4207 4a28 5269 5a89 5a8a 5a8a 5a8a 5aaa 62aa 62aa 5aaa 5aaa 5a89 5a89 5269 5269 5249 5248 4a28 4a28 4206 4207 4a07 4a27 5248 5a88 5a89 6289 62a9 62a9 62a9 62a9 62c9 6aca 6aea 6aea 732b 732a 732b 730a 730a 72ea 6aea 72ea 732b 732b 732b 7b4b 734b 732a 734b 7b6c 7b6c 734c 732b 732b 734b 734c 7b6c 7b8c 7b6c 83ad 83cd 7bad 83ad 8c0e 8c0f 83ce 83ce 83ee 8bef 7bae 736d 6b6d 73ae 7bcf 7bcf 6b8e 632d 5acc 52ab 52cc 5aed 632d 630d 632d 6b4e 73af 7c10 8451 8c72 8c72 8c72 8c72 8c93 94d3 9cf4 9d15 a535 a556 ad97 a576 9d56 9515 94f4 9515 9d36 9d56 94f5 94f5 8cf5 9516 9d57 adb8 be3b c69c c6bc c6bb c69b c67b c69b cebb cedc cedc ce9b ce9c cebc cebc cebc c67b b5fa adb8 9d77 9d77 a5b8 adf9 add8 9d77 a598 adf9 b63a be5b c69b c6bc c6bc c6bc cedc d6fc ce9b cebb cebb ce9b c69b c69b b63a adf9 adf9 ae1a ae1a adf9 9d98 9d57 9d78 a5b9 a578 a598 add9 be5b cebc cedd ce9c c67b c67b d6fc df3e df3d cefc cedc cefc d71d cefc c69b b63a adf9 adf9 adfa adda a5b9 adfa ae1a b61a adf9 adf9 adf9 be5a c69b d71d cefd cedd cedc cedc cedc cebb cebb cebc cedc d6dc d71d d71d cedc be5a b619 b61a add9 add9 adf9 adfa add9 a5b9 a5d9 a5b8 a5b8 b61a c69b d6dc d6fc d6fc df1c d6fc df1c df1d cebb c65a be3a be5b c69b be7b a5d8 9536 8cd5 84b4 8cd5 9d57 a5b8 a5b9 b61a adf9 add9 b619 be3a c67a cedc ce9b c69b ce9b d6bc d6fc d6fd d71d df1d 
4a08 5269 62cb 6b0b 6b2c 6b0b 6aeb 62eb 62cb 62cb 62cb 6aeb 6aeb 62ca 5a89 5249 4a48 5268 5269 4a28 4207 4207 4207 3a07 4a48 4248 4228 4207 4227 4a48 5a89 62ea 736d 7b8d 7b8e 7b6d 734d 732c 732c 734d 734d 734d 732d 6b2c 62eb 528a 4a49 4a29 4208 39e7 39e7 4228 4a48 4a69 4a28 4207 39c6 41e7 4a28 5249 5269 5a69 5a89 5aa9 5a89 5a69 5249 5248 5248 5248 5228 4a28 4a28 4a28 4a07 41e7 39c6 39c6 39c6 41c7 39c6 39c6 41c6 41e6 4a07 5248 5a68 5a68 5a68 5a68 6268 6289 6289 62a9 6ac9 6aca 730a 730a 72ea 6ae9 6ac9 6ac9 6aea 72ea 7b2b 730b 730a 730a 730a 6ae9 730a 734b 734b 732b 6b0a 6b0a 732b 732b 7b4c 7b6c 7b8c 7b8d 838d 838d 83ad 83ce 8c0f 942f 8bef 8c0f 8bef 7bce 738d 6b6d 6b6d 6b4d 634d 632c 5b0c 5aec 52cc 52cc 5b0d 634e 634d 6b6e 738f 7c10 8c92 94d3 94d3 94d3 94b3 94d3 9cf4 a535 a556 9d35 9d15 9d15 8cb4 8cb4 8cb4 8cb4 8cd4 94f5 9d36 9d56 9d36 9515 8cf5 9515 a597 b63a c69c cebc c67b c6bb cedc cedc cedc cedc c69c c67b c67b be5b be3a b61a b5f9 b5f9 b5fa b61a 9d77 9d77 9d77 a597 a597 a598 b619 c69b d6fd cedc cebc cedc cedc d6fd d6dc cedc cebb cedc d6fd cedc c67b b63a adf9 a5b9 a5b8 adfa b63b b63b adfa a5b9 a5b9 adb9 add9 b5fa be3b c67c cebc cebc c69b c67b ce9b cebc d6dc d6fc d71d d73d d71d cefc c69b b63a a5d9 a5d9 ae1a b61a adda 9d98 a5d9 add9 adf9 adf9 b619 be5a cedc d71d d73e cf1d cedc cebc cedc d6fc d71d d6fc d71d cedc c69b c69b cebc c67b b5f9 9d77 add9 adf9 adf9 b61a b63b b63b adfa a5b9 a5d9 adf9 be5b cedc d6fd d6fc d6fc df1d defc df1c df1d df1d df1d d73d d6fd cedc be9b adf9 a5b8 a598 9d77 9536 84d5 7433 9536 a598 a5b8 add9 be7b c69b c69b cebb ce9b ce9b ce9b cebb d6bb d6dc d6fc df1d 
5a89 62ca 6aeb 6b0b 6aeb 62eb 6aeb 6b0b 734d 6b0c 62cb 62ca 62aa 5a89 5249 5248 4207 4207 4207 4207 4a28 4248 4207 39c6 4207 4207 4a28 4a48 5268 5a89 62ea 6b2c 734c 7b6d 7bae 7bae 7b8e 736d 734d 734d 7b8e 736d 6b2c 62ec 5aab 528a 4a69 4a49 4a49 4a48 4228 4228 4207 39e7 41e7 4208 4a28 5269 5a89 5aaa 62aa 62aa 62ca 62ca 62aa 5a8a 5a69 5269 5249 4a28 4a08 41e7 41c7 41c7 39c6 3986 3165 3165 3186 39a6 39c6 39c6 39c6 41e7 4a07 5248 5248 5a48 5a48 5a48 5a68 6268 6288 6289 62a9 6aa9 6ac9 6ac9 6aa9 62a8 62a9 6ac9 6aea 730a 730a 72ea 6aea 6ae9 6ac9 6ac9 6ae9 730a 730a 6aea 6aea 6aea 730b 732b 7b6c 7b8d 7b8c 7b6c 7b6c 7b8c 7b8d 7b8d 8bee 9470 9430 9430 83ef 7b8d 6b4c 6b4c 632c 630b 5b0b 632c 6b6e 636d 5b0c 52ab 52cb 5b0c 7bcf 7bf0 8451 8c72 9492 94b3 94d3 94d3 8c93 8cb3 9cf4 a555 a576 a535 9d15 9d15 8cb3 8472 7c32 7c52 8493 8cf4 94f5 94f5 9d36 a597 add8 b5f9 b619 b63a be5a be5a cedc d6fc d6fd d6fd d6fd cebc be5a b5f9 adb8 a598 a577 a598 adb9 add9 adda adf9 b619 a5b8 9d77 a597 b5f9 c67b c6bc cebc c69b cebc cedc d6fd d71d d71d d6fd cedc cedc d6fd d6fd c6bc be5b adf9 a5b8 a598 9d78 a598 a5d9 adfa b61b b61a adfa add9 b5fa be3b c69c c69c c65b c65a ce9b d6fd d6fc cedc cebb cebb cefc d6fc c6bb be5a b61a adfa adf9 ae1a b63b b63b ae1a a5f9 9d98 a598 a5b8 b61a c69b cedc cedc cedc d71d d71d d6fd cefc cefc cedc cedc cefc cedc d6fc d6fc cebc be5a adf9 a5b8 a598 a598 a5b8 add9 adf9 b63a b65b b63b ae1a adf9 b63a c69c d6fd d6fd cebb c67a c65a df1c defc d6dc d6dc d6fd d71d d71d c6bc be5b adf9 a5b8 9d77 9536 9d57 a5d9 ae1a 9d57 9d77 a577 a598 b619 c65a c65a c65a cebb cebb d6dc d6dc d6dc cebb d6dc d6fd 
5aa9 5ac9 62ca 5aca 5aa9 62ca 6b0b 734c 734c 6b0b 5aaa 5269 5228 4a28 4a08 4a28 4207 39e6 39c6 4207 4a28 4207 4207 4207 4a28 4227 4a28 5289 630b 734c 736c 736c 7b6d 7b6d 7b8e 83ae 83cf 83af 7b8e 7b6e 734d 6b2d 62cb 5aab 52ab 528b 528a 4a6a 4249 4248 4228 4228 41e7 39e7 4207 4a49 62ca 62ca 62ca 62ca 62ca 62ca 6aca 62ca 62aa 5aaa 5a69 5269 5269 5269 4a28 4a28 41c7 39c7 39a6 39a6 3186 3186 3186 39a6 39a6 39a6 39c6 4207 5248 5a69 5a69 5a69 5a68 5a68 6268 6288 6288 6288 6288 6288 6288 6288 6288 6288 6289 6aa9 6aca 72ea 6aea 6aea 6aea 6ac9 6ac9 6ae9 6ae9 6aea 6aea 6aca 6aea 6b0a 732b 734b 7b6c 83ad 838d 7b4c 734b 734c 7b4c 7b6c 83ad 8c0f 9430 8c0f 83ce 734c 630b 630b 630b 5aeb 52aa 5aeb 634d 6b8e 636e 5b2d 634d 6b8e 73cf 7bef 8c51 8c72 9492 94b3 9cf4 a515 9d14 9cf4 94f4 9d15 9cf5 94d4 8cb3 94d4 9d15 8cb4 7c32 6bd0 7411 7c73 8cd4 9515 a597 adf8 b63a b619 adf9 b619 be7b cedc cedc d6dc d6dc cedc d6dc cebc c67b be3a 94f5 8cf5 94f6 9517 9d78 a5b9 adb9 add9 adf9 b5f8 adf8 b619 c67b d6fd cedc c67b be5a c67b cebc d6fd d6fd d6fd d6fd d6fd cefd c6bc be7b b63a adf9 a5d9 a5b9 a5b9 a599 a599 a598 a5b9 add9 b5fa be3b be3b c69c cebc d6dd ce9c c65a be3a be5a c67b cedc d6dc d6fc cedc c6bb be7a b619 add8 a5d8 a5d9 ae1a ae1a ae1a ae1a ae1a ae1a ae1a add9 a5b8 b5f9 be7b cedc d6fc d6fc d6fc d71c d71d d71d d6fc cedc cedc cedc c69b cedc d6fd c6bc b619 a5b8 a5b8 adf9 a598 a598 a598 a5b8 a5d9 adfa b63a b65b be7c c69c cebc cebc cebc cedc d6dc d6dc d6bb defc df3d df3d df3d d6fd c69b b63a add9 ae19 b65b b63b 9d98 8d16 8d16 9536 9d77 adb8 be3a c69b cebc ce9b c67a be19 c65a ce7a cebb d6dc d6dc cebb ce9b cebb 
5ac9 62ea 630a 630a 5aca 5aa9 5289 5aa9 5aa9 5289 5289 5269 4a48 4a28 4207 4207 4a48 4207 41e7 41e7 41e7 39c6 4207 5269 5aaa 5269 5248 62aa 734c 7b8d 7b6c 732c 838e 7b6d 7b6d 7b6d 7b8e 7bae 7b6e 734d 62cb 5aab 528a 528a 528b 528b 528a 4a6a 4a69 4249 4248 4a69 52aa 5aca 62eb 630b 62ca 62ca 62ca 62eb 6aeb 6aca 62a9 5a69 5248 4a28 4207 41e7 4207 4208 4208 4207 41e7 39c7 39a7 31a6 39c7 39c7 39a6 31a6 3165 3165 39a6 4a08 5269 5aaa 5aaa 5a89 6289 6289 6289 6289 6288 6288 6268 5a68 6268 6288 6288 6aa8 6aa9 6aa9 6aca 6aea 6aea 730a 730a 6aea 6aea 730a 730a 6ae9 6ac9 6ac9 6aea 730a 732b 7b4c 838c 83cd 83ce 7b8d 7b4c 734c 734c 7b6c 7b8d 83ce 8c0f 8c0f 83ae 6b2c 62eb 62eb 630b 5b0b 630c 5b0c 634d 6b8e 6baf 6baf 6baf 73ef 8430 8430 8430 8c51 8c72 94b2 94d3 9cf4 9cf4 94d3 94d4 94d4 8cb3 8472 8452 8473 8473 8cb4 9515 9515 8cd4 8493 8473 8473 9515 a577 add8 b619 be5a c69b c6bb cebb cebb cebb cebb cebc cedc ce9c be3a add9 add9 a598 9516 8494 7c54 8495 9537 a598 b619 c69b cedc cebc cedc d71d d71d d6fd cebc cebc cedc cedc cebc d6dc d6dd d6fd cedd be5b adf9 a5b8 a5b9 a5d9 a5d9 a5d9 adfa adfa a5d9 a578 9d58 adb9 be5b d6fd d6fd d6dc cedc cedc cedc cebc c67b be5a c65a ce9b cedc d6dc cebc c67a b5f9 a598 9d98 9db8 a5d9 a5d9 a5f9 adfa adfa ae1a b61a b63a be5b c69b cebc d6dc d6dc d6dc d6fc d6fc d6fc d71d df3d df3d df3d d73d cedc c67b b5f9 a5b8 a598 a5b8 adf9 adf9 adf9 a5b8 a598 a5b8 9d98 9d98 adf9 be7b cedd cefd d6fd cebc ce9b ce9b ce9b c67b d6bb d6fc d6fc d6dc cedc cedc be7b ae19 add9 a5b8 a5d9 ae1a ae1a adfa adf9 a5d8 a598 add8 c69b d6fc cebc cedc d6dc ce9b b5d8 b5f8 c65a ce9b ce9b c67a be5a be39 
62ea 630a 630a 630a 62ea 5aa9 4a48 4207 4a48 4a48 4a48 4a48 4a68 4a48 4a28 4207 39e6 41e7 4207 4a07 5248 5a89 5a89 5269 62eb 62ca 62ca 6b0b 6b2c 732c 734c 7b6d 7b6d 7b6d 7b6e 83ae 83af 7b6e 6b2d 62eb 5acb 5acb 5aab 528a 528a 528a 52ab 5acb 528a 528a 5acb 6b4c 738d 738d 6b2c 62eb 62ca 62ca 62cb 62eb 6aeb 62ca 5a89 5248 4a48 4a28 4207 39e6 39a6 39a6 39c6 4207 4228 4228 4208 39e7 39c7 39c7 39c7 39e7 4208 41e7 41e7 4a08 5248 5a89 5aaa 62a9 62ca 62ca 62c9 62a9 62a8 6288 62a9 6aa9 6288 6288 6ac9 6ac9 6ac9 6ac9 6aca 6aea 730a 72ea 730a 730a 732b 732a 730a 6ae9 6aea 6aea 6b0a 732b 732b 6b0a 7b4c 8bce 8bce 838d 7b6c 7b4c 736c 7b6c 7b8d 83ad 83ce 83ae 736d 62ca 5289 5289 5aaa 52aa 5b0b 634c 73ae 7c10 7c30 7c10 7c10 7c10 8451 8c71 9492 8c71 8c51 8c72 94d3 9cf4 8c92 8451 7c31 8452 8473 8472 8493 8cb3 8cb4 8494 8cb4 8cd4 9515 9d56 a5b8 add8 add8 b5f9 add8 a597 a5d7 b639 be7a be5a c69b d6fc d6fc c67b be3a be3b b5fa a598 adb9 add9 add9 9d78 8cf6 8494 8494 8cd5 b619 c67a cedc cedc cedc d6dc d6fd d71d df1d d71d cedc ce9b ce9c cebc ce9c be5a b61a a5d9 a5b8 adf9 adfa a5d9 a5b9 a5b9 a5d9 a5d9 add9 adfa be3b c65b c69c cebc cebc ce9b ce9b cebc d71d df1d d6fd cebc c69b c69b c69b be5a b619 b5f9 add8 adf9 a5b8 9537 8d16 9d98 adfa ae1a adf9 add9 adf9 be5b cedc d71d df1d d6fd d6dc cedb cedb d6db d6fc d71c d71d d71d d73d df3d c6bc be5b adf9 a5b8 9d77 9d57 9d57 9d77 a5b8 ae19 b63a ae19 add9 add9 b63a be7b c6bc cedc cefd d6fd d6fd cebc c65a be3a c69a cebb d6fc d71d cedc be7b b63a b61a adf9 b63a adfa adf9 adf9 9d98 9d57 adf9 b619 be3a c69b cedc d6dc d6dc d6dc d6dc df1d ce9b c63a c65a cebb cebb be39 adb7 
6b4b 630a 52a9 4a68 4a68 4a68 5288 5289 4227 4a48 4a48 4a68 4a69 5289 52aa 5aca 62ca 5aaa 5a89 5a89 5a89 5aaa 6aeb 6b0b 6aeb 62ca 6aca 6b0b 732c 7b4d 7b6d 7b6d 7b6d 734d 734d 734d 6b2d 62ec 5aab 528a 5aaa 528a 528a 528a 528a 528a 526a 526a 5aca 5aeb 6b2c 6b4c 6b4c 734d 736d 736d 6b2c 62eb 5aaa 5aaa 62aa 5aa9 5248 41e7 39e7 4207 4227 4207 39e7 39e7 3a07 4207 39e7 39e7 39e7 39e7 4208 4a49 5acb 630c 5aab 5a8a 5269 5249 4a28 5249 5269 5a89 62a9 62c9 62ca 6aca 6ac9 6ac9 6ac9 6aea 6ac9 6ac9 6ac9 6ac9 6aa9 6ac9 6aea 72ea 732b 732b 732b 7b4b 7b4b 732a 6ae9 62c9 6aea 6aea 732b 734b 732b 732b 7b6c 83ad 83ce 7b6c 732b 6b0b 6b2b 734c 7b6c 7b8d 7b6d 7b6d 734c 62eb 5aaa 52aa 52aa 52aa 5aeb 634d 73cf 8451 8451 7c31 7c30 8431 7c10 8451 8c71 8c92 94b2 94d3 94b3 8c72 8451 7c11 7bf1 7c31 8452 8452 8473 8cb4 8493 8cd4 9515 9d56 a597 adb8 b5f9 b619 be39 be5a be5a be5a b639 adf8 add8 a5b7 be39 c67a ce9b c65a b5fa add9 adb9 adb9 a578 adb9 b5fa adfa a5b8 9d77 9d77 9d77 9515 9d76 be19 d6fc df3e d6fd d6dc d71d df1d d6dc cebc cedc d6fd cedd be5a adb8 a598 9d98 a5b8 a5d9 a5d9 a5b9 a5d9 ae1a add9 add9 add9 b61a c69c d6fd d71e d71d d6fd d6dc ce9b ce9b cebb cedc d6fd d6fd cedc cedc c69c be5a b5f9 adb8 adb8 adb8 adf9 adfa a5b9 9536 8cf6 9d77 adf9 b63a c69c cebc cedc d6fc d6dc d6dc d6bb d6dc ce9a d6db df1c df3d df3d d71d cedc c69b be5a b61a adf9 add9 a5b8 9d77 9d57 9536 a5b8 a598 a5b8 adf9 be5b c6bc c6bc c6bc cefd d6fd d6fd cedc d6dc d6fd d6dc cebc c67a c67a c67b c69b c69b be5b b61a adf9 adf9 adf9 a5b8 adf9 b63a a5d8 9d77 a5b8 be3a c67b cebb cebc cebb cebb d6dc defc d6dc d6bb d6bc d6fc d6fd d6dc be5a adb7 
52a9 52a9 5289 4a68 4a68 4a68 4a48 4248 4a68 5289 52a9 5289 4a89 5289 5aeb 632c 736d 6b2c 6b0b 6b0b 6aea 62aa 62ca 6b0b 734c 6aea 5a69 5248 5269 5a69 5a8a 62aa 62cb 62ab 5aab 5a8a 5249 4a08 4208 4207 4208 4208 4208 4a28 5269 528a 5aaa 5aaa 5aca 62eb 630b 630b 630b 6b0b 6b2c 734c 734d 6b0c 62ca 5aaa 5aaa 5a89 5269 4a48 4228 4248 4a48 4248 4228 4207 3a07 3a07 4207 4228 4a69 5289 52aa 5aca 630b 632c 6b2d 6b0c 62eb 5a8a 5249 4a28 5248 5248 5a89 5aa9 62ca 6aca 6aea 6aea 6aea 6aea 72ea 6aea 6aea 6ae9 6aca 6aea 730b 732b 6aea 730a 732b 734b 734b 732b 6b0a 6aea 62a9 62ca 6aea 6aea 6aea 6aea 6b0b 6b2b 7b6c 6b2b 62ca 62ca 6aeb 6b2b 734c 736c 736c 6b2c 62eb 5aca 5aaa 52a9 5aca 5aeb 5b2c 6b8d 7bef 8450 8451 7c30 7c10 7c31 8451 8c71 8c92 8c72 8c92 8c92 8451 7c10 73d0 6baf 73d0 7c11 8452 8472 8473 8493 8cb4 9d15 a597 add8 b5f8 b619 be39 be5a be5a be39 be5a c69b be7a b619 b619 be7a b619 b5f9 b5d9 b5f9 adb8 9d57 9d57 a578 9d57 a598 add9 b61a b61a b63a be5a be7b b5d8 add8 add8 b5f9 ce9b d71d d6fd c67b d6fd d6fd d6fd cedd cebc c67b b61a adf9 a598 9d57 9536 9557 9d98 9d98 9d98 a5b8 b61a b63a c69c cedd d71d d71d d6dc cebb d6fc d6fc d6fc cedc cedc cedc d6fd d6fd d6fd c6bc be3a add8 a577 a597 adb8 b5f9 add9 add9 adf9 adf9 a5b8 a598 a5b8 adf9 c6bc cedc d6fd d6fd d6fd d6fc d6dc cebb ce9b cebb cedb cedb cedc cefc cebc be7b b63a adf9 a5b8 a5b9 a5d9 a5b9 a598 9d77 9536 9536 9d56 add8 be5a c69b c69c cebc d6fd d6fd cedc cebc cedc d71d d71d d6fd cedc cebc c69b be5a b61a b619 adf9 add9 b63a a5b8 9d57 a5b8 b61a b63a b63a be5a cebc cebc cedc cebc cebb cebb cebb cebc cebb cedc d6dc cebc ce9b c69b be3a b5f9 
4a69 4a68 4a48 4a68 4a68 4a68 4a68 4a68 4a48 4a69 5289 52aa 5aca 630b 6b4c 738d 736d 734c 734c 732c 6b0b 62a9 5a89 5a89 5a89 5a69 5a69 5a89 5aaa 5a69 5228 4a08 4a08 4a08 4a08 41e8 41c7 39c7 41e7 4207 39e7 39e7 41e7 4a28 5269 5aca 6b0c 734c 736d 734d 734d 736d 7b8d 7b8d 734d 6b2c 5aaa 5aaa 5269 5249 4a28 4a28 4a48 4a69 4248 4228 4227 3a07 3a07 4207 4207 4207 4a69 52aa 62eb 630b 62eb 62cb 5aca 5aaa 6aec 6aec 6aeb 62cb 5a8a 5269 5248 4a28 5269 5a89 5a89 62c9 62c9 62c9 62c9 62c9 6ac9 6ac9 6ac9 6aca 6aea 6aea 6aea 6aea 730b 730b 730b 6b0a 6ac9 62a8 5a88 5a68 5a68 62a9 62a9 5a68 5248 5268 5268 5268 62c9 5aa9 5aa9 62a9 62ea 6b0b 734c 736c 7b8d 6b0b 5a89 5248 4a68 5289 5b0b 6b8d 6b8d 73ce 7c0f 7c10 740f 73ef 73f0 7c30 8c92 8472 8471 7c31 7c10 7c10 7c11 7c51 73f0 73d0 73d0 7411 7c32 8472 8493 8cb4 9d36 a577 add8 b5f8 b5f9 be19 be5a c67a be7a be5a be5a c67a be7a be5a be7a c6bb c67b b619 adb8 a5b8 a598 9d37 94f6 8cd6 9516 9d37 a577 add9 be5a c69b cebc cedc b5d8 c65a c65a add8 ad97 be3a cedc d6dc cedc cedd cebc be5b b619 adf9 b61a b63b b63b adf9 a5b8 a5b8 a5b9 a5b9 a5b8 a5b8 adf9 be7b cefd d73e d71d cefc d6dc d6dc d6fc d6fc d71d d71d d6fd cefd cefd cefd c6bc be7b add9 9d77 9d77 9d77 a598 adb8 b5f9 add9 add9 b63a b63a adf9 b619 be5a d6fd cedc cedc cedc d6dc d6fc defc defc d6dc cebb ce9b ce9b cebb c69b be7b be5b a5b8 a5b8 a5d9 adf9 ae1a adf9 a5d9 a598 a577 9d57 a597 b619 c67b c69b cebc d6fd cedc cedc cedc cedc cedc cedc cebc cedc d71d d71d cedc b63a a5b8 a5b8 add9 b61a b65b a5d9 9d77 9d57 a598 b63a cedd d71d d71d d6dc cedc cedc d6fc d6fc d6dc ce9b cebb ce9b c69b be5a b619 b5f9 b5f9 b619 
4a49 4a68 5269 5289 5289 5aaa 5aaa 52a9 5aaa 5aaa 5aca 62eb 6b2c 6b6c 736d 6b6c 738d 738c 6b4c 6b0b 62ea 62ea 62ca 5aa9 5268 5268 5a89 5aaa 5aaa 5269 4a49 4a49 41e8 4208 4a28 4208 4207 4208 4a28 4a48 4a69 5289 5aa9 5aca 62ea 6b0b 732c 7b6c 7b8d 7b6d 7b6d 7b6d 7b6d 732c 62eb 5aaa 5249 4a48 4a28 4208 4208 4208 4228 4a48 4a48 4228 4207 4228 4a89 52aa 5aca 5aca 5aca 5aca 62cb 62ca 62aa 62aa 62ca 62cb 62aa 62ab 62ab 62ab 62aa 5a8a 5269 5248 5248 5268 5268 5a89 5aa9 62a9 62a9 62a9 62a9 62a9 62a9 62a9 6289 5a69 5a68 5a48 62a9 62a9 62a9 6289 5a68 5a68 5a68 5a68 62a9 62ca 62a9 5248 4a07 4a07 4a07 4a07 5248 5268 5a89 5a89 5aaa 62ea 6b2c 736c 738d 62ea 5269 4a48 4a69 52aa 634c 7bce 73ce 7c0f 7c30 7c30 7c10 7bef 7c10 8431 7c51 73f0 73cf 73f0 73f0 73cf 7c11 8493 8c93 8452 7c11 7411 7c31 8473 94d4 9d36 ad97 adb8 b5d8 b5d8 b5f9 be19 be19 be19 b5f9 be39 c67a c69b c69b c67a b619 adf8 adf9 a5b8 9d77 9d78 a598 a5b9 a598 9d58 94f6 9d36 adb8 be3a cedc d6fc cedc ce9b be39 c65a c65a c65a be39 b5f9 b619 be1a be3a be3a adf9 a5b8 a5b8 b61a b61a add9 add9 adf9 adf9 add9 a598 9d77 a5b8 b61a c69c cedc cefc cedc c69b ce9b d6db df1d df1d df1c d6fc d6fc d6fc cefc cedc c6dc b63a b61a adf9 add9 add9 a5b8 9d57 9516 a5b8 b5f9 b61a b5f9 b5f9 be5a c69b cedc cedc cebb cebb cebb d6dc d6dc d6dc d6bc df1d d6fc d6fc d71d d6fd be5a add9 a5b9 add9 a5b9 a5b9 a5b9 a5b9 a5b9 add9 adfa add8 a597 ad97 be39 cebc d6fc d6fd d6fd cedc cebb cedc d71d cedc c67b be7a c6bb c6bc c6bc be7b b61a a5b8 a598 a5d9 adfa b61a b61a add9 9d57 9536 b5f9 cedc d6fd d6fd d6dc cedc d6dc d6fd df1d df1d df1d d6dc cebb cebc cebc be7b add9 a5b8 add9 
5249 5249 5249 5a89 5aaa 62cb 62eb 62eb 736d 734c 6b2c 734c 736d 736d 6b2c 630b 736c 738c 736c 6b2b 6b2b 6b2b 630a 5aa9 5aa9 5268 4a28 4207 41e7 4208 4a49 52aa 4a49 4a49 4a49 4a49 4a49 4a69 4a89 5289 5aea 630b 6b4c 734c 6b2b 6b2b 732b 732b 838d 838e 838d 7b4c 6aeb 62aa 5a8a 5a8a 5a89 4a48 4208 4208 4228 4a48 4a48 4228 4a89 5289 5289 5aca 632b 6b4c 736d 734d 732c 732c 6b0c 6aeb 6acb 6aca 6acb 6acb 62ab 62ab 5a8a 5a8a 5a8a 5a89 5269 5249 4a27 4a28 5248 5268 5aa9 62a9 62ca 62c9 62a9 6288 5a68 5a68 5a48 5a68 5a68 5a68 5a48 5a68 5a68 5a68 5a88 62a9 62c9 6aea 6b0b 6b0b 62ca 5268 4a07 4a06 4a27 4a27 5228 5268 5a89 5268 5269 5aa9 6b0b 734c 6b4c 62ea 5aaa 5aca 5aeb 632b 6b6d 73ce 73ce 7c0f 8471 8c71 8471 8471 8451 8451 73f0 638e 636e 6bcf 7410 7410 7410 7c31 8472 8472 8473 8493 8cb4 9515 9d56 a597 adb7 b5d8 b5f8 b5f8 b5f9 be19 b5f9 b5d8 add8 be39 c65a be5a be39 b619 a597 9515 8d15 9557 9d57 9537 9537 9d98 a5b9 a5b9 a598 add9 be3a c69b d6fc d6fc d6fb cedb e75e d6bc c63a be39 c67b c67b b5d9 9516 9516 9d77 a5b8 a5b8 a5d9 ae1a adfa 9d98 a5b8 adf9 b61a b63a b63a be7b c6bc cefd d71d cefd cebb c69b ce9b cebb cedb d6db df1c d6fc d6fc d6fc cedc c6bc be5b b61a adfa adf9 adf9 ae1a b61a adf9 a578 9536 9d56 a577 adb8 be3a c69b cedc cedc cedc cebb ce9b c69a ce9b ce9b d6bb d6bc d6bc df1d d6dc d6dc d6fd ce9c b5f9 a598 a598 adfa add9 a5d9 a5b9 9d98 a5b9 adfa b63a b5f9 b5d8 be19 c65a c67b ce9b ce9b cedc d6dc cebc cedc d6fc cedc c69b c67b c6dc be7b b63a adf9 adf9 adf9 a5d9 a5b8 a598 a598 b61a b63a a5b8 a5b8 b63a cebc cedc cebc d6dc d6dc cedc ce9b cebc d6fd df3e df3d d6fd d6fd cedd be7b add9 a598 a5b8 
62ab 5a8a 5249 5249 5a6a 62cb 734d 7b8e 736d 734d 734d 7b6d 7b8d 7b8d 7b8d 736c 6b4b 6b6b 6b6b 6b4b 632b 62e9 5aa9 5268 4227 4207 4227 4248 4a48 4a49 4a6a 4a8a 4a69 4a69 4a69 4a69 52aa 52ca 5aeb 5aeb 630b 6b2b 6b4b 6b4b 6b0b 6b0a 6aea 6aea 6aca 6aca 6aaa 6269 5228 49e7 4a07 4a28 5269 5269 4a48 4228 4228 4228 4249 4a69 5aca 62eb 630b 6b2c 6b2c 6b2c 732c 734c 7b8d 7b6d 7b6d 7b4c 7b2c 730b 72cb 6aca 72ec 6acb 628a 5a69 5248 5228 4a28 4a28 4207 4a27 5248 5a89 62ca 62ca 62ca 62ca 62a9 6289 5a68 5a68 5a68 6289 62aa 62ca 62aa 62aa 62a9 5aa9 5a89 5a89 62a9 62c9 62ea 62ea 62ca 5268 4a07 49e7 4a28 5268 5268 5a89 5aaa 5a89 5289 5aaa 630b 6b4c 736c 6b2b 630b 632c 6b6d 738d 73ce 7bee 73ef 8430 8c71 8c92 8c92 8c91 8c51 8431 6bcf 638f 636e 6baf 7410 7431 7411 73f0 73f1 7c52 8cb4 9515 9d36 a556 a577 a597 ad97 b5b7 b5d8 b5d8 bdf9 be39 be39 b5f8 be19 be3a be19 ad97 a556 9d56 9d36 8cd5 9536 9d78 9d98 9557 8d16 9517 9537 9537 b63a be5b ce9b ce9b c69a c69a ceba d6fb df1d df1d d6dc c65a be3a c67b be5a b5f9 84b4 8cd5 9536 9d77 a598 a5b9 a5d9 add9 a5b8 a5b8 add9 b61a be7b cedd cefd cedd c6bc c69b c67a c69b cedb d6fc d71c d6fb d6fb d6db cedb cebb c69b b63a add9 9d77 a5b8 a5b9 a5d9 adfa adfa adfa adfa adf9 adb8 a556 a577 be3a d6dc d6dc d6fc df1d df1d d6dc c67a be39 c639 ce7a d6dc defd d6bc d6bc ce7b be3a b5d9 add9 add9 adfa 9d98 a5b9 a5da ae1a ae1a adfa a5d9 add9 be5a ce9b d6dc d6dc ce9b c65a c67b cebb d6dc cedc cedb cebb cebb c6bb c6bb c69b b63a a5b8 9d78 a5b9 adf9 a5d9 a5b9 a5b8 9d77 adf9 b61a b63a c67b cebb cebc d6fc cedc d6fd d6fc d6dc cebb c69b cebb cebc d71d d6fd cedc c67b b619 a5b8 a5b8 a5b9 
5a6a 5a6a 5a8a 62cb 6b0c 734d 7b6d 7b6d 7b8e 7b8e 7bae 7b8d 7b6d 736d 7b6d 7b8d 738c 6b4b 632b 630a 5aa9 4a47 4a47 4a68 4a68 4227 4227 4228 4228 3a28 3a28 4228 4a69 4a49 4a69 528a 5aeb 634c 6b6d 6b8c 6b4c 6b2b 630b 62ea 62c9 62c9 6ac9 6aca 6aa9 6269 5a48 5a48 5a28 5228 5228 4a28 5a89 5aca 5aeb 52aa 4a69 4249 52cb 632c 6b4c 736d 7bae 738d 734c 6b2c 734d 7b6d 7b6d 7b4d 7b4c 7b4c 834d 834c 7b2c 7b0c 730c 6aec 62ab 5a69 4a08 41e7 41e7 41e7 4207 4a27 5268 5aa9 62ca 62ea 62ca 62ca 6aca 62a9 5a89 5a88 5a89 62a9 62aa 62aa 62a9 62a9 5a89 5a89 5a88 5a88 5a88 5a89 62aa 62aa 5aa9 5268 4a07 41e6 4a28 5289 5269 5aaa 62ca 62ca 62ca 62eb 6b2c 6b4c 7bad 736c 6b2c 6b4c 738d 7bee 7c0f 842f 7c0f 8450 8c71 8c91 8c71 8451 8410 73cf 6baf 6bd0 6bcf 63af 6bd0 7411 7c52 7c31 7c52 8493 94d4 94f4 94f5 9d15 9d56 a577 ad97 b5b7 b5d8 b5d8 b5f9 c63a c67a c65a adb8 adb8 a577 9d15 94f5 9d36 a577 a5b8 9557 9578 9d98 9d98 9d78 a599 a599 a5b8 b5fa c67b d6dc cebc c659 be38 c659 ceba dedc d6dc defd df1d d6dc be3a b5f9 b61a 9516 7c73 7433 84b5 9537 9d78 a5b9 ae1a add9 b5f9 be3a c67b c6bc cedd cefd cefd cefc c6db c69b c69a c69a ceba d6db d6fb d6fc cedb c69a be5a b619 add8 a5b8 9d77 9557 9d98 a5d9 adfa adfa adfa adfa b61a ad98 be19 c67b ce9b cebb cedc cedb cebb cebb d6dc defc df1d defc ce9b c63a be19 ce7b d6bc c67b b5d9 a598 add9 b5fa ae1a adfa a5b9 9d78 9578 9d98 a5d9 ae1a be5b ce9c d6bc d6fc d6dc d6bc ce9b ce7a c65a cebb cedb cebb c67a c69b cedc c6bb b65a a5b8 9557 8d36 9d78 a5d9 a5d9 adfa b65b add9 b61a adf9 be3a cedc d6fc cebb d6fc d6fd d6fd d6fc d71d df1d d6fd cebb c67a c67b cebc cebc b63a a5b8 a5b8 a5b8 9d98 

