e40d   e40d   e40d   e40d   e40d   e40d   e40d   e42d   e42d   e42d   e42d   e42d   dc2d   dc0d   dc0d   dc0d   e40d   e40d   e42d   e42d   e44d   e46d   e46e   ec8e   ec8e   ec8e   ec6e   e46d   ec6d   ec4d   ec4d   e42d   e40c   e3ec   dbac   d36b   cb2b   c2eb   ba6a   b229   a9e9   a1a8   99a8   a1a8   a1e9   aa09   aa09   aa29   aa29   b22a   b24a   b24a   b24a   b24a   b24a   b249   b24a   b229   b229   b229   b229   aa29   aa29   b229   b249   ba4a   ba6a   ba8a   ba8a   c2ab   c2ab   c2ab   c2cb   c2cb   c2cb   caeb   caeb   caeb   caeb   caeb   cb0b   cb0b   cb0b   cb0b   cb0b   cb0b   cb0b   cb0b   d30c   d30c   d30c   d30c   d30c   d30c   d30c   d30c   d30c   cb0c   cb0c   cb0c   d30c   d30c   d30c   d32c   d30c   d30c   d30c   d30c   d30c   d30c   d30b   d30b   d30c   d30c   d30c   d30c   d30c   d30c   d30c   d32c   d30c   d30c   d30c   d30c   d30c   d30c   d30c   d30c   d2ec   daec   daec   daec   d2ec   d2ec   d2eb   d2eb   d30c   d30c   d30c   d30c   cb0c   cb0b   cb0b   cb0b   cb0b   cb0b   cb0c   cb0c   cb2c   cb2c   cb2c   cb2c   cb2c   cb2c   d34d   cb2d   cb2d   cb2c   cb2c   cb2c   c32c   c32c   c32c   c32b   cb0b   cb0b   cb0b   caeb   caeb   caeb   caeb   caeb   caeb   caeb   caeb   caeb   caec   caec   caeb   cacb   caeb   caeb   caeb   cb0b   cb0b   cb0b   cb0c   caeb   caeb   cacb   c2cb   c2cb   c2cb   c2ab   c2ab   baab   ba8b   ba8b   ba8b   b26b   b26b   b24a   aa4a   b24a   b26a   b28b   bacc   c32d   d38d   d3ae   dbce   dbee   dbee   e40e   e42f   e42e   e44e   e44e   e44e   e44d   e44d   e44d   e46d   e46d   e44d   e44d   e42d   e42d   e42d   e42d   e42d   e42d   e40d   e40d   e40d   e40d   e40d   e40d   dbed   dbed   e3ed   e3ed   e3ed   e3ed   e3ed   e3ed   e3ed   e3ed   dbed   dbed   dbed   dbed   d3ed   d3ed   d40d   dc4d   e48f   ed10   fdd2   fe34   fe54   fe74   fe94   feb4   f674   ee13   edb2   dcf0   c3ed   ab0a   aaa9   aa89   b2ca   b2a9   b2a9   baca   b2a9   b2a9   baca   b2a9   b2c9   b2e9   b30a   bb0b   bb0c   baec   bacd   bacd   baac   baac   ba8c   c2ac   cacc   caec   caec   caec   caec   c2cb   c2cb   c30b   c32c   bb2b   bb0b   bb2c   bb0c   b30d   b30d   a2ac   920a   7147   68c6   60a6   5886   5886   58a7   58a7   58c7   58c7   58a7   58a7  
 e40d   e40d   e40d   e40d   e40d   e40d   e42d   e42d   e42d   e42d   e42d   e42d   dc2d   dc0d   dc0d   dc2d   e40d   e40d   e42d   e42d   e44d   e46d   e46e   ec6e   ec8e   ec8e   ec6e   e44d   ec4d   ec4d   e44d   e42d   e40c   e3ec   dbac   d36b   cb2b   c2eb   ba6a   b229   a9e9   a1a8   99a8   a1a8   a1e9   aa09   aa09   aa29   aa29   b22a   b24a   b24a   b24a   b24a   b24a   b249   b24a   b229   b229   b229   b229   aa29   aa29   b229   b249   ba4a   ba6a   ba8a   ba8a   c2ab   c2ab   c2ab   c2cb   c2cb   c2cb   caeb   caeb   caeb   caeb   caeb   cb0b   cb0b   cb0b   cb0b   cb0b   cb0b   cb0b   cb0b   cb0c   cb0c   d30c   d30c   d30c   d30c   d30c   d30c   d30c   cb0c   cb0c   cb0c   d30c   d30c   d30c   d32c   d30c   d30c   d30c   d30c   d30c   d30c   d30b   d30b   d30c   d30c   d30c   d30c   d30c   d30c   d30c   d32c   d30c   d30c   d30c   d30c   d30c   d30c   d30c   d30c   d2ec   d2ec   d2ec   d2ec   d2ec   d2ec   d2eb   d2eb   d30c   d30c   d30c   d30c   cb0b   cb0b   cb0b   cb0b   cb0b   cb0b   cb0b   cb0c   cb2c   cb2c   cb2c   cb2c   cb2c   cb2c   cb2d   cb2d   cb2d   cb2c   cb2c   cb2c   cb2c   c32c   cb2c   c32b   cb0b   cb0b   caeb   caeb   caeb   caeb   caeb   caeb   caeb   caeb   caeb   caeb   caec   caec   caeb   cacb   caeb   caeb   caeb   cb0b   cb0b   cb0b   cb0c   caeb   caec   caeb   cacc   c2cb   c2cb   c2cb   c2ab   baab   ba8b   ba8b   ba8b   b26b   b26b   b24a   aa4a   b24a   b26a   b28b   bacc   c30d   d36d   d3ae   dbce   dbce   dbee   dc0e   e42f   e42e   e44e   e44e   e44e   e44d   e44d   e44d   e46d   e46d   e44d   e44d   e42d   e42d   e42d   e42d   e42d   e42d   e40d   e40d   e40d   e40d   e40d   e40d   e40d   dbed   e3ed   e3ed   e3ed   e3ed   e3ed   e3ed   e3ed   e3ed   dbed   dbed   dbed   dc0d   d3ed   d3ed   d3ed   d40d   dc6e   ecef   fd92   fe13   fe33   fe54   fe94   feb4   fe94   f654   f613   ed72   d48f   bbac   b32a   aaa9   aaa9   aa88   b2ca   baca   baaa   baaa   baca   b2ca   b2c9   b2ea   b2ea   bb0b   baeb   baec   bacc   bacc   baac   baac   c2ac   c2ac   c2cc   caec   caec   caec   caeb   caeb   cb0b   cb2c   cb4c   c34c   c34c   bb4c   bb2d   aaec   9a6b   89c9   7947   68e6   60a6   60a6   58a6   58a7   58a7   58a7   58a7   58c7   58c7   60c7  
 e40d   e40d   e40d   e40d   e42d   e42d   e42d   e42d   e42d   e42d   e42d   e42d   e42d   dc2d   e42d   e42d   e42d   e42d   e42d   e44d   e44d   e46d   e46e   ec6e   ec6e   e46e   e44d   e44d   e44d   e44d   e44d   e42d   e42c   e3ec   dbac   d38b   d34b   c2eb   ba6a   b229   a9e9   a1a8   99a8   a1a8   a1e9   aa09   aa09   aa29   aa29   b22a   b24a   b24a   b24a   b24a   b24a   b249   b24a   b229   b229   b229   b229   aa29   aa29   b229   b249   ba4a   ba6a   ba8a   ba8a   c2ab   c2ab   c2ab   c2cb   c2cb   c2cb   caeb   caeb   caeb   caeb   caeb   cb0b   cb0b   cb0b   cb0b   cb0b   cb0b   cb0c   cb0c   cb0c   cb0c   d30c   d30c   d30c   d30c   d30c   d30c   cb0c   cb0c   cb0c   cb0c   cb0c   d30c   d30c   d30c   d30c   d30c   d30c   d30c   d30b   d30b   d30b   d30b   d30c   d30b   d30b   d30b   d30c   d30c   d30c   d30c   d30c   d30c   d30c   d30c   d30c   d30c   d30c   d30c   d30c   d30c   d2eb   d2eb   d2eb   d2eb   d2eb   d30b   d30b   cb0b   d30c   cb0b   cb0b   cb0b   cb0b   cb0b   cb0b   cb0b   cb0b   cb0c   cb0c   cb2c   cb2c   cb2c   cb2c   cb2c   cb2c   cb2c   cb2c   cb2c   cb2c   cb0c   cb2c   cb2c   cb2c   cb0c   cb0b   cb0b   caeb   caeb   caeb   caeb   caeb   caeb   caeb   caeb   caeb   caeb   caec   caec   caeb   cacb   caeb   caeb   caeb   cb0b   cb0b   cb0b   cb0c   caeb   caec   caeb   cacc   cacc   c2cc   c2cb   c2ab   c2ab   baab   ba8b   ba8b   ba6b   b26b   b24a   b24a   b24a   b26a   b28b   bacc   c30d   cb6d   d38d   dbce   dbce   dbee   dc0e   e40e   e42e   e44e   e44e   e44e   e44d   e44d   e44d   e44d   e46d   e44d   e44d   e42d   e42d   e42d   e42d   e42d   e42d   e40d   e40d   e40d   e40d   e40d   e40d   e40d   e40d   e3ed   e3ed   e3ed   e3ed   e3ed   e3ed   e3ed   e3ed   dbed   dbed   dbed   dc0d   d3ed   d3cc   d3ec   d3ec   d42d   dcae   ed30   f5b2   fe13   fe53   fe73   fe94   feb5   fe95   fe75   fe14   ed51   d48f   c3ac   aac9   a268   aa68   b2a9   baea   baca   baaa   baca   baca   b2ca   b2ca   b2ea   baeb   baeb   bacc   c2cc   c2cc   c2ac   c2ac   c2ac   c2cc   cacc   caec   caec   caec   caeb   caeb   cb0c   cb2c   cb6d   cb6d   c36d   bb4d   b2ec   a26b   81a8   7106   68a5   60a5   60a6   60a6   60a7   60a7   58a7   58a7   58a7   60c7   60c7   60c7  
 e42d   e42d   e42d   e42d   e42d   e42d   e42d   e42d   e42d   e42d   e42d   e42d   e42d   e42d   e42d   e42d   e42d   e42d   e44d   e44d   ec4d   e46d   ec6e   e46e   e46d   e46d   e44d   e44d   e44d   e44d   e44d   e42d   e42c   e40c   dbcc   db8c   d34c   c2eb   ba8a   b229   a9e9   a1a8   99a8   a1a8   a1e9   aa09   aa09   aa29   aa29   b22a   b24a   b24a   b24a   b24a   b24a   b249   b24a   b229   b229   b229   b229   aa29   aa29   b229   b249   ba4a   ba6a   ba8a   ba8a   c2ab   c2ab   c2ab   c2cb   c2cb   c2cb   caeb   caeb   caeb   caeb   caeb   cb0b   cb0b   cb0b   cb0b   cb0b   cb0b   cb0c   cb0c   cb0c   cb0c   d30c   d30c   d30c   d30c   d30c   d30c   d30c   cb0b   d30b   cb0b   d30c   d30c   d30c   d30c   d30c   d30c   d30c   d30c   d30b   d30b   d30b   d30b   d30c   d30b   d30b   d30b   d30c   d30c   d30c   d30c   d30c   d30c   d30c   d30c   d30c   d30c   d30b   d30b   d30b   d30b   d30b   d30b   d30b   d30b   caeb   cb0b   cb0b   cb0b   cb0b   cb0b   cb0b   cb0b   cb0b   cb0b   cb0b   cb0b   cb0b   cb0b   cb0b   cb0c   cb0c   cb2c   cb0c   cb2c   cb2c   cb2c   cb2c   cb2c   cb0c   cb2c   cb0c   cb0c   cb0c   cb0c   cb0b   cb0b   caeb   caeb   caeb   caeb   caeb   caeb   caeb   caeb   caeb   caeb   caec   caec   caeb   cacb   caeb   caeb   caeb   cb0b   cb0b   cb0b   cb0c   caeb   caec   caeb   caec   cacc   c2cc   c2cb   c2ab   c2ab   baab   ba8b   ba8b   ba6b   b26b   b26a   b24a   b24a   b26a   b28b   bacc   c30c   cb4d   d38d   d3ae   dbce   dbce   dc0e   e40e   e42e   e44e   e44e   e44e   e44d   e44d   e44d   e44d   e44d   e44d   e42d   e42d   e42d   e42d   e42d   e42d   e42d   e40d   e40d   e40d   e40d   e40d   e40d   e40d   e40d   e40d   e3ed   e3ed   e3ed   e3ed   e3ed   e3ed   e3ed   dbed   dbed   dbed   dbed   d3cd   d3cc   d3cc   d3ec   d40c   d44d   e4ce   ed50   f5d1   fe33   f653   f673   feb4   feb4   fe95   fe74   fdf3   ed72   cc4e   ab29   a287   a267   aa88   baca   baca   baca   bacb   b2ca   b2ca   b2ca   b2ca   bacb   baeb   c2cb   c2cc   c2cc   c2ac   c2ac   c2cc   c2cc   c2cc   caec   caec   caec   caec   cb0c   cb2c   c32d   cb6d   cb6e   c34d   b2ec   9a2a   89a8   7106   68c5   60a6   60a6   60a6   60a7   58a7   58a7   58a7   58a7   60c8   60c8   60c8   60c7  
 e42d   e42d   e42d   e42d   e42d   e42d   e42d   e42d   e42d   e42d   e42d   e42d   e42d   e42d   e42d   e44d   ec4d   ec4d   ec4e   ec4e   ec4d   ec6e   e46d   e46d   e44d   e44d   e42d   e42d   e44d   e44d   e42d   e42d   e42c   e40c   dbcc   db8c   d34c   c2eb   ba8a   b229   a9e9   a1a8   99a8   a1a8   a1e9   aa09   aa09   aa29   aa29   b22a   b24a   b24a   b24a   b24a   b24a   b249   b24a   b229   b229   b229   b229   aa29   aa29   b229   b249   ba4a   ba6a   ba8a   ba8a   c2ab   c2ab   c2ab   c2cb   c2cb   c2cb   caeb   caeb   caeb   caeb   caeb   caeb   cb0b   cb0b   cb0b   cb0b   cb0b   cb0b   cb0c   d30b   d30b   d30b   d30b   d2eb   d2eb   d2eb   d2eb   d2eb   d30b   d2eb   d30b   d2eb   d30b   d30c   d30c   d30c   d30b   d30b   d30b   d30b   d30b   d30b   d30b   d30c   d30b   d30b   d30b   d30c   d30c   d30c   d30c   d30c   d30c   d30c   d30c   d30c   d30b   d2eb   caeb   d30b   cb0b   cb0b   cb0b   cb0b   cb0b   caeb   caeb   caeb   cb0b   cb0b   cb0b   cb0b   cb0b   cb0b   cb0b   cb0b   cb0b   caeb   cb0b   cb0b   cb0b   cb0c   cb0c   cb0c   cb2c   d32c   cb2c   d32c   cb2c   cb0c   cb0c   cb0c   cb0c   cb0c   cb0c   cb0c   cb0c   caec   caeb   caeb   caeb   caeb   caec   caec   cb0c   cb0c   caeb   caec   caec   caeb   cacb   caeb   caeb   caeb   cb0b   cb0b   cb0b   cb0c   caeb   caec   caec   caec   caec   c2cc   c2cb   c2ab   c2ab   baab   ba8b   ba8b   ba8b   b26b   b26a   b24a   b24a   b26a   b28b   bacc   c30c   cb4d   d36d   d3ae   dbae   dbce   e3ee   e42f   e42f   e44e   e44e   e44e   e44d   dc4d   dc4d   e44d   e44d   e44d   e42d   e42d   e42d   e42d   e42d   e42d   e42d   e40d   e40d   e40d   e40d   e40d   e40d   e40d   e40d   e40d   e40d   e3ed   e3ed   e3ed   e3ed   e3ed   e3ed   dbed   dbed   dbcd   d3cc   d3cc   d3cc   d3cc   d3ec   d3ec   d40c   d44d   e4ef   ed91   fe12   fe73   fe73   fe93   fe94   fe94   fe74   fe54   fdf3   e510   bbcb   aac8   a267   a268   b2a9   b2ca   bacb   bacb   baab   bacb   b2cb   bacb   bacb   c2eb   c2ec   c2cc   c2cc   c2ab   c2cb   c2cb   c2cb   c2ec   c2ec   caec   caec   cb0c   cb2d   cb4d   cb4d   c34e   c32d   aa8b   9209   7947   70e6   68a5   68a5   68c6   60a6   6086   5886   5887   5887   58a7   58a7   60c8   60e8   60e8   60c8  
 e42d   e42d   e42d   e42d   e42d   e42d   e42d   e42d   e42d   e42d   e44d   e42d   e42d   e42d   e44d   ec4e   ec4e   ec4e   ec4e   ec6e   ec6e   ec6e   ec4d   e44d   e44d   e44d   e42d   e42d   e44d   e44d   e42d   e42d   e42c   e40c   dbcc   db8c   d34c   c2eb   ba6a   b229   a9e9   a1a8   99a8   a1a8   a1e9   aa09   aa09   aa29   aa29   b22a   b24a   b24a   b24a   b24a   b24a   b249   b24a   b229   b229   b229   b229   aa29   aa29   b229   b249   ba4a   ba6a   ba8a   ba8a   c2ab   c2ab   c2ab   c2cb   c2cb   c2cb   c2cb   caeb   caeb   caeb   caeb   caeb   caeb   caeb   cb0b   cb0b   cb0b   cb0b   cb0b   caeb   caeb   caeb   caeb   d2eb   d2eb   d2eb   d2eb   d2eb   d2eb   d2eb   d2eb   d2eb   d2eb   d30b   d30c   d30b   d30b   d30b   d30b   d30b   d30b   d30b   d30b   d30c   d30b   d30b   d30b   d30c   d30c   d30c   d30c   d30c   d30c   d30c   d30c   d30c   d2eb   d2eb   caeb   cb0b   cb0b   caeb   caeb   caeb   caeb   caeb   caeb   caeb   cb0b   cb0b   cb0b   cb0b   c30b   c30b   cb0b   caeb   caeb   caeb   caeb   cb0b   cb0b   cb0b   cb0b   cb0b   cb0c   d30c   d32c   d30c   d32c   d30c   d30c   d30c   d30c   d30c   d30c   d30c   d2ec   caec   caec   caeb   caeb   caeb   caec   cb0c   cb0c   cb0c   caeb   caec   caec   caeb   cacb   caeb   caeb   caeb   cb0b   cb0b   cb0b   cb0c   caeb   caec   caec   caec   caec   c2cc   c2cc   c2cc   c2ab   baab   baab   ba8b   ba8b   ba8b   b26a   b24a   b24a   b26a   b28b   bacc   c2ec   cb4d   d36d   d38e   d3ae   dbce   e3ef   e42f   e44f   e42e   e44e   e44e   e44e   dc2d   dc2d   dc4d   e44d   e44d   e42d   e42d   e42d   e42d   e42d   e42d   e40d   e40d   e40d   e40d   e40d   e40d   e40d   e40d   e40d   e40d   e40d   e40d   e3ed   e3ed   e3ed   e3ed   e3ed   dbed   dbed   dbcd   d3ac   d3ac   d3cd   d3ed   d3ec   cbab   cbcb   cc0b   dc8d   ed50   f5f2   fe53   fe73   fe73   fe73   fe94   fe94   fe74   fe74   edb2   d4ae   bb8a   aac8   a288   aa89   b2aa   bacb   baec   bacb   bacb   bacb   bacb   baeb   c2eb   c2ec   cacc   c2cb   baab   c2cb   c2cb   c2cb   c2ec   c2ec   c30c   cb0c   cb2d   cb2e   cb4e   c34e   bb0d   aa6b   89a8   7106   68a5   6085   6065   6085   6086   5866   5866   5866   5887   5887   5887   58a8   60c8   60e8   60e8   60e8  
 e42d   e42d   e42d   e42d   e42d   e42d   e42d   e42d   e42d   e44d   e44d   e42d   e42d   e44d   ec4e   ec6e   ec4e   ec6e   ec6e   ec6e   ec6e   ec6e   ec4d   ec4d   e44d   e44d   e42d   e42d   e42d   e42d   e42d   e42c   e40c   e3ec   dbcc   db8c   d34c   c2eb   ba6a   b229   a9e9   a1a8   99a8   a1a8   a1e9   aa09   aa09   aa29   aa29   b22a   b24a   b24a   b24a   b24a   b24a   b249   b24a   b229   b229   b229   b229   aa29   aa29   b229   b249   ba4a   ba6a   ba8a   ba8a   c2ab   c2ab   c2ab   c2cb   c2cb   c2cb   c2cb   caeb   caeb   caeb   caeb   caeb   caeb   caeb   caeb   caeb   caeb   caeb   caeb   caeb   caeb   d2eb   d2eb   d2eb   d2eb   d2eb   d2eb   d2eb   d2eb   d2eb   d2eb   d2eb   d2eb   d30b   d30b   d30b   d30b   d30b   d30b   d30b   d30b   d30b   d30b   d30c   d30b   d30b   d30b   d30c   d30c   d30c   d30c   d30c   d30c   d30c   d30c   d30c   d30b   caeb   caeb   caeb   caeb   caeb   caeb   c2eb   c2eb   c2eb   c2eb   c2eb   caeb   cb0b   cb0b   caeb   caeb   caeb   cb0b   caeb   caeb   caeb   caeb   caeb   cb0b   caeb   cb0b   caeb   cb0b   d30c   d30c   d30c   d30c   d30c   d30c   d30c   d30c   d30c   d30c   d2ec   d2ec   d2ec   d2ec   caeb   caeb   caeb   caec   cb0c   cb0c   cb0c   caeb   caec   caec   caeb   cacb   caeb   caeb   caeb   cb0b   cb0b   cb0b   cb0c   cb0c   caec   caec   caec   caec   c2ec   c2cc   c2cc   c2ab   c2ac   baab   ba8b   ba8b   ba8b   b26b   b24a   b24a   b24a   b26b   baab   c2ec   cb2d   cb4d   d38d   d38e   dbce   dbee   e40f   e42f   e42e   e42e   e44e   e44e   e42d   dc2d   e42d   e42d   e44d   e42d   e42d   e42d   e42d   e42d   e40d   e40d   e40d   e40d   e40d   e40d   e40d   e40d   e40d   e40d   e40d   e40d   e40d   e3ed   e3ed   e3ed   e3ed   e3ed   dbed   dbed   dbcd   dbcc   dbcc   dbed   dbed   d3cc   cbab   cbab   cbeb   d44c   dcce   ed70   f5f2   fe52   fe73   f673   fe93   fe94   fe94   fe94   fe33   ed91   d48e   bbab   aae9   aaa9   aa8a   b28a   bacc   bacc   baab   baab   bacb   bacb   c2eb   caeb   cacb   c2cb   baab   c2cb   c2cb   c2cb   c2ec   c2ec   c30d   cb2d   c32e   c30d   bb0e   b2cd   a24b   8988   70e6   6085   6065   6085   6086   6086   5866   5845   5866   5887   60c8   58a8   5888   58a8   60c8   60e9   60e9   60e9  
 e42d   e42d   e42d   e42d   e42d   e42d   e42d   e42d   e44d   e44d   e44d   e44d   e44d   e44d   ec4e   ec6e   ec6e   ec6e   ec6e   f46e   ec6e   ec6e   ec4d   ec4d   e46d   e44d   e42d   e42d   e42d   e42d   e42d   e42c   e40c   e3ec   dbcc   db8c   d34c   c2eb   ba6a   b229   a9e9   a1a8   99a8   a1a8   a1e9   aa09   aa09   aa29   aa29   b22a   b24a   b24a   b24a   b24a   b24a   b249   b24a   b229   b229   b229   b229   aa29   aa29   b229   b249   ba4a   ba6a   ba8a   ba8a   c2ab   c2ab   c2ab   c2cb   c2cb   c2cb   c2cb   caeb   caeb   caeb   caeb   caeb   caeb   caeb   caeb   caeb   caeb   caeb   caeb   caeb   caeb   d2eb   d2eb   d2eb   d2eb   d2eb   d2eb   d2eb   d2eb   d2eb   d2eb   d2eb   d2eb   d30b   d30b   d2eb   d2eb   d2eb   d2eb   d30b   d30b   d30b   d30b   d30c   d30b   d30b   d30b   d30c   d30c   d30c   d30c   d30c   d30c   d30c   d30c   d30b   caeb   caeb   caeb   caeb   c2eb   c2eb   c2eb   c2eb   c2eb   c2eb   c2eb   c2eb   caeb   cb0b   cb0b   caeb   c2eb   caeb   caeb   caeb   caeb   caeb   caeb   caeb   caeb   caeb   caeb   caeb   caeb   d30c   d30c   d30c   d30c   d30c   d30c   d30c   d30c   d30c   d30c   d2ec   d2ec   d2ec   d2ec   caeb   caeb   caeb   caec   cb0c   cb0c   cb0c   caec   caec   caec   caeb   cacb   caeb   caeb   caeb   cb0b   cb0b   cb0b   cb0c   cb0c   caec   caec   caec   caec   c2ec   c2cc   c2cc   c2ab   c2ac   baab   ba8b   ba8b   ba8b   b26b   b24a   b24a   b24a   b26b   baab   c2ec   cb2c   cb4d   d36d   d38d   dbae   dbee   e40f   e42f   e42e   e42e   e42e   e42e   e42e   dc2d   e42d   e42d   e42d   e42d   e42d   e42d   e42d   e42d   e40d   e40d   e40d   e40d   e40d   dbec   dbec   e40d   e40d   e40d   e40d   e40d   e40d   e40d   e3ed   e3ed   e3ed   e3ed   e3ed   e40d   dbed   dbcd   dbcd   dbed   dbed   d3cc   cb8b   cbab   cbeb   d40c   d46c   dcee   ed70   f5f1   fe53   f653   fe73   feb4   feb4   feb4   fe73   f612   ed71   d44d   b36a   aaea   a269   aa6a   b2ab   bacc   baac   baab   baab   c2cb   c2ec   caeb   cacb   c2cb   baab   c2cb   c2cb   c2cb   c2cc   c2ec   c30d   c32e   c30e   baed   b2ad   a22b   8989   68c6   6085   6886   6065   6086   68c7   60a7   5886   5866   5887   60c8   60e9   60c8   58a8   5888   60a8   60c9   60e9   60e9  
 e42d   e42d   e42d   e42d   e42d   e42d   e42d   e44d   e42d   e42d   e42d   e42d   e42d   ec4e   ec4e   ec6e   f48f   f48f   f46e   f46e   ec6e   ec6e   ec4d   ec4d   e44d   e44d   e44d   e44d   e42d   e42d   e42d   e42c   e40c   e3ec   dbab   d36b   cb2b   c2ca   ba6a   b229   a1c8   a1a8   99a8   a1a8   a1e9   aa09   aa09   aa29   aa29   b22a   b22a   b24a   b24a   b24a   b24a   b249   b24a   b229   b229   b229   b229   aa29   aa29   b229   b249   ba4a   ba6a   ba8a   c2aa   c2ab   c2ab   c2ab   c2ab   c2ab   c2cb   cacb   caeb   caeb   caeb   caeb   cacb   caeb   caeb   caeb   caeb   caeb   caeb   caeb   d2eb   caeb   d2eb   d2eb   d2eb   d2eb   d2eb   d2ec   d2eb   d2eb   d2eb   d2eb   d2eb   d2eb   d2eb   d2eb   d2eb   d2eb   d2eb   d2eb   d2eb   d2eb   d2eb   d2eb   d30b   d30b   d30b   d30b   d30b   d30b   d30b   d30b   d32c   d32c   d32c   d32c   cb0b   caeb   caeb   caeb   caeb   caeb   c2cb   caeb   caeb   caeb   c2cb   c2ca   c2ca   caeb   caeb   cb0b   caeb   caeb   caeb   caeb   cacb   cacb   cacb   caeb   caeb   caeb   d2eb   d2eb   d2eb   d2eb   d2eb   d2eb   d2ec   d30c   d30c   d30c   d2ec   d2ec   d2ec   d2ec   d2ec   d2ec   caec   cacc   caec   caec   caec   caec   caec   caec   caec   caec   caec   caec   caeb   caeb   caeb   caeb   caeb   caeb   cb0b   caeb   caeb   caeb   caec   caec   caec   caec   c2cc   c2cb   c2ab   c2ab   c2ac   baab   ba8b   ba8b   ba6b   b26b   b24a   b24a   b24a   b26a   baab   c2cc   cb2d   cb4d   d36d   d36d   d3ad   dbce   e40f   e42f   e42f   e42f   e42e   e42e   e42e   e42e   e42e   dc2d   e42d   e42d   e42d   e42d   e42d   e42d   e40d   e42d   e40d   e40d   e40d   dbec   dbec   e40d   e40d   e40d   e40d   e40d   e40d   e40d   e3ed   e3ed   e3ed   e40d   e3ed   e3ed   e3ed   e3ed   e3ed   dbcd   dbcc   d3ac   dbcc   cb8b   cbaa   d3eb   d42c   d46c   dcee   f5d1   f612   fe53   feb4   fed4   feb3   fe93   fe93   fe94   f5f2   e530   c40d   aae9   9a68   a249   aa8b   bacc   baac   bacc   bacb   bacb   c2cb   caeb   cacb   c2aa   baaa   c2eb   c2ec   baec   baec   c32d   c32d   baed   b2cd   a26c   91ea   8168   70c7   6065   6065   6886   6086   6086   6087   6087   60a7   60a7   60c8   60e9   60e9   58c8   58a8   58a8   60c8   60c9   60e9   60e9  
 e42d   e42d   e42d   e42d   e42d   e44d   e44d   e44d   e44d   e44d   e44d   ec4e   ec4e   ec4e   ec6e   ec6e   f46e   f46e   f44e   ec4e   ec4e   ec4d   ec4d   e44d   e44d   e44d   e44d   e42d   e42d   e42c   e42c   e42c   e40c   e3ec   dbac   d36b   cb2b   c2ca   ba6a   b209   a1c8   a1a8   99a8   a1a8   a1e9   aa09   aa09   aa29   aa29   b22a   b22a   b24a   b24a   b24a   b24a   b249   b24a   b229   b229   b229   b229   aa29   aa29   b229   ba49   ba4a   ba6a   ba8a   c28a   c2ab   c2ab   c2ab   c2aa   c2ab   c2cb   cacb   cacb   cacb   cacb   cacb   cacb   cacb   caeb   caeb   caeb   caeb   caeb   caeb   caeb   caeb   d2eb   d2eb   d2eb   d2eb   d2eb   d2eb   d2eb   d2eb   d2eb   d2eb   d2eb   d2eb   d2eb   d2eb   d2eb   d2eb   d2eb   d2eb   d2eb   d2eb   d2eb   d2eb   d30b   d30b   d30c   d30b   d30c   d30b   d30c   cb0b   cb0c   cb0b   cb0c   d32c   cb0b   caeb   caeb   caeb   caeb   c2ca   c2ca   c2ca   c2cb   c2ca   c2ca   c2aa   c2cb   c2cb   caeb   c2eb   c2cb   c2ca   c2ca   c2ca   caeb   cacb   cacb   caeb   caeb   caeb   caeb   d30b   caeb   caeb   caeb   caeb   d30c   d30c   d32c   db2d   d30c   d30c   cb0c   d2ec   caec   caec   cacc   cacb   caec   caec   caec   cb0c   cb0c   caec   caec   caec   caec   caec   caeb   caeb   caeb   caeb   caeb   caeb   caeb   caeb   caeb   caeb   caec   caec   caec   caec   c2cb   c2cb   c2ab   c2ab   c2ac   baab   ba8b   ba8b   ba8b   b26b   b24a   b24a   b26a   ba6b   baab   c2cc   cb0c   cb2d   d34d   d36d   d38e   dbce   e3ef   e40f   e40f   e40e   e40e   e40e   e40e   e40e   e42e   e42e   e42e   e42d   e42e   e40d   e40d   e40d   e40d   e40d   e40d   e40d   e40d   dbec   dbec   e40d   e40d   e40d   e40d   e40d   e40d   e40d   e3ed   e3ed   e3ed   e40d   e3ed   e3ed   e3ed   e3ed   e3ed   dbcd   dbac   dbac   dbcc   d38b   d3ab   d3eb   d3eb   cbeb   dc8d   ed70   f5f2   fe32   fe73   fe93   feb3   feb3   feb4   feb4   fe53   edb1   d4af   bb8b   a2a9   a249   aa6a   b28b   b2ab   bacb   b2ab   bacb   c2cb   c2eb   c2cb   c2aa   c2cb   c2ec   c30c   c30c   c30d   c32e   bb0e   b2cd   a22b   89aa   7928   68c7   6066   5845   5845   6086   60a7   60a7   60a7   60a7   60a7   60c8   60e8   60e9   60e9   58a8   58a8   58a8   60c8   60c8   60c8   60c9  
 e44d   e42d   e42d   e42d   e44d   e44d   e44d   e44e   ec6e   ec6e   ec4e   ec4e   ec6e   ec6e   ec6e   f46e   ec4e   ec4e   ec4e   ec4e   ec4d   ec4d   ec4d   ec4d   e42d   e42d   e42d   e42d   e42d   e42c   e42c   e40c   e40c   e3ec   dbac   d38b   d34b   c2ca   ba6a   aa09   a1c8   a1a8   9988   a1a8   a1e9   a1e9   a209   aa29   aa29   b22a   b22a   b24a   b24a   b24a   b24a   b249   b24a   b229   aa29   b229   b229   aa29   aa29   b229   b249   ba4a   ba6a   ba6a   c28a   c2aa   c2ab   c2ab   c2aa   c2aa   c2cb   c2cb   cacb   cacb   cacb   cacb   cacb   cacb   cacb   caeb   caeb   caeb   caeb   caeb   d2eb   d2eb   d2eb   d2eb   d2cb   d2eb   d2eb   d2eb   d2eb   d2eb   d2eb   d2eb   d2eb   d2eb   d2eb   d2eb   cacb   cacb   caeb   caeb   d2eb   caeb   d30b   d30b   d30c   d30c   d30c   cb0c   cb0c   cb0c   cb0c   cb0c   cb0c   cb0b   cb0c   cb2c   cb0c   cb0b   caeb   cb0b   caeb   caeb   c2cb   c2ca   c2cb   c2ca   c2cb   c2ca   c2cb   c2eb   c2cb   c2cb   c2aa   baaa   baaa   c2aa   c2ca   c2ca   c2ca   c2cb   c2eb   caeb   cb0c   cb0c   c2eb   c2eb   caeb   caeb   cb0c   cb0c   cb2c   d32d   d32d   d32c   d30c   cb0c   cb0c   caec   caec   cacb   cacb   caec   caec   cb0c   cb0c   cb0c   cb0c   caec   caec   caec   caec   caec   caeb   caeb   caeb   caeb   caeb   caeb   caeb   cb0c   caec   caec   caec   cacc   c2cb   c2cb   c2cb   c2ab   c2ac   baab   ba8b   ba8b   ba8b   ba6b   b26b   b26b   ba6b   ba8b   baab   c2cc   c30c   cb2d   d34d   d36d   d38d   dbae   dbce   dbce   dbee   dbee   dbee   e40e   dc0e   dc0e   e40e   e42e   e40e   e40d   e40e   e40d   e40e   e40d   e40d   e40d   e3ed   e40d   dbed   dbed   dbed   e40d   e40d   e40d   e40d   e40d   e40d   e40d   e3ed   e3ed   e3ed   e40d   e3ed   e3ed   e3ed   e3cd   e3cd   dbcd   dbad   dbcc   dbac   dbab   d3ab   d3cb   cbab   c3aa   d44c   e4ef   f5b1   f5f1   f612   fe53   fe93   feb4   feb4   fed4   fe94   fe13   e551   cc6e   b34b   a289   a229   a269   b2ab   b2aa   b2aa   b2aa   bacb   c2cb   c2cb   c2ab   c2cc   c2ec   c30d   c32e   c34e   c30e   aaad   9a2b   8169   7108   68a6   6066   6046   5846   6046   6087   60a7   60a7   60c8   60c8   60c8   60c8   60e8   60e8   60c8   58a8   5887   58a7   58a8   58a8   60a8   60c8  
 e44d   e44d   e42d   e42d   e44d   e44d   e44d   e44e   ec6e   ec6e   ec6e   ec6e   ec6e   ec6e   ec6e   ec6e   ec2d   ec2d   ec2d   ec2d   ec2d   ec2d   ec2d   e44d   e42d   e42d   e42d   e42d   e42d   e42c   e42c   e40c   e40c   e3ec   dbcc   db8c   d34c   c2ca   ba4a   aa09   a1a8   9988   9988   a1a8   a1e9   a1e9   a209   aa29   aa29   aa29   b22a   b24a   b24a   b24a   b249   b249   b229   b229   aa29   b229   b229   aa29   b229   b229   b249   ba49   ba6a   ba6a   c28a   c2aa   c2ab   c2ab   c2aa   c2aa   c2ab   c2cb   cacb   cacb   cacb   cacb   cacb   cacb   cacb   caeb   caeb   caeb   caeb   caeb   d2eb   d2eb   d2eb   d2eb   d2cb   d2eb   d2eb   d2eb   d2eb   d2eb   d2eb   d2eb   d2eb   d2eb   d2eb   cacb   cacb   cacb   cacb   caeb   caeb   caeb   caec   d2ec   d2ec   cb0c   cb0c   cb0c   cb0c   cb0c   cb0c   cb0c   cb0c   cb0c   cb0c   cb2c   cb0c   cb0c   cb0c   cb2c   cb0c   caeb   c2eb   c2cb   c2cb   c2cb   c2eb   c2eb   c2eb   c2eb   c2eb   c2eb   baca   baaa   baaa   baaa   baca   baca   baca   baca   baea   c2eb   c2eb   c30b   c2eb   c2eb   c30b   c30c   c30c   c30c   cb2c   cb2c   cb2c   cb0c   cb0c   caec   caec   caeb   cacb   cacb   cacb   caec   caec   d2ec   d2ec   cb0c   d2ec   caec   caec   caec   caec   caec   caeb   caeb   caeb   caeb   caeb   caeb   caeb   cb0c   cb0c   caec   caec   c2cb   c2cb   c2cb   c2cb   c2ab   baab   baab   ba8b   ba8b   ba6b   ba6b   b26b   ba6b   ba6b   ba8b   baab   c2cc   c2ec   cb2c   d34d   d36d   d36e   dbae   dbae   dbae   dbce   dbce   dbee   dbee   dc0e   dc0e   dc0e   e40e   e40e   e40e   e40e   e40e   e40e   e40d   e40d   e40d   e3ed   e3ed   dbed   dbed   dbed   e40d   e40d   e40d   e40d   e40d   e40d   e3ed   e3ed   e3ed   e3ed   e3ed   e3ed   e3ed   e3cd   dbcd   dbcd   dbad   dbad   e3ac   db8c   dbab   dbab   dbcb   d3ab   cbaa   d40c   dcae   ed30   ed90   f5f2   fe53   fe73   feb4   feb4   fed4   feb4   fe73   f5f2   e531   cc2e   b30b   a269   a249   aa89   aa8a   aaaa   b2aa   b2aa   baaa   baab   baab   baac   c2ed   cb2e   cb4f   c32e   aaad   91eb   8169   68c7   60a7   6086   6087   6087   6067   6067   6087   60c8   60c8   68c8   68c8   60e8   60e8   60e8   60e8   60c8   58a7   5887   58a7   58a8   58a8   58a8   58a8  
 e44d   e42d   e42d   e42d   e44d   e44d   e44d   e44e   ec6e   ec6e   ec6e   ec4e   ec4e   ec4e   ec4e   ec4e   ec0d   ec0d   ec0d   ec0d   e40d   e42d   e42d   e42d   e42d   e42d   e44d   e44d   e44d   e42d   e42d   e42c   e40c   e40c   dbcc   db8c   d34c   c2ca   b249   a9e9   a1a8   9988   9988   a1a8   a1e9   a1e9   a209   aa09   aa29   aa29   b22a   b22a   b24a   b22a   b249   b249   b229   b229   aa29   b229   b229   aa29   b229   b229   b249   ba49   ba6a   ba6a   c28a   c2aa   c2ab   c2ab   c2aa   c2aa   c2ab   c2cb   c2cb   cacb   cacb   cacb   cacb   cacb   caeb   caeb   caeb   caeb   caeb   caeb   d2eb   d2eb   d2cb   d2cb   d2cb   d2eb   d2eb   d2eb   d2ec   d2eb   d2eb   d2eb   d2eb   d2eb   d2eb   d2eb   cacb   cacb   cacb   caeb   caec   caeb   caec   caec   cb0c   cb0c   cb0c   cb0c   cb0c   cb0c   cb0c   cb0c   cb0c   cb0c   cb0c   cb0c   cb0c   c2ec   c2ec   cb0c   c2ec   c2eb   c2eb   c2cb   c2cb   c2cb   c2eb   c2eb   c30b   c30b   c2eb   baeb   baeb   bacb   bacb   baeb   baeb   b2ea   b2ca   b2ca   b2ea   baeb   b2eb   b2ca   b2eb   baeb   bb0b   bb0c   c32c   c32c   c32c   c32c   c30c   c30c   c2ec   c2ec   c2cb   c2cb   c2cb   cacb   caec   caec   cacc   cacc   cacc   caec   d2ec   d2ec   caec   caec   caec   caec   caeb   caeb   caeb   caeb   caeb   caeb   caeb   cb0c   caec   caec   caec   c2cb   c2cb   c2cb   c2ab   c2ab   baab   baab   ba8b   ba6b   ba6b   ba6b   ba6b   ba6b   ba6b   ba6b   ba8b   c2cb   c2ec   cb0c   d34d   d36d   d36e   dbae   dbae   dbad   dbce   dbce   dbee   dbed   dbee   dbed   dc0e   dc0e   e40e   e40e   e40e   e40e   e40e   e40e   e40e   e40d   e3ed   dbed   dbed   dbed   dbed   dbed   e3ed   e40d   e3ed   e3ed   e3ed   e3ed   e3ed   e3ed   dbed   dbed   e3ed   dbcd   dbcd   dbad   dbac   dbac   dbac   e3ac   db8c   db8b   db8b   dbab   d3ab   d3ab   d3ec   d42c   dcae   e52f   f5d2   fe33   fe73   fe93   feb4   feb4   fed4   feb4   fe54   fdf3   e531   cc0e   b30a   a289   a269   aa89   aaaa   aaaa   aa8a   b28a   baab   bacc   c2ed   c30e   c32f   baee   aa8d   91ea   7928   68c7   6086   6087   6087   6087   6067   5867   6067   6087   68c8   68c8   68e8   68e8   68e8   60e8   60c8   60c8   60c7   58a7   58a7   58a7   58a7   58a7   58a7   58a7  
 e44d   e44d   e42d   e42d   e44d   e44d   e44d   e44e   ec6e   ec6e   ec4e   ec4e   ec4e   ec4e   ec4d   ec2d   ebed   ebed   e3ed   e3ed   e40c   e40d   e42d   e42d   e42d   e42d   ec4d   ec4d   ec4d   e44d   ec2d   e42d   e42c   e40c   dbcc   db8c   d34c   c2ca   b249   a9e9   a1a8   9988   9988   a1a8   a1e9   a1e9   a209   aa09   aa29   aa29   b22a   b22a   b22a   b22a   b249   b229   b229   aa29   aa29   b229   b229   aa29   b229   b249   b249   ba4a   ba6a   ba6a   c28a   c2aa   c2ab   c2ab   c2aa   c2aa   c2ab   c2cb   cacb   cacb   cacb   cacb   cacb   caeb   caeb   caeb   caeb   caeb   caeb   caeb   cacb   cacb   d2cb   d2cb   d2cb   d2cb   d2eb   d2eb   d2eb   d2eb   d2eb   d2eb   d2eb   d2eb   d2ec   caeb   caeb   caeb   caec   caec   caec   caec   cb0c   cb0c   cb0c   cb0c   cb0c   cb0c   cb0c   cb0c   cb0c   cb0c   c2ec   c2eb   c2eb   c2ec   c2eb   c2eb   c2eb   c30c   c2eb   c2eb   c2eb   c2eb   c2eb   c2eb   c30c   c32c   c30c   c32c   c32c   c32c   c32c   c32c   c32c   c34c   bb4c   bb2b   bb0b   b30b   b30b   b30b   aaca   aaca   aaca   aaca   b2cb   b2eb   b30b   bb2c   bb2c   bb2c   bb2c   c30c   c30c   c30c   c2ec   c2ec   caec   caec   caec   caec   cacc   cacc   cacc   cacc   d2ec   d2ec   caec   caec   caec   caec   caec   caeb   caeb   caeb   caeb   caeb   caeb   caeb   caec   caec   caec   c2cb   c2cb   c2cb   c2ab   baab   baab   baab   ba8b   ba6b   ba6b   ba6b   b24b   ba6b   ba6a   ba6b   ba8b   c2ab   c2ec   cb0c   d34d   d36e   d38e   dbae   dbae   db8d   dbce   dbce   dbce   dbee   dbee   dbee   dc0e   dc0d   e40e   e40e   e40e   e40e   e40e   e40e   e40e   e40e   e3ed   dbed   dbed   dbed   dbed   dbed   e3ed   e40d   e3ed   e3ed   e3ed   e3ed   e3ed   e3ed   dbed   dbed   dbcd   dbcd   dbad   dbac   db8c   db8c   db8c   e38c   e38c   db8b   db6b   db8b   d38b   d3ab   d3ab   cbab   d42c   dcae   ed71   f5f2   fe33   f653   fe94   feb4   fed4   feb4   fe74   fe34   f5b3   e4d0   c3ac   aae9   a288   a289   aa89   aaaa   aa8a   b28a   b2ab   bacc   cb2f   c30e   baad   a22b   8989   7908   68c7   6086   60a7   6087   6087   5867   5847   5867   6088   60c8   68c8   68e8   68e9   68e9   60e8   60c8   60c7   58c7   58c7   58a7   58a7   58a7   58a7   58a7   58a7   58a7  
 e44d   e44d   e44d   e44d   e44d   e44d   e44e   e46e   ec6e   ec6e   ec4e   ec4d   ec2d   e42d   e40d   e3ec   e3cc   e3cc   e3cc   e3cc   e3ec   e40c   e42d   ec2d   e42d   e42d   ec4d   ec4d   ec4d   e44d   ec2d   e42d   ec2c   e40c   e3cc   db8c   d34b   c2ca   b249   a9e9   a1a8   9988   9988   a1a8   a1e9   aa09   a209   aa09   aa29   aa29   b22a   b22a   b22a   b22a   b249   b229   b229   aa29   aa29   b229   b229   b229   b229   b249   ba49   ba4a   ba6a   ba8a   c28a   c2ab   c2ab   c2ab   c2aa   c2aa   c2ab   c2cb   cacb   cacb   cacb   cacb   cacb   cacb   caeb   caeb   caeb   caeb   d2eb   d2eb   cacb   cacb   d2cb   d2cb   d2cb   d2cb   d2eb   d2eb   d2eb   d2eb   d2eb   d2eb   d2ec   d2ec   d2ec   d2ec   caec   caec   caec   cb0c   cb0c   cb0c   cb0c   cb0c   cb0c   cb0c   cb0c   cb0c   cb0c   cb0c   cb0c   cb0c   cb0c   c30c   c30c   c30c   c30c   c30c   c30c   c32c   cb2c   cb2d   cb4d   cb4d   cb4d   cb4d   cb6d   cb8e   cb8e   cbae   d3ce   d3cf   d3ef   d3ef   d3ef   d40f   cbee   cbee   cbce   c3ce   c3ce   c3ad   bb6d   bb4c   b32c   b30b   aaeb   aaeb   aaeb   ab0b   b30b   b32c   bb2c   bb2c   c30c   c30c   c30c   c30c   cb0c   cb0c   caec   caec   cacc   cacc   cacc   d2ec   d2ec   d2ec   caec   caec   caec   caec   caec   caeb   caeb   caeb   caeb   caeb   caeb   caeb   caec   caec   caec   c2ec   c2cb   c2cb   c2ab   baab   baab   ba8b   ba8b   ba6b   ba6b   ba6b   b24b   ba6b   ba6a   ba6b   ba8b   c2ab   c2ec   cb0c   d34d   d34d   d36e   db8e   dbae   dbae   dbae   dbae   dbce   dbcd   dbee   dbed   dbee   dbee   e40e   e40e   e40e   e40e   e40e   e40e   dbee   dbee   dbee   dbed   dbed   dbed   dbed   dbed   e3ed   e40d   e3ed   e3ed   e3ed   dbed   dbed   dbed   dbed   dbed   dbcd   dbcd   dbac   dbac   db8c   db8c   db8c   db8c   e38c   db8b   db6b   db6b   db8b   d38b   d38b   c36a   cbcb   d44d   e4ef   ed91   f5f2   f633   fe74   feb4   feb4   feb4   fe94   fe54   fe14   f572   d46f   bb8c   aac9   a2a9   a289   aaaa   b2cb   b2cb   bacc   bacc   c2ee   b28d   99ca   8128   70a6   6065   6086   60a7   60a7   60a7   5887   5867   5867   6088   68a8   68c9   68e8   68e9   68e9   68e8   60e8   60c7   58c7   58c7   58c7   58a7   58a7   58a7   58a7   58a7   58a7   58a7  
 e44d   e44d   e44d   e44d   e44d   e44e   e46e   ec6e   ec4e   ec4e   ec4d   e42d   e40d   e3ec   dbec   dbcc   dbab   e3ac   e3ac   e3cc   e3cc   e40c   ec2d   ec2d   e42d   e42d   e44d   ec4d   ec4d   e44d   ec2d   ec2d   ec2d   e40c   e3cc   db8c   d34b   c2ca   b249   aa09   a1a8   99a8   9988   a1c9   a1e9   a9e9   a209   aa09   aa29   aa29   b22a   b22a   b22a   b22a   b229   b229   b229   aa29   aa29   b229   b229   b229   b229   b249   ba49   ba4a   ba6a   ba8a   c2aa   c2ab   c2ab   c2ab   c2aa   c2aa   c2cb   c2cb   cacb   cacb   cacb   cacb   cacb   cacb   cacb   cacb   caeb   caeb   cacb   cacb   cacb   cacb   d2cb   d2cb   d2cb   d2cb   d2eb   d2eb   d2eb   d2eb   d2eb   d2eb   d2ec   d2ec   d2ec   d2ec   caec   caec   caec   cb0c   cb0c   d30d   d32d   d32d   cb0c   cb0c   cb0c   cb0c   cb0c   cb0c   cb0c   cb0c   cb2d   cb2d   cb2d   cb4d   cb4d   c34d   c34d   cb6d   cb8e   cb8e   d3ae   d3ae   d3ae   d3cf   d3ef   d40f   d410   d430   dc71   dc71   e491   e4b2   e4d2   e4d2   dcb1   dcb1   dcb1   dcb1   dcb1   dcb1   d470   cc50   c3ee   bbad   b36c   ab2b   a30b   ab0b   ab0b   b30b   b32c   bb0b   baeb   baeb   baeb   c2eb   c2ec   cacc   cacc   cacc   cacc   d2cc   d2ec   d2ec   d2ec   d2ec   caec   caec   caec   cb0c   caec   caeb   caeb   caeb   caeb   caeb   caeb   caeb   caec   caec   c2ec   c2ec   c2cb   c2cb   c2ab   baab   baab   ba8b   ba8b   ba6b   ba6b   ba6b   b24b   ba6a   ba6a   ba6b   ba8b   c2ab   c2ec   cb0c   d32d   d34d   d36d   db8e   dbae   dbad   db8d   dbad   dbad   dbce   dbcd   dbee   dbee   e3ee   e40e   e40e   e40e   dbee   dbee   dbee   dbee   dbee   dbee   dbee   dbed   dbed   dbed   dbed   e3ed   e3ed   e3ed   e3ed   dbed   dbed   dbcd   dbcd   dbcd   dbcd   dbcd   dbcd   dbac   dbac   db8c   db6c   db6c   db6b   db6b   e36b   db6c   db6c   db8c   db8b   d38b   cb6a   cbab   cc0c   dc8e   e530   edb2   f613   fe74   fe94   feb4   feb4   fe94   fe74   fe55   fe14   ed31   cc4e   ab09   a2c9   a288   aaaa   b2eb   bb0c   baed   bacd   b26d   a1eb   8128   6886   6025   5825   6066   60a7   5887   5887   5867   5867   5888   60c8   60c8   60c8   68e8   68e8   68e9   60e8   60c8   60c7   58c7   58a7   58a7   58a7   58a7   58a7   58a7   58a7   58a7   58a7  
 e44d   e44d   e44d   e44d   e44e   ec4e   ec6e   ec6e   ec4e   ec4e   ec2d   e40d   e3ec   dbcc   dbcc   dbab   dbab   db8b   dbab   e3ac   e3cc   e3ec   e40d   ec2d   ec4d   e44d   e44d   e44d   e44d   ec2d   ec2d   ec2d   ec0c   ebec   e3cc   db8c   d34b   c2ca   b249   aa08   a1a8   99a8   99a8   a1a9   a1c9   a1e9   a1e9   aa09   aa2a   aa4a   b24a   b24a   b249   aa29   b229   b229   b229   b229   b229   b229   b229   b229   b229   b249   ba49   ba4a   ba6a   c28a   c28a   c2ab   c2ab   c2ab   c2aa   c2ab   caab   cacb   cacb   cacb   cacb   cacb   cacb   cacb   cacb   cacb   cacb   cacb   cacb   cacb   d2eb   d2eb   cacb   cacb   cacb   d2eb   d2ec   d2eb   d2eb   d2eb   d2eb   d2eb   d2ec   d2ec   d2ec   caec   caec   caec   caec   cb0c   cb0c   cb0c   cb0c   cb2d   cb0c   c2ec   c2ec   c30c   cb0c   c30c   cb2c   cb4c   cb4d   cb6d   cb6d   cb6d   c36d   c36d   cb6e   cb8e   cbcf   cbef   d410   d430   d430   d430   d451   dc71   dc92   dcb2   dcb2   dcf3   dd13   e534   e534   dd33   e554   dd33   dd13   dd13   dd13   dd13   dd13   e533   dcf2   d4d1   d491   cc70   c42f   bbee   b3ad   b36c   b30b   b2eb   b2cb   b2eb   baeb   bacb   c2ab   c2ab   c2ab   cacb   d2cc   d2ec   d2ed   daed   daed   d2ec   d2ec   caec   d30c   d2ec   caec   caeb   caeb   caeb   cacb   caeb   caeb   caeb   c2eb   c2eb   c2eb   c2cb   c2cb   c2ab   c2ab   baab   ba8b   ba8b   ba8b   ba8b   ba6b   b26b   b24a   b26a   b26a   ba6a   ba8b   c2ab   c2ec   cb0c   d32d   d34d   d36d   db8d   dbae   dbad   db8d   dbad   dbad   dbad   dbad   dbcd   dbcd   dbcd   dbcd   dbed   dbee   e40e   dc0e   dc0e   dbee   dbee   dbee   dbee   dbee   dbed   dbcd   dbcd   dbcd   dbcd   e3cd   dbcc   dbcc   dbcd   dbcc   dbcd   dbcd   dbcd   dbcd   dbac   db8c   db8c   db6b   db6b   db6b   db6b   db6c   db4c   db4b   db4b   db6c   d36b   d36b   cb6b   c36b   cbcb   d42d   dcaf   e550   f5d2   fe34   fe74   fe95   fe95   fe95   fe95   feb6   fe95   f5d3   e510   c40c   ab2a   9a88   a289   b2ec   bb0d   b2cd   aa6c   91aa   8108   6866   6025   5826   6046   5847   5867   5047   5047   5867   58c8   60e8   60e8   60e8   6108   6909   6908   6108   60e8   60e8   60c7   58c7   58c7   58c7   58a7   5887   5887   5887   5887   5887   5887  
 e44d   e44d   e44d   e44e   ec4e   ec4e   ec6e   ec6e   ec4e   ec4e   ec2d   e40d   e3ec   dbcc   dbab   dbab   db8b   db8b   db8b   dbab   e3cc   e3ed   ec0d   ec2e   ec4e   ec4e   e44d   e44d   ec4d   ec2d   ec2d   ec2d   ec2c   ebec   e3cc   db8c   d34b   c2ca   b249   aa08   a1c8   99a8   99a8   a1c9   a1e9   a1e9   aa0a   aa0a   aa2a   aa4a   aa4a   aa4a   b24a   aa29   b229   b229   b229   b229   b229   b229   b229   b229   b229   b249   ba4a   ba4a   ba6a   c28a   c28a   c2ab   c2ab   c2ab   c2aa   c2ab   caab   cacb   cacb   cacb   cacb   cacb   cacb   cacb   cacb   cacb   cacb   cacb   d2eb   d2eb   d2eb   d2eb   d2eb   d2eb   d2eb   d2eb   d2ec   d2eb   d2eb   d2eb   d2eb   d2eb   caeb   caeb   cacc   cacc   caec   caec   cb0c   cb0c   cb0c   cb0c   cb0c   cb0c   cb0c   c2ec   c2ec   c30c   cb2c   cb2c   cb4c   cb6c   cb6d   cb8d   cb8e   cbae   c38e   c38e   cb8e   cbaf   cbef   cc10   cc10   cc30   cc30   d451   d471   d471   d492   d4b2   d4d2   d4f3   dd33   dd54   dd54   dd54   d534   d533   d513   d513   d513   d533   dd33   dd53   dd33   dd33   dd33   dd33   dd12   d4d1   cc6f   c42e   bbad   bb6c   b32c   b30b   baeb   bacb   baab   baab   c2ab   cacb   cacc   d2cc   d2ec   d2ec   daed   d2ed   d2ec   caec   caec   caec   caeb   caeb   caeb   caeb   caeb   caeb   caeb   c2eb   c2eb   c2eb   c2eb   c2cb   c2cb   c2ab   baab   ba8b   ba8b   ba8b   ba8b   b26b   b26b   b26a   b24a   b26a   b26a   ba6a   ba8b   c2ab   c2ec   cb0c   d32d   d34d   d36d   db8d   dbad   db8d   db8d   dbad   dbad   dbad   dbad   dbad   dbad   dbcd   dbcd   dbed   e40e   e40e   dc0e   dc0e   dbee   dbee   dbee   dbee   dbee   dbee   dbce   dbcd   dbce   e3ed   dbcd   dbcc   dbcc   dbcc   dbcc   dbcd   dbcd   dbcd   dbcd   dbac   db8c   d38c   db6c   db6b   db6b   db6c   db6c   db4c   db4c   db4c   db6c   d36b   d36b   cb6b   cb6b   cbab   cbec   d46e   dccf   ed71   fdf3   fe34   fe75   fe95   fe95   fe95   fe95   fe95   fe33   edd2   d4cf   c3ec   ab2a   aaea   b30c   aacc   9a4c   91cb   70e8   6887   6046   5826   6047   6067   6068   5868   5847   5867   5887   60c8   60e8   60e8   6108   6128   6108   6108   60e8   60e8   60c7   58c7   58c7   58a7   58c7   58a7   5887   5886   5886   5887   5887   5887  
 e44d   e44d   e44d   e44e   ec4e   ec4e   ec4e   ec4e   ec4e   ec4e   ec2e   e3ed   dbcc   db8b   d38b   db8b   d36b   d36b   db8b   db8b   e3ac   e3ed   ec0d   ec4e   ec4e   ec4e   e46d   e44d   ec4d   ec4d   ec2d   ec2d   ec2c   ebec   e3cc   db8c   d34b   c2ea   b249   aa08   a1c8   99a8   99a8   a1c9   a1e9   a1e9   a20a   aa0a   aa2a   aa2a   b24a   b24a   b24a   aa2a   b22a   b249   b229   b229   b229   b229   b229   b229   b229   b249   ba4a   ba6a   ba6a   c28a   c28a   c2ab   c2ab   c2ab   c2aa   c2aa   c2ab   caab   cacb   cacb   cacb   cacb   cacb   cacb   cacb   cacb   caeb   caeb   caeb   caeb   caeb   caeb   caeb   d2eb   d2eb   d2eb   d2eb   caeb   d2eb   d2eb   d2eb   caeb   cacb   caeb   caec   caec   cacc   cacc   c2ec   c2ec   caec   cb0c   cb0c   cb0c   cb0c   c2ec   c2ec   c32c   cb2d   cb4c   cb4d   cb6d   cb8d   cbae   cbae   cbae   cbae   cbae   cbaf   cbcf   cbef   cc10   cc30   d430   cc30   cc31   d451   d471   d492   d4b2   d4b2   d4f2   d513   dd33   dd34   d554   cd13   cd13   cd13   cd13   cd13   d533   d553   dd53   dd73   e574   e594   e594   e594   e573   dd32   dcf2   d4b1   d470   cc0f   c3ad   bb4c   bb0c   bacb   baab   c2cb   c2cc   caec   d2ec   d2ec   cacc   cacc   cacc   caec   caec   caec   caec   d2ec   caeb   caeb   caeb   caeb   caeb   caeb   caeb   c2eb   c2eb   c2cb   c2cb   c2ab   c2ab   baab   ba8b   ba8b   ba8b   ba8b   b26b   b26b   b26a   b24a   b24a   b26a   ba6a   ba8b   c2ab   c2ec   cb0c   d34d   d34d   d36d   db8d   dbad   db8d   db8d   db8d   dbad   dbad   dbad   dbad   dbcd   dbcd   dbed   dbed   dc0e   dc0e   dc0e   dbee   dbee   dbee   dbed   dbed   dbed   dbcd   dbcd   dbcd   e3cd   e3cd   dbcc   dbcc   dbcc   dbcc   dbcc   dbcc   dbcd   dbcd   dbad   dbac   db8c   db8c   db6c   db6c   db6c   db6c   db6c   db4c   db4c   db4c   db6b   d36b   d36b   cb6b   cb8b   c38b   c3ab   cbec   d46d   dcef   ed91   f5f3   fe33   fe74   fe95   fe95   fe95   feb5   fe95   fe54   edb3   d4cf   bbac   ab2b   aaec   9a6b   81a9   7108   6045   5825   5825   5846   6067   6088   6088   6088   5868   5888   58a8   60c8   60e8   60e8   6108   6128   60e8   60e8   60c7   58c7   58c7   58a7   58a7   58a7   58a7   58a7   5887   5887   5887   5887   5887   5887  
 e44d   e44d   e44d   ec6e   ec6e   ec6e   ec4e   ec4e   ec2e   ec2e   e40d   e3cc   db8b   d34a   cb2a   cb2a   d34a   d36b   db8b   db8b   e3ac   e3ed   ec2d   ec4e   ec4e   ec4e   e46d   e46d   ec6d   ec4d   ec4d   ec2d   ec2d   ec0c   e3cc   db8c   d34b   c2ca   b249   a9e8   99a8   9988   9988   99a8   a1c9   a1c9   a1e9   a209   aa2a   aa2a   aa2a   b24a   aa2a   aa2a   b22a   b22a   b229   b229   b229   b229   b229   b229   b229   b249   ba4a   ba4a   ba6a   c26a   c28a   c28a   c2ab   c2ab   c2aa   c2aa   c2ab   caab   cacb   cacb   cacb   cacb   cacb   cacb   cacb   cacb   caeb   caeb   caeb   caeb   caeb   caeb   d2eb   d2eb   d2eb   d2eb   d2eb   caeb   caeb   cacb   cacb   cacb   cacb   c2cb   cacc   caec   c2cb   c2ec   c2ec   cb0c   cb0c   cb2c   cb2c   cb0c   c30c   c2ec   c2ec   c32c   cb4d   cb4d   cb6d   cb8e   cb8e   cbae   cbce   cbcf   cbcf   cbcf   cbcf   cbcf   cbef   cc10   cc30   cc30   cc30   cc30   cc51   cc71   d491   d492   d4b2   d4d2   d4f3   d513   d513   d533   cd13   cd13   cd13   cd33   cd33   d533   d553   d553   dd73   dd73   dd73   dd73   dd73   dd73   e573   e573   ed74   e553   dcf2   d491   cc2f   c3ae   bb4c   b2eb   bacb   bacb   c2cb   c2ec   caec   caec   c2cc   c2ac   caec   caec   caec   caec   caec   d2ec   caeb   caeb   caeb   cacb   cacb   c2cb   c2cb   c2cb   c2cb   c2cb   c2ab   c2ab   ba8b   ba8b   ba8b   ba8b   b26b   b26b   b26b   b24a   b24a   b24a   b24a   ba6a   ba8b   c2ab   caec   cb0c   d34d   d34d   db6d   db8d   db8d   db8d   db8d   db8d   dbad   dbad   dbad   dbad   dbcd   dbcd   dbcd   dbed   dbed   dbed   dbed   dbed   dbee   dbee   dbed   dbcd   dbcd   dbcd   dbcd   dbac   dbac   dbac   dbac   dbcc   dbac   dbac   dbac   dbcc   dbac   dbac   dbac   dbac   db8c   db8c   db8c   db6c   db6c   db6c   db6c   db6c   db4c   db4c   db6c   d36b   d36b   cb6b   cb8b   c38b   c38b   c3cb   c40c   d48d   e530   f5b1   f5f2   fe53   fe95   feb5   feb5   feb5   fe95   fe75   fe55   e572   c42e   ab4c   9a8b   81e9   7127   60a6   5825   5825   5826   6067   6088   6088   6088   60a8   60a8   60a8   58c8   60c8   58c8   58c7   58e8   60e8   60e8   60e8   60c7   58c7   58c7   58a7   58c7   58a7   60c8   58a7   58a7   5887   5887   5887   58a7   5887  
 e44d   e44d   ec6d   ec6e   ec6e   ec6e   ec4e   ec4e   e40e   e3ed   e3cd   dbac   d34b   cae9   c2c9   c2c9   cb2a   d36b   db8b   e3ac   e3ac   ebed   ec2e   ec6e   ec6e   ec6e   ec6e   ec6e   ec6d   ec4d   ec4d   ec2d   ec2d   ec0d   e3cc   db8c   d34b   c2ca   b249   a9e8   9987   9987   9988   9988   99a8   99a9   a1c9   a1e9   aa09   aa0a   aa2a   aa2a   aa2a   aa2a   aa0a   b229   b229   b229   b229   b229   b229   b229   ba2a   ba4a   ba49   ba4a   ba4a   ba6a   c28a   c28a   c28a   c28a   c2aa   c2aa   c2aa   c2ab   caca   cacb   cacb   cacb   cacb   cacb   cacb   caeb   caeb   caeb   caeb   caeb   caeb   caeb   caeb   caeb   caeb   caeb   caeb   caeb   cacb   cacb   cacb   cacb   caab   c2cb   cacb   caec   d32d   d34d   d34d   d36e   d36d   cb4d   cb2d   cb2d   c30c   baec   c30c   c32c   c34d   c34d   cb6d   cb8e   cb8e   cbae   cbae   cbcf   cbcf   cbcf   cbcf   cbcf   c3cf   cbf0   cc10   cc10   cc10   cc30   cc30   cc51   d491   d492   d4b2   d4d2   d4f2   d4f2   d4f3   cd13   cd13   cd33   cd33   cd33   cd33   cd53   d553   d553   d553   d553   d553   d553   d573   dd73   e594   e5b4   e5b4   edb5   ed94   e553   dcf2   d491   c3ef   bb6d   b2eb   aaab   aa8a   b2ab   baec   c2ec   c2cc   c2cc   c2cb   c2ab   caab   cacb   cacb   caec   cacb   cacb   cacb   cacb   cacb   c2cb   c2ab   c2ab   c2ab   c2ab   c2ab   c28b   ba8b   ba8b   ba8b   ba6b   b26b   b26a   b26a   b24a   b24a   b24a   b24a   b26a   ba8b   c2ab   caec   cb0c   d34d   d36d   db6d   db8d   db8d   db8d   db8d   db8d   db8d   dbad   dbad   dbad   dbcd   dbcd   dbcd   dbed   dbed   dbed   d3cd   d3cd   dbed   dbed   dbed   dbed   dbcd   dbcd   dbac   dbac   db8c   db8c   dbab   dbab   dbab   dbab   dbac   dbac   dbac   dbac   dbac   dbac   db8c   db8c   db8c   db8c   db6c   db6c   db6c   db6c   db6b   db6c   db6c   d36c   d36b   cb6b   cb8b   cb8b   c3ab   c3cb   c3cb   cc2c   dcce   ed50   f5d2   fe53   fe94   feb5   feb5   feb5   fe95   fe75   fe76   f5f5   dcf2   b3ad   8a4a   6947   58c6   5886   5866   5847   5847   5867   6088   6088   60a8   60c9   60c9   60c9   60c8   60c8   58c8   58c7   58c7   58c7   60c8   60c8   60c7   58c8   58c8   58c8   58c8   60c8   60c8   60a8   58a8   58a8   58a8   58a8   58a8   58a8  
 e46d   ec6d   ec8d   ec8e   ec8e   ec6e   ec4e   ec2e   ec0e   e3ed   e3cd   db8c   d32b   c2a9   c288   c288   cb0a   d36b   dbac   e3ac   e3cc   ec0d   ec4e   ec6e   ec6e   ec6e   e46e   ec6e   ec6d   ec4d   ec4d   ec2d   ec2d   ec0d   e3cc   db8c   d34b   c2ca   b249   a9e8   9987   9967   9968   9988   99a8   99a8   99c9   a1c9   a1e9   aa09   aa0a   aa0a   aa0a   aa09   aa09   aa09   b209   b209   b209   b229   b229   b229   b229   ba2a   ba4a   ba49   ba4a   ba6a   ba6a   c28a   c28a   c28a   c28a   c2aa   c2aa   c2ab   caca   caca   caca   caca   cacb   cacb   cacb   cacb   caeb   caeb   caeb   caeb   caeb   caeb   caeb   caeb   caeb   caeb   caeb   caeb   caca   cacb   caeb   caec   cb0c   d32c   d34d   d36e   dbaf   dbaf   dbaf   dbaf   d38e   d36d   cb2d   c32c   c30c   baec   baec   c32c   c32d   c34d   c34d   c36d   c36d   c38e   c38e   c3ae   c3af   c3af   c3af   c3af   c3cf   c3ef   cc10   cc10   cc10   cc10   cc30   cc50   d491   cc91   d4b2   ccb2   ccd2   ccd2   ccf2   cd12   cd13   c533   c533   c533   cd33   cd33   cd53   cd53   d553   d573   d573   d593   dd93   dd93   dd93   ddb4   ddb4   e5d5   edd5   edd5   ed94   e554   dcf2   d470   c3ce   bb4d   b2eb   b2cb   b2cb   b2cb   b2ab   baab   c2ab   c2ab   c2ab   cacb   caec   caec   cacb   caab   caab   caab   cacb   cacb   c2ab   c2ab   c28b   c28b   c28b   ba8b   ba8b   ba6b   ba6b   ba6b   b26b   b24a   b24a   b24a   b24a   b24a   b24a   b26a   ba8b   c2ab   caec   cb0c   d34d   db6d   db6d   db8e   db8d   db8d   db8d   db8d   db8d   d3ad   d3ad   dbad   dbad   dbcd   d3cd   d3ed   d3cd   d3cd   d3cd   d3cd   dbed   dbed   dbee   dbed   dbcd   dbad   dbac   db8c   db8b   db8b   db8b   dbab   dbab   dbab   db8c   dbac   dbac   dbac   db8c   db8c   db8c   db8c   db8c   db8c   db6c   db6c   db6c   db6c   db6c   db6c   db6c   db8c   d38b   d38b   cb8b   cb8b   cbab   cbcb   c3cb   c3cb   d44d   dcee   edb1   f613   fe74   fe74   fe95   feb6   feb6   fe96   fe76   fe36   e574   b3ae   71c8   50a4   4865   58a6   5887   5867   5867   5867   5888   5888   60c9   60e9   60e9   60e9   60e9   60c8   58c8   58c8   58c8   58c7   58c7   58c8   58c8   58c8   60c8   60c8   60c8   60c8   60a8   60a8   60a8   60c8   60c8   60c8   60a8   58a8  
 ec8d   ec8d   f48e   f4ae   f48e   ec6e   ec4e   ec0e   ec0e   e3cd   db8c   d34b   caea   ba68   ba47   ba68   c2c9   d34a   dbac   e3ac   e3cc   ec0d   ec4e   ec6e   ec6e   ec6d   e46d   ec6d   ec6d   ec4d   ec4d   ec2d   ec2d   ec0c   e3cc   db8c   d32b   c2ca   b249   a9e8   9987   9967   9167   9988   9988   99a8   99a8   99c9   a1e9   a1e9   a9e9   aa09   aa09   aa09   a9e9   aa09   a9e9   aa09   b209   b209   b209   b209   b20a   b229   ba4a   ba4a   ba4a   ba6a   ba6a   c26a   c28a   c28a   c28a   c28a   c2aa   c2aa   c2aa   caca   caca   caca   c2ca   caca   caca   caea   caea   caeb   caeb   caeb   caeb   caeb   caeb   caeb   caeb   caeb   caeb   caeb   caeb   cb0b   d32c   d32c   d32d   d34d   db6e   db8e   db6e   d36e   d36e   cb4d   cb2d   cb2d   c32c   c30c   bb0c   baec   baec   bb0c   c32d   c32d   bb4d   c34d   bb4d   bb4d   bb6d   bb6e   c38e   c3af   c3af   c3af   c3af   c3cf   c3ef   cbf0   c3f0   c410   cc10   cc50   cc71   cc91   cc91   ccb2   ccb2   ccd2   ccf2   cd12   cd13   cd33   cd33   cd33   cd33   cd53   cd53   cd53   cd53   d573   d593   dd94   dd94   dd93   dd93   dd93   ddb4   ddb4   e5d5   e5b5   e5b5   edd5   ed95   e554   e4d3   d471   cbef   c38e   bb2d   aacb   aa8a   aa8a   baab   ba8b   baab   c2cb   caec   caec   c2cb   c2ab   c28b   c2ab   cacc   cacc   c2ab   c28b   c28b   c28b   c28b   ba8b   ba8b   ba6b   ba6b   b26b   b24b   b24a   b24a   b24a   b22a   b24a   b24a   b26a   ba8b   c2ab   cacc   cb0c   d32d   db6d   db8e   db8e   dbae   db8d   dbad   db8d   db8d   d3ad   d3ad   d3ad   d3ad   dbcd   d3cd   d3cd   d3cd   d3cd   d3cd   d3cd   dbcd   dbee   dbee   dbed   dbcd   dbad   db8c   db8b   db8b   db8b   db8b   db8b   db8b   db8b   db8b   db8c   db8c   db8c   db8c   db8c   db8c   db8c   db8c   db8c   db6c   db6c   db6c   db6c   db6c   db6c   db8c   db8c   db8c   d38c   d3ac   d3ab   cbab   cbab   cbab   c3aa   cbeb   d44c   e50f   ed91   fe33   fe54   fe75   fe96   fe96   fe97   fe56   edd5   cc91   92cb   6126   4844   4865   50a7   5887   5867   5867   5888   60a8   60a8   60c9   60e9   60e9   60e9   60e9   60c8   60c8   60c8   58c7   58a7   58a7   58a7   58a8   58a8   58c8   58c8   58a8   58a8   58a8   58a8   60a8   60c8   60c8   60a8   60a8   5887  
 ec8d   ecae   f4ae   f4ae   f48f   ec4e   ec2e   e40e   e3ed   db8d   d34c   cb0b   c289   b207   b1e7   b227   c2a9   cb2a   db8c   e3ac   e3cc   ec0d   f44e   f46e   ec6d   ec6d   e46d   e46d   ec6d   ec4d   ec4d   ec4d   ec2d   ec0c   e3cc   db8c   d32b   c2ca   b229   a9c8   9967   9967   9147   9968   9988   9988   99a8   99c9   a1c9   a1e9   a9e9   a9e9   a9e9   a9e9   a9e9   a9e9   a9e9   a9e9   b209   b209   b209   b209   b209   b209   ba4a   ba4a   ba4a   ba6a   ba6a   c28a   c28a   c28a   c28a   c28a   c2aa   c2aa   c2aa   caca   caca   caca   c2ca   c2ca   caca   caca   caea   caea   caeb   caeb   caeb   caeb   caeb   caea   caea   caeb   caeb   caeb   d32c   d34d   db4d   d34d   d32c   cb0c   cb0c   cb0c   c2ec   c2ec   c2ec   bacb   bacb   c2ec   c30c   c32c   baec   baec   baec   bb0c   bb2d   bb2d   bb2d   bb4d   bb4d   bb4d   bb4d   bb6d   bb8e   bb8e   c3af   c3af   bbae   c3cf   c3ef   c3ef   cbef   c3f0   cc10   cc30   cc51   cc71   cc91   cc91   ccb2   ccd2   ccf2   cd13   cd13   cd33   cd33   cd33   cd53   cd53   cd53   d553   d573   d573   d593   d594   d593   d593   d593   dd94   d594   ddb4   d594   d573   dd94   edd5   edd5   edb5   ed75   e534   e4d3   dc71   cbcf   b30c   a28a   a26a   aa6a   b26a   b28a   baab   c2cb   c2cb   baab   ba6a   ba8a   c2ab   cacc   cacc   c2ab   c28b   c28b   c2ac   c28b   ba8b   ba6b   ba6b   ba6b   b26b   b24b   b24a   b24a   b22a   b22a   b24a   b24a   b26a   ba6b   c2ab   cacc   d30c   d32d   db6d   db6e   db8e   dbae   db8d   dbad   dbad   db8d   d38d   d38d   d3ad   d3ad   d3ad   d3ac   d3ac   d3ac   d3ad   d3ad   d3ad   d3cd   dbcd   dbce   dbcd   dbad   dbac   db8c   db8b   db6b   db6b   db8b   db8b   db8b   db8b   db8b   db8b   db8c   db8c   db8c   db8c   db8c   db8c   db8c   db8c   db6c   db6c   db6c   db6c   db6c   db6c   db8c   db8c   dbac   db8c   dbcc   d3ab   cb8b   cbab   cb8b   c38a   c3aa   cbeb   d44c   e52f   fdf3   fe54   fe75   fe76   fe97   fe97   fe57   dd33   a34d   69a7   5084   4864   4885   5086   5887   5067   5888   58a8   60c9   60c9   60e9   6109   60e9   6909   60e9   60c8   58a7   58c7   58a7   5087   5087   5887   58a7   58a8   58a8   58a8   58a8   58a7   5887   5888   58a8   60c8   60c8   60a8   5888   5887  
 ec8d   f4ae   f4ae   f48e   f46e   ec4e   ec0e   e3ee   db8d   d34c   caeb   c2aa   ba48   a9c6   a9c6   b207   ba88   cb2a   db6b   dbac   e3ed   ec2d   ec2e   ec4e   ec6d   e46d   e46d   e46d   ec6d   ec4d   ec4d   ec2d   ec2d   e3ec   dbac   db6b   d32b   c2ca   b229   a9c8   9987   9967   9147   9168   9188   9988   99a8   99a8   a1c9   a1c9   a9e9   aa0a   aa0a   a9e9   a9e9   a9e9   a9e9   aa09   b209   b20a   b209   b209   b20a   b229   ba29   ba29   ba49   ba4a   ba6a   c26a   c28a   c28a   c28a   c28a   c28a   c28a   c2aa   c2aa   c2aa   c2aa   c2ca   c2ca   c2ca   caca   c2ca   caca   caea   caeb   caca   caea   caea   caea   caea   caeb   caeb   caeb   d32c   db6d   db8e   d34d   c2ab   ba6a   baab   cb0c   c2cb   c2cb   c2cb   bacb   bacb   baeb   baeb   baec   bb0c   bb0c   bb0c   bb2d   bb2d   bb4d   bb4d   bb4d   bb4d   bb4d   bb4e   bb6e   bb6e   bb6e   bb8e   bb8e   bb8e   c3ae   c3ae   c3cf   c3cf   c3ef   c3ef   c40f   cc50   cc70   cc91   ccb1   ccb2   ccd2   d4f2   d512   cd13   cd13   d533   d533   d553   d553   d553   d553   d553   d573   dd94   dd94   ddb4   dd94   dd94   ddb4   d594   d594   ddb5   ddb5   e5b5   e5b5   e595   e595   ed95   f5b6   f595   ed34   dcb2   cc10   bb8e   b30c   a28a   a269   a249   aa8a   bacb   bacb   c2cb   baab   ba6a   ba8a   c28b   c28b   c28b   ba6b   ba6b   c28c   c28b   ba6b   ba6b   b24b   b24b   b24a   b24b   b24b   b24a   aa2a   b22a   b24a   b24a   b24a   ba6b   c2ab   cacc   d30c   db2d   db6d   db6e   db8e   dbae   db8d   dbad   db8d   db8d   d38d   d3ad   d3ad   d3ad   d38c   d3ac   d3ac   cb8c   cb8c   cb8c   d38d   d3ad   dbce   dbcd   dbad   dbad   dbac   db8c   db8b   db6b   db6b   db8b   db8b   db8b   db8b   db8b   db8b   db8c   db8c   db6c   db6c   db6c   db6c   db8c   db8c   db8c   db8c   db8c   db8c   db6b   db6b   db8c   db8c   dbac   dbac   dbcc   d3ab   d38b   d3ab   d3ab   cbab   cb8b   cbaa   d42c   dc8e   f571   fe35   fe56   fe36   fe36   fe36   dd33   b3ae   71a7   4883   5064   58e6   58c7   4846   5067   5068   5888   58a8   60c8   60e9   60e9   60e9   6109   60e8   60e8   60c8   60c8   60c8   58a7   58a7   58a7   58a8   5887   5887   5887   5887   58a7   58a8   5887   60c8   60c8   60a7   5887   5887   5066   5025  
 ec8d   f4ae   f4ae   ec6e   ec4e   ec2e   e3ee   dbad   d36d   cb0b   c2aa   ba69   a9e7   a1a6   a1a6   a9e7   ba89   cb2a   db6b   dbac   ebed   ec2d   ec4d   ec6d   ec6d   ec6d   ec6d   ec6d   ec6d   ec4d   ec4d   ec4d   ec2d   e3ec   dbac   db6b   d32b   c2ca   b229   a9c8   9967   9967   9147   9168   9988   9988   99a8   99a9   a1c9   a1e9   aa09   aa0a   aa0a   a9e9   a9e9   a9e9   a9e9   aa09   b209   b20a   b209   b209   b20a   b229   b229   ba29   ba49   ba4a   ba6a   ba6a   c28a   c28a   c28a   c28a   c28a   c28a   c2aa   c2aa   c2aa   c2aa   c2aa   c2ca   c2ca   c2ca   c2ca   c2ca   caca   caeb   caeb   caea   caea   caca   caca   caea   caeb   cb0b   cb0c   d32c   d32c   cb0c   baaa   ba6a   ba8a   baab   c30c   c2ec   c2ec   bacb   bacb   baeb   baeb   baec   bb0c   bb0c   bb0c   bb0c   bb2d   bb4d   bb4e   bb4d   bb4d   bb4d   bb4e   bb6e   bb6e   bb6e   bb6e   bb8e   bb8e   bb8e   c3ae   c3ae   c3cf   c3cf   c3ef   c3ef   cc30   cc50   cc71   cc91   ccb1   d4d2   d4f2   d513   d513   d533   d533   d533   d533   d553   d553   d553   d553   dd74   dd94   dd94   dd94   dd94   dd94   dd94   ddb4   ddb5   ddd5   e5d5   e5d5   e5b5   dd95   e594   dd74   ed95   f5b6   f5b6   f595   ed34   dcb2   cc51   b34d   aaeb   a28a   a269   a269   aa8a   b2aa   b2aa   ba8a   b26a   b24a   b24b   ba6b   ba6b   ba6b   ba8c   ba8b   ba6b   ba6b   ba6b   b24b   b24a   b24a   b24b   b24b   b22a   b22a   b24a   b24a   b24a   ba6b   c28b   cacc   d30c   db2d   db6d   db8e   e3ae   dbae   dbad   dbae   dbad   dbad   dbad   dbad   d3ad   d38d   d38c   d38c   d38c   cb8c   d38d   d38d   cb8d   d38d   dbae   dbad   dbad   dbad   dbad   db8c   db8c   db6b   db6b   db8b   db8b   db8b   db8b   db8b   db8c   db8c   db8c   db6c   db8c   db8c   db6c   db6c   db8c   db8c   db8c   db8c   db8c   db6b   db6b   d38b   db8c   db8c   db8c   dbac   d38b   d38b   d3ab   d3ac   d3ab   cb8b   cb8b   d3ec   dc4d   ed11   fdb4   fdf5   fe16   ed95   d4f2   a34d   7a08   50a4   4863   58a5   58c7   5087   4846   5087   5088   58a8   58c8   58c8   60e9   60e9   60e8   60c8   60c8   58a7   58a7   58a7   58a7   58a7   58a7   58a8   58a8   58a8   5887   5887   5887   58a7   58a8   60e8   6909   6909   60a7   5046   4825   4804   4804  
 f48e   f4ae   f48e   ec6e   ec2e   e40e   dbad   db8d   cb0c   c2aa   b249   a9e8   a1a6   9965   a186   aa07   baa9   cb2b   db6b   dbac   ebed   ec2d   ec4d   ec6d   ec6d   ec6d   ec6d   ec6d   ec6d   ec6d   ec4d   ec4d   ec2d   e3ed   dbac   db6b   d32b   c2ca   b229   a9c8   9967   9967   9147   9968   9988   99a8   99a9   99c9   a1e9   a209   aa0a   aa2a   aa0a   aa09   aa09   aa09   a9e9   aa09   b209   b209   b209   b209   b22a   b229   b229   ba29   ba49   ba4a   ba6a   ba6a   c26a   c28a   c28a   c28a   c28a   c28a   c2aa   c2aa   c2aa   c2aa   c2aa   c2aa   c2ca   c2ca   c2ca   c2ca   cacb   caeb   caeb   cacb   c2ca   c2ca   c2ca   caeb   caeb   cb0b   caeb   caeb   c2cb   c2cb   c2cb   c2cb   c2ab   bacb   c2ec   c2cc   bacb   baab   bacb   bacb   baeb   baeb   baec   bb0c   bb0c   bb0c   bb2d   bb4d   bb4e   bb4e   bb4e   bb4e   bb4e   bb4e   bb4e   bb6e   bb6e   bb6e   bb6d   bb6d   c38e   c3ae   c3ae   c3ae   c3cf   c3ef   cc10   cc30   cc70   cc71   ccb1   d4d2   d4f2   d513   d533   d533   d533   d533   d533   d533   dd53   dd53   dd74   dd74   dd94   dd94   dd94   dd94   dd94   ddb4   dd94   dd94   ddb5   ddd5   e5d5   e5d6   e5b5   e5b5   e5b5   e5b6   edb6   edb6   f5d6   f5d6   ed96   ed75   d471   c40f   b34d   9aaa   9248   9228   9a49   a269   b28a   aa6a   aa4a   b26a   ba6b   ba6b   ba6b   ba6b   ba6b   ba6b   ba6b   ba6b   b24b   b24b   b24a   b24b   b24b   b22a   b22a   b22a   b22a   b24a   ba6b   c28b   cacc   cb0c   d34d   db6d   e38e   e3ae   e3ce   e3ae   e3ce   dbcd   dbad   dbad   dbad   dbad   d38d   d38c   d38c   d38c   d38c   d38d   d38d   cb6d   d36d   d36d   db8e   dbae   dbae   dbad   e3ad   e3ad   e38c   db8c   db8b   db8b   db8b   db8c   db8c   db8c   e38c   db8c   e38c   db8c   db8c   db8c   db8c   db6c   db8c   db6b   db8c   db8c   db8c   db6b   db8c   db8c   db8c   db8c   db8c   d38b   d38c   d3ac   d3cc   d3cc   d3ac   cbac   d3ac   dc0e   e490   ed12   ed54   ed54   cc71   a32c   6966   50a3   4822   5085   60e7   58c7   5086   5066   5888   58a8   58a8   58c8   58c8   58c8   60c8   60c7   58c7   58a7   58a7   58a7   58c8   58c8   58c8   58a8   60c8   60c8   60a8   58a8   5887   5887   58a7   60c8   68e8   6929   6929   60a7   5045   4804   4804   4824  
 f48e   f48e   f48e   ec4e   e40e   dbce   db8d   d34c   c2eb   ba6a   aa08   a1a7   9966   9965   a1a6   b228   c2c9   cb4b   db8c   dbac   ebed   ec2d   ec4d   ec6e   ec6d   ec6d   e48d   ec6d   ec6d   ec6d   ec4d   ec4d   ec2d   e3ed   e3ac   db6c   d32b   c2aa   b229   a9c8   9967   9947   9147   9968   9988   99a9   99c9   99e9   a209   a209   aa2a   aa2a   aa0a   aa0a   aa09   aa09   a9e9   aa09   aa09   aa09   aa09   b209   b209   b229   b229   b229   ba49   ba4a   ba6a   ba6a   c26a   c28a   c28a   c28a   c28a   c28a   c28a   c2aa   c2aa   c2aa   c2aa   c2aa   c2ca   c2ca   c2ca   c2ca   cacb   caeb   c2ca   c2ca   c2aa   c2aa   c2ca   caeb   d30c   d32c   caeb   c2ca   ba8a   ba8a   c2ab   c2cb   c2cc   c2cb   ba8b   baab   ba8b   baab   baab   bacb   baeb   bb0c   baec   bb0c   bb0c   bb0d   c32d   c34d   c34e   bb4e   bb4e   bb4e   bb4e   bb4e   bb4e   bb4d   bb4d   bb6d   bb4d   bb6d   c38e   c38e   c3ae   c3ae   c3ae   c3cf   c40f   cc30   cc50   cc71   cc91   d4b2   d4d2   d4f2   d513   d513   d513   d513   d513   dd33   dd54   dd54   dd74   dd74   dd94   dd94   dd94   dd94   ddb4   ddb5   ddb5   ddb4   ddb5   ddb5   ddd5   e5f6   e5f6   e5f6   e5f6   e5d6   e5b5   e5b5   e5d6   edd6   edf7   edf7   ed95   dd33   cc71   b38d   9aca   9248   9228   9a28   a249   a24a   aa6a   b28b   ba6b   b26b   ba6b   ba6b   ba6b   ba6b   ba6b   ba6b   b26b   b24b   b24b   b24b   b24b   b22a   b22a   b22a   b22a   b24a   ba6b   c28b   cacc   cb0c   d34d   db6d   e3ae   e3ce   e3ce   e3ce   e3ce   e3ce   dbcd   dbad   dbad   dbad   d38c   d36c   d36c   cb6c   cb6c   cb6d   cb4d   cb4d   cb4d   d36d   d36e   db8e   db8e   dbae   e3ae   e3ad   e38d   db8c   db8c   db8c   db8c   e38c   e38c   e38c   e38c   e38c   e38c   e38c   e38c   db8c   db8c   db8c   db8c   db8b   db8c   db8c   db8c   db8c   db8c   dbac   dbac   e3ac   db8c   db8c   db8c   dbac   dbcd   dbcd   dbcd   d3cd   dbcd   dc0f   e450   dc50   cc10   bbcf   9aab   6966   5083   4863   5084   60e6   60e7   5086   5066   58a8   58a8   58a8   58c8   58c8   58c8   58c8   58c7   58a7   58a7   58a7   58a7   58c7   60c8   60c8   60c8   60c8   60a8   60a8   58a8   58a8   58a7   58a7   60c8   60e8   68e8   6908   68e8   60a6   5885   5886   60c7   6907  
 f46e   f46e   ec4e   ec0e   e3cd   db8d   d34c   cb0c   baab   b229   a1c7   9986   9166   9145   a1a7   b248   c2ca   cb4b   db8c   dbac   e3ed   ec2d   ec4d   ec6e   ec6d   ec8d   e48d   ec6d   ec6d   ec6d   ec4d   ec2d   ec2d   e3ed   e3ac   db6c   d32b   c2aa   b229   a9c8   9967   9947   9147   9968   9989   99a9   99c9   99e9   a209   a209   aa2a   aa2a   aa2a   aa0a   aa09   aa09   aa09   aa09   aa09   aa09   aa09   aa09   b209   b229   b229   b229   ba49   ba4a   ba6a   ba6a   c26a   c28a   c26a   c28a   c28a   c28a   c28a   c2aa   c2aa   c2aa   c2aa   c2aa   c2aa   c2aa   c2aa   caca   cacb   cacb   caca   c2aa   c2aa   caca   caeb   d30c   d32c   d34d   d32c   cacb   ba8a   ba6a   ba6a   ba8a   ba8a   ba6a   ba8a   b28b   baab   bacb   bacb   c2ec   c30c   c30c   bb0c   bb0c   bb0c   bb0d   c32d   c34d   c34e   c32e   c32e   bb4e   bb4e   bb4e   bb4d   bb4d   bb4d   bb4d   bb4d   bb6d   c36e   c38e   c38e   c3ae   c3ae   c3cf   c3ef   cc10   cc30   cc50   cc71   ccb1   d4d2   d4f2   d4f3   d4f3   d4f2   d513   d513   dd33   dd54   dd74   dd74   dd94   dd94   dd94   dd94   dd94   ddb4   ddb4   e5f6   e5f6   e5f6   e5f6   e5f6   e5f6   ddf6   ddd6   d5b5   ddb5   ddd6   e5f6   e5f6   e5d6   e5d6   edf6   ee16   edf6   e595   ccd2   bc0f   ab6d   a2eb   a2ca   a28a   a24a   a22a   aa4a   b24b   b26b   b26b   b26b   b24b   ba4a   ba6b   ba6b   b24b   b24b   b24b   b26b   b24b   aa2a   aa2a   aa2a   b22a   b22a   ba4b   ba8b   c2cc   cb0c   d34d   db8e   e3ae   e3ce   e3ef   e3ce   e3ce   e3ce   e3cd   dbad   dbad   db8d   d38c   d36c   d36c   cb4c   cb2c   cb2c   cb0c   c30c   cb0c   cb2d   cb4d   d34d   db6e   db8e   db8e   db8d   db6d   db6c   e38c   e38c   e38c   e38c   e38c   e38c   e38c   e38c   e38c   e38c   e38c   db8c   db8c   db8b   db8b   db8b   db8b   db8b   db8b   db8b   db8c   dbac   e3ac   e3ad   dbac   db8c   db8c   d38c   dbad   dbcd   dbee   e3ee   e3ef   dbef   d3ef   c36e   a2cb   8a09   6946   50a4   5083   50a4   58c5   60c6   5885   5045   5866   58a8   58c8   60c8   60c8   60c8   60c7   58c7   58a7   58a6   5886   58a6   58a7   58c7   60c8   60c8   60c8   58c8   58a8   58a8   58a8   58a8   60c8   60e8   6908   6909   6928   68e7   58a6   5885   60c6   7148   81ea   924c  
 f46e   f46e   ec2e   e40e   dbad   d36d   cb0c   c2cb   b24a   a9e8   99a7   9986   9166   9166   a1c7   b249   c2ca   d34b   db8c   dbac   e3ed   ec2d   ec4d   ec6d   ec6d   ec8d   e48d   e48d   ec6d   ec4d   ec4d   ec2d   ec2d   e40d   dbac   db6c   d30b   c2aa   b209   a9a8   9967   9947   9147   9968   9989   99a9   99c9   99e9   a209   a209   aa2a   aa2a   aa0a   aa09   aa09   aa09   aa09   aa09   aa09   aa09   aa09   aa09   b209   b229   b229   ba29   ba49   ba4a   ba6a   ba6a   c26a   c28a   c26a   c28a   c28a   c28a   c28a   c2aa   c2aa   c2aa   c2aa   c2aa   caca   caca   c2aa   c2aa   caca   cacb   caca   caca   caca   caeb   d30c   db4c   db4d   db4d   d30c   caeb   c28a   ba69   b249   b249   b24a   b26a   ba8b   ba8b   baab   bacb   bacb   baeb   baec   baec   bb0c   bb0c   bb0c   bb0c   c32d   c32d   c32d   bb2d   c32e   c32e   c32d   bb4e   bb4d   bb4d   bb4d   bb4d   c34d   c36e   c38e   c38e   c38e   c3ae   c3ae   c3cf   c3ef   c40f   cc30   cc50   cc70   cc91   d4b2   d4d2   d4d2   d4f2   d4f2   d513   dd33   dd53   dd54   dd74   dd74   dd94   dd94   dd94   d574   d594   d594   dd94   ddb5   ddd5   e5f6   e5f6   e5f6   ddf6   d5d5   d5b5   d5b5   d5b5   d5d5   d5d5   d5b5   d595   ddb5   ddf6   e637   ee57   f657   edf6   e594   d513   cc91   cc30   bb6e   a2ab   91e8   91c8   a20a   aa4b   aa4b   b22b   b24a   b24a   b24b   b24b   b24b   b22a   b24b   b26b   b22b   aa2a   aa0a   aa0a   aa0a   b22a   ba4b   ba8b   c2cc   cb0c   d34d   db8e   e3ae   e3cf   e3ef   e3ee   e3ce   e3ce   e3ce   e3cd   dbad   dbad   db8d   d36c   d36c   cb4c   cb0b   c2eb   c2cb   baab   c2cc   c2ec   cb0d   cb2d   d36e   db8e   e38e   db8e   db8d   db6d   e38c   e38c   e38c   e38c   e38c   e38c   e38c   e38c   e38c   e38c   e38c   db8c   db8b   db8b   db8b   db8b   db8b   db8b   db8b   db8b   db8c   db8c   db6c   db6c   db8c   db8d   db8c   d38c   d38d   dbce   e3ee   e40f   e410   d3ae   c34e   aaac   81c8   6905   58a4   5084   58a5   58c5   58a5   5885   5865   5886   60a7   58a7   60c8   60c8   60c8   60c8   58c7   58a7   58a6   58a6   58a6   58a6   58c7   60c8   60e8   60e8   60c8   60c8   5888   5888   5888   60c8   60e8   6929   6929   6929   60e7   5886   5044   5064   6907   8a0a   a2ee   bb70  
 ec4e   ec4e   ec2e   e3ee   db8d   d34c   c2cb   b26a   aa09   a1c8   9987   9987   9186   9186   a1c7   b249   c2ea   d34b   db8c   db8c   e3ed   ec2d   ec4d   ec6d   ec8d   ec8d   e48d   e48d   ec6d   ec6d   ec4d   ec2d   e40d   e3ec   dbac   db6c   d30b   c2aa   b229   a9c8   9967   9947   9147   9968   9988   99a9   99c9   99e9   a1e9   a209   a209   a229   a209   a209   aa09   aa09   aa09   aa09   aa09   aa09   aa09   aa09   aa29   b229   b229   ba29   ba49   ba4a   ba6a   ba6a   c28a   c28a   c28a   c28a   c28a   c28a   c28a   c2aa   c2aa   c2aa   caab   caab   caab   caab   caab   caab   caab   caab   caab   caab   cacb   d2ec   d30c   d32c   d32c   d30c   c2cb   c2aa   ba8a   ba6a   ba6a   ba6a   ba8a   ba8b   ba8b   ba8b   baab   baab   bacb   bacb   baeb   baeb   baec   baec   baec   bb0c   bb0d   c30d   bb0d   bb0d   c32d   bb2d   c32d   bb4e   c34d   c34d   c36d   c36d   c36e   c36e   c38e   c38e   c38e   c3ae   c3ae   c3cf   c3cf   c3ef   c40f   cc30   cc50   cc91   d4b2   d4d2   d4f2   d513   d533   dd53   dd54   dd74   dd74   dd74   dd74   dd74   dd94   d594   dd94   d594   ddb4   ddb5   d594   dd95   ddb5   ddd5   ddd5   d5b5   d5b5   d5b5   d5d5   cdb5   cdb5   cdb5   cdb5   d5b5   d5d6   de16   e657   ee98   f698   f698   f678   fe57   fdf7   f5b5   dcd3   c3af   a28a   91c8   91c8   a20a   aa2b   aa2b   b22a   b22a   b22a   b24a   b22a   aa2a   b22b   b26b   aa2a   aa0a   aa0a   aa0a   aa0a   b22a   ba4b   ba8b   c2cc   cb0c   d34d   db8e   dbae   e3cf   e3ef   e3ee   e3ce   e3ce   e3ce   e3ce   e3ce   dbad   dbad   db8d   d34c   cb2c   c2eb   baab   ba8a   b26a   b26a   ba8b   c2cc   cb0d   d32e   db6e   dbaf   dbae   db8e   db8d   e38d   e38c   e38c   e38c   e38c   e36c   e38c   e38c   e36c   e36c   e38c   db8b   db8b   db8b   db8b   db8b   db8b   db8b   db8b   db8b   db6c   db6b   db6c   db6c   db8c   db8d   db8d   d38d   db8d   dbce   e40f   e40f   dbcf   c32d   aa8b   91e9   7126   58a5   58a4   50a5   50a5   58a5   58a5   58a6   58a6   60c7   60c8   60c8   60c8   60c8   60c8   58a7   58a7   58a6   58a6   58a6   58c6   60c7   60e7   60e8   60e8   60e8   60c8   60c8   58a8   5888   58a8   60e8   7129   7149   7129   6908   58a6   5885   5885   6906   81ea   a2ed   c3b1   cc32  
 ec2d   ec0d   e3ed   dbad   d34c   caeb   ba6a   aa09   a1e8   99a8   9987   99a7   9987   9987   a1e8   b249   c2ea   d34c   db8c   db8c   e3cd   ec0d   ec2d   ec6d   ec8d   ec8d   ec8d   ec8d   ec8d   ec6d   ec4d   ec2d   e40d   e3ec   dbac   db6c   d30b   c2aa   b229   a9c8   9967   9947   9147   9168   9988   99a8   99c9   99e9   a1e9   a209   a209   a209   a209   aa09   aa09   aa09   aa29   aa09   aa09   aa09   aa09   aa09   b229   b229   b229   b229   ba49   ba4a   ba6a   ba8a   c28a   c28a   c28a   c28a   c28a   c28a   c28a   c2aa   c2aa   c2aa   caab   caab   caab   caab   caab   caab   caab   caab   caab   caab   cacb   caeb   d30c   d30c   d2ec   cacb   c28a   ba8a   ba6a   ba69   ba6a   ba6a   ba8a   ba8b   baab   baab   baab   baab   bacb   baec   c2ec   c30c   baeb   baec   baec   baec   bb0c   bb0d   bb0d   bb0c   bb2d   bb2d   c32d   c34d   c34d   c36d   c36e   c36e   c36e   c38e   c38e   c38e   c38e   c3ae   c3ae   c3ae   c3ae   c3ce   c3ef   cc2f   cc50   cc91   d4b2   d4d2   dcf3   dd13   dd33   e554   dd74   dd74   dd74   dd74   d553   d574   dd94   dd94   ddb5   ddd5   ddd5   e5f6   ddd6   ddd6   ddb5   d5b5   d594   cd94   cd94   cdb5   cdb5   cdb5   d5f5   de37   e657   e657   e657   e678   e677   ee98   ee98   ee78   f698   feb9   fe99   fe58   f5d6   dcd3   b36e   9a4a   91c9   91c9   9a0a   aa4b   aa2a   aa2a   b22a   b22a   aa0a   aa0a   aa2a   b24b   aa2a   aa0a   aa09   aa09   aa0a   aa0a   b24b   ba8b   cacc   cb0c   d34d   db8e   e3ae   e3ce   e3ef   e3ce   e3ce   e3ce   e3ce   e3ce   e3ce   e3cd   dbad   db8d   d34c   cb2c   c2eb   baaa   b26a   aa29   aa2a   b22a   ba8b   c2ac   cb0d   d34e   db6e   db8e   db8e   db8d   db8c   e38c   e38c   e38c   e38c   e36c   e36c   e36c   e36c   e36c   e36c   db8b   db8b   db8b   db8b   db8b   db8b   db8b   db8b   db8b   db8b   db8c   db8c   db8c   db8c   db8d   db8d   db8d   dbae   dbcf   e410   e410   d36e   b2ac   91c9   7926   60a5   5885   5885   5064   5044   5085   60c6   60e7   60c7   60c7   60c7   60c8   60c8   60c8   58a7   58a7   58a6   58a6   58a6   58a6   58c7   58c7   60c7   60e8   60e8   60e8   58a8   58a8   58a8   58a8   60a8   68e9   714a   7169   7129   6907   60e6   6906   7167   8a0a   a2ed   bb90   cc11   d452  
 ec0d   ebed   e3ad   d34c   caeb   c2aa   b249   a9e9   a1a8   99a8   99a8   99a8   9987   9187   a1c8   aa49   c2eb   d34c   db8c   db8c   e3cd   ec0d   ec2d   ec4d   ec6d   ec8d   ec8e   ec8e   ec6d   ec4d   ec4d   ec4d   ec2d   e3ec   dbac   d36b   cb0b   c2aa   b229   a9c8   a188   9967   9147   9168   9988   99a9   99c9   99e9   a1e9   a209   a209   a20a   aa0a   aa09   aa0a   aa0a   b22a   b22a   b22a   b229   aa29   aa29   aa29   b229   b249   b249   ba4a   ba6a   ba6a   ba6a   ba8a   c28a   ba8a   c28a   c28a   c28a   c28a   c28a   c2ab   caab   c2ab   c2ab   caab   cacb   caab   caab   caab   caab   caab   caab   cacb   caeb   caeb   caeb   cacb   caca   ba69   ba49   ba49   ba49   ba6a   ba8a   c28b   baab   c2ab   baab   baab   baab   baab   bacb   bacc   c2cc   baec   bacc   baec   baec   baec   baec   bb0c   bb0c   bb0d   bb2d   bb2d   bb4d   c32d   c34d   c34d   c36e   c36d   c36d   c36e   c38d   c38e   c38e   c38e   c3ae   c3ce   c3ce   c3ef   c40f   cc30   cc70   d4b1   d4d2   dd13   e533   e554   e554   dd54   dd53   dd53   d553   d554   d553   d554   d574   dd95   ddb5   ddb5   ddb5   ddb5   d594   cd74   cd74   cd74   d5b5   d5d5   d5f6   de16   de57   e657   e677   e657   e657   e678   ee98   ee78   e657   e637   e657   ee78   f6b9   feda   fefa   f658   edd6   cc92   ab6e   8a09   89e9   9209   9a2a   aa4b   aa2b   a20a   a1ea   aa0a   b24b   b22b   aa0a   aa0a   aa2a   a22a   aa2a   aa0a   aa2a   b24a   ba6b   c2ab   caec   d32d   db6d   db8e   e3ae   e3ee   ebee   e3ee   e3ce   e3cd   e3cd   e3ce   e3ce   dbad   db8d   d34d   cb2c   c2cb   ba8a   aa29   a1e8   99c8   99c8   aa0a   b26b   c2cc   cb0d   d32d   db6e   db6e   db6d   db8d   db8d   dbac   e3ad   e38c   e38c   e36c   e36c   e36c   e36c   e36c   db6c   db6c   db6c   db6c   db8c   db8c   db8c   e3ac   e3ac   e38c   e38c   e3ac   e3ad   e3ad   e3ad   db8e   e3af   ebf0   ec31   e3d0   d36f   b2ac   91c9   70e6   6085   6065   5845   5045   5065   5066   5886   58a7   60c7   60e8   60e8   60e8   60c8   58c7   58c7   60c7   58a7   58c7   58c7   58a7   58a7   60c7   60c7   58c7   58c8   60e8   58c8   58a8   58a8   58c8   60c8   60e9   6929   7149   6928   6927   6927   6906   81c9   9a8b   ab0d   bb8f   cc10   d451   d451  
 ebed   ebcd   db8c   d30b   c2aa   b249   a9e8   a1a8   a1a8   a1a8   a1a9   a1a9   99a8   99a8   a1e9   aa6a   c2eb   d34c   db8c   db8c   e3cd   ec0d   ec0d   ec4d   ec6e   ec8d   ec8e   ec8e   ec6d   ec4d   ec4d   ec4d   ec0c   e3ec   dbab   d36b   d30b   c2aa   b229   a9c8   a188   9967   9148   9168   9988   99a9   99c9   99e9   a209   a209   a20a   aa0a   aa0a   aa0a   aa0a   aa0a   b22a   b22a   b22a   b229   aa29   aa29   aa29   aa29   b249   b249   b26a   ba6a   ba6a   ba6a   ba8a   ba8a   ba8a   c28a   c28a   c28a   c28a   c28a   c2ab   caab   c2ab   c2ab   cacb   cacb   cacb   cacb   caab   caab   cacb   cacb   cacb   cacb   cacb   caca   c28a   ba69   ba49   ba49   ba49   ba49   ba6a   c28a   c2ab   c2ab   c2ab   c2ab   baab   baab   baab   c2cb   c2cc   c2cc   bacc   bacc   bacc   b2cb   b2cb   b2ec   bb0c   bb0c   bb2d   bb4d   c34d   c34d   c34d   c34d   c36e   c36d   c36d   c36d   c36d   cb8d   cb8e   cb8e   cb8e   c3ae   c3ce   c3ce   c3ee   c40f   cc2f   cc70   d4b1   d4d1   dcf2   dcf2   dd12   dd33   dd53   dd54   dd74   dd74   dd94   dd94   d574   d574   d554   d553   cd33   cd33   d554   d574   cd74   cd74   d594   d5d5   de16   e637   e678   ee98   ee98   e698   e657   e657   e657   e657   ee78   e657   e617   de16   e637   ee78   f6b9   fefa   feba   f658   dd75   c471   9aec   8a4a   8a09   89e9   99ea   a1ea   a1ea   a1ca   a1ea   aa0a   aa0a   a1ea   aa0a   a22a   a22a   a22a   aa29   aa2a   b24a   ba6b   c2ab   caec   d32d   db6d   db8d   e3ae   e3ce   e3ee   e3ee   e3ce   e3cd   e3cd   e3ce   e3ce   dbad   db8d   d34d   cb2c   c2cb   ba6a   aa09   99a8   9167   9147   9988   a1ea   b26b   c2cc   cb0d   d34d   db6d   db6d   db8d   dbad   dbad   dbad   e38c   e38c   e36c   e36c   e38c   e36c   e36c   db6c   db6c   db6c   db8d   db6c   db8c   e38c   e38c   e3ac   e3ac   e3ac   e3ac   e3ad   db8d   db8d   db8e   e3cf   ec11   e3f1   cb4f   b28c   91c9   7927   6085   5844   5845   5825   5845   5046   5867   5887   58a7   60c8   60c8   60c8   60c7   60c7   60c7   58c7   60c7   60c7   60c7   60c7   60c7   60c7   60c7   58c7   58c7   58c8   58e8   58e8   58c8   58c8   60e9   6109   694a   716a   7169   7148   7168   79a8   81c9   9a8b   b34e   bbaf   cbf0   d431   d451   d431  
 ebed   e3ad   db4b   caca   ba49   a9e8   a1a7   9987   a1a8   99a8   99a8   a1c9   99a8   99a8   a209   b26a   c2eb   d34c   db8c   db8c   e3cd   ec0d   ec0d   ec4d   ec6e   ec8d   ec8e   ec8e   ec6d   ec4d   ec4d   ec4d   ec0c   e3ec   dbac   d36b   d30b   c2aa   b229   a9c9   a188   9967   9148   9168   9988   99a9   99c9   99e9   a209   a209   aa2a   aa2a   aa0a   aa0a   aa0a   aa2a   b22a   b22a   b22a   b229   aa29   aa29   aa29   aa29   b249   b249   b26a   ba6a   ba6a   ba6a   ba8a   ba8a   ba8a   c28a   c28a   c28a   c28a   c28a   c2ab   caab   c2ab   c2ab   cacb   cacb   cacb   cacb   cacb   cacb   cacb   cacb   cacb   caab   c2aa   c289   ba49   b228   b228   b229   ba49   ba69   c28a   c2ab   c2ab   c2ab   c2ab   c2ab   baab   baab   baab   baab   c2cb   bacb   bacc   bacc   bacb   b2cb   b2cb   b2ec   bb0c   bb2d   c34d   c34d   c36e   c36e   c34d   c34d   c34d   c36d   c36d   c36d   c36d   cb8d   cb8e   cb8e   cbae   cbae   cbae   cbce   cbef   cc0f   cc2f   cc70   d491   d4b1   d4d2   d4d2   d4f2   dd12   dd33   dd53   dd74   dd74   dd95   ddb5   dd95   d574   cd33   cd13   cd13   cd33   cd54   d594   ddb5   ddf6   ddf6   de16   e637   e677   e678   e678   e678   e678   e657   e657   e657   e658   ee78   ee57   e637   e637   e637   e678   ee99   f6d9   feda   f699   f659   e576   c431   9aec   8a2a   81a8   89a8   91c9   99ea   a1ea   a20a   aa0b   aa2a   aa2a   a20a   a22a   a22a   a22a   aa29   aa2a   b24a   ba6b   c2ab   caec   d34d   db6d   db8d   e3ae   e3ce   e3ce   e3ee   e3ce   e3cd   e3cd   e3ce   e3ce   e3ae   db8d   d36d   d32c   c2eb   ba6a   a1e9   9167   8906   80e5   8906   9988   aa2a   ba8b   c2cc   cb2d   d36e   db8e   db8d   dbad   dbad   e3ad   e38c   e38c   e38c   e38c   e38c   e38c   e36c   db6c   db6c   db6c   db8c   db8c   db8c   db8c   dbac   e3ac   e3ac   e3ac   e3ac   dbac   db8d   dbad   dbaf   e3f0   e3f1   d3af   baac   99c9   7906   68a5   6044   5845   5845   5845   5866   5886   60a7   60a8   60c8   60c8   60c8   60c7   60c7   58a7   58a7   58a7   58a7   60c7   60c7   60c7   60c7   60c7   60c7   58c7   58c7   58c8   58c8   60e9   60e9   60e9   6109   692a   716a   716a   7169   7169   81c9   8a2a   9aac   b34e   c3d0   cc31   cc30   cc10   cbef   c3cf  
 e3ad   db6c   caea   ba69   b208   a9c8   a1a8   9988   9988   9988   99a8   a1a9   99a8   99a8   a1e9   aa4a   c2eb   d34c   db8c   db8c   e3cd   ec0d   ec0d   ec4d   ec6e   ec8d   ec8e   ec8e   ec6d   ec4d   ec4d   ec4d   ec2c   e3ec   dbac   d34b   d30b   c28a   b229   a9c9   a188   9967   9148   9168   9988   99a9   99c9   99e9   a209   a209   aa2a   aa2a   aa0a   aa0a   aa0a   aa2a   aa0a   b22a   b22a   aa29   aa29   aa29   aa29   aa29   b229   b249   b26a   b26a   ba6a   ba6a   ba8a   ba8a   ba8a   c28a   c28a   c28a   c28a   c28a   c2ab   caab   cacb   c2cb   cacb   cacb   cacb   cacc   cacc   cacc   cacb   caab   c2aa   c28a   ba69   ba49   b228   b208   b228   ba29   ba69   ba8a   c2ab   c2ab   c2cb   c2ab   c2ab   c2ab   baab   baab   baab   baab   baab   bacb   bacc   bacc   bacc   bacc   baec   baec   bb2d   c34d   c36d   c36e   c36e   c36e   c34d   c34d   c34d   c34d   c36d   c36d   cb6d   cb6d   cb8e   cb8e   cbae   cbae   cbce   cbef   cc0f   cc2f   cc30   d470   d491   d4b1   d4b1   d4d1   d4f2   dd12   dd33   dd53   dd53   d553   d554   d574   d554   d553   cd33   cd33   d574   d594   ddb5   e5f6   ee37   ee58   ee57   e657   e657   e657   de37   de37   de37   e657   e657   e657   e657   e678   e637   e657   ee58   e678   e678   e678   e678   ee78   ee99   f699   fedb   f659   e576   b3d0   9acc   81e8   81a8   89a8   91c9   99e9   a1ea   a1ea   a20a   aa0a   a20a   a20a   a20a   a209   aa09   aa2a   b24a   ba8b   c2cb   cb0c   d34d   db6d   db8e   e3ae   e3ce   e3ce   e3ee   e3ce   e3cd   e3ce   e3ce   e3ce   e3ae   db8e   db6d   d34d   caec   ba8b   a209   9167   80e5   7084   78c5   8927   a1e9   b24b   baac   c2ec   d34d   db8e   db8d   dbad   dbad   e3ad   e3ac   e38c   e38c   e38c   ebac   e38c   e38c   db6c   db6c   db6c   db8c   db8c   db8c   db8c   db8c   dbac   e3ac   dbac   db8c   db8c   db8d   dbae   dbcf   dbcf   d38f   bb0d   9a0a   8127   68a5   6885   6085   6086   6086   6086   5887   60a7   60a8   60c8   60c8   60c8   60c8   60c7   60a7   58a7   58a7   58a7   58a7   60c7   60c7   60c7   60e7   60e7   60c7   58c7   58c7   58c7   58c8   60e9   6109   6109   6929   714a   716a   718a   7989   81ca   924b   9aac   b34e   bbaf   cc10   cc10   cbef   c3ce   c3ae   bb8d  
 d34c   caeb   ba89   aa08   a1c7   a187   9987   9988   a1a8   9988   99a9   99a8   99a8   99a8   a1e9   aa4a   c2eb   cb4c   d36c   db8c   e3ad   ec0d   ec2d   ec4e   ec6e   ec8e   ec8e   ec8e   ec6e   ec4d   ec4d   ec4d   ec2d   e3ec   dbac   d36b   cb0b   c2aa   b229   a9c9   a188   9967   9148   9168   9988   99a9   99c9   99e9   a1e9   a209   a209   aa2a   aa0a   aa0a   aa0a   aa0a   aa0a   aa0a   b22a   aa29   aa29   aa29   aa29   aa29   b229   b249   ba4a   ba6a   ba6a   ba6a   ba8a   ba8a   ba8a   ba8a   c28a   c28a   c28a   c2aa   c2ab   c2cb   cacb   cacb   cacb   cacb   cacc   caec   cacc   cacb   cacb   c2aa   c26a   ba49   ba49   ba49   b249   b249   ba29   ba49   ba6a   c28a   c2ab   c2ab   c2ab   c2ab   c2ab   baab   baab   baab   baab   baab   baab   bacb   bacc   baec   baec   bacc   baec   bb0c   c32d   c34d   c36e   c36e   c36e   c36e   c36e   c34d   c34d   c36d   cb6d   cb6d   cb6d   cb6e   cb8e   cb8e   cbae   cbae   cbce   cbcf   cbef   cc0f   cc30   d470   d491   dcb1   d4b1   d4d1   dcf2   dd33   dd33   dd33   d533   cd12   ccf2   ccf2   cd12   cd13   cd53   d594   ddd5   e5f6   ee37   ee37   ee57   ee58   ee78   ee78   e657   e657   e657   e657   de37   de37   de37   de37   de17   de17   de16   e637   e657   e677   e657   de57   de37   de37   ee78   ee78   ff1b   feda   fe79   d514   b3f0   92cb   8a29   89e9   89c8   91c9   9a0a   a1ea   a1ea   a1ea   a1ea   a1e9   a209   a209   a209   aa2a   b24a   ba8b   c2cc   cb0c   d34d   db6d   db8e   e3ae   e3ce   e3ee   ebee   e3ed   e3ce   e3ce   e3ce   e3ce   e3ce   e3ae   db6d   d34d   cb0c   baab   aa2a   9167   78c5   7084   7064   80e6   9188   a20a   b26b   baac   cb0d   d34d   db8d   dbad   e3cd   e3cd   e3ad   e3ac   e38c   e3ac   e3ac   e38c   e38c   db6c   db6c   db8c   db8c   db8c   db8c   db8c   db8c   db8c   db8c   db8c   db8d   db8d   d3ad   dbcf   dbef   cb8e   baed   9a2a   8147   68a5   6065   60a6   68c7   68c7   6086   6086   5887   60a8   60c8   60c8   68c8   68e8   68c8   60c8   60a7   58a7   58a7   58a7   58a7   60c7   60c7   60e8   60e8   60e8   60c7   58c7   58c7   58a7   58c8   60c8   6109   6909   714a   716a   798a   79aa   81eb   926c   a2ee   b34e   c3d0   c3f0   cc10   cbef   c3ce   c3ce   c3ae   c3ce  
 cb0b   c2aa   b228   a1c7   9987   9987   9988   a1a8   a1c9   a1c9   a1a9   a1a9   99a8   99a8   a1e9   aa4a   c2cb   cb4c   d36c   d36c   e3cd   ec0d   ec2e   ec4e   ec6e   ec8e   ec8e   ec8e   ec6e   ec6d   ec4d   ec4d   ec2d   e3ec   dbac   d36b   cb0b   c2aa   b229   a9c9   a188   9968   9148   9168   9988   99a9   99c9   99e9   a1e9   a209   a209   a209   aa0a   aa0a   aa0a   aa0a   aa0a   aa0a   aa0a   aa0a   aa09   aa29   aa29   b229   b229   b249   b24a   ba6a   ba6a   ba6a   ba6a   ba8a   ba8a   ba8a   c28a   c28a   c28a   c2aa   c2ab   c2cb   cacb   c2cb   cacb   cacb   cacc   caec   cacb   caab   c28a   c26a   ba49   ba49   ba49   ba49   ba69   ba6a   ba49   ba6a   c28a   c2aa   c2ab   c2ab   c2ab   baab   baab   baab   baab   baab   baab   baab   baab   bacb   bacc   baec   baec   baec   baec   bb0c   c32d   c34d   cb6e   cb8e   cb8e   cb6e   c36e   cb6e   cb6e   cb8e   cb6e   cb6e   cb8e   cb8e   cb8e   cb8e   cb8e   cbae   cbae   cbce   cbef   cbef   cc0f   cc50   d471   d4b1   dcd2   dd12   dd13   dd33   d512   ccf2   ccd2   c4d1   ccf2   cd12   cd13   d553   dd94   ddd5   e5f6   ee17   ee37   ee17   e616   e616   e637   e637   e657   e657   e658   e657   e657   de37   de37   de16   de16   de16   e616   e637   e637   e657   de37   de57   de37   de37   e658   ee78   feda   feda   feba   ee18   d514   b3f0   92ab   8209   79a8   81a8   91c9   99c9   99c9   a1ca   99c9   a1c9   a1e9   a1e9   a209   aa2a   b26a   ba8b   c2cc   cb0c   d34d   db6d   db8d   e3ce   e3ce   e3ee   ebee   e3ed   e3ce   e3ce   e3ee   e3ce   e3ce   dbae   db6d   d34d   cb0d   bacc   aa4a   9187   78c5   6864   6844   70a5   8147   99c9   aa2b   b28c   c2ed   cb4e   d36d   db8d   e3ad   e3cd   e3ad   e38c   e38c   e3ac   e38c   e38b   e36b   e36b   db6c   db8c   db8c   db8c   db6c   db8c   db8c   db8c   db8c   db8c   db8d   db8d   dbae   e410   dbf0   c34e   a24a   8167   68c5   5843   5844   6086   68c7   68c7   60a7   6087   60a7   60c8   60c8   60c8   60c8   68c8   60c8   60a8   60a7   5887   58a7   58a7   58a7   60c7   60c7   60c7   60e8   60e8   60c7   60c7   58c8   58c7   58c8   60e9   6109   692a   716a   798a   81cb   8a0b   926c   ab0e   b36f   bbb0   cc10   cc10   cbef   c3ee   c3ee   c3ee   cc0e   cc2f  
 c2ca   b269   a9e8   a1a7   9987   9987   a1a8   a9ea   aa0a   a1ea   a1c9   a1a9   99a8   99a8   a1e9   aa4a   bacb   cb4c   d36c   d36c   e3cd   ec0d   ec2e   f46e   ec6e   ec8e   ec8e   ec8e   ec6e   ec6d   ec4d   ec4d   ec0d   e3ec   dbac   d36b   cb0b   c2aa   b229   a9c9   a188   9968   9148   9168   9988   99a9   99c9   99e9   a1e9   a209   a209   a209   aa09   aa09   aa0a   aa0a   aa0a   aa0a   aa0a   aa09   aa09   aa29   aa29   b229   b229   b22a   b24a   ba6a   ba6a   ba6a   ba6a   ba8a   ba8a   ba8a   c28a   c28a   c28a   c2aa   c2ab   c2cb   cacb   c2cb   c2cb   cacb   caec   caec   caab   c2ab   c26a   ba6a   ba49   ba49   ba49   ba6a   ba8a   ba8a   ba6a   ba8a   c28b   c28b   ba8a   ba8a   ba8b   baab   baab   baab   baab   baab   baab   baab   baab   bacb   bacc   baec   baec   baec   baec   bb0c   bb2c   c34d   cb6e   cb6e   cb6e   cb6e   cb6e   cb8e   cb8e   d3af   d38e   d38e   d38e   d38e   d38e   cb8e   cb8e   cbae   cbae   cbae   cbce   cbef   cc0f   cc30   d470   d491   dcf2   dd12   dd12   d4f2   ccb1   c4b1   c4b1   c4d1   d533   d574   ddb5   e5d6   e5f6   e616   e617   ee17   e5f6   e5f6   e616   e616   e616   e616   e637   e637   e637   e637   de17   de17   de37   e637   e637   e637   e637   e637   e637   e657   e657   e657   e677   de77   de57   e698   ee99   f6b9   f699   feb9   e617   cd13   9b6d   8a8a   79c8   7987   8188   8167   8968   9188   99a9   99c9   99c9   99e9   a209   aa2a   b26a   ba8b   c2cb   cb0c   d34d   d36d   dbad   e3ce   e3ee   e3ee   ebee   e3ed   e3ce   e3ce   e3ee   e3ee   e3ce   dbae   db6e   d34d   cb0d   c2cc   aa4a   9188   70c5   6844   6024   6885   78e7   9189   9a0a   aa4b   baad   c30e   cb2d   db6d   db8e   e3ad   e3ad   e38c   e38c   e38c   e38b   e38b   e36b   e36b   e38c   e38c   db6c   db6c   db6c   db6c   e38d   db8c   db6c   d36d   db8d   dbae   dbef   dbf0   d3af   aaac   8188   68c5   5864   5843   5865   6086   60a6   60a7   60a7   60c8   60c8   68e9   60c9   60c8   60a8   60a8   60a8   6088   6087   60a7   60a7   58a7   58a7   58a7   58c7   60c7   60c7   60c7   58c7   58c7   60c8   60c8   60c8   60e9   692a   714a   798a   81cb   922c   9a8d   ab0e   bb70   c3d0   c3f0   cc10   c3ef   c3ee   c3ee   cc0e   cc2e   d44f   d46f  
 ba8a   aa28   a1c7   9987   9987   9988   a1c9   aa0a   aa2b   a9ea   a1c9   a1c9   99a8   99a8   a1e9   aa29   baca   cb2b   d36c   d36c   e3ad   ec0d   ec2e   f46e   ec6e   ec8e   ec8e   ec8e   ec6e   ec6d   ec4d   ec4d   ec0d   e3ec   dbac   d36b   cb0b   c2aa   b229   a9c9   a188   9968   9148   9168   9988   99a9   99c9   99e9   a1e9   a209   a209   a209   aa09   aa09   aa0a   aa0a   aa0a   aa0a   aa0a   aa09   aa09   aa09   aa29   b229   b229   b22a   b24a   ba6a   ba6a   ba6a   ba6a   ba8a   ba8a   ba8a   c28a   c28a   c28a   c2aa   c2ab   c2cb   c2cb   c2cb   c2cb   cacb   caec   cacb   caab   c28a   ba4a   ba49   ba49   ba49   ba6a   ba6a   ba8a   ba8a   ba8a   c28a   c28b   c28a   ba8a   ba8a   ba8b   c2ab   baab   ba8b   baab   baab   baab   baab   bacb   bacb   baec   baec   baec   baec   bb0c   bb0c   c32d   c34d   c36d   c36e   c36d   c36d   c36e   cb8e   cbae   d3af   d3ae   d38e   d38e   d38e   d38e   cb8e   cb8e   cb8e   cbae   cbae   cbce   cbce   cc0f   d430   d471   dcb1   d4b1   d4d1   ccb1   cc90   c490   c4b1   ccf2   d553   d574   ddb5   ee17   f657   ee37   e616   e5f6   e5f6   ddd6   e616   ee37   ee57   e637   ddf6   ddf6   ddf6   de16   de16   ddf6   de16   de16   de37   e637   e637   e637   e637   e637   e657   e678   e678   e678   de77   de57   e698   e698   ee98   e658   fefa   f6b9   e5f6   c4f3   abef   92cb   8229   81c8   8167   8147   8968   91a9   99a9   99c9   99e9   a1e9   aa2a   b26a   ba8b   c2cb   cb2c   d36d   d38d   dbae   e3ce   e3ee   e3ee   ebee   e3ed   e3ce   e3ce   e3ee   e3ee   e3ce   e3ae   db8e   d36e   cb2d   c2ec   aa4b   9188   70c5   6044   6024   6044   70c6   8148   91ca   a20b   aa8d   bacd   cb0d   d34d   db8e   e3ae   e38d   e38c   e36c   e38c   e36b   e36b   e36b   e36b   e38c   e38c   db6c   db6c   db6c   e36d   e38d   db6d   db6d   db6d   db8e   dbcf   dbcf   d3d0   bb2e   920a   70e5   5843   5823   5844   5865   5866   5866   5886   60a7   68c8   68e9   60c8   68e9   60c9   60a8   6088   5887   5887   6087   6087   60a7   58a7   58a7   58a7   58c7   58c7   58c7   58c7   58c7   58c7   60c7   60c8   60e8   6909   714a   796a   81aa   8a2c   9aae   ab2f   bb90   c3d1   cc11   cc10   c3ef   c3ce   c3ce   c3ee   cc2e   d44f   dc6f   dc90  
 a9e8   a1e8   a1c8   99a8   99a8   99a8   a1c9   a1c9   a1c9   a1c9   99a8   99a8   a1c9   99a8   a1c9   aa2a   baca   cb2b   d36c   db8c   e3ad   ebed   ec2e   ec4d   ec6e   ec6e   ec8e   ec8e   ec6e   ec6d   ec4d   ec4d   ec0d   e3ed   dbac   d36b   cb0b   c2ab   b22a   a9c9   9968   9147   9147   9168   99a8   99c9   99e9   9a09   a209   a209   a209   a209   aa09   aa0a   aa0a   aa0a   aa0a   aa09   aa09   aa09   aa29   b22a   b249   b249   b22a   b24a   b24a   b24a   ba4a   ba6a   ba8a   ba8a   ba6a   c28b   c2ab   c2ab   c2ab   c2ab   c2cb   c2cb   c2ab   c2ab   c2cb   caeb   caec   cacb   c28a   c26a   ba6a   ba6a   ba6a   ba6a   ba6a   ba6a   ba6a   ba6a   ba6a   ba6a   ba8a   c28b   ba8b   ba8b   ba8b   ba8b   baab   ba8b   ba8b   ba8b   baab   bacb   c2ec   c2ec   c30c   c32d   c32d   c30c   bb0c   bb0c   bb2c   c34d   c36d   c36d   c36e   c36e   cb6e   cb8e   cb8e   cb8e   cb6e   d38e   d38e   d38e   cb6e   cb6e   cb8e   cbae   d3cf   cbae   cbae   cbef   d430   d451   d491   dcb1   cc70   c470   c470   c490   ccd1   d533   e594   e5d5   e5d5   e5d5   e5f6   e616   ee17   ee37   ee37   ee37   e616   e617   e617   e617   de16   de16   de16   de16   ddf6   de16   de16   de16   e637   e637   e637   e637   e637   e637   e637   e657   e657   de77   e677   de77   de57   e678   e678   de77   e657   ee78   f6b9   f6b9   ee38   ddb6   ccf3   b3cf   926b   7988   7947   7927   8988   8988   99e9   91c8   99a8   a209   aa2a   bacc   c2eb   c2eb   cb2c   d36d   dbae   e3cd   e3ce   ebee   ebee   ebee   e3cd   e3ad   e3ce   ebee   e3ee   e3ae   db8e   d36e   cb2e   c2ed   aa2b   8968   70a5   6044   6044   6045   70a6   70c7   8128   918a   99eb   b28d   c2ac   cb0d   db4e   db6e   db6d   db6d   db6c   db6b   db6b   db4a   db2a   db4b   e38c   e3ac   e36c   db2b   db6c   e38d   e3ae   e38e   db6d   e38e   e3af   d36e   d36f   c30e   a24b   7927   6064   5023   5824   5865   5865   5886   60a7   60a7   60c7   60c8   68c8   68e9   68c8   60a8   6088   5887   5887   6087   60a8   60c8   60c8   60c7   60c7   58a7   58a7   58a7   58a7   58a7   58a7   58c8   60e8   60e8   6908   68e8   6929   798a   89eb   9aad   b370   c3d1   c3f1   cc11   cc10   c3cf   c3ce   c3ce   c3ee   cc0e   d42f   d46f   dc8f   dc8f  
 a1c8   a1c8   99a8   99a8   99a8   a1a8   a1c9   a1c9   a1c9   a1c9   99a8   99a8   99a8   99a8   a1c8   aa29   bacb   cb2b   d36c   db8c   e3ad   e40d   ec2e   ec4e   ec6e   ec6d   ec8e   ec8e   ec6e   ec6d   ec4d   ec4d   e40d   e3ed   dbac   d34c   cb0b   c2ab   b22a   a9c9   9968   9147   9147   9168   99a8   99c9   99e9   9a09   a209   a209   a209   a209   aa09   aa0a   aa0a   aa0a   aa0a   aa09   aa09   aa09   aa2a   b22a   b22a   b249   b22a   b24a   b24a   b24a   ba4a   ba6a   ba8a   ba8a   ba8a   ba8a   baaa   baaa   baaa   c2ab   c2cb   c2cb   c2ab   c2cb   c2cb   caeb   cacb   caab   c28a   c26a   ba6a   ba4a   ba6a   ba6a   ba6a   ba6a   ba6a   ba8a   ba6a   ba6a   ba8a   ba8b   c28b   c28b   ba8b   ba8b   baab   ba8b   ba8b   ba8b   baab   bacc   c2ec   c30c   c30d   cb2d   c32d   c32d   c30c   c32c   c34d   c34d   c36e   c36e   c36e   c36e   cb6e   cb8e   cb8e   cb8e   cb6e   cb6e   cb6e   cb6e   cb4d   c34d   cb6e   cb8e   cbcf   cbae   cbce   cbef   cc0f   cc0f   cc0f   cc2f   c450   cc70   ccb1   d4f1   d512   dd53   e5b5   e5f6   e5d5   e5f6   e5f6   e616   ee16   ee16   ee17   e617   e616   e616   e616   e616   ddf6   ddf6   ddf6   de16   ddf6   de16   de16   de16   de17   e637   e637   e637   e637   e637   e637   e657   e657   e657   de77   de77   de77   de78   e678   de77   e678   ee98   eeb9   ee98   f6b9   f699   f659   edb7   cc93   ab4e   922a   7927   8167   8147   89a8   91c8   99c8   a1e9   a209   b28b   c2eb   c30c   cb2c   d36d   db8d   e3ad   e3ce   ebee   ebee   ebee   e3cd   e3ad   e3ce   ebee   e3ee   e3ce   db8e   d36e   cb2d   c2ed   aa4b   8988   78c6   6865   6865   6065   68a6   68a6   70e7   8149   91aa   a22c   ba8c   caed   db4e   db8e   e38e   e38e   db8c   db6c   db6b   db6b   db4b   db6b   db6b   db6c   db6c   db4c   db4c   db6d   e38d   e38e   e38e   e3cf   e3d0   d36f   c2ed   aa6c   8988   70a6   5844   5824   5844   5865   5866   5887   60a7   60a7   60a8   60c8   68c8   68c9   68c8   60a8   6088   5887   5887   6087   60a8   60c8   68e8   60e8   60c7   58a7   58a7   58a7   58c7   58c7   58c7   58e7   60c7   60c7   68e8   6928   796a   89eb   9a6d   ab0e   bb90   c3d0   c3d0   c3f0   c3f0   c3cf   c3ee   c3ee   cc0e   cc2e   d44f   d46f   dc8f   dc8f  
 9987   9988   99a8   99a8   99c8   a1c9   a1c9   a1e9   99c9   99c9   99a8   99a8   99a8   9988   a1a8   aa29   bacb   cb2b   d36c   db8c   e3ad   e3ed   ec2e   ec4e   ec4d   ec6e   e46d   ec6d   ec6e   ec4d   ec4d   ec2d   e40d   e3ec   dbac   d34c   cb0b   c2ab   b22a   a9c9   9968   9147   9147   9168   99a8   99c9   99e9   9a09   a209   a209   a209   a209   aa09   aa0a   aa0a   aa0a   aa0a   aa09   aa09   aa09   aa2a   b22a   b22a   b22a   b22a   b24a   b24a   b24a   ba4a   ba6a   ba8a   ba8a   baab   ba8a   ba8a   ba8a   baaa   c2cb   c2cb   c2cb   c2cb   caeb   caec   caec   cacb   c28a   ba6a   ba6a   ba6a   ba6a   ba6a   ba6a   ba6a   ba6a   ba6a   ba8a   ba6a   ba8a   ba8a   ba8b   c28b   ba8b   ba8b   ba8b   baab   baab   ba8b   baab   bacb   c2ec   c30c   c32d   cb2d   cb2d   cb4d   cb4d   cb4d   c34d   c36d   c36d   cb6e   cb6e   cb6e   cb6e   cb8e   cb8e   cb6e   cb6e   cb6e   cb6e   cb6e   c34d   c34d   c34d   c34d   c36d   c38e   c38e   c38e   c3ae   c3ce   c3ee   c3ef   c42f   cc70   d4d1   dd33   e574   e594   e594   e5b5   e5f6   e5f6   e5f6   e5f6   e5f6   e5f6   e5f6   e5f6   e5f6   e5f6   e5f6   ddf6   ddf6   ddf6   ddf6   ddf6   de16   de16   de16   de16   de16   e617   e617   e617   e617   e637   e637   e637   e637   e657   e657   de77   de77   de77   de77   de77   de77   e698   ee98   ee98   e678   ee98   ee99   f6ba   fe79   edd8   dcf4   b36f   8a0a   7988   7927   8167   89a8   91c9   99e9   a1e9   aa4a   c2cb   cb0c   d34d   d34d   db6d   e3ad   ebee   ebee   ebce   ebcd   e3cd   e3cd   e3ce   ebee   e3ee   e3ce   db8e   d36e   cb2d   c2ed   aa4b   9188   78e7   7085   6885   6065   6866   6066   6886   78e8   8149   91cb   aa2b   ba8c   cb0e   d34e   db6e   db6d   db6d   db6c   db6c   db8c   db6b   db6b   d34b   d34b   db6c   db8c   db8d   db6d   db6d   db8e   db8f   e3d0   dbaf   cb2e   aa2b   8988   70a6   6044   5824   5845   6065   6086   60a7   60a7   60a8   60a8   60a8   60c8   60c8   68c8   60c8   60a8   60a7   5887   5887   60a7   60a8   60c8   68e8   60e8   60c7   58a7   58a7   58c7   60e8   60e8   60e8   60e8   60c7   60c7   6928   7969   89eb   9a8d   b32f   bb6f   c3b0   bbb0   bb8f   c3af   c3cf   c3ce   c3ee   cc0e   cc2f   d44f   d46f   dc8f   dc8f   dc90  
 9187   9988   99a8   a1c9   a1e9   a1e9   a1e9   a1c9   99c9   a1c9   a1a8   99a8   a1a8   99a8   a1c8   aa29   baca   cb2b   d36c   d38c   dbad   e3ed   ec2e   ec4d   ec4e   e44d   e46d   e46d   e46d   e44d   e44d   ec2d   e40d   e3ec   dbac   d34c   cb0b   c2ab   b22a   a9c9   9968   9147   9147   9168   91a8   99c9   99e9   99e9   a209   a209   a209   a209   aa09   aa0a   aa0a   aa0a   aa0a   aa09   aa09   aa0a   aa2a   b22a   b22a   b22a   b22a   b24a   b24a   b24a   ba4a   ba6a   ba8b   ba8a   baab   ba8a   ba8a   ba8a   c2ab   c2ab   c2ca   c2ca   c2cb   cb0c   d32d   d30c   c2ab   ba6a   ba49   ba49   ba4a   ba4a   ba4a   ba4a   ba6a   ba6a   ba6a   ba8a   ba8a   ba8a   ba8b   ba8b   ba8b   ba8b   baab   baab   baab   baab   baab   baab   bacc   c2ec   c30d   cb2d   cb2d   cb2d   cb4d   cb6e   cb6e   cb6e   cb6e   c36d   c36d   cb6e   cb6e   cb8e   cb8e   cb8e   cb6e   cb6e   cb6e   cb6e   cb6e   c34d   c34d   bb2d   bb4d   bb4d   c36d   bb4d   b34d   bb8d   bbce   c40f   cc50   d491   d4d1   dd33   edb5   f5f5   edd5   e5b5   e5b5   e5d5   e5f6   e5f6   e5f6   e5d5   ddd5   ddd5   ddd5   ddd5   ddd6   ddd6   ddd6   ddd6   ddd6   ddf6   de16   de16   de17   de17   de17   de17   e617   e617   e617   e617   e637   e637   e637   e637   e657   e657   de57   de77   de77   de77   de77   de57   e677   e678   e678   e657   e698   e678   ee78   f679   fe59   f619   dd15   b3b0   8a4b   7987   7947   8167   91c8   99e9   99c8   aa2a   c2ab   cb0c   d34d   d34c   db6d   e3ad   ebce   ebce   ebcd   ebcd   e3cd   e3cd   e3ce   ebee   e3ee   e3ce   db8e   d34e   cb0d   c2cd   aa4b   91a9   7907   70a6   6885   6045   6065   6045   6046   68a7   70e8   8149   9169   a1ea   b28c   c2ed   cb4e   d38e   dbae   dbad   d38c   d38c   d38c   d36b   d34b   d34b   db8c   dbad   e3ce   db8e   db8e   dbaf   dbaf   db8f   cb2e   b28c   9168   78c6   6044   5824   6065   6066   6086   60a7   68e8   60c8   60c8   60c8   60c8   60c8   68c8   68c8   60c8   60a8   60a7   6087   5887   60a7   60a8   60c8   60a7   60c7   60c7   60c7   60c7   58e7   60e8   60e8   60e7   6108   60e7   6908   7989   8a0b   a2ad   b32f   c3b0   c3d0   c3d0   bb8f   bb8e   bb8e   c3cf   c3ee   cc0f   cc2f   d44f   dc90   dc90   dc90   dc90   dc90  
 99a8   99c8   a1c9   a1e9   a1e9   a1e9   a1e9   99c9   99c8   a1c9   a1c8   a1c8   a1c8   99a8   a1c8   aa29   baca   c32b   d36c   d38c   dbad   e3ed   ec2e   ec4d   e44d   e44d   e46d   e46d   e44d   e44d   e42d   e42d   e40d   e3ed   dbac   d34c   cb0b   c2ab   b24a   a9c9   9968   9147   9147   9168   91a8   99c9   99e9   99e9   a209   a209   a209   a209   aa09   aa09   aa0a   aa0a   aa0a   aa09   aa09   aa0a   aa2a   b22a   b22a   b22a   b22a   b24a   b24a   b24a   ba4a   ba6a   ba8b   ba8a   ba8b   ba8a   ba8a   baaa   baab   baaa   baaa   baaa   caec   d34d   db8e   d32d   c28a   b229   b229   ba29   ba49   ba49   ba4a   ba4a   ba6a   ba6a   ba6a   ba8a   ba8b   ba8b   ba8b   ba8b   ba8b   ba8b   baab   baab   baab   baab   baab   bacb   c2cb   c2ec   c32c   cb2d   cb4d   cb4d   cb4d   cb6e   cb8e   d38e   cb6e   cb6d   c34d   c36d   cb6e   cb8e   cb8e   cb8e   cb8e   cb6e   cb6e   cb8e   cb6e   c34d   bb2c   bb0c   bb2c   b32c   bb6d   bb4d   b34d   bbae   cc30   d491   d4b2   dcd2   dd13   e574   edd5   f5f6   edd5   e5b5   e5b5   e5b5   e5d5   e5d5   ddd5   ddb5   ddb5   ddb5   dd95   d595   ddb5   ddd5   ddd5   ddd5   ddd6   ddf6   de16   e637   e637   e637   e617   e617   e617   e617   e617   e617   e637   e637   e637   e637   e637   de57   de57   de57   de57   de57   de57   de57   de57   de37   de57   de77   e698   ee98   ee99   f699   feba   fe9b   f5f8   d4f5   a34e   8209   7146   7126   8167   91c8   99e9   b24a   c2ab   cb0c   d34d   d34c   db4d   e3ad   ebce   ebcd   ebad   ebcd   ebcd   e3cd   ebee   ebee   e3ee   e3ce   db8e   d34e   cb0d   c2cc   aa4b   91a9   7907   70a6   6886   6065   6066   5846   6046   6067   6067   70c7   8108   9189   aa4b   baed   c34e   d3ae   d3ce   d3ee   cb8c   cb8c   cb8c   cb6b   cb6b   cb6c   d38c   d3ad   d3ae   d38e   d3af   dbef   d3af   c34e   aa8b   91a8   78e6   6885   6044   6065   6086   6086   6086   60a7   68e8   68e9   68c8   60c8   68c8   68c8   68c8   68c8   60c8   60a7   60a7   60a7   58a7   58a7   60c8   60c8   5887   60a7   60c7   60e8   60e8   58c8   58c7   50a6   58a6   60e7   6928   7189   922b   a2ce   b34f   c3b1   cbf1   c3d0   c3cf   bb8e   bb8e   c3ae   cbef   cc0f   cc2f   d44f   dc70   dc90   dc90   dc90   dc90   dc90  
 99c9   99c9   a1e9   a209   a1e9   a1e9   99c9   99c9   99c8   a1c8   a1c8   a1c8   a1c8   99a7   a1c8   aa29   baaa   c30b   d34c   d36c   dbac   e3ed   ec2e   ec4d   e44d   e46d   e46d   e46d   e44d   e44d   e42d   e42d   e40d   e3ed   dbac   d36c   cb0c   c2ab   b24a   a9c9   9968   9147   9147   9168   9188   91c8   99c9   99e9   9a09   a208   a209   a209   aa09   aa09   aa0a   aa0a   aa0a   aa09   aa09   aa0a   aa2a   b22a   b22a   b22a   b22a   b24a   b24a   b24a   ba4a   ba6b   ba8b   ba8b   ba8b   ba8a   ba8a   baab   baaa   ba8a   baaa   c2cb   d34d   db8e   e3af   d32c   ba6a   b208   b209   b229   ba49   ba49   ba4a   ba4a   ba6a   ba6a   ba6a   ba8a   ba8b   ba8b   ba8b   ba8b   ba8b   ba8b   baab   baab   baab   baab   baab   bacb   c2ec   c2ec   c32c   cb2d   cb4d   cb4d   cb4d   cb6e   cb8e   cb6e   cb6e   c34d   c34d   c34d   cb6e   cb8e   cbae   cb8e   cb8e   cb6e   cb8e   c38e   c34d   bb2d   b30c   b2eb   b30c   b30c   bb6d   bb6d   bbae   cc30   dcd2   e513   e513   dd13   dd33   e554   ed94   edb5   edb5   e5b4   e594   dd94   ddb5   ddb5   ddb5   ddb5   ddb5   ddb5   d595   d595   ddb5   ddd5   ddd5   ddd6   ddf6   ddf6   de16   e637   e637   e637   e637   e637   e617   e617   e617   e617   e617   e617   e617   e637   e637   e637   de37   de37   de37   de57   de57   de57   de36   de36   de57   e677   e6b8   e698   ee99   ee99   f679   fe9a   f63a   e5b8   c472   9b0d   79c8   6926   7926   8987   99e8   b26a   c2ab   caec   d34d   db4d   db6d   e3ad   ebae   ebcd   ebad   ebcd   ebcd   ebcd   ebee   e3ee   e3ee   e3ce   db8e   db4e   cb0d   c2cc   aa4b   91a9   7907   68a5   68a6   6066   6086   6066   6046   6066   5826   6066   78e8   8969   9a0b   aaac   b2ed   bb2d   c34c   c36c   cbad   cbac   cbac   cb8c   cb8c   cb8c   cb8c   cb8d   cb8d   cb8e   d3cf   d3f0   cb8e   b2cc   91c9   70e6   6885   6065   6065   6086   6087   6086   6086   6087   68c8   60c8   60c8   60c8   60c8   68c8   68c8   68c8   60a7   60a7   60a7   60a7   58a7   58a7   58a7   60c8   5887   60a7   60c8   60e8   60e8   58c7   5086   4865   5085   6107   7169   8a0b   a2ee   bb70   c3b1   cc11   c3d0   c3d0   c3af   c3af   c3af   c3ef   cc0f   d430   d44f   d44f   d470   dc70   dc90   dc90   dc90   dc8f  
 99c9   99c9   99c9   99e9   99e9   99c9   99c9   99a8   99a8   a1c8   a1c8   a1c8   a1c8   99a7   a1a8   aa29   baaa   c30b   d34c   d36c   dbac   e3ed   ec2e   ec4e   ec4e   e46d   e46d   e46d   e46d   e44d   e44d   e42d   ec2d   e3ed   dbac   d36c   cb0c   c2ab   b24a   a9c9   9968   9147   9127   9168   9188   91c8   99c9   99e8   99e8   a208   a209   a209   aa09   aa09   aa0a   aa0a   aa0a   aa09   aa09   aa0a   aa2a   b22a   b22a   b22a   b22a   b24a   b24a   b24a   ba4a   ba6b   ba8b   ba8b   ba8a   ba8a   baab   baab   ba8a   b269   baaa   cb0c   e3af   e3cf   e3ae   caec   ba49   b208   b209   b209   ba29   ba29   b249   ba4a   ba6a   ba6a   ba6a   ba8a   ba8b   ba8b   ba6b   ba8b   ba8b   ba8b   baab   baab   c2cb   c2cb   bacc   c2cc   c2ec   c30c   c32c   cb2d   cb4d   cb4d   cb6d   cb6d   cb6d   cb6d   c34d   c34d   c34d   c34d   cb6d   cb8e   cb8e   cb8e   cb6d   c36d   c36d   bb4d   bb2d   b2ec   b2eb   b2ec   b32c   bb6d   c3ae   c3ef   d450   dcd2   e534   ed54   e554   e554   dd33   e533   e553   e574   e594   e594   dd74   dd74   dd74   dd94   dd95   ddb5   ddb5   ddb5   ddb5   ddb5   ddd5   ddd6   ddf6   ddf6   ddf6   ddf6   de16   de16   e637   e637   e637   e617   e617   e617   e617   e617   e617   e617   e617   e637   e637   e637   de37   de37   de57   de36   de37   de57   de57   de57   de57   de77   e6b8   e698   ee99   ee99   ee79   f69a   febb   fe9b   dd97   bc52   9aec   79a8   7126   8146   91a8   b24a   c2ab   cacb   d32c   db6d   e38d   eb8d   ebad   ebad   ebad   ebcd   ebcd   ebce   ebee   e3ee   e3ce   e3ae   e38e   db4e   cb0d   c2ac   aa4b   99a9   7907   70a6   68a6   6066   6086   6066   6066   6067   5826   6046   68c7   7928   8189   920a   9a6a   aaeb   b34c   bb6c   d42f   dc4f   dc4f   dc4e   d40e   cbed   cbce   cbee   d3ef   cbef   d3ef   c3ae   aaec   91e9   7926   6084   6064   6085   60a6   60a6   6086   5886   5887   60a7   60c8   60c8   60a8   60c8   68c8   68c8   68c8   68a8   60a7   60a7   60a7   60a7   58a7   58c7   58c7   58c7   60a7   60c7   60c8   60e8   60c8   58a7   50a6   5085   58c6   6948   81ea   9aad   b370   c3f1   cbf1   cbf1   c3af   c3af   c3af   c3cf   cbef   cc10   d430   d450   d450   d450   d44f   d46f   d470   dc70   d470   d46f  
 99c8   99c9   99c9   99c9   99c9   99c9   99a8   99a8   99a8   a1c8   a1c8   a1c8   a1c8   99a7   a1c8   aa49   baaa   c30b   d34c   d36c   dbac   e3ed   ec2e   ec4e   ec4e   e46d   e46e   e46d   ec6e   e44d   ec4d   e42d   ec2d   e40d   dbad   d36c   cb0c   c2ab   b24a   a9c9   9968   9147   9127   9167   9188   99c8   99c8   99e8   99e8   a1e8   a209   a209   aa09   aa09   aa0a   aa0a   aa0a   aa09   aa09   aa0a   aa2a   b22a   b22a   b22a   b22a   b24a   b24a   b24a   ba4a   ba6b   ba8b   ba8b   ba8a   ba8a   baab   baaa   b26a   b269   bacb   d34c   ec10   ec10   db8e   c2cb   b249   b209   b209   b209   b229   ba29   b249   ba4a   ba6a   ba6a   ba8a   ba8a   ba8a   ba8a   ba6b   ba6b   ba8b   ba8b   baab   baab   c2cc   c2cc   c2cc   c2ec   c2ec   c30c   c32d   cb2d   cb4d   cb4d   cb6e   cb6d   cb4d   cb4d   c32d   c32d   c32d   c34d   cb6e   cb8e   cb8e   cb8e   c36d   c34d   bb4d   bb0c   b2ec   aacb   aaeb   b32c   bb8e   c3cf   d471   dc92   e4f3   e534   ed54   e554   e534   e554   e553   dd53   dd53   e573   e574   e594   dd74   d553   d574   d574   dd94   ddb5   ddd5   ddd5   e5d6   ddd6   ddd6   e5d6   e5f6   e5f6   ddf6   ddf6   e616   de16   e637   e637   e617   e617   e617   e617   e616   e616   e617   e617   e617   e617   e617   e637   de37   de37   de57   de36   de36   de77   e678   e677   de57   de57   de57   de57   e698   ee99   ee79   ee7a   febb   febb   f65a   d556   b3f0   8a4a   7146   7946   9187   aa29   c2ab   c2cb   d30c   e36d   eb8e   eb8d   ebad   ebad   ebad   ebcd   ebce   ebce   e3ee   e3ee   e3ce   dbae   e38e   db4e   cb0d   c2ac   b24b   99a9   8107   70a6   6886   6045   6066   6066   6067   6087   5846   6067   5866   60c6   7107   7988   8a2a   ab0c   c3ef   d470   e512   ed32   ed53   ed32   e4d1   dc90   dc70   dc70   dcb1   d471   cc10   b34d   9229   7146   60a4   5864   5864   6086   60a6   60a7   5886   5887   60a7   60a7   60c8   60c8   60c8   60c8   68e8   68e8   68c8   68c8   60a7   60a7   60a7   60a7   58a7   58c7   58c7   58c7   60c7   60c7   60c7   60c7   58c7   58c7   58a7   58a6   6907   79a9   926c   ab0e   c3d1   cc11   cbd1   c3af   c3af   c3ae   c3cf   cbef   d430   d450   d450   d470   d470   d44f   d44f   d44f   d46f   d46f   d46f   d46f  
 99a8   99a8   99a8   99c9   99c9   a1c9   a1c9   a1c9   a1c9   a1c9   a1c9   a1c8   99a8   99a7   a1c8   aa09   baaa   cb0b   d34c   db6c   e3ad   e3cd   e40d   ec4e   e44e   e46e   e46e   e46e   ec6e   ec6e   ec4d   ec4e   ec2e   e3ed   e3cd   db8d   cb0c   c2ab   b24a   a9c9   9988   9168   9147   9167   9188   91a8   99c8   99c8   a1e8   a1e9   a209   aa09   aa09   aa09   aa09   aa09   aa0a   aa0a   aa2a   aa2a   aa2a   aa2a   aa2a   b22a   b24a   b24a   b22a   b24a   b24a   ba6a   ba6a   ba6a   ba8b   c2cb   ba8a   c2cb   b269   aa48   b2a9   e40f   fcb2   ec50   d36d   baaa   aa29   b229   b22a   ba4a   ba4a   ba4a   ba4a   ba4a   ba6a   ba6a   ba8a   ba8a   ba6a   ba6a   ba6a   ba6a   ba6a   ba8b   c2cb   c2cc   c2ec   c2ec   c2ec   c30d   cb0d   cb2d   cb2d   cb2d   cb2d   cb4d   cb4e   cb4d   cb2d   c32d   c30d   c32d   c32d   c34d   c36e   cb8e   c38e   c36d   bb2d   b32c   bb2c   b30c   aaeb   aaeb   ab0c   b36d   cc0f   dcb2   ed54   ed54   e533   e533   dd13   dd12   dd13   dd33   e574   e574   e574   dd73   dd53   dd53   dd53   d553   d553   d553   dd74   dd95   ddb5   e5d6   e5f6   e5f6   e5f6   e5f6   e5f6   e5f6   e5f6   e5f6   e5f6   e5f6   e616   e616   e617   e617   e617   e617   e616   e5f6   e617   e617   e617   e617   e617   de17   de37   de37   de36   de36   d636   de36   de57   e677   e698   e698   de77   e677   e698   eeb9   ee99   ee79   ee7a   f69b   fedb   ee39   ccf4   9b2d   71a7   6925   8186   9a29   ba8b   c2ab   d30c   db4d   e38d   ebad   eb8d   eb8d   eb8d   ebad   ebcd   ebee   e3ee   e3ce   dbee   e3ce   e3af   db6e   cb0d   c2ac   b24b   99aa   8107   7086   6886   6086   6065   5865   5866   5887   5066   4825   5045   5045   60c6   81c9   a32e   cc72   e575   fdf7   fe17   f5f6   f5f6   fe16   f5b5   ed74   ed74   ed74   f5d6   ed95   cc71   9aec   6987   58c4   4822   58a5   58a6   5886   5886   5886   58a7   58a7   60e8   60e8   60c8   60e8   60e8   60e8   68e8   60c8   60c8   60c8   60a7   60a7   60a7   60a7   60a8   60a7   58a7   58a7   6908   60e7   58a6   5886   5065   5885   60c7   6927   81a9   924b   ab0e   bb8f   c3d0   cbf0   c3af   bb8e   bb8e   c3ae   cbef   d430   d450   d470   d450   d44f   d44f   d44f   d44f   d44f   d44f   d44f   d46f   d46f  
 99a8   99a8   99c8   99c8   a1c9   a1c9   a1c9   a1c9   a1a9   a1c9   a1c9   a1c8   99a8   9987   a1c8   aa29   baaa   cb0b   d34c   db6d   e3ad   e3cd   e40e   ec4e   e44e   e46e   e46e   e46e   ec6e   ec6e   ec4d   ec4e   ec4e   e3ed   e3cd   db8d   cb0c   c2ab   ba4a   a9c9   9988   9147   9147   9167   9188   99a8   99c8   99c8   a1e8   a1e9   a9e9   aa09   aa09   aa09   aa09   aa0a   aa0a   aa0a   aa0a   aa0a   aa0a   aa2a   aa2a   aa4a   b24a   aa2a   b22a   b22a   b24a   ba6a   ba6a   ba6b   ba6a   ba8a   b269   baaa   aa68   aa89   c32b   ec70   f4d2   e430   cb4d   ba8a   aa29   aa29   b22a   ba4a   ba2a   ba4a   ba4a   ba4a   ba6a   ba6a   ba6a   ba6a   ba6a   ba6a   ba8a   ba8a   ba8a   ba8b   c2ab   c2cb   c2cc   c2cc   c2ec   cb0d   cb2d   cb2d   cb4e   cb4e   cb4e   cb4e   cb4e   cb4e   cb2d   cb2d   c32d   c32d   c30d   c32d   c32d   c34d   c34d   bb0c   b2ec   aaec   aaeb   aaeb   b30c   bb6d   c3ae   cc30   dcb2   e513   ed54   e554   dd33   dd12   dcf2   dd12   dd33   e553   e594   e594   e574   dd73   dd53   dd53   dd53   dd53   d553   dd54   dd74   dd95   e5b5   e5d6   e5d6   e5d6   e5d6   e5d6   e5d6   e5d6   e5d6   e5d6   e5d6   e5d6   e5f6   e5f6   e5f6   e5f6   e616   e5f6   e5f6   e5f6   e5f7   e617   e637   e637   e637   e617   e637   de37   de36   de36   de36   de36   de57   de77   e677   e677   de77   e677   e698   ee99   ee99   ee79   ee7a   f69a   f6db   f69a   ddb7   b410   8229   6925   7966   9a29   baab   baab   caec   db4d   e3ae   ebad   ebad   ebad   ebad   ebad   ebcd   ebee   e3ce   e3ce   dbce   dbce   e3af   d34e   caed   ba8c   aa2b   99aa   8928   7908   70c7   68a6   5885   5865   5066   5066   4825   4004   4003   58a6   820a   b390   d4d5   edb7   edf7   edf7   f637   ee17   f637   f637   ee16   f616   fe37   fe57   fe58   f617   ccd3   9b2d   6166   4884   3802   50a5   58c7   58c7   58a7   58a7   58c7   58e8   6108   6109   60e8   60e8   60e8   60e8   60c8   60c8   60c7   60c8   60a7   60a7   60a7   60a7   60a8   60a8   60c8   60c7   6908   60e7   58a6   5065   5045   5886   7128   81ca   9a8d   ab0e   bb90   c3d0   c3d0   c3af   bb8e   bb6d   c3ce   cbef   cc2f   d450   d470   d470   d44f   d42f   d44f   d44f   d44f   d44e   d44f   d44e   d44e   d44f  
 99c8   99c8   99c8   a1c9   a1c9   a1c9   a1c9   a1c9   a1c9   a1c9   a1c9   a1c8   99a8   9987   a1e8   aa29   ba8a   cb0b   d34c   db6d   e3ad   e3cd   e40e   ec4e   e44e   e46e   e46e   e46e   ec6e   ec6e   ec4d   ec4e   ec4e   e3ed   dbad   db8c   cb0c   c2ab   ba4a   a9e9   9968   9147   9127   9147   9188   91a8   99c8   99c8   a1e9   a1e9   a209   aa09   aa09   aa09   aa09   aa0a   aa09   aa0a   aa0a   aa0a   aa0a   aa0a   aa2a   aa2a   aa2a   aa29   aa29   b22a   b24a   b26a   ba6b   ba8b   b24a   b249   b269   b28a   aa48   baca   d3ce   fcf2   f4d2   e40f   c30c   b28a   b249   aa29   b22a   ba4a   ba2a   ba4a   ba4a   ba4a   ba6a   ba6a   ba6a   ba6a   ba6a   ba8a   ba8a   ba8b   ba8a   ba8b   ba8b   baab   c2cc   c2cc   caec   cb0d   cb2e   d34e   d34e   d36e   cb2d   cb2d   cb2d   cb2d   cb4d   cb4d   cb4d   cb4d   c32d   bb0c   bb0c   bb0c   b2ec   aacb   aaaa   aaeb   aaeb   b32c   c38e   cc0f   d471   dcd2   e513   e513   e533   e533   dd13   dd12   dcf2   dcf2   dd12   dd33   e553   dd53   dd53   dd53   dd53   dd53   dd53   dd53   dd54   dd54   dd74   dd95   ddb5   e5b5   e5b6   e5d6   e5d6   e5d6   e5d6   e5d6   ddb5   ddb5   ddb5   ddb5   ddd6   ddd6   e5d6   e5f6   e5f6   e5f6   e5f6   e5f6   e5f7   e617   e637   e637   e637   e637   de16   de36   de36   de36   de36   de56   de57   de57   de57   de57   de77   de57   e678   e678   ee79   ee79   ee79   ee7a   ee9a   f6bb   f679   d514   9b0c   7186   7166   9208   b2cb   baab   c2eb   db6d   e3ae   ebad   ebad   ebad   ebad   ebcd   ebcd   ebce   e3ce   e3ce   dbce   dbae   db8e   d34e   cb0d   c2cd   aa4c   91a9   7907   68c6   6065   5885   5886   5886   4865   4024   4025   4865   6107   8a4c   bc12   e577   f619   f639   edf7   ddb5   e5d6   e5f6   ee36   ee36   ee16   f657   fe98   feb8   feda   fe99   dd95   abf0   7209   48c4   3802   50c6   58e7   58c7   58c7   58c7   58c8   58e8   6109   6129   60e8   60e8   60e8   60c8   60c8   60a8   60c7   60c7   60a7   60a7   60a7   60a7   60a7   60a7   60c8   60c8   6908   60c7   58a6   5065   5865   60c7   81aa   9a6c   b32f   c390   cbf1   cbf1   c3cf   c3af   c3cf   c3cf   cc0f   d42f   d450   dc70   dc70   dc70   d44f   d42f   d44f   d42f   d42f   d42e   d42e   d42e   d44f   d44f  
 a1c8   a1c8   a1c9   a1c9   a1c9   a1c9   a1c9   a1c9   a1c9   a1c9   a1c9   a1c8   9987   9987   a1e8   aa29   ba8a   cb0b   d34c   db6c   e3ad   e3ed   e40e   ec4e   e44e   e46e   e46e   e46e   ec6e   ec6e   ec4d   ec4d   ec4e   e3ed   dbad   d36c   caeb   c28b   b22a   a9c9   9968   9147   9127   9147   9168   91a8   99a8   99c8   99e9   a1e9   a209   aa09   aa09   aa09   aa09   aa0a   aa09   aa0a   aa0a   aa0a   aa0a   aa0a   aa2a   aa2a   aa2a   aa2a   aa29   aa29   b22a   b24a   ba6a   ba8b   ba6a   b249   b269   b289   aa48   c32b   e450   fd12   fcd2   dbee   c2eb   b269   b249   aa09   b209   ba4a   ba2a   ba2a   ba4b   ba6b   ba6b   ba6a   ba6a   ba6a   ba8a   ba8a   ba8b   ba8b   ba8b   ba8b   c2ab   c2ab   c2cc   c2ec   cb0d   cb2d   cb2d   d34e   d34e   d34e   c30d   c30c   c30c   cb0d   cb2d   cb4d   cb4d   cb4d   cb4d   bb0c   baec   b2eb   aacb   a28a   aaaa   b30c   bb6d   cbef   d450   dc91   e4b2   e4f3   e4f3   dcd2   dcf2   dcf2   dd13   dd13   dd12   d4f2   d4f2   d4d2   d4f2   d4f2   d512   d512   dd33   dd33   dd53   dd53   dd74   dd74   e595   e5b5   e595   e5b5   e5b5   e5b5   e5d6   e5b6   ddb5   ddb5   ddb5   ddb5   ddb5   ddb5   ddb5   ddb5   ddd6   ddd6   ddf6   ddf6   e5f6   e5f6   e617   e617   e637   e637   e637   e616   de16   de16   de16   de36   de36   de56   de57   de57   de37   de37   de57   de57   de57   e658   e658   e658   e659   e659   e659   f69a   febb   edf8   bc31   8a8a   79c7   89e7   aaaa   baeb   cb4d   d38d   dbad   e3ad   e3ad   ebad   ebcd   ebcd   ebcd   ebce   ebce   e3ce   e3ce   e3ae   dbae   d36e   cb2e   c2ed   aa6c   89a9   68c6   5844   5044   5064   50a5   50a5   4064   4065   5928   7a0b   ab91   ccb5   edd8   f619   e5d7   ddb6   ddd6   ddd6   e616   e636   ee77   ee97   f677   fed8   fef9   fed9   feda   fefb   f679   cd34   932d   5967   3843   50c6   50c6   50c7   50c7   50c7   58c8   58e8   6108   6108   60e8   60e8   60c8   58c8   58a7   60a7   60c7   60c8   60a7   60a7   60a7   6087   60a7   60a7   60c7   60c8   60e8   60c7   60a6   58a6   60c7   7969   922c   a2ee   bb90   c3b0   cbf1   cbf0   c3cf   c3cf   cc10   d430   d42f   d42f   d450   dc70   dc70   dc70   dc70   d450   d44f   d44f   d44f   d44f   d44f   d44f   d44f   d44f  
 a1c9   a1c9   a1c9   a1c9   a1c9   a1c9   a1c9   a1c9   a1c9   a1c9   a1c9   a1c8   99a8   99a7   a1e8   b229   ba8a   cb0b   d34c   db6c   e3ad   e3ed   ec0e   ec4e   ec6e   e46e   e46e   e48e   ec6e   ec6e   ec4d   ec4d   ec2d   e3ed   dbac   d34c   caeb   ba8a   b22a   a9c9   9968   9147   9127   9147   9167   91a8   99a8   99c8   99e9   a209   a209   a209   aa09   aa09   aa0a   aa0a   aa0a   aa0a   aa0a   aa0a   aa0a   aa0a   aa2a   aa2a   b24a   b24a   b22a   b22a   b229   b24a   ba6a   ba8a   ba8a   b269   b269   aa48   aa89   cb8c   f4d1   fd33   fcf2   dbce   baca   b269   b249   aa09   a9e9   b20a   b22a   ba2a   ba4a   ba6b   ba6b   ba6b   ba8b   ba8a   ba8a   ba8a   c28b   c28b   c28b   c2ab   c2cb   c2cc   caec   caec   caec   cb0c   cb0c   cb0d   cb0d   cb0d   c2ec   c2ec   c2ec   c30c   cb2d   cb2d   cb4d   cb4d   cb4d   bb0c   b2cb   b2cb   aaab   aacb   bb2c   c3ae   d40f   dc71   e4b2   e4d2   dcd2   e4d2   dcd2   dcd2   d4d2   d4d2   dcf2   dd13   dd12   d4f2   d4d2   d4d2   ccd1   d4d1   d4f2   d512   dd33   dd33   dd54   dd74   e594   e595   e5b5   e5b5   e5b5   dd95   dd95   e595   e5b5   e5b5   ddb5   dd95   dd95   dd95   dd95   ddb5   dd95   ddb5   ddb6   ddd6   ddd6   e5f6   e5f6   e5f7   e617   e637   e637   e617   de16   de16   de16   de16   de16   de36   de36   de57   e637   de57   de37   de37   de57   de37   de37   de37   e638   e658   de38   de38   e659   ee79   f6bb   f69a   dd75   b3cf   8a8a   8208   9a69   b30b   cbae   d3ad   d3ad   e3cd   ebee   ebcd   ebcd   ebcd   ebcd   ebce   ebce   ebce   e3ce   e3ce   e3cf   d36e   c30d   b2ac   a24b   81a9   68e6   5064   4843   4063   4884   48a5   5106   69c9   932f   c474   e598   edf9   ee19   dd96   cd35   d575   e617   ee78   ee97   ee97   eeb7   eeb7   eeb7   f6f8   f6f9   f6b8   f699   fefa   feda   ee18   ac11   6a09   3863   48a5   48c6   50a6   50a7   50c7   50c7   58e8   58e8   58e8   58c8   58c8   58a7   58a7   58a7   60c8   60c8   60c8   60a7   60a7   60a7   60a7   60a7   60c7   60c8   60e8   60c7   60c7   60a6   68e7   7969   920b   aace   b34f   cbd1   cbd1   c3d0   cbd0   cbcf   cbef   cc0f   d430   d42f   d42f   d44f   dc4f   dc70   dc70   dc4f   dc4f   dc4f   dc4f   dc4f   d44f   d44f   d44f   d44f   d44f  
 a1c9   a1c9   a1c9   a1c9   a1c9   a1c9   a1c9   a1c9   a1c9   a1c9   a1c9   a1c8   a1a8   a1a7   a1e8   b249   ba89   cb0b   d34c   db6c   e3ad   e3ed   ec0e   ec4e   ec6e   ec6e   e48e   e48e   ec6e   ec6e   ec4d   ec4d   ec2d   e3cc   db8c   d34c   caeb   ba8a   b22a   a9c9   9968   9147   9127   9147   9167   91a8   99c8   99c8   99e9   a209   a209   a209   aa0a   aa0a   aa0a   aa0a   aa0a   aa0a   aa2a   aa0a   aa0a   aa0a   aa2a   aa2a   b24a   b24a   b24a   b24a   b229   b24a   b26a   ba6a   ba8a   b269   b269   a227   baea   dc0e   fd32   fd53   f4b1   d3ae   baaa   aa49   b229   aa09   a9e9   b209   b20a   b22a   ba2a   ba4b   ba6b   ba6b   ba8b   ba8b   ba8a   ba8a   c28b   c28b   c28b   c2ab   cacc   caec   caec   caec   c2cc   c2cc   c2cc   c2cc   c2cc   c2cc   c2cc   c2ec   c2ec   c30d   cb2d   cb2d   c32d   c30d   baec   bacb   b2cb   b2cb   bb0c   c34d   cbcf   dc50   e492   e4d2   ecf3   e4d2   dcb2   d4b1   d4b1   d4b2   d4d2   d4d2   d4d2   d4f2   d4f2   d4f2   dd13   dd13   d512   d512   dd12   dd33   dd33   dd53   dd54   dd74   e594   e595   e595   e595   dd95   dd74   dd75   dd75   dd95   dd95   dd95   dd95   dd95   dd95   ddb5   ddb6   ddb5   ddb5   ddb6   ddd6   ddd6   e5d6   e5f6   e5f7   e617   e617   e617   de16   de16   de16   de16   de16   de16   e636   e637   e637   e637   e637   e637   e657   e657   de57   de37   de37   de38   e658   de38   de18   e679   e679   f6ba   feba   f658   d513   abae   92aa   8a48   aaea   bb6c   c38c   cb8c   dbed   e40e   ebee   ebee   ebcd   ebcd   ebce   ebce   ebce   ebce   e3ce   e3cf   d36e   c30d   b2ac   9a2a   7988   60c5   4863   3822   3843   48e5   69c8   8aed   ac12   d517   edfa   edf9   e5d8   dd96   cd55   d595   de17   ee98   f6d8   eeb8   e697   e696   de76   de56   e696   e6b7   e697   ee98   f6da   fefb   f679   bcb3   726b   3884   40a5   48c6   48a6   50c7   50c7   50c7   58e8   58c8   58e8   58c7   58a7   58a7   58a7   58a7   60c8   60a8   60a7   5887   60a7   60a7   60c7   60c8   60c8   60e8   68e8   60a7   60a6   68c7   7148   89eb   aaee   bb70   c3d1   cbf1   cbd0   c3cf   cbcf   cbef   cc0f   cc0f   d42f   d42f   d42f   d42f   d44f   d44f   d44f   d44f   d44f   dc4f   dc4f   dc4f   dc4f   dc50   d44f   d44f   d44f  
 a1e9   a1e9   a1e9   a1e9   a1e9   a1e9   a1ea   a1ea   a1c9   a1e9   a9e9   a1c9   a1c8   a1a7   a9e8   b229   ba89   cb0b   d34c   db6c   e3ad   e3ed   ec0e   ec4e   ec6e   ec6e   e48e   e48e   ec6e   ec6d   ec4d   ec4d   ec2d   e3cc   db8c   d34c   caeb   c28a   b22a   a9c9   9968   9147   9127   9147   9167   91a8   99c8   99e9   99e9   a209   a209   aa2a   aa0a   aa0a   aa09   aa29   aa09   aa2a   aa2a   aa2a   aa29   aa29   aa2a   aa2a   b24a   b24a   b24a   b24a   b24a   b24a   b24a   ba6a   b26a   b28a   aa49   9a07   c34b   ec90   fd73   fd33   ec70   d38d   b2aa   aa49   aa29   b229   b209   b20a   b20a   b20a   b22a   ba2a   ba4a   ba6a   ba6b   ba6a   ba6a   c26a   c28b   c28b   c2ab   cacc   caec   caed   caec   cacc   c2cc   c2ab   baab   c2ab   c2ab   c2cc   c2ec   cb0c   cb0d   cb0d   c30d   c2ec   c2cc   bacc   b2ab   bacb   baec   bb2c   cb8e   d410   e471   e492   ecf3   e4f2   e4d2   e4d2   dc91   d470   d471   d491   d4d2   d4d2   d4d2   d4f2   d4f2   dd13   dd33   e553   dd33   dd33   dd33   dd33   dd53   dd53   dd54   dd54   e574   e594   e595   dd95   dd74   dd54   dd54   d554   dd74   dd74   dd75   dd75   dd95   ddb5   ddb6   e5d6   e5d6   e5d6   e5d6   e5d6   ddd6   e5d6   e5d6   ddf6   ddf6   de16   de16   de16   de16   ddf6   de16   de16   de16   e636   e636   e637   e637   e637   e637   e637   e637   e657   e637   e637   e638   e658   e658   de38   e679   e679   ee99   f6ba   f699   e5f7   ccd2   b3ee   9aea   a2ea   a30a   b34b   c3ad   d3ed   e40e   e40e   ebee   ebee   ebcd   ebcd   ebce   ebce   ebce   e3ae   db8e   d36d   c30d   b2ac   922a   7967   58c5   4884   48a4   5946   7a6b   a3d0   c4f5   dd98   e5d9   edf9   ddb7   d596   d596   ddd6   e637   ee98   eeb8   e6b8   e6b7   de96   de96   de76   d655   de76   e6b7   e6b8   eeb8   f6ba   f6da   f69a   c515   82cc   40a5   48c6   48a6   48a6   50a7   50c7   58c7   58c7   58c7   58c7   58a7   58a7   58a7   58a7   60c8   60c8   60a7   5887   5887   58a7   60a7   60c8   60c8   60c8   60c7   60a7   5866   60a6   7128   89ca   a2ae   bb70   cbf2   cbf1   cbd0   c3af   cbaf   cbf0   d410   d430   d430   d42f   d42f   d42f   d42f   d42f   d42f   d42f   d42f   d42f   dc4f   dc4f   dc4f   dc50   dc50   dc4f   d430   d42f  
 a1e9   a1e9   a1e9   a1e9   a9e9   a9ea   a9ea   a9ea   a1c9   a1e9   a9e9   a9e9   a1c8   a1c7   a9e8   b228   ba89   cb0b   d34b   db6c   e3ad   e3ed   ec0d   ec4e   ec6e   ec8e   e48e   e48e   ec6e   ec6d   ec4d   ec4d   ec2d   e3ec   dbac   d36c   caeb   c28a   b22a   a9c9   9968   9147   9127   9147   9167   99a8   99c8   99e9   99e9   a209   a209   aa2a   aa0a   aa0a   aa09   aa29   aa2a   aa2a   aa2a   aa2a   aa09   aa29   aa2a   aa2a   b24a   b24a   b24a   b24a   b24a   b24a   b26a   ba8a   b26a   b28a   aa48   9a07   cb8c   f4d1   fd73   fd32   e44f   cb6d   b28a   aa28   aa29   b229   b22a   b22a   b20a   b20a   b20a   b22a   b22a   ba4a   ba4a   ba4a   ba6a   c26a   c28b   caab   cacc   cacc   caec   caec   cacc   c2cc   c2ab   baab   baab   c2ab   c2cc   c2ec   cb0c   cb0d   cb2d   cb2d   c30c   bacb   baab   b28b   b28a   baec   c34d   cb8e   d3ef   e471   ecb2   e492   e4d2   dc91   dc91   dc91   dc91   d491   d491   d4b1   d4d2   d4d2   dcf2   dd12   dd13   dd13   dd33   dd33   dd33   dd33   dd33   dd33   e533   dd53   dd54   dd54   e554   e574   e575   dd74   dd54   d533   d533   d533   d554   d554   d554   dd74   dd95   ddb5   e5b6   e5d6   e5f6   e5d6   e5d6   e5d6   e5d6   ddd6   ddd6   ddd6   ddd6   ddf6   de16   e616   de16   de16   de16   de16   de16   e616   e616   e616   e616   e616   e617   e637   e637   e637   e637   e637   e637   e658   e658   e658   de58   e678   e679   e678   ee99   ee58   ddb5   ccf2   b3ee   a34b   9aea   ab6b   c3cd   d3ee   dc0e   e40e   e40e   e3ee   e3cd   ebcd   ebce   ebce   e3ae   e3ae   db8e   cb4d   baec   a26a   89c8   7167   6126   5946   7229   8b0d   b451   d556   e5d8   edf9   e5b8   dd97   cd55   d575   ddd7   ee78   f6d9   f6d9   ee98   e677   de55   d635   de76   de96   d655   d635   de96   eeb8   ee98   ee99   f6ba   f6ba   cd35   8aed   48c5   48c6   48a6   48a6   50a7   58c7   58c7   58c7   58c7   58a7   58a7   58a7   58a7   58a7   60c8   58a7   5887   5887   5887   60a7   60c7   60c8   60c7   60a7   5886   5866   5845   68c7   8189   9a4c   b32f   cbd1   d412   cbf1   cbd0   c3af   cbcf   d410   d430   d42f   d42f   d42f   d40e   d40e   d40e   d40e   d40e   d42f   d42f   d42f   d42f   d42f   d430   d430   d430   d430   d42f   d42f  
 a1e9   a1e9   a9e9   a9e9   a9ea   a9ea   a9ea   a9ea   a9ea   a9e9   a9e9   a9e9   a9c8   a9e8   a9e8   b228   ba89   c2ea   d34c   db8c   e3cd   ebed   ec0e   ec2d   ec6e   ec8e   e48e   ec8e   ec6e   ec6d   ec4d   ec4d   ec2d   e40d   e3ac   db6c   cb0b   c2aa   b229   a9c9   9967   9147   9127   9147   9188   99a8   99c8   99e9   a209   a22a   aa2a   aa2a   aa0a   aa0a   aa09   aa09   aa0a   aa09   aa29   aa29   aa29   aa09   aa29   b24a   b24a   b24a   b24a   b24a   b24a   b26a   ba8a   ba8a   b26a   b289   a248   9a27   d3ee   fd32   fd73   ecd0   dbee   cb4c   b289   aa28   b249   b229   b209   b22a   b22a   ba2a   ba2a   ba2a   b22a   ba4a   ba4a   ba4a   ba6a   c28b   c2ab   caac   c2ab   c2ab   c2ab   c2ac   c2ac   c2ab   c2ab   c2ab   c2cb   c2cc   caec   cb0d   d34d   cb0c   c2ec   c2cb   bacb   baab   baab   bacb   baec   cb4d   d3ae   dbef   dc30   e451   e471   dc50   dc71   dc71   dc91   dc91   dc91   d4b1   d4b1   d4b1   d4b1   dcf2   e533   e533   dd13   dcf2   d4f2   dcf3   dcf2   dd13   dd33   dd33   dd33   dd33   dd33   dd54   dd54   dd54   dd54   d533   d533   d513   d533   d533   d534   d554   d554   dd54   dd74   dd95   e5b5   e5d6   e5f7   e5f6   e5d6   e5d6   e5d6   e5d6   e5d6   ddd6   ddf6   ddf6   ddf6   e616   ddf6   ddf6   ddd5   ddd5   ddf5   ddf5   ddf6   ddd5   ddd6   ddd6   e5d6   ddf6   ddf6   de16   de17   e637   e637   e638   de38   de38   d5f7   de38   e699   ee99   ee78   e637   e5f6   e5d6   d533   c490   b3cd   b3ac   bbac   c3cd   cbed   dc0e   e40e   e3ee   e3cd   e3cd   e3cd   e3cd   e3ae   dbae   d36d   baeb   a269   9208   81a8   79a8   824a   932d   bc72   cd14   e5d7   e5f8   ddb7   d576   d556   d576   ddd7   e617   ee58   f699   f6b9   ee98   e677   de56   d635   d635   d635   d635   d635   de76   e697   eed8   f6da   f6ba   f6ba   ee59   cd15   8aed   5106   4885   4886   5086   50a7   58a7   58c8   58c8   60c8   60c8   58a7   58a7   58a7   60c8   60c8   60c8   58a8   58a8   60a7   60a8   5887   5887   60a7   5866   5025   5045   6085   7948   9a2c   b2ee   c3b1   d3f2   cbf1   cbd0   c3af   cbcf   cbef   d430   dc50   dc50   dc50   d44f   d42f   d42f   d42f   d42e   d40f   d40f   d42f   d42f   d42f   d42f   d42f   d42f   d430   d430   d430   d430  
 a9e9   a9e9   a9e9   a9e9   a9ea   a9ea   a9ea   a9ea   aa0a   a9e9   a9e9   a9e9   a9e8   a9e8   a9e8   b228   ba89   c2ea   d34b   db8c   e3cd   ebed   ec2d   ec2d   ec6e   ec6e   e48e   ec8e   ec8e   ec6e   ec6d   ec6d   ec4d   ec0d   e3cd   db8c   d32b   c2aa   b229   a9c9   9968   9947   9127   9147   9988   99a8   99c8   99e9   a209   a22a   aa2a   aa2a   aa2a   aa0a   aa09   aa09   aa0a   aa09   aa29   b229   aa29   aa09   b229   b24a   b22a   b22a   b24a   b24a   b24a   ba6a   ba8a   baaa   b289   b289   aa48   a248   dc2e   fd52   fd73   ecb0   d3cd   c34c   b289   aa28   b249   aa29   aa09   b22a   b20a   b22a   ba2a   ba2b   ba2a   ba4b   ba6b   ba6b   c26b   c28b   c28b   c2ab   c2ab   c2ab   c2ab   c2ac   c2ab   c2ab   c2ab   c2cb   c2cc   caec   cb0c   cb2d   cb2d   c30c   c2cb   bacb   baab   baab   bacb   c30c   c34d   d3ae   dc10   dc30   dc50   dc50   dc30   d430   d450   d450   d471   d491   dc91   dcb1   dcd1   dcd2   dcd2   dcf2   dd13   dd13   dd13   dd13   dcf3   dcf3   d4d2   d4d2   d4f2   dcf2   dd13   e554   e554   e554   dd54   dd54   dd33   d533   d513   d533   d533   d533   dd54   dd54   dd74   dd74   dd74   dd75   dd95   ddb5   ddb5   ddb6   e5d6   e5f6   e5f6   e5d6   ddb6   ddb5   ddd5   ddd6   ddf6   ddf6   ddf6   ddf6   ddd5   ddd5   d5b4   d5b4   d5b5   ddb5   ddd5   ddd6   e5d6   ddd6   ddf6   ddf6   de17   e617   e617   e637   e638   de38   de58   de58   de58   de37   e637   e637   ee37   ee37   edd5   dd53   ccd1   c46f   c42e   c3ed   cbed   d40e   dc0e   dbee   dbee   dbee   e3ee   dbce   db8d   d36d   c34c   bb0c   aacb   a28a   926a   9aec   bc31   d535   e5d7   e5f7   ddf7   d596   d555   d576   ddd7   e618   e5f7   e617   ee58   ee78   ee78   e677   e636   de35   de35   d635   d635   d635   de56   de77   e697   e698   f6b9   f69a   f6bb   ee39   ccf5   82ad   48a5   4885   50a6   50a7   58c7   60c8   60c8   60c8   60c8   60a7   60a7   60c7   60c8   60c8   60c8   60c8   60c8   60c8   60a7   60a7   5887   5886   5886   5045   5024   5845   70e7   89ca   aacd   bb70   d3f2   d412   cbf1   cbcf   c3af   cbcf   d40f   d430   dc50   dc50   dc50   dc50   d42f   d44f   d42f   d42f   d42f   d42f   d42f   d42f   d42f   d42f   d42f   d42f   d40f   d40f   d40f   d40f  
 a9e9   a9e9   a9e9   a9e9   a9ea   a9ea   a9ea   a9ea   b20a   aa0a   aa09   a9e9   a9e8   a9e8   aa08   b228   ba89   c2ea   d34b   db8c   e3cd   ebed   ec2d   ec4d   e46d   e46e   e48e   ec8e   ec8e   ec8e   ec6e   f46e   f46e   ec2d   e3ed   db8c   d32c   c2ab   ba2a   a9c9   9968   9947   9147   9168   9988   99a8   99c9   a1e9   a209   a209   aa2a   aa2a   aa0a   aa0a   aa09   aa09   b229   b209   b209   b229   b209   aa09   b229   b24a   b24a   b24a   b24a   b24a   ba6a   ba8a   baab   baab   b289   aa69   a248   aaa9   dc6f   fd52   f552   e4af   cb8c   c32b   b289   aa48   aa28   aa08   aa09   b22a   b22a   ba2a   ba4b   ba4b   ba6b   c26b   c28b   c28b   c28b   c28b   c2ab   c2ab   c2ab   c2ab   c2ab   c2cc   c2cb   c2cc   c2cc   caec   caec   cb0c   cb0c   cb0c   c2ec   baeb   bacb   b2aa   b28a   baab   c30c   cb6e   d3af   dbef   dc30   dc30   dc30   d410   d40f   d40f   d42f   d430   d450   d470   d491   d4b1   dcd1   dcd2   d4d2   d4d2   d4d2   dcf3   dd13   e533   dd13   dcf3   dcf3   d4d2   d4d2   dcf3   e533   e554   e554   dd33   dd33   dd33   d513   d513   d513   d533   dd33   dd53   dd54   dd74   dd74   dd74   dd74   dd74   dd74   dd74   dd94   ddb5   e5d6   e5f6   e5f6   e5d6   ddd5   ddb5   ddd5   ddd6   ddd5   ddf6   ddd5   ddd5   d5b4   d594   d573   d573   d574   d594   ddb5   e5d6   e5d6   ddd6   ddf6   ddf6   e617   e617   e617   e617   e638   e638   e658   de37   d616   d5f6   ddf6   e637   ee58   f678   f657   f616   edb4   dd12   cc6f   bbed   c3cd   cc0e   d40e   d40e   d3ee   d3ee   dbee   d3ce   cbad   cb8c   bb4c   bb4c   bb6d   bbae   c431   d4d4   e596   edf7   ee18   e5f7   ddd6   d5b6   ddb6   e5f7   ee38   ee59   ee58   ee58   ee58   ee57   ee57   e657   e636   de36   de15   de15   de15   de56   e676   e697   e697   e678   ee79   f69a   febb   ee39   ccd5   7a6b   4064   4865   50a6   58a7   60c8   60e8   68e8   68c8   60c8   60a8   60c8   60a7   60a7   5887   58a7   60a8   60c8   60e8   68e8   68e8   60c8   60a7   6086   5865   5886   68c6   8189   a26c   bb4f   cbd1   dc32   d432   cbd0   c38f   cbcf   cbef   d430   dc50   dc50   dc50   dc50   dc50   d44f   d44f   d44f   d44f   d44f   d44f   d44f   d44f   d42f   d42f   d42f   d40f   d40f   d40f   d40f   d40f  
 a9e9   a9e9   a9e9   a9e9   a9ea   a9ea   a9ea   a9ea   b20a   aa0a   aa09   aa09   a9e8   a9e8   aa08   b248   baa9   c30a   d34b   db8c   e3cc   ebed   ec2d   ec4d   e46d   e46e   e48e   ec8e   ec8e   ec8e   ec8e   f46e   f46e   ec2d   e3ed   db8c   d32c   c2cb   ba29   a9c9   9968   9947   9147   9968   9988   99a8   99c9   99e9   a209   a209   aa2a   aa2a   aa2a   aa0a   aa09   b20a   b229   b209   b209   b209   b209   aa09   b209   b22a   b229   b229   b229   b24a   b26a   ba6a   ba8a   baaa   b289   a248   a227   bb0a   e4b0   fd73   f531   dc6e   c38b   c32a   aa88   aa48   aa28   aa28   aa08   b229   ba2a   ba2a   ba4b   ba4b   ba6b   c26b   ba6b   c28b   c28b   c28b   c28b   c28b   c28b   c2ab   c2ac   c2cc   caec   caec   caec   cb0c   caec   c2ec   c2cb   c2cb   c2cb   bacb   b2aa   b28a   baab   c30c   d38e   dbef   dbf0   dc10   dc10   d3ef   d3ef   cbef   cbef   cbef   cbef   cc0f   d430   d450   d470   d491   dcb1   dcd2   d4b2   d4d2   dcd2   dcf3   e513   e533   e513   dcf3   dcf3   dcf2   dcf2   dd13   e534   e554   e533   dd13   dd13   d4f2   d4d2   d4f2   d4f2   d533   dd53   dd54   dd53   dd54   dd74   dd74   dd74   dd74   dd74   dd74   dd94   dd95   ddb5   ddb5   ddb5   ddb5   ddd5   e5f6   e5f6   ddf6   ddd5   ddd5   ddb4   d594   d573   cd53   cd53   cd53   d574   d594   ddd5   e5d6   e5d6   ddd6   ddf6   ddf6   e5f6   e5f7   e5f7   e5f7   de17   de17   d5f7   d5f6   d5d6   d5d6   ddf6   e617   ee37   ee58   fe77   fe57   f616   e574   d4b1   c42e   c40e   cc2e   d44f   d42e   cc0e   cbed   cbcd   cbcd   cbcd   cbee   cc0e   cc50   d4b1   dd13   ed76   edd7   e5b7   dd95   dd96   ddb6   ddd6   e617   e637   ee58   ee58   e618   ee58   ee58   ee37   e637   e636   e636   e636   e656   de15   de15   de35   de56   e657   e677   e677   e678   ee79   fe9a   febb   ee19   c494   720a   4044   5086   5086   58a7   58a7   60c8   60c8   68c8   60c8   60c8   60c8   60a7   5887   5866   5867   5887   60a8   60c8   68c8   68e8   60a7   5866   5866   6066   68a6   7928   9a4c   b30e   cbb1   d432   dc52   d411   cbcf   c3af   cbcf   cc0f   d430   dc50   dc50   d44f   d44f   dc50   d44f   d44f   d42f   d42f   d42f   d42f   d42f   d42f   d42f   d42f   d40f   d40f   d40f   d40f   d40f   d40f  
 a9e9   a9e9   a9e9   a9e9   a9ea   a9ea   a9ea   a9ea   aa0a   a9e9   aa09   aa09   aa08   aa08   b229   b249   c2c9   cb2a   db6c   e3ac   e3cd   ec0d   ec2d   ec4d   ec6e   ec6d   ec8e   ec8e   ec8e   ec8e   ec6e   ec6e   f44d   ec2d   e3cc   db8c   d32c   cacb   ba4a   a9c9   9967   9947   9147   9968   99a8   99c9   99c9   99e9   a209   aa09   aa2a   aa2a   aa2a   aa0a   aa0a   b20a   b209   b209   b209   b209   b209   b209   b209   b229   b229   b229   b229   b229   b249   b24a   b26a   b269   b289   a207   9a27   c36b   ecd0   fd93   ed10   d44d   c38b   c32a   aa88   aa48   b249   b249   aa08   b209   b209   b20a   ba2a   ba2a   ba2a   ba2a   ba2a   ba4a   ba6b   ba6b   ba6b   ba6b   ba8b   c28b   c2ab   c2ab   c2ec   c2ec   c2ec   c2ec   c2cb   baab   ba8a   b28a   baab   b2ab   bacb   baeb   c32c   cb6e   dbcf   dbf0   d3cf   d3cf   d3ce   d3cf   d3ef   cbef   cbcf   cbce   cbce   cbef   d42f   d450   d470   d491   dcb1   dcd2   dcd2   dcd2   dcd2   dcf2   dcd2   dcd2   dcd2   dcd2   dcd2   dcf2   dd13   e513   e533   dd13   dd13   dcf3   d4d2   d4d2   d4d2   d4d2   d4f2   dd13   dd53   dd54   d533   dd53   dd53   dd73   dd54   dd53   d553   d553   d553   d574   dd74   dd74   d574   dd94   ddb5   e5f6   e5f6   e5f6   ddd5   ddb4   d574   d553   cd33   cd33   d553   d574   dd94   ddb5   ddd5   ddd6   ddd6   ddd6   ddd6   ddd6   ddd6   ddd6   e5d6   ddd6   ddd6   ddf6   d5d6   d5f6   d5f6   d5f6   d5d6   ddd6   ddf6   e616   f637   f637   f636   edd5   dd33   cc90   c42f   c40e   c40e   cc0e   cc0e   c3ed   c3cd   c40e   d44f   d490   e532   edb4   f5f6   edb5   e595   e596   e5b6   ddb6   ddd6   e5f6   e617   e637   e657   e657   e637   ddf7   e637   e617   e5f6   ddf6   ddf6   e616   e636   e636   de15   e636   e636   e656   e657   e677   ee78   ee98   ee79   fe9a   febb   e5d8   b412   69a9   4024   50a6   58a7   58a7   58a8   60a8   60a8   60a8   60c8   60c8   60a7   6087   5867   5046   5046   5867   6087   60a8   60c8   60c8   6087   5866   6066   68a7   7948   89ea   b30e   c390   d411   d432   d432   d410   cbef   cbef   cbef   d42f   d450   dc50   d44f   d42f   d42f   d44f   d42f   d42f   d42f   d42f   d42f   d42f   d42f   d42f   d42f   d42f   d42f   d42f   d42f   d42f   d42f   d42f  
 aa0a   aa0a   a9e9   a9e9   a9ea   a9ea   a9ea   a9ea   a9ea   a9e9   aa09   aa09   aa08   b208   b229   ba69   c2c9   cb2a   db6b   e3ac   e3cd   ec0d   ec2d   ec4d   ec6e   ec8e   ec8e   ecae   ec8e   ec8e   ec6e   ec6d   ec4d   ec0d   e3cc   db8c   db4c   cacb   ba4a   a9c9   9967   9947   9947   9968   99a8   99c9   99c9   99e9   a1e9   aa09   aa2a   aa2a   b22a   aa0a   b20a   b20a   b209   b209   b209   b209   b209   b209   b209   b229   b24a   b24a   b24a   b24a   b26a   b26a   b249   aa48   b269   99e6   a247   d3ed   f531   fd92   e4f0   d42d   c38b   c32a   b2a9   aa48   b269   b249   aa08   aa08   b229   b22a   ba2a   ba2a   b20a   b20a   b229   b24a   ba4a   ba4a   ba4a   ba6b   ba8b   ba8b   baab   ba8b   baab   baab   c2ab   bacb   baab   baab   ba8a   b28a   b2aa   baeb   c32c   cb6d   d3ae   dbcf   dbcf   d3ae   cbae   cbae   cbae   d3ef   d40f   cbef   cbce   cbce   cbee   cc0f   d430   d450   d470   dc91   dcb2   dcf2   e513   e4f3   dcd2   d491   cc71   cc71   d492   dcd2   e513   e534   e534   e534   dcf3   d4d2   d4b2   d4b2   d4d2   d4d2   d4f2   d4f2   d4f2   d513   d533   dd33   d533   d553   dd53   dd53   d553   d533   d533   d533   d533   d553   d574   dd74   dd94   dd95   ddb5   e5d5   ddb5   ddb5   dd94   d574   d573   d553   cd53   cd53   d574   d594   ddb5   ddd5   ddd6   ddd6   ddd6   ddd6   ddd6   ddd6   ddb6   ddb6   ddd6   ddd6   ddd6   ddd6   ddf6   ddf7   de16   d5d6   d5b5   d595   dd95   ddb5   edd6   edf6   f616   f5f6   ed94   d4f2   cc4f   bbed   b38c   bbcd   c40e   cc4f   d490   dcd1   e532   ed93   edd4   ee15   ee16   e5d5   dd95   dd95   e5d6   e5f6   e616   e637   e657   e657   e637   de36   de16   ddf6   ddf6   ddf6   ddf6   ddf5   ddf6   de16   e636   e636   e636   e656   e656   e657   e657   e677   ee98   f6b9   f679   f67a   fe9b   d576   9b4f   6148   4044   50a6   58e8   58c8   60a8   60a8   60a8   60a8   60a7   60a7   6087   6087   5866   5866   5867   5887   60a8   60a8   68c8   68c8   60a7   6087   70e8   7949   91eb   aaad   c370   cbd0   cbf1   cbf0   d410   cbf0   cbef   d430   d42f   d42f   d450   d450   d44f   d42f   d42f   d44f   d44f   d44f   d42f   d42f   d42f   d42f   d42f   d42f   d42f   d42f   d42f   d42f   d42f   d42f   d42f   d42f  
 aa0a   aa0a   aa0a   aa0a   a9ea   a9ea   a9ea   a9ea   aa0a   a9e9   a9e9   b209   aa08   aa08   b229   ba69   c2c9   cb2a   db6b   e3ac   e3cd   ec0d   ec2e   ec4e   ec8e   ec8e   ecae   ecae   ec8e   ec8e   ec8e   f46e   f46e   ec2d   e3cc   db8c   db4c   cacb   ba4a   a9c9   9967   9947   9947   9968   99a9   99c9   99c9   99c9   a1e9   aa0a   aa2a   b22a   b22a   b22a   b20a   b20a   b209   b209   b209   b209   b209   b1e8   b209   b229   ba4a   b24a   ba4a   ba6a   ba6a   ba6a   b249   aa28   aa28   99e6   aaa8   ecb0   fd72   fd72   dcaf   d42d   cb8b   c34b   bac9   b268   b269   b249   aa29   b209   ba2a   ba2a   ba2a   ba2a   b229   b229   ba2a   ba4a   ba4a   ba6b   ba8b   ba8b   c2ab   c2ab   baab   ba8b   ba8a   ba8a   baab   baab   baab   bacb   bacb   baeb   baeb   c34d   d38e   dbcf   dbef   dbef   d3af   cb8e   cb8e   cb8e   cbae   d3ef   cbef   cbef   cbef   cbef   d40f   d42f   dc70   dc70   d470   d470   dc91   dcb1   e4f2   dcd2   dcb2   d491   d471   d471   dcb2   dcd3   e534   e534   e533   dcf3   d4d2   cc91   cc91   cc91   d4d2   d4f2   dd13   dd13   d512   d512   d512   d512   d533   d532   d533   d533   d532   d532   d533   d533   d533   d553   d573   dd74   dd94   dd94   dd94   d574   d554   d554   d574   d574   d574   d574   d573   d573   d574   d594   dd94   ddb5   ddb5   ddd6   ddd6   ddd6   ddb6   ddb6   ddb6   ddb6   ddb6   ddb6   ddd6   ddd6   ddf6   ddf6   d5f6   d5d5   d595   d575   d574   d574   e575   e595   edb5   edb5   ed94   dd33   ccb1   c44f   b3ed   c42e   cc90   dd12   e553   ed94   edb4   edf5   e5d4   ddd4   ddd4   ddd5   e5d6   e5f6   e5f7   ddf6   e5f6   e637   e657   e657   de36   de36   d616   d5f6   ddf6   de16   de16   de16   e636   e636   e636   e656   e636   e636   e657   e657   e657   ee78   ee98   ee99   f679   f65a   f65a   ccf5   828c   5107   4885   50a7   60e8   60e8   60c8   60a8   60a8   5887   5887   5887   6067   6086   5866   5887   5887   6088   60a8   60c8   60a8   60c8   60a7   68c7   7949   89cb   a26d   bb2f   c390   cbd0   cbd0   cbd0   cbf0   cbef   cbef   d430   d450   d450   d450   d44f   d450   d44f   d44f   d450   d450   d450   d44f   d44f   d42f   d42f   d44f   d44f   d42f   d42f   d42f   cc2f   cc2f   cc2f   cc2f   cc2f  
 aa0a   aa0a   aa0a   aa0a   aa0a   aa0a   aa0a   aa0a   aa0a   a9e9   b209   b209   aa08   aa08   b229   ba49   c2a9   cb0a   db6b   e3ac   e3cd   ec0d   ec4e   ec6e   ec8e   ec8e   ecae   ecae   f4ae   ecae   f48e   f48e   f46e   ec2d   e3ed   e3ac   db4c   caeb   ba4a   a9c9   9947   9947   9947   9968   99a9   99a9   99c9   99c9   a1e9   aa09   aa2a   b22a   b22a   b22a   b22a   b20a   b209   b209   b209   b209   b209   b1e8   b1e9   b229   b249   b249   b249   ba6a   ba6a   b24a   aa29   aa08   a208   9a07   b30a   f532   fd93   f572   dc8e   d42d   cb8b   c36b   baea   b289   b269   b248   b208   b229   ba29   ba2a   ba2a   b209   b209   b229   b24a   ba4a   ba8b   c28b   c2ac   c2cc   c2cc   c2cc   c2ab   ba8b   ba8b   ba8b   baab   baab   c2cb   c2ec   c30c   c30c   cb4d   d38e   dbef   dbef   dbcf   d3cf   d3ae   cb8e   cbae   cbae   cbce   cbcf   cbae   c3ae   cbef   d430   dc50   dc70   dc91   dc71   d450   d450   d450   d470   d491   dc91   dc92   dc92   dc92   dcb2   dcd3   dcd3   dcd2   d4d2   d4b2   d491   cc91   cc91   cc91   ccb1   d4d2   dd13   e534   dd33   dd13   d4f2   d4f2   d4f2   d4f2   d512   d512   d512   d532   d532   d553   dd53   dd53   d553   d553   d553   d553   d533   cd33   cd33   cd13   d533   d553   d574   dd74   d574   dd74   d574   d574   d554   d554   d594   ddb5   ddb6   ddb5   ddb5   dd95   dd95   dd95   dd95   dd95   dd95   dd95   d5b5   d5b5   d5b5   d5b5   d5b5   d595   d594   d554   d534   dd74   e574   e574   e574   e574   e553   dd12   d4f1   d4f2   dd12   e553   edb4   edd5   edd5   e5b4   dd94   ddb3   ddd4   ddf5   ddf5   ddd6   ddf6   e617   e657   ee57   ee77   e657   e636   de36   de36   de36   de16   de16   de16   e637   e637   e657   e657   e657   e636   e636   e636   e636   e637   ee58   ee78   ee78   ee78   f69a   f659   f639   c4b4   722b   50e6   48a6   50c7   58e7   58c8   60c8   58c8   58a8   5887   5887   5886   5866   5866   5866   6087   60a7   60a8   60c8   68c8   68e9   6909   7109   7949   89cb   a26d   bb0f   cbb1   cbb0   cbd0   cbd0   cbf0   d410   cc10   cc0f   d450   dc70   dc70   d44f   d44f   d450   d450   d450   d450   d44f   d44f   d42f   d42f   d42f   d42f   d42f   d42f   d42f   d42f   d42f   cc2f   cc2f   cc2f   cc2f   cc2f  
 aa0a   aa0a   aa0a   aa0a   aa0a   b20a   b20a   b20a   b20a   b1ea   b1ea   b20a   b209   b209   b229   ba69   c2a9   cb0a   db6b   e3ac   e3cd   ec0d   ec4e   ec6e   ec8e   ec8e   ecae   ecce   f4ce   f4ae   f48e   f46e   f46e   ec4e   ebed   dbac   d34c   cacb   ba4a   a9c8   9967   9947   9947   9968   99a9   99a9   99c9   99c9   a9e9   aa09   aa09   aa2a   aa0a   aa0a   b20a   b20a   b209   b209   b1e9   b1e9   b1e9   b1e9   b209   b209   b229   b249   ba4a   ba4a   ba4a   ba6a   b249   aa08   99e7   a248   bb4b   fd53   fdd4   f551   dc8e   d40c   cbcc   cb8b   c30a   b289   b248   b249   b249   b229   b229   b209   b209   b229   b22a   ba4a   ba6b   ba6b   ba6b   c2ac   cacc   c2cc   c2ac   c28b   c2ab   c2cb   c2ab   baab   c2ab   c2cb   c2ec   cb0c   cb2d   cb2d   cb6e   d3af   dbcf   d3af   d3ae   d3ae   d3ae   cb8e   d3cf   cbae   cbae   cbae   cbce   cbce   cbcf   cc0f   d450   dc70   dc70   dc70   d450   d450   d450   d430   dc91   dc91   dcb2   e4d2   e4f3   e4f3   e4d3   dcb2   d471   cc70   cc50   cc50   d471   d4b1   d4d2   dcd2   e513   dd13   e533   dd33   dd13   dd12   d4f2   d4d1   d512   d4f2   d4f2   d4f2   d512   d532   dd33   dd53   d533   dd53   dd53   d553   d512   ccf1   cd12   d532   d553   d554   d554   d574   dd74   dd74   dd94   dd94   dd74   dd74   dd74   dd95   ddb5   ddb5   ddb5   dd95   dd75   dd75   d555   d575   d575   d595   d595   d595   d595   d594   d574   d574   d574   d574   d554   d534   d533   dd33   dd34   dd54   e574   e574   e594   e594   edb5   edb5   edb5   edb5   e5b4   e5b4   dd94   dd94   ddb4   ddd5   ddf5   ddf5   e616   e616   de16   de16   e637   e637   e637   e637   e637   e637   e637   de36   e637   de36   e637   e657   e636   de16   ddf6   e616   e5f6   e616   e617   ee57   ee78   ee78   ee98   ee78   feba   fe9a   e5d8   b452   6188   50c6   4865   50a7   58c7   58c8   60c8   60c8   60c8   58a7   5887   5866   5887   5867   5867   60a8   68c8   60c8   60a8   60a8   68e8   7129   818a   89eb   a26d   b30e   c390   cbb0   cbb0   cbd0   cbd0   cbf0   d410   d410   d430   d430   dc70   dc70   d470   d450   d450   d450   d450   d450   d450   d450   d42f   d42f   d42f   d42f   d42f   d42f   d42f   d42f   d42f   d42f   d42f   d42f   d42f   d42f  
 aa0a   aa0a   aa0a   aa0a   aa0a   aa0a   b1ea   b1ea   b1ea   b1ea   b1ea   b1ea   b1e9   b209   b229   ba69   c2a9   cb0a   d36b   dbac   e3cd   ec0d   ec4e   ec6e   ec8e   ec8e   ecae   ecce   f4ae   f4ae   f48e   f48e   f46e   ec2e   e3ed   db8c   d34c   cacb   ba49   a9c8   9967   9947   9947   9968   9989   99a9   99c9   a1c9   a1e9   aa09   aa09   aa2a   aa0a   aa09   b209   b20a   b209   b209   b1e9   b1e9   b1e9   b1e9   b1e9   b209   b229   b249   b229   b229   b22a   ba4a   b229   a208   99e8   aa89   c38c   fd93   fdd4   f551   dcae   d44d   d3cc   cb8c   c32a   bac9   b289   ba89   ba69   ba49   b229   b209   b209   b229   ba4a   ba6a   ba6b   ba6b   ba6b   ba8c   c2ac   c2ac   c2ab   c28b   c2ab   c2ab   c2ab   c2ab   c2ab   baab   baab   c2ec   cb2d   d38e   d38e   d38e   d38e   cb8e   cb8e   cb8e   cbae   cbae   cb8d   c36d   c38e   cbae   cbcf   d3ef   d40f   d3ef   d40f   d42f   d450   d450   d430   d430   d450   d450   dc91   dc91   dc92   dcb2   dcb2   dcb2   dcb2   dcb2   d450   d470   d470   d491   dcb1   dcd2   dcf2   dcf2   dcf2   dcf2   dcf2   dcf2   dcf2   dcf2   dcf2   dcf2   d4f2   d4f2   d4f2   d512   d512   dd32   dd33   dd33   dd53   dd73   dd53   d533   d512   cd12   d512   d533   dd74   dd74   dd74   dd74   dd94   dd95   dd95   dd95   dd95   dd95   dd95   dd95   dd95   dd95   dd95   dd75   dd55   dd55   d554   d534   d554   d554   d574   d595   d595   d574   d554   cd54   cd53   cd53   cd33   cd13   d513   d513   dd34   e554   e595   e595   edb5   edb5   edb5   e5b5   e594   e594   dd94   dd94   ddb4   ddd5   e616   e636   e636   e636   e616   de16   de16   de16   e636   e636   e636   e636   e617   e616   de16   de16   de16   de16   de36   e657   e637   e616   ddd6   ddd5   ddd6   e5f6   e5f6   e617   e637   ee57   ee78   f698   fe9a   fe9b   d535   a38f   5106   4885   4865   50a7   50a7   58a7   58a8   60c8   60c8   60c7   58a7   5886   5887   5867   5887   60c8   68e8   60c8   60a7   60c7   68e8   794a   89cc   9a6d   b2ee   c370   cbd1   d3f1   cb8f   cbaf   cbf0   d3f0   d410   d410   d430   d430   d470   d470   d470   d44f   d450   d450   d450   d450   d450   d450   d42f   d42f   d42f   d42f   d42f   d42f   d42f   d42f   d42f   d42f   d42f   d42f   d42f   d42f  
 aa0a   aa0a   aa0a   aa0a   aa0a   aa0a   b1ea   b1ea   b1ea   b1ea   b1ea   b1ea   b1e9   b1e8   b229   ba49   baa9   c30a   d34b   dbac   e3cd   ec0d   ec4e   f46e   ec8e   ec8e   ecae   ecce   f4ae   ecae   f48e   f48e   f46e   ec2e   e3ed   db8c   d34c   cacb   ba49   a9c8   9967   9947   9947   9968   9989   99a9   99c9   a1c9   a1e9   aa09   aa09   aa09   aa09   aa09   aa09   b209   b209   b209   b1e9   b1e9   b1e9   b1e9   b1e9   b209   b229   b249   b229   b209   b229   b22a   aa29   a208   99e7   b2aa   cbee   fdb4   fdb3   f531   e4af   dc6e   d3ec   cbac   c34b   baea   bac9   c2aa   c2aa   c28a   ba49   ba29   b209   b229   ba4a   ba6a   b26a   b24a   b22a   ba4b   ba6b   c28b   c2ab   c2ab   c2ab   c2ab   c2ab   c2ab   c2cb   c2cb   c2ec   cb2d   d38e   dbcf   d38e   d38e   cb6e   cb8e   cb8e   cb8e   cb8e   cb8e   c34d   c36d   c38e   cbae   d3ef   dc30   dc30   cbef   cbee   cbef   cc0f   cc0f   cc0f   d430   d470   dc91   e4b2   e4b2   dc92   dc71   d451   d451   d471   d491   d470   d491   dcb1   dcd2   dcf2   e4f2   e4f2   dcf2   dcd1   dcd1   d4d1   dcd1   dcd2   dcf2   dd12   dd12   d4f2   d4f2   dcf2   dd12   dd12   d512   d512   d512   dd32   dd33   dd33   dd53   dd53   dd53   dd53   dd73   dd54   dd54   dd54   dd74   dd74   dd74   e595   e595   e595   e595   e595   dd95   dd75   dd74   d554   d554   dd54   d554   d534   cd33   cd13   cd34   d574   d595   d595   d574   cd33   cd13   cd12   cd12   cd12   cd13   d513   d533   dd53   dd74   e574   e595   e595   e595   e594   e594   e594   e5b4   e5d5   e5f5   ee16   ee36   ee57   ee57   e637   e636   e636   de16   de16   de16   de16   de16   de16   de16   de16   de16   e616   de16   e637   de36   de16   e616   ddf6   ddd5   d595   d594   dd95   ddd6   e617   e617   e617   e637   ee78   f699   f679   fe5a   b452   828b   48a5   4064   4885   5086   5087   5087   58a7   60c8   60e8   60e8   58a7   5886   5887   5887   60a8   60e8   68e8   60a7   5866   5866   68c8   7949   920c   aace   c370   cbd1   d3d1   d3d0   c38f   cbaf   cbf0   d410   d430   d430   d430   d430   d450   d450   d450   d450   d450   d450   d450   d450   d450   d450   d42f   d42f   d42f   d42f   d42f   d42f   d42f   d42f   d42f   d42f   d42f   d42f   d42f   d42f  
 aa0a   aa0a   aa0a   aa0a   aa0a   aa09   a9ea   a9ea   b1ea   a9ca   b1ea   b1ea   b1e9   b1e8   b229   ba49   ba89   c30a   d34b   db8c   e3cd   ec0d   f44e   f46e   ec8e   ec8e   ecae   ecae   f4ae   ecae   f48e   f46d   ec4e   ec2d   e3ed   dbac   d34c   cacb   ba49   a9c8   9967   9947   9947   9968   9989   99a9   99c9   a1c9   a1e9   aa09   aa09   aa09   aa09   aa09   aa09   aa09   b209   a9e9   b1e9   b1e9   b1e9   b1e9   b1e9   b1e9   b229   b229   b209   b209   b229   b22a   aa09   a1e8   99e7   b2ca   d40e   fdb4   fd93   ed31   e4cf   dc8e   dc0d   d3cc   cb6b   c32a   c30a   c2ea   c2cb   c2ca   c28a   ba4a   b229   b229   b22a   b24a   b24a   b22a   b20a   b24b   ba8b   c2ac   c2ac   c2ab   c2ab   c2cb   c2ab   c2ab   c2cb   cb0c   d36e   dbaf   dbaf   dbaf   d38e   cb6e   cb6d   d38e   cb8e   c34d   c34d   c34d   cb6d   cbae   d3cf   cbcf   d3ef   dc30   dc30   cbef   c3ae   c3ce   cbee   cbef   cc0f   d430   dc71   dcb1   e4d2   e4b2   dc71   d450   cc30   cc30   cc50   d450   dcb1   dcd2   e4f2   e4f2   e4f2   dcd2   dcd2   dcd2   dcb1   dcd1   dcd1   dcd1   dcd1   dcf2   dcf2   dcf2   d4d1   d4d2   d4d2   d4f2   d4f2   d4f2   d4f2   d4f2   d4f2   d512   dd32   dd53   dd53   dd53   dd53   dd53   d533   d513   d533   d533   dd34   dd54   dd74   dd74   dd75   dd95   dd75   dd54   d534   d533   d534   dd54   dd54   d534   d513   cd13   cd13   d534   d554   d574   d554   cd33   cd13   c4f2   c4f2   ccf2   cd13   d533   dd53   dd53   dd54   dd54   dd54   dd54   dd54   dd74   dd74   e594   e5d5   edf6   ee16   ee57   ee37   ee57   e636   e616   e616   de16   de16   de16   de16   de16   de16   de16   de16   de16   de16   de16   e637   e637   e636   e636   e637   e616   ddd5   d574   cd54   cd33   d554   dd95   e5f6   ee17   e617   e617   ee57   f678   ee38   edf8   9b4e   61a8   4064   4064   50a6   5066   5086   5067   5887   58a8   60e8   60e8   58a7   5886   5867   5867   60a7   68e8   68e8   60a7   5866   5866   68c8   796a   9a4d   b330   cbb1   cbd1   cbb0   c38f   c38f   cbaf   d3f0   d431   d431   d450   d450   d450   d450   d450   d450   d450   d450   d450   d450   d450   d450   d450   d42f   d42f   d42f   d42f   d42f   d42f   d42f   d42f   d42f   d42f   d42f   d42f   d42f   d42f  
 aa0a   aa0a   aa0a   aa0a   aa09   a9e9   a9e9   a9e9   b1ea   a9ca   a9ca   b1e9   a9e9   b1e8   b208   ba49   ba89   c30a   d34b   db8c   e3cd   ec0d   f44e   f48e   ec8e   ec8e   ecae   ecae   ecae   ecae   ec8e   f46d   ec4e   ec2d   e3ed   dbac   d34c   cacb   ba49   a9c8   9967   9947   9947   9968   9989   99a9   99c9   a1c9   a1e9   aa09   aa09   aa09   aa09   aa09   aa09   aa09   a9e9   a9e9   b1e9   b1e9   b1e9   b1e9   b1e9   b1e9   aa08   aa29   b209   b209   b22a   b24a   aa09   a1e7   99c7   b2ea   d42e   fd93   fd72   ed30   e4cf   dc8e   dc2d   d3ed   d3ac   cb6b   cb4b   cb0b   caea   caea   cacb   c26a   ba29   b209   b209   b229   b24a   b22a   b22a   ba6b   c2ac   c2cc   baab   ba8b   ba8b   ba8b   c2ab   c2ec   cb0d   d34d   d38e   db8e   db8e   d38e   d38e   cb6e   cb6d   cb6d   c34d   bb0c   bb0c   c34d   cbae   d3ef   dc0f   d3cf   d3cf   d3ef   d3ef   cbcf   cbce   cbce   cbef   cc0f   d40f   d430   d450   dc71   e4b2   dc71   d430   cc0f   cc30   d450   d471   d471   dcb1   dcd2   e4d2   dcd2   dcb2   dcb1   dcb1   dcb1   dcb1   dcd2   dcd2   dcd2   dcd1   d4b1   d4b1   d4d1   d4b1   d4b1   d4b1   d4b1   d4d1   d4d1   d4f1   dcf2   dd12   dd12   dd12   dd12   dd12   dd32   dd12   d512   d513   d533   d533   d533   dd34   dd54   dd54   dd74   dd54   dd54   dd54   d534   d513   d513   d534   dd54   dd54   d533   d513   d513   d513   d533   d533   cd33   cd13   cd12   ccf2   c4d2   ccf2   cd12   d533   d553   dd54   dd53   dd54   dd54   dd54   dd74   dd74   dd74   e5b5   e5d5   e5f6   ee16   ee37   e636   e5f6   ddf5   ddf5   ddf5   ddf5   ddf6   de16   de16   de16   de36   de16   de36   de36   de16   de16   de16   de16   e617   ddf6   e616   e637   e616   dd95   cd33   c4f2   c4d2   cd13   d554   dd95   e5b6   e5d6   e5f6   e617   ee38   f618   dd56   828b   50e6   4044   4865   58c7   5086   5087   5887   5887   58a8   60c8   60c8   58a7   5866   5866   5867   60a7   68e8   6908   68e7   68e8   6908   7949   89ec   aacf   c391   cbf2   d3f1   cbb0   c38e   cb8f   cbcf   d3f0   d430   d430   d450   d450   d430   d450   d450   d450   d44f   d44f   d450   d450   d450   d450   d450   d42f   d42f   d42f   d42f   d42f   d42f   d42f   d42f   d42f   d42f   d42f   d42f   d42f   d42f  
 aa0a   aa0a   aa0a   a9e9   a9e9   a9e9   a9e9   a9e9   a9ca   a9ca   a9c9   a9c9   a9e9   b1e8   b229   ba69   baa9   c30a   d34b   db8c   e3cd   ec0d   f44e   f48e   ec8e   ec8e   ecae   ecae   ecae   ec8e   ec6d   ec6d   ec4e   ec2d   e3ed   dbac   d34c   caeb   ba4a   a9c8   9967   9947   9947   9968   9989   99a9   99c9   a1c9   a1e9   aa09   aa09   aa09   aa09   aa09   aa09   aa09   a9e9   a9e9   b1e9   b1e9   b1e9   b1e9   b1e9   b1e9   aa08   aa29   b209   b229   ba4a   ba4a   aa09   99c7   91a6   b2ea   dc2f   fd93   fd72   f530   e4ef   dc8e   e44e   dc2d   d3cc   d3ac   d36b   cb2b   cb0b   cb0b   cacb   c28a   ba29   b208   b209   b229   b24a   b24a   ba6b   c2ac   cacc   c2ac   ba6b   b24a   b24a   ba8a   c2ec   d34d   db8e   d38e   d34d   cb2d   d34e   db8f   d3ae   d38e   cb6d   c34d   c30c   c30c   c34d   cb8e   d3cf   d3ef   dbef   d3cf   cbae   cbae   d3cf   d3cf   cbef   d40f   d40f   d40f   d40f   cc0f   d40f   d40f   d430   cc0f   cc0f   cc0f   d450   dc91   dcb2   dcb2   dc91   dc91   dc91   dc91   d491   d491   d491   dc91   d491   dcb1   dcd2   dcd2   d4b1   d491   d491   d491   d491   d490   d490   d490   d490   d4b1   dcd1   dcf2   dcf2   d4f1   d4d1   d4d1   d4d1   d4f1   dcf2   dd12   dd33   dd33   dd34   dd34   dd34   dd54   dd54   dd54   dd34   dd34   dd14   d513   d4f3   d4f3   d514   dd54   dd34   d513   d4f3   d4f2   ccf3   ccf2   ccf2   ccf2   ccf2   ccf2   ccf2   cd12   cd12   d533   dd74   dd94   dd74   dd74   dd74   dd74   e594   e5b5   e5b5   e5d5   e5f6   e5f6   e5f6   e5f6   e5f6   ddf6   ddf6   ddf6   ddf6   ddf5   ddf5   de16   de16   de36   de36   de36   de36   de36   de37   de16   ddf6   ddf6   ddf6   e616   ee57   ee37   e5f6   d574   c4d2   bc91   bc91   bc91   ccf3   ccf3   cd13   d534   d575   ddd6   e5f7   ee18   edd8   bc52   69c9   4084   4044   5086   6108   58c8   58a8   58a7   5887   5887   60a7   60a7   5887   5886   5887   5887   60a7   68e8   6908   6907   7128   7949   920c   a28e   bb50   cbd2   d3f1   cbf1   cbaf   c38e   cbaf   cbef   d410   d430   d430   d430   d430   d430   d450   d450   d450   d450   d44f   d450   d450   d450   d450   d450   d42f   d42f   d42f   d42f   d42f   d42f   d42f   d42f   d42f   d42f   d42f   d42f   d42f   d42f  
 a9ea   a9ea   a9e9   a9e9   a9e9   a9e9   a9e9   a9e9   b1ea   a9ca   a9c9   a9c9   a9e9   b1e8   b229   ba69   c2a9   c30a   d34b   db8c   e3cc   ec0d   f44e   f48e   ec8e   ec8e   ecae   ecae   ec8e   ec8e   ec6d   ec6d   ec4e   ec2e   ebed   e3ac   db4c   caeb   ba4a   a9c9   9967   9947   9947   9968   9989   99a9   a1c9   a1c9   a9e9   aa09   aa09   aa09   aa09   aa09   aa09   aa09   a9e9   a9e9   b1e9   b1e9   b1e9   b1e9   b1e9   b209   b229   b229   b209   b209   b22a   b24a   aa09   99c7   91a6   bb0b   dc6f   fdb3   f552   ed30   e4ef   dc8e   e46d   dc2d   dbec   dbcc   d3ab   d36b   d32b   d32b   caca   c28a   ba49   b208   b209   b229   b24a   b24a   ba6b   c28c   c2ac   c28b   ba6b   ba6a   baab   c2ec   d34d   d36e   db8e   d36e   cb2d   cb2d   d34e   d38f   d38e   d38e   cb4d   c32c   c32c   cb4d   cb8e   d3cf   d3af   d3cf   d3cf   cbae   cb8e   cb8e   cbae   cbae   d3ef   d40f   d410   d410   d40f   cbef   cbef   cbef   cbef   cbef   cc0f   d430   dc71   dc91   dcb2   dcb2   dc71   d471   d471   d471   d471   d471   d491   d491   d471   d491   dcb2   dcb2   dcb1   d491   d491   d491   d4b1   d491   d470   cc70   d470   d490   d491   d4b1   d491   d491   d4b1   d4b1   d4b1   d4d1   dcf2   dcf2   dd13   dd13   dd13   dd34   dd34   dd34   dd34   dd34   dd14   dd34   dd13   d4f3   d4d3   ccf3   d4f3   d513   dd13   dd13   d513   ccf2   ccb2   c4b1   ccd1   ccd2   ccf2   cd12   d533   d533   d553   d554   dd74   dd94   dd94   e594   e5b5   e5d5   edd6   edf6   edf6   ee16   e5f6   e5f6   ddd6   ddd6   ddd6   ddf6   ddf6   de16   ddf6   ddf5   ddf5   de16   de36   de36   de36   de16   de16   de36   e637   de16   ddf6   ddf6   e616   e617   f678   ee17   d574   c4b2   bc50   bc70   c491   c4b2   ccd2   c4b2   c491   c4d2   d554   e5b6   e5f7   edf7   ccf4   92ed   50e5   4043   4865   58c7   60e8   60c8   60c8   60a8   5887   5887   5887   5887   5887   5887   58a7   58a7   60a7   68e8   68e7   6908   7969   81cb   a28e   b310   c391   cbd1   cbd1   cbd0   cbcf   cbcf   d410   d430   d430   d430   d450   d430   d450   d450   d450   d450   d450   d450   d450   d450   d450   d450   d450   d450   d42f   d42f   d42f   d42f   d42f   d42f   d42f   d42f   d42f   d42f   d42f   d42f   d42f   d42f  
 a1e9   a1e9   a9e9   a9e9   a9e9   a9e9   a9e9   a9e9   b1ea   a9ca   a9c9   a9c9   a9e9   b1e8   b229   ba69   c2a9   cb0a   d34b   db8c   e3cc   ec0d   f44e   f46e   ec8e   ec8e   ecae   ecae   ec8e   ec8e   ec6d   ec6d   ec4e   ec2e   ec0d   e3ac   db6c   caeb   ba4a   a9c9   a188   9947   9947   9968   9989   99a9   a1c9   a1c9   a9e9   aa09   aa09   aa2a   aa09   aa09   aa09   aa09   a9e9   a9e9   b1e9   b1e9   b1e9   b1e9   b209   b209   b22a   b229   b209   b209   b229   b22a   aa08   99c7   9186   bb2b   e490   fdb3   f551   ed30   e4ef   e4ae   e48d   dc2d   dc0c   dbec   dbac   d36b   d34b   d32b   caca   c2aa   ba69   b229   b208   b209   b22a   b24a   ba4b   ba4b   ba6b   ba6b   ba8b   c2cb   cb0d   d36e   d36e   d34d   cb2d   cb2d   cb2d   d34d   d34e   cb4e   cb2d   c32d   c32c   c30c   c32c   cb8e   d3af   d3af   d3cf   d3ae   cb8e   cb8e   cb8e   cb8e   cb8e   cb8e   cbaf   cbcf   d3f0   d40f   d3f0   cbef   cbef   cbef   cbef   cc0f   d430   d451   dc71   dc71   d471   d471   dc91   d471   d471   d471   d471   d491   d491   d471   d471   d491   dcb2   dcb2   dcb2   dcb1   dcb2   dcd2   dcb1   dcb1   d491   d470   cc50   cc50   cc2f   cc2f   cc70   d491   dcb1   dcd2   dcd2   d4d1   d4b1   d4b1   d4b2   d4d2   dcd3   dcf3   dd13   dd13   dd14   dd14   dd13   d513   d4f3   d4f3   d4d3   ccd2   ccd3   ccd2   dd13   dd33   dd33   d4d2   c491   c470   c4b1   ccf2   d513   d533   dd54   dd74   dd74   dd74   dd74   dd74   e5b5   e5d5   edf5   edf6   ee16   ee16   e5f6   e5f6   e5f6   ddf6   ddd6   d5d5   d5d5   d5d5   d5d5   d5d5   ddf6   d5d5   d5f5   ddf6   de16   de36   de16   d5f5   ddf6   de16   de16   e616   e616   e617   e637   ee58   e5b6   dd75   cd13   c4b1   c491   ccd2   ccd2   d4d2   c471   bc50   b430   c491   d534   e5b6   e5d7   e5b6   b411   71a8   4064   4023   5085   58e7   60e8   60c8   60c9   60c8   58a7   5887   5887   5887   58a7   60a7   5886   5886   60a7   60e7   6908   7969   89eb   9a6d   aaef   bb70   cbd1   cbd1   cbb0   c3af   cbcf   d40f   dc51   dc50   dc51   dc50   dc50   d450   d450   d470   d450   d450   d450   d450   d450   d450   d450   d450   d450   d450   d42f   d42f   d42f   d42f   d42f   d42f   d42f   d42f   d42f   d42f   d42f   d42f   d42f   d42f  
 a1e9   a1e9   a9e9   a9e9   a9e9   a9e9   a9c9   a9c9   a9c9   a9ca   a9c9   a9c9   a9c9   b1e8   b229   ba69   c2a9   c30a   d34b   db8c   e3cd   ec0d   ec4e   ec6e   ec8e   ec8e   ecae   ecae   ec8e   ec8d   ec6d   ec6d   f46e   ec2e   ec0d   e3cd   db6c   caeb   ba4a   b1e9   a188   9947   9127   9168   9989   99a9   a1c9   a1e9   a1e9   aa09   aa09   aa09   aa09   aa09   aa09   aa09   a9e9   a9e9   b1e9   b1e9   b1e9   b209   b209   b209   b229   aa29   b209   b209   b229   b209   a9e8   a1e7   91a6   cbad   ecf1   fd72   fd72   ed0f   e4ee   e4ce   e48e   dc2c   dbeb   dbcb   dbcb   d38b   d34a   d32a   caca   c2a9   c289   ba49   b229   b229   b22a   b24a   b22a   b22a   b22a   ba4b   c2cc   cb2d   d36e   d38e   d36e   cb2d   c2ec   c30c   d36e   db8e   d34e   c30c   baeb   baec   c30c   cb4d   cb8e   d3ae   d3ae   d3ae   d3ae   cb8e   cb8e   cbae   cb8e   c36d   cb6d   cbae   cbcf   d3cf   d3d0   d3ef   d3d0   cbef   d3f0   d410   d410   d430   dc51   dc71   d451   d451   d451   d451   dc92   dc92   dcb2   e4b2   dc92   d471   d451   d471   d471   d471   d471   d451   d471   d491   d492   d491   d471   d450   d450   d471   d471   cc50   cc2f   cc2f   cc50   d491   dcb2   dcf2   dcf2   dcd2   dcb2   d4b2   dcd3   d4d2   d4b2   d4b2   dcd3   dcf3   dcf3   dcf3   d4d3   d4d3   d4d3   d4f3   dd13   d4f3   d4d2   cc91   d4d2   ccd2   ccb1   ccb1   ccd2   d4d2   d4f2   d513   dd54   dd54   dd54   dd74   dd74   dd94   ddb5   e5b5   e5d5   e5f6   ee16   ee16   ee16   e5f6   e5f6   ddd5   ddd6   ddd6   ddd6   ddd6   ddd6   d5d6   d5d5   d5d5   d5d5   d5d5   d5d5   ddf5   de16   de36   de16   de16   de16   de16   e617   e617   e617   ee57   ee58   e617   dd75   d534   ccd2   c4b2   cc91   ccb2   ccb2   ccd2   c451   bc10   bc30   c492   d4f3   e576   fe59   c493   92ed   50c5   4043   5085   58e7   60e8   5087   6909   60c9   60c9   60a8   5887   5866   5887   60a7   60a7   5886   58a7   60c7   6907   7128   81a9   9a6c   b30f   c391   c3b1   cbb1   cbb0   cbd0   cbcf   cbcf   cbef   dc50   dc50   dc71   dc71   dc71   d470   d450   d450   d450   d450   cc50   cc50   d450   d450   d450   d450   d42f   d42f   d42f   d42f   d42f   d42f   d42f   d42f   d42f   d42f   d42f   d42f   d42f   d42f   d42f   d42f  
 a1e9   a1e9   a9e9   a9e9   a9e9   a9e9   a9c9   a9c9   a9c9   a9ca   a9c9   a9c9   a9c9   b209   b229   ba69   c2a9   c30a   d34b   db8c   e3cd   ec0d   ec4e   ec6e   ec8e   ec8e   ecae   ecae   ec8e   ec8d   ec6d   f46d   f46e   ec2e   ec0d   e3cd   db6c   caeb   ba4a   b1e9   a188   9947   9127   9168   9989   99a9   a1c9   a1c9   a1e9   a9e9   aa09   aa09   aa09   aa09   aa09   aa09   a9e9   a9e9   b1e9   b1e9   b1e9   b1e9   b1e9   b1e9   b209   aa09   aa09   b209   b209   b209   a9e8   a1e8   99e7   d3cd   f511   fd72   fd71   ed0f   e4ee   e4ce   e48d   dc2c   dbeb   dbeb   dbcb   db8b   d36a   d34b   d30a   caea   c2aa   ba69   b229   b229   b24a   ba6b   ba4b   ba6b   ba6b   c2ac   caed   d34d   d34e   cb2d   cb0c   c30c   cb0c   cb2d   d34d   cb4d   cb0d   c2ec   c30c   c30c   c32c   cb4d   cb8e   d3ae   d3ae   d3ae   cb8e   cb8e   cb8e   cb8e   cb6e   cb6d   cb8e   d3cf   d3f0   d3f0   d3f0   d3cf   cbaf   cbaf   cbcf   d3f0   d431   d411   d410   d410   d411   d431   d451   d451   d451   d451   d451   d451   d451   d451   d471   d472   dcb3   dcd3   dcd3   dcb2   d492   d471   cc51   cc30   cc30   cc10   cc30   d471   d471   d471   d471   d471   d492   d492   d492   d492   dcb2   dcb2   dcd3   e4f3   dcd3   dcd3   d4b2   d4b2   d4b2   d4b2   d4d2   d4d3   d4d3   d4d3   d4b2   d4b2   d4b2   ccd2   d4d2   d4d2   c450   c470   cc91   d4d2   dd33   dd54   dd54   dd53   dd54   dd54   dd74   dd74   dd94   ddb5   e5d5   e5d5   edf6   e5f6   e5f6   e5d5   e5f5   e5f6   ddd5   ddf5   ddf6   ddf6   ddf6   ddf6   ddf6   ddf6   ddf6   ddf6   d5d5   ddf5   ddf5   de16   de16   e636   de16   de16   de16   de16   e637   e637   e617   ee37   ee37   e5d6   dd75   d513   ccb2   cc92   ccb2   ccb2   cc92   cc71   c451   c430   c451   c472   d4d3   e576   f5f8   b3d0   7a2a   4884   4864   50a6   60e7   60e8   5887   60e9   60a8   60a8   5888   5887   5887   60a8   60c8   60c8   58a7   60a7   68e7   7128   7989   8a2b   aaee   bb90   cbf2   cbd1   cbb1   c3b0   cbaf   cbcf   cbef   d40f   d430   dc30   dc50   dc50   dc50   d450   d450   d430   cc50   cc50   cc50   cc50   d450   d450   d450   d450   d42f   d42f   d42f   d42f   d42f   d42f   d42f   d42f   d42f   d42f   d42f   d42f   d42f   d42f   d42f   d42f  
 a1e9   a1e9   a9e9   a9e9   a9e9   a9e9   a9c9   a9c9   a9ca   a9ca   a9ca   a9c9   a9e9   b209   ba29   ba69   c2a9   c30a   d34b   db8c   e3cd   ec0d   ec4e   ec6e   ec8e   ec8e   ecae   ecae   ec8e   ec8e   ec6d   f46d   f46e   ec2e   ec0d   e3cd   db6c   caeb   ba4a   a9e9   a188   9947   9127   9168   9989   99a9   a1c9   a1c9   a1e9   a9e9   aa09   aa09   aa09   a9e9   a9e9   a9e9   a9e9   a9e9   b1e9   b1e9   b1e9   b1e9   b1e9   b1e9   aa09   aa09   a9e9   a9e9   b209   aa09   a9e8   a1e8   a207   dc0e   f532   fd92   fd71   ed2f   e4ee   e4ce   e48d   dc2c   dbeb   dbeb   dbcb   db8b   d36a   d34b   db4b   d30b   caca   ba6a   b229   b209   b24a   ba6b   c28c   c2ac   cacd   cb0d   d32e   d34e   cb2d   c30c   c2ec   c30c   cb2d   cb2d   cb0c   c2ec   c2ec   c2ec   cb4d   cb4d   cb4d   cb6e   d38e   d38e   d38e   cb8e   cb6d   cb6e   cb6d   cb6d   cb6d   cb8e   d3af   d3cf   d3d0   d3d0   d3d0   cbaf   cbaf   cbcf   d3d0   d3f0   d431   d411   cbf0   cbf0   d411   d431   d452   d452   d431   cc11   cbf0   cc10   cc11   cc11   cc11   cc31   dc93   dcb3   dcb3   dcb3   d492   d472   cc51   c410   c3f0   cc10   cc31   d472   dc92   dc92   dcb3   dcb3   dc92   d472   d451   d451   d451   d492   dcb3   dcd3   dcb3   d4b3   d492   d472   d472   cc72   cc72   cc92   cc92   d4b2   d4d2   d4d2   cc92   c471   c451   c471   c471   ccb1   d4f2   dd33   dd54   dd54   dd54   dd54   dd74   dd74   dd74   dd95   dd95   ddb5   e5d6   e5f6   ee16   e5d6   ddb5   dd95   ddb5   ddd5   ddd5   ddd5   ddf6   ddf6   ddf6   ddf6   ddf6   de16   ddf6   ddf6   ddf6   de16   de16   de16   e617   e617   de16   ddf6   ddf6   e616   ee37   ee37   ee17   ee17   edf6   dd75   ccd3   c471   c451   cc71   d4b2   d4b2   cc92   cc51   c451   c451   c451   cc72   d4f4   ed97   e576   92ed   6147   4844   4864   58c6   60e7   60e8   5887   60c8   60a8   60a8   5888   5887   60a8   60e8   60e8   60c8   60a7   60c7   68e7   7148   89ea   9a8c   b34f   cbd1   d412   cbd1   cbd0   cbd0   cbd0   d3ef   d40f   d42f   d42f   d42f   d42f   d42f   d430   d430   d430   cc30   cc30   cc30   cc30   cc30   d430   d450   d450   d450   d42f   d42f   d42f   d42f   d42f   d42f   d42f   d42f   d42f   d42f   d42f   d42f   d42f   d42f   d42f   d42f  
 a9ea   a9ea   a9e9   a9e9   a9e9   a9e9   a9e9   a9e9   a9ca   a9ca   a9ca   a9c9   b1e9   b209   ba49   ba69   c2c9   cb0a   d34b   db8c   e3cd   ec0d   ec4e   ec6e   ec8e   ecae   ecae   ecae   ecae   ec8e   ec8e   f46d   f46e   ec4e   ec0d   e3cd   db6c   caeb   ba4a   a9e9   a188   9947   9127   9168   9988   99a9   a1c9   a1c9   a1e9   a9e9   aa09   aa09   a9e9   a9e9   a9e9   a9e9   a9e9   a9e9   b1e9   b1e9   b1e9   b1e9   b1e9   b1e9   aa09   aa09   a9e9   a9e9   a9e9   a9e8   a1c8   99c7   a207   dc2f   fd52   fd92   fd91   f550   ed0f   e4ee   e48d   dc4c   dc0b   dc0b   dbec   dbab   db8b   db6b   e38c   db2b   cacb   ba6a   b229   aa09   b22a   ba6b   c2ac   cacd   d30d   d32e   cb2d   cb2d   cb2d   cb2d   cb2d   c32c   c30c   bacb   baab   c2cb   cb0d   d34e   d38e   d38e   d38e   d38e   d38e   d38e   cb6e   cb6d   cb4d   cb6d   cb6d   cb4d   cb6d   d3cf   d3cf   d3ae   cb8e   cb8f   cb8f   d3af   d3f0   dc11   d411   d3f1   d3f1   d3f1   d3f1   d411   d412   d432   d432   d432   d452   d432   cc11   cbf1   c3d0   bbb0   bbaf   bbb0   c3f0   c3d0   bbd0   c3d0   cc11   cc52   d452   cc32   cc31   cc31   d452   d472   d472   d472   d493   dc93   d472   d472   d472   d452   d452   d452   d452   d472   d472   d472   cc72   cc72   d472   d472   cc51   cc51   c431   cc71   cc71   cc91   c471   c450   c450   c470   dd33   dd74   e574   dd53   d4f2   d4f2   d533   dd74   e5b5   e5b5   e5b5   dd95   dd95   ddb5   ddb5   ddd5   ddd5   ddb5   dd95   d594   d595   d5b5   d5b5   d5b5   ddd6   ddd6   ddf6   ddf6   ddf6   ddf6   de16   de16   e616   de16   e616   e617   e617   e616   ddf6   ddf6   e5f6   e616   ee37   ee38   ee17   edf6   e595   d513   c471   c430   c430   cc71   cc92   cc71   c410   bbef   bbcf   bbf0   c431   d4b3   e556   ed97   cc93   7a09   58e5   4864   5085   50a6   58a7   60c7   58a8   60c9   60c9   60c9   60a8   60a8   60e8   6909   60e8   60c8   60c7   60c7   6908   79a9   924c   aaee   bb90   cbd1   cbd1   cbd0   cbb0   cbd0   d410   d430   d430   d42f   d42f   d42f   d42f   d42f   d42f   d42f   d430   d430   cc50   cc50   cc50   cc30   d430   d430   d450   d450   d42f   d42f   d42f   d42f   d42f   d42f   d42f   d42f   d42f   d42f   d42f   d42f   d42f   d42f   d42f   d42f  
 aa0a   aa0a   a9e9   a9e9   a9e9   a9e9   a9e9   a9e9   a9ca   b1ea   b1ea   b1e9   b1e9   b209   ba49   ba69   c2c9   cb0a   d34b   dbac   e3cd   ec0d   ec4e   ec6e   ec8e   ecae   ecae   ecae   ecae   ec8e   ec8e   f48e   f46e   ec4e   ec0d   e3cd   db6c   caeb   ba49   a9e9   a188   9947   9127   9168   9988   99a9   a1c9   a1c9   a1e9   a9e9   aa09   aa09   a9e9   a9e9   a9e9   a9e9   a9e9   a9e9   b1e9   b1e9   b209   b209   b209   b209   b209   aa09   a9e9   a9e9   a9c8   a1c8   a1a7   99a6   9a07   dc2f   fd52   fd92   fd91   f570   f54f   ed0f   ecce   e48d   e44c   e42c   e40c   e3ec   dbab   e3ac   e3ac   db4c   caeb   c28a   b229   aa09   b22a   ba6b   c2ac   caed   d30d   cb0d   c2ec   cb0c   cb4d   d36e   cb4d   c30c   baab   b28a   baab   c30c   d34e   db8f   d38e   d3ae   d3ae   d38e   cb6e   cb6d   cb4d   c32d   cb4d   cb6d   cb6d   cb4d   cb8e   dbcf   d3cf   cb6e   c34e   c34e   cb6e   d3d0   dc11   dc52   dc11   d3d1   c36f   c38f   cbb0   cbb0   c3b0   c3b0   c3b0   c3d1   cbf1   cbf1   cbf1   c3d1   bb90   b36f   b36f   bb8f   b36f   ab0e   a2cd   a2ed   b36f   c411   cc53   cc53   cc52   d453   d453   d453   cc52   cc32   cc32   cc32   cc32   d453   d473   d473   cc52   cc32   cc32   cc32   d472   cc52   cc32   cc52   d472   d492   cc72   cc51   c430   c430   bc10   bc0f   c450   ccb1   d513   e554   e594   e595   e574   dd33   d513   d513   e574   edd6   edd6   edd6   e5d6   ddb5   dd95   d594   d594   d594   d594   d595   ddb5   d5b5   d5b5   d5b5   d5b5   d5d5   d5d5   d5d5   ddd6   ddf6   ddf6   ddf6   e616   e616   e617   e637   e617   e617   e617   e616   e5f6   e5f6   e5f6   edf7   f637   f637   edf7   e5b6   dd54   ccb2   cc92   cc51   c431   c431   c3f0   b38e   ab2c   a30c   ab0c   b38e   cc31   ed35   f5b8   e536   ab6f   6126   4884   4864   50a6   58c6   58a7   58c7   60c8   60c8   60e9   60c9   60c8   60c8   60e9   6909   6108   60c8   60c7   60e7   7149   8a0b   a2ce   bb6f   c3b0   cbd1   cbb0   cbb0   cbb0   cbf0   d410   dc30   dc50   d44f   d42f   d42f   d42f   d42f   d42f   d430   d450   d450   d450   d450   d450   cc50   cc50   cc50   d430   d430   d42f   d42f   d42f   d42f   d42f   d42f   d42f   d42f   d42f   d42f   d42f   d42f   d42f   d42f   d42f   d42f  
 aa0a   aa0a   aa0a   aa0a   aa09   aa09   a9ea   a9ea   a9ca   b1ea   b1ea   b1ea   b1e9   b209   ba49   ba89   c2c9   cb0a   d34b   dbac   e3cd   ec0d   ec2e   ec6e   ec8e   ecae   ecae   ecae   ecae   ec8e   f48e   f48e   f46e   ec4e   ec0d   e3cd   db6c   caeb   ba49   a9c9   9967   9947   9127   9147   9988   99a9   99c9   a1c9   a1e9   a9e9   aa09   aa09   a9e9   a9e9   a9e9   a9e9   a9e9   a9e9   b1e9   b209   b209   b209   b209   b209   b209   aa29   b209   a9e9   a9c8   a1a7   9987   9186   99e6   dc0e   fd72   fd92   fd92   fd91   fd90   f54f   ecce   e48d   e44c   e44c   e42c   e3cb   dbab   e3ac   e3ad   e38c   d32c   c2cb   ba6a   b22a   b24a   ba6b   c2ac   caed   caed   c2cd   c2cc   c2ec   cb4d   d36e   c32c   baeb   b2aa   baab   c30c   d34d   d36e   d36e   d36e   d38e   d38e   cb6e   cb4d   c32d   c32c   c30c   cb4d   cb4d   cb6d   cb4d   cb8e   d3af   d3ae   cb4d   cb4e   cb4e   cb6f   d3d0   dc11   dc11   d3d0   c36f   b30e   bb2e   bb2e   b32e   b2ee   aaed   aaee   b30e   b32f   b34f   bb70   bb70   b34f   b34f   bb90   c3d1   bbd1   b34f   a2cd   9aad   ab2e   bbd1   cc12   cc32   cc32   cc53   d453   cc33   cc32   cc12   cc12   cc12   cc33   d453   d453   d453   cc33   cc32   cc32   cc32   cc12   c3f1   bbd0   c3d0   c411   cc52   cc51   cc51   c431   c430   c430   c450   ccb1   dd12   e574   e594   e574   dd74   dd53   dd53   dd74   e5b5   edd6   edd6   edd6   e5d6   e5d6   ddd5   dd95   d594   d574   d574   d574   d5b5   ddd6   ddf6   ddf6   ddf6   ddf6   ddf6   ddf6   ddf6   ddf6   ddf6   ddf6   ddf6   e5f6   e5f6   e617   e637   ee17   e617   e617   e616   e617   e617   ee17   ee37   f638   f617   edb6   e575   d513   c471   c451   c3f0   bbaf   b36e   a30c   928a   9249   926a   ab0c   c3d0   dcd4   fdd8   f5d8   d493   8a4b   50c5   4023   4864   58c6   58e7   58c7   58a7   60c8   58a8   60c8   60c8   60c8   60c8   60e9   6909   6108   60e8   58a7   6908   81aa   9a8d   b34f   c3b0   cbd0   cbd0   cbd0   cbd0   cbd0   cbcf   d40f   d430   d44f   dc4f   d44f   d44f   d44f   d44f   d450   d450   d450   d450   d450   d450   cc50   cc30   cc50   cc2f   cc2f   cc2f   d42f   d42f   d42f   d42f   d42f   d42f   d42f   d42f   d42f   d42f   d42f   d42f   d42f   d42f   d42f   d42f  
 aa0a   aa0a   aa0a   aa0a   aa0a   aa0a   b1ea   b1ea   b1ea   b1ea   b1ea   b1ea   b1e9   b209   ba49   ba89   c2ca   cb0a   d34b   dbac   e3cd   ec0d   ec2e   ec6e   ec8e   ecae   ecce   ecce   ecae   ecae   f48e   f48e   f46e   ec4e   ec0d   e3cd   db6c   cacb   ba49   a9c9   9967   9947   9127   9147   9988   99a9   99c9   a1c9   a1e9   a9e9   aa09   aa09   aa09   a9e9   a9e9   a9e9   a9e9   a9e9   b1e9   b209   b209   b209   b209   b1e9   aa09   aa09   b209   a9e9   a9c8   a1a7   9987   9186   99c6   dc0e   fd73   fdb2   fdb2   fdb1   fd90   f54f   f4ee   ecad   e44d   e44c   e40c   dbcb   dbab   db8b   e3ad   e38d   db6d   cb0c   c2ab   ba4a   ba6b   c28c   cacd   cacd   cacd   c2cc   c2cc   c30c   c30c   c30c   bacb   bacb   bacb   c30c   d36e   d38e   d36e   cb2d   cb2d   cb4d   cb4d   cb4d   c32d   c32c   c30c   c30c   c32d   cb4d   cb6d   cb6d   cb6d   cb6e   cb6e   cb6e   d38f   d38f   d3af   d3af   cb8f   cb6f   bb2e   bb0e   b2ed   b30e   b30e   b2ee   aacd   a28d   a26c   9a8c   9a6c   9a8c   9a8d   a2cd   aaee   b34f   c3d1   d453   d474   c3f2   b36f   a30e   ab2f   b370   bbb1   bbb1   b3b0   bbd1   c3d1   bbd1   bbd1   c3d1   c3f1   c3f1   c3f1   bbd1   bbd1   bbd1   c3d1   c3d1   bbb1   bb90   ab4f   ab0d   a2cc   9acc   a30d   b38f   c410   cc51   cc71   cc92   d4b2   d4d2   dd13   dd13   dd13   d512   dd74   dd74   dd74   e595   e5b5   edb6   e5b5   e5b5   e5b5   e5d6   e5d6   e5d6   ddb5   ddb5   d5b5   d5b5   d595   ddb6   ddd6   e5f7   e617   e617   de17   de17   de16   ddf6   ddf6   ddf6   ddf6   e5f6   e5f6   e616   e617   e617   ee17   e617   e616   e616   ee17   ee37   f658   f638   f617   edd6   dd54   d4f3   cc91   bbef   ab6e   a30c   9aab   928a   8a49   8a29   926a   a2ec   c3cf   dcb3   f576   fdd8   e515   b390   6988   50a5   4043   4864   58c6   6107   58c7   58a7   58a8   5887   5888   5888   58a8   58a8   60c8   60e8   60e8   58c7   60c8   7149   8a0b   aaee   bb90   c3d0   cbd0   cbd0   cbf1   cbf0   d3f0   d3f0   d40f   d42f   d44f   d44f   d44f   d44f   d44f   d44f   d450   d450   d450   cc50   cc30   cc30   cc30   cc2f   cc2f   cc2f   cc2f   cc2f   d42f   d42f   d42f   d42f   d42f   d42f   d42f   d42f   d42f   d42f   d42f   d42f   d42f   d42f   d42f   d42f  
 aa0a   aa0a   aa0a   aa0a   aa0a   aa0a   b20a   b1ea   b1ea   b1ea   b1ea   b1ea   b209   b229   ba49   c289   c2ca   cb0a   d34b   dbac   e3cd   ec0d   ec2e   ec6e   ec8e   ecae   ecce   ecce   f4ae   ecae   f48e   f48e   f46e   ec4e   ec0d   e3cd   db6c   caeb   ba49   a9e8   9967   9947   9127   9147   9988   99a9   99c9   a1c9   a1e9   a9e9   aa09   aa09   aa09   a9e9   a9e9   a9e9   a9e9   a9e9   b1e9   b209   b209   b1e9   b1e9   b1e9   a9e9   aa09   aa09   aa09   a9e9   a1a8   9987   9986   99c6   dc2f   fd73   fd92   fdb2   fdb1   fdb0   f54f   f50e   eccd   ec8d   ec6d   ec2c   e3cc   e3ab   e3ac   e3cd   e3ad   db8d   d32d   c2cb   ba8b   ba6b   c28c   cacd   cacc   cacc   c2ec   cb0d   c30d   baec   b2ab   b2ab   baeb   c32c   d36e   dbaf   db8e   d36e   cb2d   c30c   c32c   c32d   c32d   c32d   c32c   c32c   c32c   c32c   cb4d   cb6e   cb6e   cb4d   cb4d   cb6e   d38f   dbd0   d3d0   d3d0   cb8f   c34e   baed   b2ed   b2cd   b30e   bb2f   bb4f   bb2f   b30f   a2ae   9a6c   922c   8a0b   8a0b   8a0b   922c   9aad   b350   c3f3   dc75   dcb5   d454   bbd2   ab50   a30f   a330   a330   a32f   a2ef   a32f   ab50   ab50   ab50   b371   b391   b391   ab50   ab30   a30f   ab0f   ab30   ab30   a2ef   9aae   926c   8a2b   81e9   79c9   820a   9acc   b3af   c451   d4b3   d4d3   d4d2   d4f2   d4f2   d4f2   d4d1   ccd1   dd53   e594   edf5   edf6   e5b5   e594   e595   e5b5   dd94   ddb5   ddd5   e5f6   ddf6   ddf6   ddf6   ddf6   ddd6   ddd6   ddd6   ddf6   e617   e637   e637   e637   de16   de16   de16   e616   e5f6   e5f6   e5f6   e616   e5f6   e5f7   e5f6   e5f6   e5d6   edf6   edf7   f617   f638   f5f7   edb6   dd54   ccb2   c430   b3cf   a32d   9acb   924a   81e8   81e8   8a08   9249   ab0c   bbaf   d492   f555   fdb7   ed56   c411   92ac   58e6   50a5   4864   50a5   58c7   60e7   58a7   5087   58a8   5087   5067   5887   5887   5887   58a7   58a7   58a7   58a7   7128   81aa   9a8d   b34f   c3d1   cbf1   cbf0   cbd0   cbd0   cbf0   d410   d431   dc50   d450   d44f   d44f   d44f   d44f   d44f   d44f   d450   d450   d450   cc30   cc0f   cc0f   cc0f   cc2f   cc2f   cc2f   cc2f   d42f   d42f   d42f   d42f   d42f   d42f   cc2f   cc2f   cc2f   d42f   d42f   d42f   d42f   d42f   d42f   d42f   d42f  
 aa4a   aa29   aa29   aa09   aa09   aa09   b209   b20a   b1ea   b1ea   b1e9   b1e9   b209   ba29   ba69   c28a   caea   cb0a   db6c   e3ac   ebed   ec0d   f44e   f48e   f4ae   ecae   ecce   ecce   f4ae   f4ae   f4ae   f48e   f46e   ec4d   ec0d   e3cd   db6c   caeb   ba49   a9c8   a167   9947   9126   9147   9988   99a8   a1c8   a1c9   a1e9   aa09   aa09   aa09   aa09   aa09   aa09   aa09   aa09   aa09   a9e9   a9e9   b1e9   b1e9   b1e9   a9e9   a1c8   a9e9   aa09   a9e9   a9c9   a1c9   99a8   9166   99c7   dbee   fd32   fdd4   fd91   fdb1   f5d0   f58f   ed4e   eced   f4ee   f4ad   e3eb   db8a   e3ac   e3ac   db8c   e3ce   db8d   c2eb   baab   ba8b   c28b   c2ac   c2cc   caec   caec   c2cc   baab   baab   b2ab   b2ab   c30c   c34d   d38e   d38e   cb6e   cb4d   cb2d   cb4d   c32c   c32c   c32c   c30c   c30c   c30c   c30c   c30c   c30d   cb2d   cb4d   cb4e   cb4e   cb4e   cb4e   cb6e   d3af   cb8f   cb8f   c36e   c34e   bb2e   bb2f   bb2f   c370   b32f   b30f   ab0f   a2ce   9a4d   8a0c   89eb   8a2c   798a   7149   7169   8a2d   ab31   c3d3   cc35   d476   cc35   bbb3   ab31   a310   9af0   9af0   9aef   92ae   928e   8a8e   8a4e   928f   92af   8a6e   9af0   9aaf   8a2e   820d   8a2d   8a2d   79cb   716a   716a   798a   79aa   7148   6107   60e6   71a8   ab6e   d4b3   dd14   d513   ccd2   ccb1   ccb1   d4f2   dd32   dd53   e594   e594   e5b4   e5b4   e5b4   ddb4   e5b5   e5b5   ddd5   ddd5   ddd5   ddd5   ddd5   d5d5   ddf5   d5f5   d5f5   ddf6   de16   ddf6   de16   e637   e637   de16   ddf6   ddd6   ddf6   e617   e617   e5f6   e5f6   e617   ee17   ee17   edf7   edf7   f5f7   f5f7   f5d7   f5b7   f5b7   e534   cc92   c430   bbcf   ab2d   9aab   9269   9229   8a09   8a08   8a29   9a6a   ab0b   bbce   cc50   e513   f5b6   f596   cc72   92cc   6988   58c6   4885   50c6   58e7   58c7   50a6   5086   50a7   58a8   5088   5067   5888   58a8   58a7   60a7   5887   5887   68e7   7969   922c   b30e   c390   cbf1   cbf0   c3af   c3ae   cbcf   d410   dc51   dc71   dc71   d450   d450   d44f   d44f   d44f   d44f   d450   d450   d44f   d44f   d44f   d42f   cc2f   d42f   cc2f   d42f   d42f   d42f   d42f   d42f   d430   cc2f   cc2f   cc2f   cc2f   cc2f   cc2f   cc2f   cc2f   cc2f   cc2f   cc2f   cc2f   cc2f   cc2f  
 aa49   aa29   aa29   aa29   aa09   aa09   b209   b209   b1e9   b1e9   b1e9   b209   b209   ba29   c26a   c28a   caea   d32b   db6c   e3ac   ebed   ec0d   f44e   f48e   f4ae   ecae   f4ae   ecce   f4ae   f4ae   f48e   f48e   f46e   ec4e   ec0d   e3cc   db6c   caeb   ba49   a9e8   a167   9946   9126   9147   9988   99a8   a1c8   a1c9   a1e9   aa09   aa09   aa09   aa09   aa09   aa09   aa09   aa09   aa09   b209   a9e9   b1e9   b1e9   b1e9   a9e9   a1c8   a9e9   aa09   a9e9   a9e9   a1c9   99a8   9166   99c7   d3ce   f512   fdb3   fd91   fdd1   fdd1   f5af   f56e   ed0d   f4ed   f48d   e3cb   db6a   db6b   d34a   d34b   db8d   d34c   c2cb   ba8a   ba8a   ba6b   ba8b   c28b   c2cb   c2ec   baab   b28b   b28b   baab   baec   c32d   cb6e   d38e   d38e   cb6e   cb4d   c32c   c32c   c32c   c32c   c32c   c32d   c32d   c32d   cb2d   cb2d   c30c   c32d   cb2d   c32d   c32e   cb4e   cb4e   cb6f   c32d   bb0d   bb0d   bb2e   c34f   c36f   bb50   bb4f   aaef   a2ae   9a8e   9a8e   9a6e   924d   922d   924d   9a8e   820c   79ab   79ab   8a2d   ab11   b352   bb93   c3f5   bbd4   ab72   9af1   92af   8a8f   8a6e   824e   7a0d   822d   824e   7a0d   822d   79ed   718c   820d   820e   718b   60e9   58a8   58a8   5887   5887   5087   6108   6928   58c6   50a5   6947   92cd   cc72   dcf4   ccb3   c451   c470   d4f2   dd54   dd73   e574   e5d5   e5b4   e5b4   e5b4   e5b4   e5b4   e5b4   e5b4   ddd4   ddb4   ddd4   ddd5   ddd5   d5d5   d5d5   d5f5   d5f5   d5f5   d5f6   ddf6   d5f6   d5f6   ddf6   d5d5   d5b5   e617   ddf6   ddf6   ddf6   e5f6   e616   e617   ee37   ee58   f658   f638   fe18   f5d7   ed76   e514   dcb3   c411   bbaf   ab4d   a30c   a2eb   9269   8a28   89e8   9228   9208   8a08   9249   aaeb   c3cf   dcb2   ed54   fdd6   f595   d4b2   a34d   79e9   5906   50a5   4865   50a6   50c7   58c7   50a7   50a7   50c8   58a8   5088   5088   58a8   60c8   60a8   6087   5866   6087   68e7   81aa   a28c   bb4f   c3b0   cbf0   cbf0   c3cf   c3cf   cbef   cc10   d451   dc71   dc71   d450   d450   d450   d450   d450   d450   d450   d450   d44f   d44f   d44f   d42f   d42f   d42f   d42f   d42f   d42f   d42f   d44f   d430   cc50   cc2f   cc2f   cc2f   cc2f   cc2f   cc2f   cc2f   cc2f   cc2f   cc2f   cc2f   cc2f   cc2f   cc2f  
 aa49   aa29   aa29   aa29   aa09   aa09   b209   b209   b1e9   b1e9   b209   b209   b209   ba49   c26a   c2aa   caea   d32b   db6c   e3ad   ebed   ec2e   f44e   f48e   f48e   ecae   ecae   ecae   f4ae   ecae   f48e   f48e   f48e   ec4e   ec0d   e3cc   db6c   caeb   ba49   a9e8   a167   9946   9126   9147   9967   9988   a1c8   a1c9   a1e9   aa09   aa09   aa09   aa09   aa09   aa09   aa09   aa09   aa09   b209   b209   b1e9   b1e9   b1e9   b209   a1e8   a9e9   aa09   a9e9   aa09   a9e9   a1c8   9166   99a7   cb6d   ecb0   fd93   fd91   fdf2   fdf1   f5b0   f58f   f52e   f4ed   ec8d   e3eb   db6a   d309   cac9   caea   d34c   cb2c   c2cb   baab   ba8b   ba8b   ba8b   ba6b   c2ab   c2cb   ba8b   b26a   b28b   bacc   c30d   cb4e   cb6e   d38e   d38e   cb4d   c32c   c30c   c30c   bb0c   c30c   c32c   c32d   cb4d   cb4d   cb2d   c32c   c30c   c30c   c32d   cb2d   cb4e   cb4e   cb6f   cb6f   c32e   baed   b2cc   b2ed   bb2f   c370   bb50   b32f   aaef   a2ae   a28e   a2ae   a2af   a2af   a2af   a2d0   a2d0   924e   8a0d   81ec   8a2e   9aaf   9ab0   a2f0   ab11   a311   9ad0   926f   822d   79ec   71cc   71ab   71cc   79ed   7a2e   7a0d   79ed   71ac   612a   718c   79cc   696b   58e9   5067   5046   5066   5066   4845   4825   58c6   6107   79a9   9aee   c452   dcf4   cc92   bc10   bc50   d4f2   edb5   edf6   edb5   e5b4   edf5   e5d4   e5d4   e5b4   e5b4   e5b4   e5b4   e5b4   ddb4   ddb4   ddd4   ddd5   ddd5   d5d5   d5d5   d5d5   d5d5   ddf5   d5f5   ddf5   ddf6   de16   ddf6   ddf6   ddf6   e637   e617   ddf6   ddd6   e5f6   e617   ee37   ee17   ee17   edf6   e5b6   e554   d4b3   c431   b38e   ab2d   9acb   9aaa   926a   9269   8a49   8a08   89e7   89e7   9208   a28a   ab0c   bb4e   c3cf   d472   ed14   f596   f596   d4b2   a32d   79e8   6106   50a5   4865   4865   50a6   50c7   58c7   50c7   58c8   58c8   58a8   5067   5888   60c9   60c8   60a8   6087   5886   68c7   7949   920b   aaee   c390   cbd0   cbf0   cbef   c3cf   cbef   cc10   d430   d451   dc71   dc71   d470   d470   d470   d450   d450   d450   d450   d450   d450   d450   d44f   d42f   d42f   d42f   d42f   d42f   d42f   d42f   d44f   d430   cc50   cc2f   cc2f   cc2f   cc2f   cc2f   cc2f   cc2f   cc2f   cc2f   cc2f   cc2f   cc2f   cc2f   cc2f  
 aa49   aa49   aa29   aa29   aa09   aa09   b209   b209   b1e9   b209   b209   b209   b229   ba49   c26a   c2aa   caea   d32b   db6c   e3ad   ebed   ec2e   f46e   f48e   ec8e   ecae   ecae   ecae   ecae   ecae   f48e   f48e   f48e   ec4e   ec0d   e3cd   db6c   caeb   ba49   a9e8   a167   9946   9126   9147   9967   9988   a1a8   a1c8   a1e9   a1e9   aa09   aa09   aa09   aa09   aa09   aa09   aa09   aa09   b209   b209   b1e9   b209   b209   b209   a9e9   aa09   aa09   aa09   aa0a   aa0a   a1c8   9167   9186   b2ea   dc2e   fd72   f591   f5b1   fdd1   fdd0   fdb0   f56f   f50e   ec8d   e3eb   d349   cae9   c2a8   c2e9   d34b   cb2c   c2eb   c2cb   c2ab   ba8b   ba8b   ba6a   ba8a   ba8b   ba6a   b26a   baab   c2ec   c32d   cb6e   d36e   cb6e   cb4d   c32d   c30c   c2ec   c2ec   baec   c30c   c30c   c32c   c32c   c30c   c30c   c2ec   c30c   c30c   cb2d   cb6e   d38f   cb6f   cb6f   cb6f   c34f   bb0d   b2cd   aacd   b30e   bb2f   bb30   b32f   aaef   aaef   aaef   aaf0   aaf0   a2cf   a2af   9a8f   9a8f   8a2d   81ec   79ab   81cc   8a2d   8a2e   924e   928f   9a90   928f   8a4e   820d   79cd   71cc   71ac   7a0d   7a0d   7a2e   79ed   71cc   694b   58e9   696b   718b   696b   612a   58c8   5067   4846   4825   4825   4865   7189   9ace   bbd1   cc53   cc93   d4b3   c471   c471   d513   e595   edd6   edf5   edd5   edd5   e5b4   e5d4   e5b4   e5b4   e5b4   e5b4   e5d4   e5b4   ddb4   ddb4   ddb4   ddd5   ddd5   ddd5   d5d5   ddd5   ddd5   ddf5   ddd5   ddf5   de16   ddf6   ddd6   ddf6   ee37   e5f6   e617   e5f6   e5f6   ee37   ee58   ee37   e5d6   dd75   ccf3   bc30   abae   a32c   9aaa   8a49   8208   8a49   8a49   8a48   8a48   8a28   9248   9248   9a69   a28a   b32d   cbf0   d472   e4d3   ed14   e4d4   d493   bbaf   9acc   79a8   6105   50c5   50a5   5085   5086   58c7   58c7   58c7   58c8   58c8   58c8   58a8   5087   5888   60c8   60c8   58a7   5886   5886   7108   89ca   a28d   bb4f   cbd1   cbf0   cbf0   cbcf   c3ef   cc0f   d430   d430   dc71   dc91   dc71   dc71   d470   d470   d450   d450   d450   d450   d450   d450   d450   d450   d44f   d42f   d42f   d42f   d42f   d42f   d42f   d42f   cc50   cc50   cc2f   cc2f   cc2f   cc2f   cc2f   cc2f   cc2f   cc2f   cc2f   cc2f   cc2f   cc2f   cc2f   cc2f  
 aa49   aa49   aa29   aa29   aa09   aa09   b209   b209   b209   b209   b209   b209   b229   ba49   c26a   c2aa   caea   d32b   db6c   e3ad   ebed   f42e   f46e   f48e   ec8e   ec8e   ec8e   ecae   ecae   ec8e   f48e   f48e   f48e   ec4e   ec0d   e3cd   db8c   cb0b   ba49   b1e8   a167   9946   9126   9147   9967   9988   99a8   a1c8   a1e9   a1e9   aa09   aa09   aa09   aa09   aa09   aa09   aa09   aa09   b209   b209   b1e9   b209   b209   b209   a9e9   aa09   aa09   aa09   aa0a   b22a   a1e9   9987   8965   a228   c38c   fd73   fdb2   f591   f5b1   fdd1   fdd0   fd90   f50e   ec8d   dbeb   cb29   c2c8   c2c8   caea   d34c   d34c   cb0b   c2ec   c2cb   ba8b   ba6a   b26a   ba6a   ba6a   ba8a   baab   c2ec   cb2e   cb4e   d36f   d36e   cb4e   c32d   c30c   c2ec   c2ec   c2ec   c32d   c32c   c32c   c32c   c30c   c30c   c2ec   c2ec   c30c   cb2d   cb6e   d38f   d38f   cb4e   c30e   bb0d   baed   b2ed   b2ed   b2ee   bb2f   bb30   b32f   b310   a2ae   a2af   a2af   9aaf   9a6e   922d   81ec   81ac   81cc   716b   714a   692a   714a   79cc   81cd   8a0e   9ab0   9ab0   9290   8a6f   8a4e   8a4f   824f   824f   826f   824e   7a0e   71ac   696b   590a   50c8   696b   71cc   696b   6109   5087   4005   4004   4845   58c7   820b   ab4f   c412   c453   bbf1   b3d0   cc92   dd13   e595   e595   e574   dd53   e594   edd5   e5b4   dd73   e5b4   e5b4   e5b4   e5b4   e5d4   e5d4   ddb4   dd94   ddb4   ddb4   ddb4   ddb4   ddd4   ddd4   ddd5   ddd5   ddd5   ddd5   ddd5   ddd5   d595   d574   d5b5   e5f6   e5f6   e617   ee37   ee38   ee58   ee38   e5b6   d534   c471   abae   9aeb   8a69   8a49   8a08   89e7   81c7   81e7   8a07   8a48   9248   9289   a2aa   ab0b   b34c   bbae   c3cf   cc11   e4d4   fd77   f577   cc32   a2ed   7188   6106   58a5   58a5   58c6   58c6   58c7   58c7   58c7   58c7   58c7   58a7   58c8   58e8   58c8   58c8   58c8   60e8   60c8   5886   5866   60a6   7969   9a4c   b2ee   c390   cbd1   cbd0   c3cf   c3cf   cbef   d430   d450   d450   dc71   dc91   dc91   dc91   d470   d470   d470   d470   d470   d470   d44f   d44f   d44f   d44f   d44f   d44f   d42f   d42f   d42f   d42f   d42f   d42f   cc50   cc50   cc2f   cc2f   cc2f   cc2f   cc2f   cc2f   cc2f   cc2f   cc2f   cc2f   cc2f   cc2f   cc2f   cc2f  
 aa49   aa49   aa29   aa29   aa09   aa09   b209   b209   b209   b209   b209   b209   b229   ba49   c26a   c2aa   caea   d32b   db6c   e3ad   ebed   f42e   f46e   f48e   ec8e   ec8e   ec8e   ecae   ec8e   ec8e   f48e   f48e   f48e   ec4e   ec0d   e3cd   db8c   caeb   ba49   a9e8   a167   9946   9126   9147   9967   9988   99a8   a1c8   a1e9   a1e9   aa09   aa09   aa09   aa09   aa09   aa09   aa09   aa09   b209   b209   b1e9   b1e9   b1e9   b209   aa09   aa09   aa09   aa09   aa0a   b22a   a9e9   99a7   8945   91a6   bb0a   fd73   fdf4   fdd2   f5b1   f5d1   fdd1   fdb0   f52f   e48c   d3cb   c329   bac8   c2e9   cb2b   db8d   d38d   cb2c   cb0c   c2ec   c28b   ba6b   b24a   b26a   ba8a   baab   caed   d34e   d34e   d34e   d34e   cb2e   c30d   c2ec   c2ec   c2ec   c2ec   c2ec   cb4d   cb4d   cb4d   c32c   c32c   c30c   c30c   c30c   c32d   c32d   cb6e   cb6f   cb4e   baed   b2ac   b28c   aaac   b2ee   bb2f   c370   bb50   b30f   a2ce   9a8e   9a6e   924e   922d   8a0d   89ec   79ab   714a   692a   692a   60e9   6909   60e9   714a   81cc   8a0d   924f   9ab0   9290   8a4f   822e   822e   8a6f   8a90   8a90   8a90   824f   7a2e   71ac   696b   612a   590a   79cd   824e   718b   58c8   4846   4825   58a7   71ab   92ad   b390   c412   bbf1   ab8f   ab6e   bc31   dd34   e575   e595   dd53   dd53   dd74   e594   dd73   dd73   dd94   dd93   dd93   e594   e5b4   e5b4   e5b4   dd94   dd94   dd94   ddb4   ddb4   ddb4   ddb4   ddb4   ddb5   ddb5   ddb5   ddd5   ddd5   ddd5   ddb5   dd95   ddd5   e5f6   ee37   ee17   edf7   e5d6   dd95   cd34   bc92   b410   9b2c   8aaa   8228   8208   8a08   8a08   8a07   8a07   89e7   9248   9aa9   a2ca   ab2b   bb8c   cbee   d430   dc71   e4b2   ed14   f556   f557   d453   9aad   7148   5064   4844   5064   50a5   58c6   58e7   58e7   60e8   58a7   50a7   50a7   50a7   58c8   58e8   60e9   6109   60e9   6909   60c8   58a6   60a6   6907   89ea   aacd   bb50   cbd1   cbd1   c3cf   c3cf   cbef   cc0f   d430   d450   d471   dc71   dc91   dc91   dc91   d470   d470   d470   d470   d470   d470   d470   d44f   d44f   d44f   d450   d450   d44f   d42f   d42f   d42f   d42f   d42f   cc50   cc50   cc2f   cc2f   cc2f   cc2f   cc2f   cc2f   cc2f   cc2f   cc2f   cc2f   cc2f   cc2f   cc2f   cc2f  
 b249   aa49   aa29   aa29   aa09   aa09   b209   b209   b209   b209   b209   b209   b229   ba49   c26a   c2aa   caea   d32b   db6c   e3ad   ebed   ec2e   f46e   f48e   ec8e   ec8e   ec8e   ecae   ec8e   ecae   f48e   f48e   f48e   ec4e   ec0d   e3cd   db6c   caeb   ba49   a9e8   a167   9946   9126   9147   9967   9988   99a8   a1c8   a1e8   a1e9   aa09   aa09   aa09   aa09   aa09   aa09   aa09   aa09   b209   a9e9   b1e9   b1e9   b1e9   a9e9   aa09   aa09   aa09   a9e9   b20a   b22a   aa09   a1c8   9186   8985   aa88   ecf1   fdb3   fe13   fe13   f5d1   fdb1   fdb1   f52f   e48d   d40b   c369   c308   cb2a   d36c   dbad   dbad   d34c   cb0c   caec   c2ac   ba8b   b26a   ba8b   c2ac   caed   cb2e   d34e   d34e   cb2e   cb0d   c2ed   c2ec   c2cc   c2ed   c2ec   c2ed   c30c   cb2d   c32d   cb2d   c32c   c32c   cb2d   cb2d   cb2d   c32d   c32d   cb4e   cb4e   bb0d   b2ac   aa8c   b2ac   bb0f   bb2f   bb50   bb30   aacf   9a6d   8a0c   81cc   8a0c   89ed   89ed   81cc   79ab   716b   692a   6909   60c8   60c8   690a   714b   798c   8a2e   924f   9ab0   926f   81ee   718c   694b   718c   79ed   822f   824f   824f   824f   824f   71ed   698c   592a   592a   7a0d   820d   696a   50a7   4886   6128   824c   a350   bbf2   bbf1   bbf1   b3af   b3d0   cc72   dd14   e575   dd34   d4f2   d533   e574   e5b4   e594   dd53   dd53   e594   dd94   dd94   dd94   dd94   dd93   dd93   dd94   dd94   dd94   dd94   ddb4   ddb4   ddb4   ddb4   ddb4   ddb5   ddb5   e5d5   e5d6   e5d6   e5f6   ee17   edf7   edf7   e5d7   dd75   ccf3   bc92   b430   a3cf   9b6e   9b4d   92cb   8a69   8a49   8a49   9249   9a49   9a69   a289   aaca   b34b   bbad   c3cd   cc0e   d44f   dc90   e4b1   e4d2   f555   fdb7   ed16   c3b1   8a0b   68e7   5065   5885   5085   5886   58a6   58c7   58e7   58e7   58e8   58a7   50a7   5087   5087   50a8   58c8   60e9   6109   6909   6909   60e8   60e7   7127   81a9   9a8c   bb4f   cbd1   cbf1   cbf0   c3af   cbef   cc0f   d430   d450   d470   dc71   dc71   dc91   dc91   dc91   dc70   d470   d470   d470   d470   d470   d470   d470   d470   d44f   d450   d450   d44f   d42f   d42f   d42f   d42f   d42f   cc50   cc50   cc2f   cc2f   cc2f   cc2f   cc2f   cc2f   cc2f   cc2f   cc2f   cc2f   cc2f   cc2f   cc2f   cc2f  
 b249   aa49   aa29   aa29   aa09   aa09   b209   b209   b20a   b209   b209   b209   b209   ba49   c26a   c28a   caea   d32b   db6c   e3ad   ebed   ec2e   f44e   f48e   ec8e   ec8e   ec8e   ecae   ec8e   ecae   f48e   f4ae   f48e   ec4e   ec0d   e3cd   db6c   caeb   ba49   a9e8   a167   9946   9126   9147   9967   9988   99a8   a1a8   a1e8   a1e9   aa09   aa09   aa09   aa09   aa09   aa09   aa09   aa09   a9e9   a9e9   b1e9   b1e9   b1e9   a9e9   aa09   aa09   aa09   a9e9   a9e9   b20a   a9e9   a1c8   91a7   8945   91e6   d40e   ed31   fdf3   fe14   f5b1   f591   fd90   ed2f   e48d   dc4c   cbab   c34a   cb6b   d38c   dbad   db8d   cb2c   cb0c   c2ec   ba8b   ba6b   ba6a   c2ab   cb0d   d32d   d32e   d32e   cb2e   cb0d   c2cd   c2cc   c2cc   c2cc   c2ed   cb0d   cb0d   c2ec   c2ec   c30c   c30c   c30c   c32d   cb2d   cb4d   cb4d   cb2e   c32e   c32e   c32e   baed   aaac   b2ad   b2ee   c350   bb50   b2ef   a26d   89eb   818a   796a   796a   796b   798b   798b   798b   716b   714a   68e9   60c8   58a8   58a8   692a   716b   81cd   924f   9270   9ad1   81ee   716c   58c9   5088   58ea   698c   71cd   79ed   79ee   7a2e   824f   71cd   612a   4888   4888   698b   71ab   6149   58e8   6128   8a6d   ab91   bc13   bbf2   b3d0   bc10   c451   dd34   e575   dd34   dd33   d513   dd33   e574   e574   dd53   dd53   e594   e5b4   dd73   e594   e594   dd94   dd73   d573   d553   dd73   dd94   ddb4   ddb4   ddb4   ddb4   e5b5   e5b5   e5d5   e5d5   e5d6   e5d6   e5d6   e5d6   edf7   ee17   edd6   e595   ccf3   bc71   a3ae   9b4d   930c   92ec   930c   9b4d   a34d   a30c   a2cb   a2cb   a2aa   a2aa   b2eb   bb6c   c3cd   d42e   dc70   dc90   dc90   e491   e4b1   e4b1   e4d2   ed35   ed15   c3d1   81ca   5865   5025   5887   6908   60e8   60c7   58c7   60c7   60e8   58c7   58a7   58a7   58a7   5087   5087   5087   50a8   58c8   60e9   6109   6908   68e7   6907   7989   922b   ab0e   c3d0   d411   d411   cbf0   c3af   cbef   d430   d450   d450   dc70   dc70   dc71   dc91   dc91   dc90   d470   d470   d470   d470   d470   d470   d470   d470   d470   d470   d450   d450   d44f   d44f   d42f   d42f   d42f   d42f   cc50   cc50   cc2f   cc2f   cc2f   cc2f   cc2f   cc2f   cc2f   cc2f   cc2f   cc2f   cc2f   cc2f   cc2f   cc2f  
 b249   aa49   b24a   aa29   b22a   aa0a   b209   b209   b20a   b1e9   b1e9   b209   b229   ba29   ba69   c2aa   caca   d32b   db6c   e3ad   ebcd   ec0d   ec4e   f46e   ec8e   ec8e   ec8d   ecae   ecae   ecae   f48e   f48e   f48e   ec4e   ec0d   e3cc   db6c   cb0b   ba6a   a9e8   a187   9947   9126   9147   9988   9988   99a8   a1c9   a1e9   a1e9   aa09   aa09   aa09   aa09   aa09   aa09   aa09   aa09   a9e9   a9e9   b1e9   b1e9   b1e9   a9e9   b209   a9e9   a9e9   a9e9   a9e9   a9e9   a9e9   a9e9   99a7   9186   91c6   a288   e4b0   fdf4   fe14   f591   ed50   f570   f550   ed0f   e48d   dc2c   d3cb   cb6b   d36b   dbcd   d36d   cb0c   caec   c2cb   ba6b   ba6b   b24a   cb0d   d36e   d32e   d32e   d32e   caed   c2ac   ba8c   ba6b   ba8c   c2cc   cb0d   cb0e   cb0e   c30d   bacc   baec   baec   baec   c30d   c32d   c32d   c30d   c32e   c30e   c34f   cb90   c34f   b2cd   b2ad   b30f   b310   a2ae   920c   798a   7149   714a   796a   716a   79ac   716b   60e9   692a   60c9   6109   5888   5067   5067   58c9   714b   81ee   9a90   a2d1   9270   81ee   714b   58a9   58ca   694b   79ce   822f   79ee   71cd   71cd   71cd   69ac   590a   4888   4887   50e9   71ac   7a0c   696a   71eb   92ae   b3b1   c453   b3d1   b3f1   bc31   ccb2   dd34   e595   e595   e574   dd54   d533   d512   d532   dd53   dd53   dd73   dd73   dd94   dd94   dd73   dd73   dd53   d553   d553   d553   dd73   dd94   dd94   dd94   dd94   ddb4   e5b4   ddb4   e594   e5b5   e595   edd6   edf7   edd6   e5b6   d534   c492   b40f   a38e   92ec   826a   826a   8aab   8aec   9b4e   abaf   b3af   bbcf   c3cf   c3cf   cbef   dc30   dc50   dc2f   dc70   dc70   dcb0   dcb1   dc70   e4b1   f513   f534   f554   d472   a2ec   7147   5064   5025   5886   60c8   60e8   60c8   60c7   60c8   60c7   58a7   58a7   58c8   60e8   58c8   58a8   5887   5087   5067   5887   58c8   60e8   60e7   60e7   7127   79a9   924b   b32e   cbf1   d411   cbf0   c3cf   c3ce   cbef   d42f   d470   dc90   d470   d470   d470   dc71   dc71   dc70   d490   d490   d46f   d46f   d470   d470   d470   d44f   d44f   d44f   d450   d450   d450   d44f   d44f   d44f   d430   d430   cc2f   cc2f   cc2f   cc2f   cc2f   cc2f   cc2f   cc2f   cc2f   cc2f   cc2f   cc2f   cc2f   cc2f   cc2f   cc2f  
 b26a   b249   b24a   b249   b22a   b22a   b20a   b209   b20a   b1e9   b1e9   b209   ba29   ba29   ba69   c28a   caca   d32b   db6c   e3ad   ebcd   ec0d   ec4e   f46e   ec8e   ec8e   ec8e   ecae   ecae   f4ae   f4ae   f48e   f48e   f46e   ec0d   e3cc   db8c   cb0b   ba6a   a9e8   a167   9946   9126   9147   9967   9988   99a8   a1c9   a1e9   a1e9   aa09   aa09   aa09   aa09   aa09   aa09   aa09   aa09   a9e9   a9e9   b1e9   b1e9   b1e9   a9e9   aa09   a9e9   a9e9   a9e9   a9e9   aa0a   aa09   a9e9   a1c8   9186   8985   9a27   d42e   fd93   fe14   fdb2   f591   f591   f571   ed50   e4ef   e48e   dc2d   d3cc   d3cc   dbcd   db6d   cb0c   c2ec   baab   ba8b   c2ac   baab   cb2d   d34e   cb2d   cb0d   c2ed   c2ac   ba8c   ba8c   ba8c   c2ac   c2cd   cb0d   cb0d   caed   c2ed   bacc   baec   baec   baec   c30d   c30d   bacd   b2ac   b2ac   b2cd   bb0e   cb70   c370   bb0f   aa8d   9a4c   920c   89cb   798a   714a   796a   798b   796b   716b   692a   610a   58c8   692a   60ea   6109   5088   5088   5888   692a   79ad   8a2e   926f   924f   81cd   714b   60ea   60ea   716c   820e   8a70   92b1   824f   7a2e   698c   698c   616b   592a   4888   4067   5929   7a0c   8a8e   8a8d   a350   ab91   b3d1   b3f1   b3f1   c472   ccb2   dd13   e575   e595   e574   dd53   dd33   d512   d532   d532   dd53   dd53   dd53   dd53   dd53   dd73   dd73   dd53   dd53   d553   d553   d553   dd73   dd94   dd94   dd94   dd94   dd94   dd94   e594   e5b5   edb5   edd6   edb6   e575   d4f3   c471   b3cf   930c   826a   826a   8a8a   8aab   8aab   8a8b   8aac   9b2e   abaf   c411   cc51   d472   dc71   dc51   dc71   e491   ecb1   dc70   d44f   d44f   dc70   e4b1   f513   f554   f534   d431   ab0c   7167   5064   4824   5866   60a7   60c8   60c8   60c8   60c8   60e8   60e8   58c7   58a7   58a7   58a8   58a8   5887   5887   5087   5087   58a7   60c8   60c7   58a6   60e7   7968   922a   a2cd   bb6f   cbf0   cc11   cbf0   cbef   cbef   cc0f   d44f   d46f   d470   d470   d470   dc70   dc90   dc90   dc90   d490   d470   d46f   d46f   d470   d470   d470   d44f   d44f   d44f   d450   d450   d450   d450   d44f   d44f   d450   d430   cc2f   cc2f   cc2f   cc2f   cc2f   cc2f   cc2f   cc2f   cc2f   cc2f   cc2f   cc2f   cc2f   cc2f   cc2f   cc2f  
 b26a   b26a   b24a   b24a   b22a   b22a   b20a   b20a   b20a   b1e9   b1e9   b209   ba29   ba49   ba49   c289   caca   d32b   db6c   e3ad   ebed   ec0d   ec4e   f48e   f48e   ecae   ecae   ecae   f4ae   f4ae   f4ae   f4ae   f48e   f46e   ec2d   e3ed   db8d   d32b   ba6a   a9e8   a167   9126   9106   9147   9967   9988   99a8   a1c8   a1e9   a1e9   aa09   aa09   aa09   aa09   aa09   aa09   aa09   aa09   a9e9   a9e9   b1e9   b1e9   b1e9   a9e9   a9e9   a9e9   a9e9   aa09   b20a   b20a   aa09   aa09   a1e8   99a7   8985   91c6   c38c   ed11   fdd4   fdb3   fdd2   f5b1   f591   ed70   ed0f   e4cf   e48e   e46e   e40e   e3ee   d34c   c2cb   ba8a   ba6a   ba8b   c2ec   cb0d   d34e   cb2e   cb2e   cb0d   c2ac   ba6b   ba8c   ba8c   c2ad   c2cd   c2cd   c2cd   c2cd   c2cd   c2ed   baed   c30d   c30d   c32e   cb4e   cb4e   c2ee   b2ad   aa6c   aa8c   aaad   b2ee   bb0f   b2cf   9a2c   818a   7129   7129   7129   714a   798b   798b   716b   692a   60e9   58c9   58c9   694b   610a   58c9   5088   58a8   60c9   716b   81ee   8a0e   81ed   798c   692b   60ea   58a9   692b   81ee   8a4f   9291   92d1   824f   7a0e   616b   698c   616c   616b   4888   4087   7a0d   92f0   a371   ab91   b3f2   b3f1   b3d0   b411   c472   d514   dd54   e595   e595   e594   dd53   d533   d532   d512   d532   d532   dd53   dd53   d553   d533   d532   d532   d533   d533   d553   d553   d553   d553   d573   dd94   dd94   ddb4   ddb4   dd94   dd74   e594   e594   e594   edb6   dd14   c451   ab6d   92cb   8249   71a7   6145   71e8   8aab   a32e   9b0e   8aac   8aac   9b0e   ab90   c411   cc31   d451   dc72   dc51   dc50   e450   e491   e490   dc90   dc90   e4d2   ed33   fd75   ed14   d451   ab0c   81c8   5063   4802   5044   5887   60a8   60a8   60c8   60c8   60e8   6909   60e8   60c8   58a7   58a7   5887   5887   5887   58a7   58a8   58a8   58c8   60c7   58a7   58a6   68e7   81a9   a28c   b34e   c3af   c3cf   cbd0   cbef   cbef   cc0f   d44f   d44f   d46f   d46f   dc90   dc90   dc91   dc91   dc91   d490   d470   d46f   d46f   d470   d46f   d46f   d470   d470   d44f   d44f   d450   d450   d450   d450   d450   cc50   cc50   cc50   cc50   cc50   cc2f   cc2f   cc2f   cc2f   cc2f   cc2f   cc2f   cc2f   cc2f   cc2f   cc2f   cc2f   cc2f   cc2f  
 b26a   b26a   b24a   b24a   b22a   b22a   b22a   b20a   b20a   b1e9   b1e9   b209   ba29   ba29   ba49   ba69   c2ca   cb0a   db6c   e3cd   ebed   ec0d   f44e   f48e   f4ae   ecae   ecae   ecae   f4ae   f4ae   f4ae   f4ae   f48e   f46e   ec2d   e3ed   db8d   d32c   c26a   b1e8   a167   9126   9106   9147   9967   9988   99a8   a1c8   a1e9   a1e9   aa09   aa09   aa09   aa09   a9e9   aa09   aa09   aa09   a9e9   a9e9   b1e9   b1e9   b1e9   a9e9   a9e9   a9e9   aa09   b209   b20a   b20a   b209   aa09   a1e8   a1c7   91a6   8985   b2ea   dc4f   fd53   fdb3   fdd3   fdd2   f591   ed50   e4ef   dcae   e4af   ecd0   ec6f   e3ee   cb2c   ba69   b229   ba6a   c2ac   c2ec   cb2d   d34e   cb2e   cb0d   c2ed   ba8c   ba6b   ba8c   ba8c   c2ad   c2cd   c2cd   baac   ba8c   baac   c2ed   baed   c30d   c32e   cb4f   d370   cb6f   c32f   baee   a24c   9a2b   91eb   91eb   9a0c   920c   89cb   818a   7149   714a   796a   79ab   79ac   716b   690a   60e9   60e9   694b   716c   716c   60ea   5088   5088   58c9   610a   716c   79cd   798c   692b   60e9   60c9   60ea   690b   718c   820e   820e   822f   8a50   79ee   69ad   616b   7a0d   71ed   698b   4887   50e8   9b30   b3f3   bc33   abd1   a38f   a38f   b3f0   ccb2   d534   e575   e5b5   edb5   e5b5   e594   dd53   d533   d532   d532   d532   dd53   dd53   dd53   d553   d532   cd12   ccf2   d512   d512   d532   d553   d553   d553   d573   d573   dd73   e5b4   e5b4   e594   e594   edb5   e574   dd33   cc51   b38e   928a   79e8   71c7   79e8   79e8   7a09   822a   9aed   ab6f   a36f   9aee   92cd   9b0f   ab6f   c3f1   cbf1   d431   dc72   e492   e471   e450   dc50   e4b1   ecf2   f533   f554   ed13   dc92   bb8e   9a6a   79a7   60e5   5063   5044   5886   5887   60a8   60c8   60c8   60c8   6909   6909   6909   60e8   60c8   58a7   5887   5887   5887   58c8   60c8   60c8   60c8   58c7   60c7   60c7   6927   89ea   aacd   bb8f   c3af   c3af   c3af   c3ae   cbef   d42f   d44f   d46f   d46f   d46f   dc90   dc90   dc90   dc91   dc90   d490   d470   d46f   d470   d470   d470   d470   d470   d470   d470   d44f   d450   d450   d450   d450   d450   d450   cc50   cc50   cc50   cc50   cc50   cc2f   cc2f   cc2f   cc2f   cc2f   cc2f   cc2f   cc2f   cc2f   cc2f   cc2f   cc2f   cc2f  
 b26a   b26a   b26a   b24a   b22a   b22a   b22a   b22a   b20a   b1e9   b1e9   b209   b229   ba29   ba29   ba69   c2aa   cb0a   db6c   e3cd   ebed   ec0d   f44e   f48e   f48e   ecae   ecae   ecae   ecae   f4ae   f4ae   f48e   f48e   f46e   ec2d   e3ed   db8d   d32c   c26a   b1e8   a167   9946   9126   9147   9967   9988   9988   99a8   a1e9   a1e9   aa09   aa09   aa09   aa09   a9e9   aa09   aa09   aa09   a9e9   a9e9   b1e9   b1e9   b1e9   a9e9   a9e9   aa09   aa09   b22a   b22a   b22a   b20a   b209   a9e9   a1e8   99c7   9186   a268   c36c   ecb1   fd93   fdf3   fdf3   f5b2   ed50   dcee   d4ae   e4cf   f511   f4d0   e40e   c2eb   b228   b229   c2cc   cb0d   c2cc   c30d   cb4e   c30d   ba8b   ba6b   ba8c   baac   c2cd   caee   caee   caee   c2ad   ba6c   b26b   ba8c   c2cd   bacd   baed   c30e   c32f   c34f   c32f   baee   aa8d   9a0b   89aa   8169   8149   796a   796a   818a   81ab   81ab   79ab   79ac   79cc   716b   60e9   58a8   58a8   692b   79ed   822f   696b   5088   4847   58a9   60ea   692b   718b   798c   694b   58c9   5888   58c9   60ea   716c   718d   79ad   696c   79cd   820f   71ad   698c   698c   826f   7a2e   69ab   50e8   69cb   abb2   abd2   abd1   abb0   a38f   abf0   c4b2   dd54   e5b5   e595   e5b5   edd5   e5b5   dd94   dd53   d532   d532   d532   d553   dd53   dd53   dd53   d533   d512   ccf2   ccf2   d512   d512   d532   d553   d553   d553   d573   d573   dd94   dd94   dd94   dd74   e594   edb5   e553   d4d2   b3ae   9acb   79c7   6946   6966   79e8   8a4a   92ab   8a6b   8a6c   9acd   a32f   a32f   a30f   9aef   a30e   bbb0   c3d0   cc11   dc52   e472   e492   e4b2   e4b1   f513   f554   f554   e4d2   bbaf   9aab   81a8   60c4   5884   5063   5064   58a6   60c7   60a7   60a8   68e8   60c8   60c8   68e8   6909   6909   6909   60c8   60a7   5887   5887   58a7   60c8   60c8   60c8   58a7   58a7   60c7   6928   79a9   926c   ab0e   bb8f   c3af   bb8e   bb8e   c3ae   cc0f   d44f   dc90   dc90   d48f   d46f   dc90   dc90   dc90   dc90   dc90   d490   d490   d470   d46f   d46f   d470   d470   d470   d46f   d470   d470   d470   d470   d450   d450   d450   d450   d450   d450   cc50   cc50   cc50   cc50   cc50   cc2f   cc2f   cc2f   cc2f   cc2f   cc2f   cc2f   cc2f   cc2f   cc2f   cc2f  
 b26a   b26a   b26a   b24a   b22a   b22a   b22a   b22a   b20a   b1e9   b1e9   b209   b209   b208   b228   ba49   c2a9   cb0a   db6c   e3ad   ebed   ec0d   f44e   f48e   f48e   ec8e   ec8e   ecae   ecae   ecae   f48e   ec8d   f48e   f46e   ec2d   e3ed   db8d   d32c   c28a   b1e8   a187   9947   9126   9147   9988   9988   9988   99a8   a1c8   a1e9   a9e9   aa09   aa09   aa09   aa09   aa09   aa09   aa09   a9e9   a9e9   b1e9   b1e9   b1e9   a9e9   a9e9   aa09   aa09   b22a   b22a   b22a   b22a   b22a   b209   aa09   aa08   91a6   9a07   aa89   d3ee   f512   fdb3   fdf3   fdf3   ed91   dd0f   dcef   e510   f531   f4d0   e3ee   caea   b249   ba6a   cb0d   d34e   c2cc   bacc   c30d   baac   aa2a   aa2a   ba8b   c2cd   cb0e   d32f   d32f   cb0e   c2cd   ba8c   b28c   baac   c2cd   c30e   c32f   c32f   c30e   baee   b2ce   aa8d   a24c   99eb   89cb   898a   818a   796a   7129   794a   81ac   79ab   798b   798b   716b   6109   5088   5067   58a8   718c   8a4f   8a6f   612a   4847   4847   60ea   692a   716b   718b   716c   692a   58c9   58a8   58a9   60ea   60ea   692b   610b   58ea   698c   79ee   698c   698c   71ed   8a90   826f   71ec   69ab   8a8e   ab92   930f   932e   b411   c4b3   d534   dd74   e595   edd5   e5b4   e5b5   e5b4   e5b4   dd73   d553   d532   d532   d512   d553   dd53   dd53   dd53   d533   d512   cd12   ccf2   d512   d532   d553   d573   d573   d573   d573   d593   ddb4   dd74   dd53   dd53   e574   ed94   e553   dcf2   c3ef   ab2d   8a29   79a7   7187   79c8   8a2a   926b   926c   822b   8a4c   9aee   ab50   a330   9aee   9ace   ab2f   bb8f   cc11   d431   dc31   e471   ecd2   f513   f534   e4d2   d450   ab2d   81c8   6905   58a4   5063   5064   5043   5064   58a6   60c7   60c7   60c7   60c8   60c7   60e8   68e8   6908   6909   6909   60e8   60a7   5887   5887   58a7   60c8   60c8   60c8   58a7   58a7   68e8   7989   922b   a2ee   b34f   bb8f   bb8f   bb8e   bb8e   c3cf   cc2f   dc90   dcb0   dcb0   dc8f   dc8f   d48f   d470   d490   d490   d490   d490   d490   d490   d46f   d46f   d470   d470   d470   d470   d470   d470   d470   d470   d470   d470   d450   d450   d450   d450   cc50   cc50   cc50   cc50   cc50   cc50   cc2f   cc2f   cc2f   cc2f   cc2f   cc2f   cc2f   cc2f   cc2f   cc2f  
 b26a   b26a   b26a   b24a   b22a   b22a   b22a   b22a   b20a   b209   b209   b1e9   b1e8   a9e8   b208   ba48   c289   caea   db6b   e3ac   ebed   ec0d   f44e   f48e   f48e   ecae   ec8e   ecae   ecae   ecae   f48e   ec8d   f48e   f46e   ec2d   e3ed   db8d   d32c   c28a   b209   a167   9946   9126   9147   9988   9988   9988   99a8   a1c8   a1e9   a9e9   aa09   aa09   aa09   aa09   aa09   aa09   aa09   a9e9   a9e9   b1e9   b1e9   b1e9   a9e9   a9e9   aa09   aa0a   b22a   b22a   b22a   ba2a   ba4a   b22a   b229   b249   a1e7   99e7   99e6   b2ea   d42e   f552   fdd2   fe13   f5d2   ed71   ed50   ed31   f510   ec8f   d38c   caea   c2aa   c2cb   cb0d   d32e   c2ed   bacc   bacc   b28b   b26a   ba8c   baac   c2cd   cb0e   d32f   cb2f   cb0e   c2cd   baad   baad   baad   bacd   c32f   c34f   c32f   baee   b2ad   aa8d   a24c   a22c   9a0c   91ec   91ec   89ab   818b   796b   798b   81ac   79ab   714a   692a   6109   58a8   4847   5088   58ea   79ee   8a4f   822f   58ea   4847   4867   612b   696b   716b   714b   694a   692a   60ea   60e9   60ea   60ea   58a8   60ea   60ea   58ea   698c   71cd   696c   698c   7a2e   8a8f   8ab0   8aaf   8aaf   930f   9b30   92ee   9b4f   ccb4   e596   edd6   dd74   dd73   e5d5   e5b4   dd74   dd94   dd73   d553   d532   d532   d532   d532   d532   d553   d553   d553   d533   d533   cd13   d512   d533   d553   dd53   d573   d573   d573   d573   d593   dd94   dd53   d533   dd53   e574   ed94   ed74   e533   cc31   b38f   9aac   8a29   81c8   81e9   8a2a   928c   928c   8a4b   8a6c   9ace   a30f   a330   a30f   9aee   ab2f   c3b0   d432   dc52   e492   ecd3   f4f3   ecd2   d430   b36d   9269   7186   58c4   5063   5884   58a4   58a5   58a5   58a5   58a6   60c7   60c7   60c7   60a7   60c7   60e7   60e8   68e8   6908   6908   60c8   58a7   5886   5886   58a7   60c7   60c8   60c8   60c7   60c7   7149   81eb   9a8d   ab0e   b34f   bb6f   bb6e   bb6e   c3ae   cc0f   d450   dcb0   dcb0   dcb0   dc8f   dc8f   d48f   d490   d470   d470   d470   d470   d490   d490   d46f   d46f   d490   d490   d490   d470   d470   d470   d470   d470   d470   d470   d470   d450   d450   d450   d450   d450   cc50   cc50   cc50   cc50   cc50   cc50   cc2f   cc2f   cc2f   cc2f   cc2f   cc2f   cc2f   cc2f  
 b26a   b26a   b24a   b24a   b24a   b22a   b22a   b20a   b20a   b209   b209   b209   a9e8   a9c7   b1e8   ba49   ba89   caea   db4b   e3ac   ebed   ec0d   f44e   f48e   f4ae   ecae   ecae   ecae   ecae   ecae   f48e   f48d   f48e   f46e   ec2d   e3ed   db8d   d32c   c28a   b209   a167   9926   9126   9947   9988   9988   9988   99a8   a1c8   a1e8   a9e9   aa09   aa09   aa09   aa09   b209   aa09   a9e9   a9e9   a9e9   b1e9   b1e9   b1e9   a9e9   a9e9   aa09   aa0a   b22a   b22a   b22a   ba4a   ba4a   ba4a   ba4a   ba8a   b249   a228   9185   a228   bb2b   e4f0   f5b2   fdf3   f5d3   f5b2   f5b2   ed51   e4cf   dc2e   c32b   c2ca   cb0c   caec   caec   cb0d   cb0d   c2ed   bacc   ba8b   c2cc   cb0e   caed   c2cd   caed   caee   c2ee   c2cd   c2ad   bacd   bacd   bacd   bace   bb0e   bb0f   baee   b28d   a26d   a24c   a22c   9a2c   91cb   91cc   89ac   796b   796b   81cc   89ed   89ed   79ac   694a   60e9   60e9   58a8   4867   50a8   612b   8a4f   822f   79cd   50a9   5088   5088   696b   718c   694b   692a   6109   6109   610a   690a   690a   692a   58c9   692b   694b   612b   71ac   71cd   696c   71cd   826e   828f   9b31   a372   9b51   930f   8aee   a390   b452   dd55   e5b6   dd95   d532   cd32   e5b4   ddb4   d553   d553   d553   d532   d532   d553   d553   d553   d532   d553   d553   d553   d533   d533   d533   d533   d533   d533   d553   d553   d553   d553   d573   d573   d553   d533   dd53   e594   edb5   edb5   ed94   ed74   e4f4   d451   b34e   9a8b   81e9   81a8   81e9   922b   924c   926c   926d   928d   9ace   a330   ab71   b371   b32f   c3b0   cbf1   dc52   ecd3   f514   e492   cbf0   aaeb   81c7   60e4   58a3   5884   5884   58a5   58a5   5085   58a6   60c7   60c7   58c7   60c7   60c8   60e8   60c7   60c7   60e7   60c7   60e8   68e8   60c8   5887   5866   5887   60a7   60c8   60c8   60c8   60e8   6908   79aa   8a2c   a2cd   ab0e   ab2e   b32e   b34e   b34d   c3ce   cc2f   d470   dcb0   dcb0   dcb0   dc8f   d48f   d490   d490   d470   d46f   d470   d46f   d46f   d46f   d46f   d46f   d490   d490   d490   d490   d470   d470   d470   d470   d470   d470   d470   d450   d450   d450   d450   d450   cc50   cc50   cc50   cc50   cc50   cc50   cc2f   cc2f   cc2f   cc2f   cc2f   cc2f   cc2f   cc2f  
 b26a   b26a   b24a   b24a   b24a   b22a   b22a   b22a   aa09   b209   b209   b209   a9e8   a9c8   a9e8   b228   ba69   caca   db4c   e38c   e3cc   ec2d   f44d   f48e   ecae   ecae   ecae   ecae   ecae   ecae   f4ad   f48d   f48e   f46e   ec2d   ebed   e3ad   d32c   c28a   b209   a187   9926   9126   9947   9967   9968   a188   99a8   a1c9   a1e9   a9e9   aa09   aa0a   aa09   aa09   a9e9   a9e9   b1e9   b1e9   b1e9   b1e9   b1e9   a9e9   aa09   a9e9   aa09   b209   b229   b22a   ba4a   ba4a   ba6a   ba6a   ba6a   baab   b24a   a229   99c7   91a7   9a28   c40d   ed72   f5f3   f5f3   fe13   f5d2   f571   ed10   dc6e   c32a   c30b   d34c   cb0c   c2ab   ba6b   c2ac   ba8c   ba8c   c2cc   cb0e   d32e   cb0e   c2cd   c2ac   c2ac   b24b   b26c   c2ad   c2cd   bace   c2ee   c2ef   baee   bb0f   b2ce   a24d   920c   89cb   796a   794a   712a   796b   796b   714a   796b   89ed   8a0e   89ed   798b   690a   58c8   58a8   5088   5088   58ea   696c   79ee   79cd   71ad   612b   58c9   610a   610a   694b   6109   58c8   58c8   58c8   60e9   694a   694b   612a   60e9   694b   71ac   79cd   79ed   71ac   69ac   71cc   824e   826e   8af0   9b30   930f   934f   ac12   bc93   ccf4   cd13   d533   dd94   e5b4   dd93   d552   dd73   d573   d553   cd32   cd32   d553   d573   d573   d553   cd33   cd12   cd12   cd33   d533   cd13   cd13   cd13   d533   dd53   dd53   dd73   dd53   d553   dd73   dd94   dd73   dd94   e5b4   edb4   ed94   ed94   ed74   ed74   ed34   dc92   c3cf   aaec   924a   89e9   89ea   89ea   920b   9a4c   924d   922c   924d   a2cf   ab51   bb91   bb70   bb6f   c3d0   d452   d432   d432   ab0d   922a   6906   58a4   5064   5884   5085   58a6   58c6   58a6   58a6   58a7   58c7   60c7   60e7   60e7   60e7   60e7   60e7   60e7   68e7   68e7   60c7   60a7   5886   60a7   5886   5886   5887   60c7   60c7   60c7   6108   6949   81eb   928d   ab2e   b34e   ab0d   aaec   ab2d   b36e   bbce   cc4f   dcb0   dcb1   dcb0   dcb0   d490   d46f   d46f   d46f   d490   d490   d490   d46f   d46f   d46f   d490   d490   d490   d490   d490   d490   d470   d470   d470   d470   d450   d450   d450   d450   d450   d450   d450   d470   d470   cc50   cc50   cc50   cc50   cc2f   cc50   cc2f   cc2f   cc2f   cc2f   cc2f   cc2f   cc2f  
 b26a   b26a   b24a   b24a   b24a   b249   b22a   b229   aa09   aa09   b209   aa09   a9e8   a9c8   a9e8   b209   ba69   c2ea   d34c   e38c   e3cc   ec2d   f44d   f48e   ecae   ecae   ecae   ecae   ecae   ecae   f4ad   f48d   f48e   f46e   ec2d   ebed   e3ad   d32c   c28a   b209   a187   9126   9127   9947   9967   9968   a188   99a8   a1c9   a1e9   a9e9   aa0a   aa0a   aa09   aa09   a9e9   b1e9   b1e9   b1e9   b1e9   b1e9   b1e9   aa09   b209   b209   b209   b229   b229   b22a   b24a   ba4a   ba4a   ba6a   ba6a   ba8b   b24a   aa29   a1e8   99c8   a269   bbac   dd10   f5b3   fe14   fe34   f5f3   f5b2   f571   e4b0   cb8c   cb4b   d34c   caec   ba8b   ba4a   ba6b   ba8c   ba8c   baac   c2cd   caed   caed   c2ac   ba8c   c2ad   ba8c   baad   c2ee   c2ce   bace   bace   bace   bace   bb0f   b2ef   a28e   9a2d   89cc   794a   710a   712a   714b   796b   714b   796b   81cd   89ed   81cc   798b   692a   60e9   58c9   58c9   58c9   590a   694c   71cd   79ee   79ee   696c   612a   692a   60e9   60e9   58c8   58a8   58c8   60e9   58c9   58c9   58c9   58c9   60e9   58e9   58e9   694a   71cc   71cc   698b   698b   7a2d   7a0c   826d   8ace   930f   a3d0   bc93   c4d3   c4d3   ccf3   cd33   d574   ddb4   dd93   d553   d573   d553   cd32   cd12   cd12   cd32   d553   d553   d553   cd13   cd12   cd12   cd13   cd13   cd12   ccf2   ccf2   d513   dd33   dd53   dd73   dd53   dd73   dd73   dd94   e5b4   edd5   edd5   edd5   edb5   ed94   e574   ed54   ed54   e4d3   d431   bb6e   aaac   920a   89a9   8188   89aa   89ca   89cb   89eb   8a0c   926d   a2f0   ab50   b36f   b36f   bb8f   c3d0   bb8f   b34f   8a0a   7147   60c5   5865   5865   5885   5886   5886   50a6   5086   58a7   58c7   60c7   60e8   60e8   6107   6108   6107   6907   68e7   68e7   60c7   60a7   5886   5886   60a7   60a7   60a7   60a7   60a7   60c7   60e8   6929   7169   8a2c   9aad   ab2f   b34f   ab0d   a30c   ab2d   b38d   c3ee   cc70   d4b0   d4b0   d490   d490   d490   d46f   d490   d490   d490   d490   d490   d490   d46f   d46f   d490   d490   d490   d490   d490   d490   d470   d470   d470   d470   d470   d450   d450   d450   d450   d450   d470   d470   d470   cc50   cc50   cc50   cc50   cc50   cc2f   cc2f   cc2f   cc2f   cc2f   cc2f   cc2f   cc2f  
 b24a   b24a   b24a   b24a   b24a   b249   b22a   b229   aa09   aa09   b209   aa09   a9e8   a9c8   a9e8   b209   ba69   c2ca   d34c   db8c   e3cc   ec0d   f44d   f46e   ec8e   ecae   ecae   ecae   ecae   ecae   f4ad   f48d   f48e   f46e   ec2d   e3ed   e3ad   d32c   c28a   b209   a187   9126   9127   9947   9967   9968   a1a8   99a8   a1c9   a1e9   a209   aa0a   aa09   aa09   aa09   aa09   b209   a9e9   a9e9   a9e9   a9e9   a9e9   aa09   b209   b209   b209   b209   b209   b229   b229   ba4a   ba4a   ba8b   ba6a   ba8a   b249   aa29   a209   a208   aa8a   b34b   d4af   ed92   fe34   fe55   fe14   fdd3   f592   e4b0   cbac   cb2b   cb2c   c2ec   ba6b   b22a   ba4b   baac   c2cd   c2cd   baac   baac   c2ac   c2ac   baac   baad   bacd   c2ee   c2ee   bace   bace   b2ae   aa6c   a26d   aa8e   aa8e   a26d   920d   89cc   796b   712a   690a   712a   690a   690a   692a   798b   81ac   798c   796b   714a   610a   60e9   60ea   58ea   610a   612b   590a   71ad   824f   7a0e   718c   696b   58c9   5067   50a8   58a8   60e9   60e9   58a8   5087   5087   50a8   58c8   5087   5067   5909   79cc   7a0d   79cc   71cc   7a0c   7a2c   8aae   9b0f   a390   b432   c4b4   c4d3   c4b3   cd13   d533   d553   dd94   dd94   d553   d532   cd12   c4d2   c4b1   c4b1   ccf2   cd12   d533   d533   d533   d512   ccf2   d512   d512   d4f2   ccf2   d4f2   dd13   dd33   e553   e574   e574   e594   e594   e594   edd5   edd5   f5f5   f5f5   f5d5   f5b5   f595   f595   f575   ed14   d451   bb8f   aaac   920a   8988   8148   7948   7928   7949   818a   81cb   8a0c   926e   a2ef   b34f   b36f   bb90   c3b0   b34f   ab0e   81a9   6906   58a5   5885   5885   58a6   5886   5886   58a6   58a7   58c7   60c7   60e8   60e8   6108   6908   6908   6908   6928   6907   60e7   60c7   60a7   5886   5887   60a7   68e8   60c7   60c7   60a7   60c7   6908   718a   81cb   9a8d   a30e   b36f   b34f   ab2d   ab0c   b34d   bbae   cc2f   d490   d4b1   d4b1   d490   d490   d490   d470   d490   d490   d490   d490   d490   d490   d490   d470   d470   d490   d490   d490   d490   d490   d470   d470   d470   d470   d470   d470   d450   d450   d450   d450   d470   d450   d450   d450   d450   cc50   cc50   cc50   cc2f   cc2f   cc2f   cc2f   cc2f   cc0f   cc0f   cc0f  
 b24a   b24a   b24a   b24a   b24a   b229   b229   aa29   b209   aa09   b209   aa09   a9e8   a9c8   a9e8   b209   ba69   c2ca   d32c   db8c   e3cc   ec0d   f44e   f46e   ec8e   ecae   ecae   ecaf   ecae   ecae   f4ae   f48e   f48e   f46e   ec2d   e3ed   dbad   d32c   c28a   b209   a188   9126   9127   9967   9968   9988   a1a8   99a8   a1c9   a1e9   a209   aa0a   aa09   aa09   aa09   aa09   b209   b209   a9e9   a9e9   a9e9   a9e9   b209   b209   a9e8   a9e8   a9e9   b209   b229   b24a   ba6a   ba6a   ba8b   ba6a   ba6a   b229   aa29   aa29   a208   aa8a   b32b   d4b0   f5b3   fe14   fe34   fdf4   fdd3   ed31   d42d   c32a   baea   c2ca   c2cb   c2ab   ba4a   ba6b   ba8c   c30d   cb0e   baac   b24b   ba8c   c2ed   cb0e   cb2e   cb2f   cb50   c350   c32f   c30f   b2ce   9a2c   91cb   89cb   89ab   89cb   81ab   818b   796b   712a   690a   68e9   60c9   58a8   60c8   692a   798b   79ac   714b   716b   694b   692a   610a   610a   590a   590a   4868   614b   8a70   8a90   822f   718c   5088   4847   5088   58c8   60e9   58a8   58a8   5887   5087   58a8   58c8   4866   4846   6129   8a4d   92af   8a6e   824d   822c   92ce   ab71   b3f2   bc33   c494   ccd4   ccd3   ccf3   d554   dd74   d554   dd94   dd94   d533   cd12   ccd1   c4b1   c4b1   ccd1   ccf2   d513   d533   d533   d513   d4f2   d4d2   d4d2   d4f2   d4f2   d4f2   dd13   e553   e554   ed94   ed95   edb5   edb5   edb5   edb5   edb4   edd5   f5d5   f5d5   f5d5   f5d5   fdd5   fdd6   f575   ed14   dc72   c3af   aaec   9a2a   8988   8147   7907   70e6   7107   7989   81cb   81cb   8a2d   9a8e   b370   bb90   c3d1   cbf2   bbb1   ab2f   81c9   7127   60c6   5885   5885   58a6   5085   5886   58c7   58e7   58c7   60c8   60e8   6108   6908   6908   6928   6928   6928   6908   60c7   60c7   6086   5866   5866   5887   60c7   60c7   60c7   60a7   60c7   6928   81cb   926d   a30f   ab4f   b370   b36e   ab2d   ab2d   bb8e   c3ef   d470   d490   d4b1   d490   d490   d490   d490   d490   d490   d490   d490   d4b0   d490   d490   d490   d470   d470   d470   d490   d490   d490   d490   d470   d470   d470   d470   d470   d470   d450   d450   d450   d450   d450   d450   d450   d450   d450   cc50   cc50   cc50   d430   d430   cc2f   cc2f   cc2f   cc2f   cc2f   cc2f  
 b24a   b24a   b24a   b24a   b249   b229   b229   aa29   aa09   aa09   b209   aa09   a9e8   a9c8   a9e8   b209   ba69   c2ca   d32c   db8c   e3cd   ec0d   ec4e   f46e   ec8e   ec8e   ecae   ecaf   f4ae   f4ae   f4ae   f48e   f48e   f46e   ec2d   e3ed   dbad   d32c   ba8a   b209   a188   9147   9127   9967   9968   9988   a1a9   99a9   a1e9   a1e9   a209   aa0a   aa09   aa09   aa09   aa09   aa09   aa09   aa09   aa09   aa09   aa09   aa09   aa09   b209   b209   b209   b209   b229   ba4a   ba6a   c28b   ba8a   ba6a   ba6a   b249   b249   aa49   a208   aa69   b32b   dcb0   f5b3   fe14   fdf4   fdd3   f592   dc8f   bb6b   b2c9   b289   ba8a   c2cb   cacc   ba6b   ba8b   ba8b   c2ed   c2cd   b26b   b24b   baac   cb2e   cb4e   cb4f   c34f   cb50   c350   bb2f   bb0f   aa8e   89cb   8149   7108   7129   796a   794a   714a   712a   60c9   60c9   60c9   5888   5888   58a8   690a   716b   79ac   694a   718b   718c   716b   614b   612b   614b   614b   4889   58ea   79ee   8a90   92b1   822e   612a   58a8   58a8   6109   60e9   5887   58a8   60c8   5887   5066   5086   58a7   6108   79eb   9acf   9b0f   92ce   92ae   9ace   ab50   b3d2   c453   ccb5   d515   d535   d514   dd55   e595   e595   dd74   dd74   dd74   d512   ccd1   ccb1   ccb2   ccd2   d4f2   dd13   dd34   dd33   dd33   d4f2   d4b1   cc91   cc91   d4b1   d4d1   dcf2   e513   ed74   ed74   ed95   f5b5   f5d5   f5d5   f5d5   edd5   edd5   f5d5   f5f6   f5d5   f5d5   f5b5   fdb5   fdb5   f575   f554   e4d3   d431   c36e   aa8b   91c9   8147   70e6   68a5   68c6   7949   81aa   79aa   81eb   8a4c   b370   bbb1   c3f2   cc12   c3d1   ab0e   7147   60c5   60e6   5885   5885   5885   5065   5085   58c7   58c7   58a7   58c7   60e8   6108   6908   6928   6928   6928   6908   68e8   60c7   60a7   5887   5866   5866   5866   60a7   60c7   60e7   60c7   60c7   7149   8a2c   9ace   ab50   b36f   b36f   b34e   ab2d   b34d   bbaf   cc30   d471   d491   d491   d490   d470   d470   d490   d490   d491   d491   dcb1   dcb0   dc90   d490   d490   d470   d470   d470   d470   d490   d490   d490   d490   d470   d470   d470   d470   d470   d470   d450   cc4f   cc4f   d450   d450   d450   d450   d450   d44f   d44f   d44f   d450   d44f   d44f   d42f   d42f   cc2f   cc2f   cc2f  
 b24a   b24a   b24a   b249   b229   aa29   aa29   aa09   aa09   aa09   b209   aa09   a9e8   a9c8   a9e8   b209   ba4a   c2cb   d32c   db8c   e3cd   ec0d   ec4e   f46e   ec8e   ec8e   ecae   eccf   f4ae   ecae   f4ae   f48e   f48e   f46e   ec2d   e3ed   dbad   d32c   baaa   aa09   a1a8   9147   9147   9968   9988   9988   99a9   99c9   99e9   a1e9   a209   a20a   aa09   aa09   aa09   aa09   b209   aa09   aa09   aa09   aa09   aa09   aa09   aa09   b229   b209   b209   b229   b229   b249   ba4a   ba6a   ba8a   ba6a   ba8a   b24a   b24a   b249   aa08   aa49   ab0a   d44f   f573   fdf4   fdd4   f5b3   ed11   c3ec   aac9   aaa8   b289   ba89   c2cb   c2cc   ba6b   c2ac   c2ac   baac   ba8b   b26b   baac   cb2e   cb4f   c30e   bb0e   baee   baef   b2ef   b2ee   aace   9a2c   816a   68c8   6087   68e8   796a   794a   712a   68e9   58a8   5067   5067   5067   5888   60c8   6109   714a   718b   694a   718b   79ac   71ac   696b   616b   696c   69ad   50ea   48a9   590b   7a0e   9ad2   a312   822e   718c   60e9   694a   6909   5887   5887   5887   5045   4804   5066   79aa   9aae   a30f   9aee   92ae   9aef   ab91   bbf2   bbf2   b3b1   bbf2   ccb4   dd35   dd35   d535   dd75   e5b6   dd95   d554   dd54   d533   ccd2   c491   c491   cc91   d4b2   d4f3   dd13   dd13   dcf3   dcf3   d4b1   d491   cc71   d491   d4b1   dcd2   e513   e533   ed74   f594   f595   f5b5   f5b5   f5d5   f5d5   f5d5   f5d5   f5d5   f5d5   f5d5   f5d5   f5b5   fdd5   fdd5   fdb6   fd75   ecf3   dc51   c38f   aacc   99e9   8988   78e6   6885   6085   7107   7169   7169   798a   820c   ab50   bbb1   c3f2   cc33   bbd2   a2ce   60e6   5064   60c6   5885   5886   58a6   5886   58a6   58c6   58a6   58a7   58c8   60e8   6108   6909   6909   6909   6928   68e8   60c7   60a7   60a7   60a7   5886   5866   5866   60a6   60c7   60c7   60c7   68e7   7989   926d   a30f   b36f   b36f   b36f   b34e   b34e   b38e   c3ef   cc30   d470   d470   d470   cc70   d470   d470   d470   d490   d491   d491   dcb1   dcb1   dc91   dc90   d490   d490   d470   d470   d470   d470   d490   d490   d490   d490   d470   d470   d470   d470   d470   d450   cc4f   cc4f   d450   d450   d450   d44f   d44f   d44f   d44f   d44f   d450   d450   d44f   d44f   d42f   cc2f   cc2f   cc0f  
 b24a   b24a   b24a   b22a   b229   aa29   aa29   aa09   aa09   aa09   b209   aa09   a9e8   a1c8   a9e8   aa09   b24a   c2ab   d32c   db6d   e3ad   ec0d   ec4e   ec6e   ec8e   ec8e   ecaf   eccf   f4ae   ecae   f4ae   f48e   f46e   ec6e   ec2d   e3ed   dbad   d34c   baaa   aa29   99a8   9147   9147   9968   9188   99a8   99c9   99c9   a1e9   a209   a209   a20a   aa09   aa0a   aa09   aa2a   aa09   aa09   aa09   aa09   aa09   aa09   aa09   aa09   b229   b229   b229   b229   b229   b249   ba4a   ba4a   ba8a   ba8b   c28b   b26a   b26a   b26a   aa28   aa69   aaca   c3cd   e4f1   fdd5   fdf5   f572   dc8f   b34b   a288   b2a9   baca   ba89   ba8a   ba8a   b24a   c2ac   c2cc   c2cc   baac   baac   c30d   cb4f   c30e   baad   b2ad   b2ad   b2ae   b2ae   aa8e   a26d   920c   816a   60a7   5866   7109   81ac   796b   6909   68e9   5888   5068   5068   5088   58a8   58c8   58e9   6109   694a   694a   696b   718b   698b   616b   614b   696c   71ad   590b   50a9   50c9   614b   8a50   a332   9290   79cd   60e9   692a   60c8   5066   5066   5046   5045   58a6   7969   9ace   bb91   b391   a32f   a32f   b3d1   cc94   cc94   c433   b3b0   b3d1   cc93   d4f4   d4f4   d514   dd54   dd75   dd54   d534   d534   cd13   c4d2   c491   c471   cc71   d4b2   d4d3   dcd3   dcd2   d4b2   d491   d491   d491   d491   dcb1   dcf2   e512   ed33   ed54   ed74   ed74   f595   f5b5   f5b5   f5b5   f5d5   f5d5   edd5   f5d5   f5d5   f5f5   fdd5   fdd5   fdf6   fe16   fdf6   fd95   ed13   dc71   cbaf   b2cc   9a2a   91a8   7906   6885   6044   60a6   6908   6928   716a   79eb   9aef   b391   c413   cc54   bbd2   9aad   60c6   5065   60c6   58a6   60c7   60e7   58c6   58a6   58c7   58c7   58a7   60c8   60e8   6909   6909   6909   6909   6908   60e8   60c7   58a7   58a7   60a7   5887   5887   5886   5886   60a6   60a6   60c7   7128   89eb   a2ce   ab2f   b36f   b36f   b36f   b36e   bb8e   bbcf   c3ef   cc2f   cc50   cc50   cc4f   cc50   cc50   cc50   cc50   d470   d470   d470   d490   d490   d470   d470   d470   d470   d470   d470   d470   d470   d471   d490   d490   d490   d470   d470   d470   d470   d470   d46f   cc4f   cc4f   cc4f   d44f   d44f   d44f   d42f   d42f   d42f   d42f   d44f   d44f   d42f   d42f   d42f   d40f   cc0f   cc0e  
 b24a   b24a   b24a   b22a   b229   aa29   aa09   aa09   aa09   aa09   b209   aa09   a9e8   a1c8   a9c8   aa09   b24a   c2ab   d32c   db6d   e3ad   ec0d   ec4e   ec6e   ec8e   ec8e   ecaf   eccf   ecaf   f4ae   ecae   f48e   f46e   ec6e   ec2d   e3ed   dbad   d34c   baab   aa29   99a8   9147   9147   9168   9188   91a8   99c9   99c9   99e9   a209   a209   a20a   aa09   aa0a   aa29   aa2a   aa09   aa09   aa09   aa09   aa09   aa09   aa29   aa29   b229   b229   b229   ba4a   ba6a   ba6a   ba6a   ba8a   c28b   c28b   c2ab   ba6a   b26a   b26a   aa29   b289   aaaa   bb6c   dc90   fdf5   fdf5   ed32   d42e   aaea   a247   b2a9   c2eb   b26a   b249   b229   b209   c2ac   c2ac   c2cd   caed   caed   cb0e   c2ee   baad   aa4c   a20b   9a0b   9a2c   9a4c   920c   89cb   818a   7129   68e8   60c8   796b   89ed   714b   60c8   58a8   5067   60c9   58a9   58a8   58c8   58c8   58c8   60e9   694a   694a   694a   694b   614b   612b   592a   614b   698c   614b   590b   590a   590a   71ad   8a90   820e   694b   5087   58a8   5066   4825   5066   5065   60e7   89eb   ab0f   b350   ab2f   a30e   b3b0   cc73   d4d5   d4d5   c473   c452   b3f1   bc11   ccb3   ccd3   ccd3   d534   d534   d554   d534   d513   d533   ccf3   c4b2   c4b2   cc71   cc92   d4b2   d4b2   dcd2   d4b2   d491   d471   d491   d491   dcb1   dcd2   e512   ed33   ed53   ed74   ed74   ed74   ed94   ed95   f5b5   f5d5   f5d5   edd5   f5d5   f5f5   f5f6   f5f6   fdf6   fdf6   fe16   fe16   fdf6   fdb6   fd55   ecf3   dc30   c34d   a24a   91c8   8127   68a5   6044   6085   60c7   6928   716a   79cb   92ae   b391   c413   cc54   bbb2   928d   58a5   5065   60c6   60c6   68e7   6907   58a6   5886   60c7   60e7   60c7   60c8   60e8   6909   6909   6909   6908   68e8   60e8   60a7   5887   5887   5887   5887   5887   60a7   5886   5885   5886   60c6   7969   924c   ab0f   b370   b36f   b36f   b38f   bb8e   c3cf   c3ef   c40f   cc0f   cc2f   c42f   cc2f   cc2f   cc2f   cc2f   cc2f   cc50   cc50   cc50   cc50   d470   d450   d450   d450   cc50   d470   d470   d470   d470   d470   d471   d490   d490   d470   d470   d490   d470   d470   d46f   cc4f   cc4f   d44f   d44f   d44f   d44f   d42f   d42f   d42f   d42f   d42f   d42f   d42f   d42f   d42f   cc0f   cc0e   cc0e  
 b24a   b24a   b22a   b22a   b229   aa29   aa29   aa09   aa09   aa09   aa09   aa09   a9c8   a1c8   a9c9   aa09   ba6a   c2ab   d32c   db8d   e3cd   e3ed   ec2e   ec6e   ec6e   ec8e   ecaf   eccf   eccf   f4ae   ecae   ec8e   f48e   ec6e   ec2e   e3ed   dbad   d34c   baab   aa29   99a8   9167   9147   9167   9188   91a8   99a9   99e9   99e9   a209   a209   a22a   aa2a   aa2a   aa29   aa2a   aa2a   aa09   aa09   aa09   aa09   aa09   aa29   aa29   b229   b249   ba6a   ba8a   c28b   c2ab   c2ab   c2ab   caab   c2ab   c28a   ba8a   ba8a   ba8a   b269   b269   aaa9   b32b   d42f   fd73   fdb5   ed12   cbee   b30a   aa89   b2ca   baca   b26a   b229   b229   b24a   ba4a   c2ac   c2cd   d32e   d32f   c2cd   ba8c   b24c   a20b   99ea   91ca   91cb   818a   7949   7929   70e8   7109   60c8   6909   796b   79ac   692a   5867   5067   60c9   690a   6109   60c9   58a8   5088   50a7   58c8   6109   610a   612a   612a   612a   590a   590a   614c   69ad   69ad   69ad   614c   50ea   612b   79ee   79ed   692a   5066   5046   5045   4825   5045   68e7   8a0b   ab0f   b34f   b34f   ab2f   b38f   cc52   dd15   e535   d4b4   c451   bc31   bc31   bc51   c4b2   ccd2   c4b2   ccf2   d554   d554   d534   cd13   d513   d513   ccf3   ccb2   cc92   cc92   d492   d492   d471   d471   d471   d471   dc91   dcb1   dcd2   e4f2   e533   ed53   ed53   ed53   ed94   ed94   f5b5   f5b5   edb5   edd5   edd5   edf5   f5f5   f5f5   f615   f616   fe16   fe16   fe36   fe36   fe17   fdd6   fd95   f514   e451   c36e   aa8b   a22a   8988   70a5   6044   5824   5886   6908   6928   718a   820c   ab91   c414   cc54   c413   a2ef   60e7   5885   60e6   60c6   60c6   60c7   60c6   58a6   60c6   68e7   60e8   60c8   60c8   60e8   6909   6909   68e9   60e8   60c8   60c8   58a7   5886   5887   60c8   60e8   60c7   5886   5865   5865   60e7   81ca   a2ee   b370   bb90   bb90   b36f   b36e   bbaf   c40f   cc50   cc50   cc2f   c40f   c40f   c40f   c40f   cc2f   cc2f   cc2f   cc2f   cc2f   cc2f   cc2f   cc30   cc30   cc30   cc2f   cc2f   cc50   cc50   d450   d470   d470   d470   d470   d470   d470   d470   d470   d470   d470   d470   d46f   d46f   d44f   d44f   d44f   d44f   d42f   d42f   d42f   d42f   d42f   d42f   d42f   d40f   d40f   cc0f   cc0e   cc0e  
 b24a   b22a   b22a   b22a   b229   aa29   aa09   aa09   aa09   aa09   aa09   aa09   a9c9   a1c8   a9c9   a9e9   b26a   c2ab   cb0c   db6d   e3cd   e3ed   ec2e   ec6e   ec6e   ec8e   ecaf   eccf   eccf   f4ae   ecae   ec8e   f48e   ec6e   ec2e   e3ed   dbad   d34c   baab   aa29   99a8   9167   8947   9168   9188   91a8   99a9   99e9   99e9   a209   a209   a22a   aa2a   aa2a   aa29   aa2a   aa09   aa09   aa09   aa09   aa29   aa29   aa29   b229   b229   b24a   ba6a   c2ab   c2cb   cacc   caec   caec   c2ab   c28a   c28a   ba8a   c28a   ba8a   ba8a   b26a   aa69   b2ca   d3ee   f513   fd94   f533   d42f   bb2b   aa89   b2aa   baab   ba8a   b24a   b24a   ba6b   ba8b   c2ac   c2cd   d30e   d32f   c2ee   baad   b26c   a22c   99eb   91aa   898a   7929   70e8   70c8   68a7   68c8   60c8   68e9   716b   798c   712a   5888   5067   60c9   60e9   60e9   60c9   58c8   50a8   58a8   58c8   58e8   6109   612a   592a   590a   58ea   592b   69ad   7a2f   7a4f   7a2f   69ad   590a   614b   7a0d   820e   718b   5086   5045   4824   5045   68e7   8a0b   aaee   b370   a2ed   ab2e   c3f0   d493   dcf4   d4d4   d4b3   ccb3   c492   c471   bc51   bc51   c4b2   ccd2   ccf3   d534   dd95   e595   dd75   d534   d4f3   ccf3   ccd3   ccb2   d4b2   d492   cc71   cc51   cc30   cc30   d450   d470   dcb1   dcb1   e4d2   e512   ed33   ed53   f573   f594   ed94   edb5   f5b5   edb5   edd5   edd5   edf5   edf5   edf5   edf5   ee15   f615   f616   fe36   fe36   fe37   fe37   fdf6   fdb6   fd54   ecd2   d3cf   baec   aa6b   91a9   70c5   6044   5824   5865   60c7   60e8   6929   71aa   a310   bbf3   cc75   cc34   ab30   6928   58a6   60c6   60c6   60c6   60c6   60c6   60c6   60c7   68e8   60e8   60c8   60e8   60e8   6909   6909   6909   68e8   60c8   60a8   5887   5866   5887   60c7   60e8   60c7   5865   5865   58a5   7148   924b   b32f   c3b0   c3d0   bbaf   bb8f   bbae   c3ef   cc30   d470   d450   cc50   c40f   c42f   c42f   c42f   cc2f   cc2f   cc2f   cc2f   c40f   c40f   c40f   cc0f   cc0f   cc0f   cc0f   cc0f   cc30   cc30   cc50   cc50   cc50   cc50   cc50   cc50   d470   d470   d470   d470   d470   d470   d470   d470   d44f   d44f   d44f   cc2f   cc2f   cc2f   cc2f   cc2f   cc2f   cc2f   d40f   d40f   cc0f   cc0e   cc0e   cc0e  
 b22a   b22a   b22a   b22a   b229   aa29   aa09   aa09   aa08   aa08   aa09   aa09   a1c9   a1a8   a1c9   a9e9   b24a   baab   cb0c   db6d   e3cd   e3ed   ec2e   ec6e   ec8e   ecae   ecaf   eccf   f4cf   f4ae   ecae   f48e   f48e   f46e   ec2e   e40d   dbad   d34c   baab   aa29   99a8   9167   9147   9168   9188   99a8   99c9   99e9   99e9   a209   a20a   a22a   aa2a   aa2a   aa2a   aa2a   aa0a   aa09   aa09   aa09   aa09   aa09   aa29   aa29   aa09   b229   ba6a   ba8b   c2ab   cacb   cacc   caec   c26a   ba6a   ba6a   c26a   c28a   c28a   c28a   ba8a   b269   aa89   c34c   e470   f512   f4f2   d40f   bb2b   b2a9   b28a   b28a   ba8b   c2ab   c2ab   c2ac   c2ac   c2cd   cace   caee   cb0f   cb0f   ba8e   aa2c   a22c   9a0c   89ab   898a   7929   70e9   68e8   6087   60a7   5887   58c8   692a   798b   714b   60c9   5888   58a8   60c9   60e9   60e9   58c9   58c9   60e9   58e9   58e9   58c9   58e9   50c9   50a8   50a9   590a   69ac   7a2e   824f   822f   71cd   614b   698b   8a4e   928f   8a4e   58a7   5065   5065   7148   924c   ab0e   b32f   b32e   bb6f   c3f1   dc93   e515   dcf4   d4b3   d4b3   d4d3   d514   c4d2   bc71   b450   bc91   c4d2   cd13   dd54   e5d6   edd6   e595   dd34   ccd3   ccb2   ccb3   cc92   d492   d471   cc51   cc10   cc10   cc30   d450   d471   e4b2   dcd2   e4f2   e512   ed53   ed73   f594   f5b4   edb4   edb5   f5b5   f5d5   edd5   edd5   edf5   ee15   edf5   edf5   edf5   ee15   f616   f636   fe56   fe57   fe37   fdf6   fdb6   fd95   ecf3   d410   bb0d   aa6b   91c9   78e6   6065   5824   5865   60a6   58a7   6108   6969   926d   b3b2   d475   cc54   b371   7989   60c6   58a6   60c6   60c6   60c6   60c6   60e7   68e7   6908   60e8   60c8   60e8   68e9   6909   6909   68e9   68e8   60c8   60a7   5887   5886   58a7   60c8   60e8   60c7   58a6   58a5   68e7   81ca   a2cd   bb70   c3b0   c3b0   c3af   bbaf   c3cf   cc10   d450   d491   d470   cc70   cc4f   cc4f   cc2f   cc2f   cc2f   cc2f   cc2f   cc2f   cc2f   c40f   c40f   c40f   cc0f   cc0f   cc0f   cc0f   cc2f   cc2f   cc2f   cc30   cc30   cc30   cc4f   cc4f   cc4f   cc50   cc50   cc50   cc70   cc70   cc70   d470   d450   cc4f   d42f   cc2f   cc2f   cc0f   cc0f   cc0f   cc2f   cc2f   cc0f   cc0f   cc0f   cc0f   cc0f   cc0f  
 b22a   b22a   b22a   b22a   b229   aa29   aa09   aa09   aa08   aa08   aa09   a9e9   a1c8   a1a8   a1c9   a9e9   b24a   baab   cb0c   db6d   e3cd   e3ed   ec2e   ec6e   ec8e   ecae   ecaf   eccf   f4cf   ecce   f4ae   f4ae   f48e   f46e   ec4e   e3ee   dbad   d34c   baab   aa29   99a8   9167   9147   9168   9188   99a8   99c9   99e9   99e9   a209   a20a   aa2a   aa2a   aa2a   aa2a   aa2a   b22a   b22a   aa29   aa09   aa09   aa09   aa09   aa09   aa09   aa29   b249   ba6a   ba6a   c28b   c28b   c2ab   c26a   ba6a   ba69   ba6a   c28a   c2aa   c2aa   c2aa   baaa   b289   b2ea   cbad   e470   ecb1   dc30   c36d   b2ca   b269   b249   ba8b   caed   cb0d   caed   c2cd   caee   cb0e   c2ce   c2ce   c2ce   aa4c   91aa   91cb   896a   7929   7929   7929   7109   68c8   5866   5866   5046   5887   6909   716b   798b   692a   60c9   60c8   60e9   690a   610a   60e9   58c9   610a   6109   58c9   50c9   58e9   58c9   50a9   48a9   50ea   616b   69cd   7a0e   7a2e   71cd   696b   698b   822d   8a6e   8a4e   6949   58e7   6948   9aad   b370   b34f   ab0e   b36e   d452   dcd3   e4f4   dcf3   dcd3   dd14   dd34   d514   d534   ccf3   bc70   ac2f   b470   c4b2   cd13   dd74   edd6   edb6   e575   d4d3   cc92   cc92   d492   d492   cc51   d450   d450   d451   d451   d471   dc71   dc91   e4d2   e4d2   e4d2   e512   ed33   ed53   ed93   f594   f5b4   f5b5   f5d5   edd5   edd5   edd5   edf5   ee15   ee15   ee15   edf5   ee15   f615   f636   f656   fe57   fe37   fdf6   fdd6   fd95   f514   dc31   bb2d   a24a   99e9   8127   68a5   6065   5865   5886   5887   60e8   7149   8a2c   b371   d475   cc14   b371   81cb   6908   58a5   60c6   60e7   60c6   60c6   68e7   6908   6908   60e8   60e8   68e8   68e9   6909   6909   68e8   60c8   60a8   58a7   5887   5887   60c7   60c7   60c7   60a6   5885   60c6   7148   926c   b32f   bb90   bb8f   bb6f   bb8f   c3af   c3ef   cc30   d470   d491   d490   d490   cc70   cc70   cc70   cc4f   cc50   cc4f   cc4f   cc2f   cc2f   cc2f   cc0f   cc0f   cc0f   cc0f   cc0f   cc0f   cc2f   cc2f   cc2f   cc2f   cc2f   cc2f   cc2f   cc2f   c40f   c42f   cc2f   cc2f   cc2f   cc2f   cc2f   cc4f   cc50   cc4f   cc2f   cc2f   cc2f   cc0f   cc0f   cc0f   cc0f   cc0f   cc0f   cc0f   cc0f   cc0f   cc0f   cc0f  
 b22a   b22a   b22a   b22a   aa29   aa09   aa09   aa09   aa08   aa08   aa09   a9e9   a1c8   a1a8   a1c9   a9e9   b24a   ba8a   cb0c   db6d   e3cd   e40d   ec4e   ec6e   ec8e   ecae   ecaf   eccf   f4ce   ecce   f4ae   f4ae   f48e   f46e   ec2e   e3ee   dbad   d34c   c2ab   aa29   99a8   9167   9147   9168   9188   99a9   99c9   99e9   a1e9   a209   aa0a   aa2a   aa2a   aa2a   aa2a   aa2a   b22a   b22a   b209   b209   aa09   aa09   aa09   aa09   aa29   b229   b249   ba6a   ba6a   c28a   c28a   c28a   c28a   c26a   c26a   c26a   c28a   caca   cacb   c2cb   baaa   b289   b2ca   c34c   d3ee   e470   e450   cbae   b2aa   b26a   b26a   c2ac   caed   cb0d   caed   cb0e   cb2f   d32f   c2ef   baae   aa6d   91cb   8129   7949   70e8   68a7   7109   794a   796a   7109   5887   5887   5887   58a7   60e9   714a   716b   714a   692a   690a   6909   690a   60e9   58a8   58a8   58c9   58c9   5088   610a   612a   612a   58ea   50e9   590a   614b   698c   698c   71ac   698b   612a   6129   718b   820c   8a4d   820b   79ea   8a4c   ab2f   b36f   ab2e   bb6f   cc31   d451   dcb3   e4f3   dcf3   e534   ed75   e575   dd34   d513   c4d2   b450   abef   b430   c4b1   d513   dd54   edb5   e575   dcf3   cc71   cc31   cc51   d472   d451   cc30   d430   dc51   dc71   e492   e4b2   e4b2   ecd2   ecd2   e4d2   e4f2   e4f2   ed32   ed53   ed73   ed94   f5b4   f5b5   f5b5   f5d5   edd5   edd5   edf5   ee15   ee16   ee15   ee15   ee15   f615   f636   f636   fe56   fe37   fe16   fdf6   fdb6   f554   e472   c34e   aa8b   9a0a   8148   70e6   6085   6086   5886   5886   60c8   7149   81eb   ab50   d455   cc13   b371   89eb   7128   60a6   60e7   68e7   60c7   60c7   68e7   6908   68e8   68e8   68e8   68e8   6908   6909   68e9   60e8   60c8   60a7   58a7   58a7   60a7   60c8   60c7   58a7   5886   5065   60c6   81c9   a2ee   bb90   bbb0   bb8f   bb6e   bb8e   c3cf   cc0f   d450   d491   d491   d490   d490   d490   d490   d490   d470   d470   d470   d470   d470   cc2f   cc2f   cc2f   cc2f   cc0f   cc0f   cc0f   cc0f   cc2f   cc2f   cc2f   cc2f   c40f   c40f   c40f   c40f   c40f   c40f   c40f   c42f   c42f   c42f   c42f   c42f   cc2f   cc2f   cc2f   cc2f   cc2f   cc2f   cc2f   cc2f   cc0f   cc0f   cc0f   cc0f   cc0f   cc0f   cc0f   cc0f  
 b22a   b22a   b22a   aa0a   aa0a   aa09   aa09   aa09   aa08   aa08   aa09   aa09   a1c9   a1a8   a1c9   a9e9   b24a   ba8a   cb0c   db8d   e3cd   ec0d   ec4e   ec6e   ec8e   ecae   eccf   eccf   ecce   ecce   f4ce   f4ae   f48e   f46e   ec2e   e40e   dbae   d34c   baab   b229   99a8   9167   9147   9168   9988   99a9   99c9   99e9   a1e9   a209   aa0a   aa2a   aa2a   aa2a   aa2a   b22a   b22a   b22a   b209   b209   aa29   aa29   aa29   aa29   aa29   b229   b249   ba6a   ba6a   c28a   c28a   c28b   c28a   c26a   c26a   c26a   c28a   c2aa   c2aa   c2aa   ba89   b289   b2aa   baea   c32c   cbad   cb8d   bb0c   b28a   ba8b   c2cc   c2ed   caed   c2cd   caee   cb2f   cb2f   cb2f   baef   aa6d   99eb   8169   7908   7108   68c8   6087   6909   796b   81ab   716a   60e8   60e8   58a8   58c8   58c8   60e8   68e9   690a   712a   714a   714b   692a   60c9   5088   5088   58a8   50a8   5088   612b   612b   612b   58ea   58ea   590a   612b   614b   698c   69ac   696b   58e8   5086   58c7   718a   820c   8a4c   9acd   a32f   ab2f   ab2e   b34e   c3d0   d472   cc31   d471   dcb2   e514   e534   dd34   dd54   e575   d554   cd13   b470   ac0f   b450   c4b1   ccd2   d4f3   e554   dd13   d492   cc30   cc10   d431   d431   d411   d430   d430   dc51   dc51   e471   e491   ecb2   ecb2   ecd2   ecd2   ecf2   ecf2   ed12   ed53   ed73   ed74   f594   f5b5   f5b5   f5b5   edd5   edd5   edf5   edf5   f616   ee15   ee15   ee15   f615   f636   f636   fe36   f616   fe16   fe16   fdd6   fd75   ecd3   cbaf   baed   a24b   8989   7927   68a6   6086   5866   5046   58a7   6928   79aa   a30f   d454   d434   bb91   89eb   6907   60c6   68e7   68e7   68e7   60e7   60e7   6907   68e8   6908   6908   6909   6909   6909   68e8   60c8   60c8   60a7   58a7   60a7   60c8   60e7   60c7   58a6   5885   58a6   7168   926c   b34f   bbb0   bb8f   bb6f   b34e   c3af   c3ef   d430   d471   d491   d491   d4b0   d4b0   d490   d490   d490   d490   d490   d490   d470   d470   d470   cc50   cc50   cc50   cc2f   cc2f   cc2f   cc2f   cc2f   cc2f   c40f   c40f   c40e   c3ee   c3ee   c3ee   c3ee   c40f   c40f   c40f   c40f   c40f   c40e   c3ee   c40f   c40f   c40f   c40f   cc0f   cc0f   cc2f   cc2f   cc0f   cc0f   cc0f   cc0f   cc0f   cc0f   cc0f   cc0f  
 b20a   b20a   b20a   b20a   aa09   aa09   aa09   aa09   aa09   aa09   aa09   aa09   a1c9   a1c8   a1c9   a9e9   b229   ba8a   cb0c   db8d   e3cd   ec0d   ec4e   ec6e   ecae   ecae   ecce   eccf   ecce   f4ce   f4ce   f4ae   f48e   f46e   ec2e   e40e   e3ae   d34c   baab   b229   99a8   9167   8947   9168   9188   91a9   99a9   99e9   a209   a209   aa2a   aa2a   aa2a   aa2a   b22a   b22a   b22a   b22a   b229   b229   b209   b229   b229   b229   aa09   b229   b249   ba4a   ba6a   ba8a   c28a   c28a   c26a   c26a   c269   c28a   c28a   c28a   c269   ba69   b269   baa9   baca   b2aa   aaa9   b2ea   baeb   b2aa   b2ab   bacb   c2cc   c2cd   caed   caee   caee   c2ee   bace   baee   b2ae   9a0b   8149   7928   7929   7129   5887   5066   60e8   796b   79ab   714a   60c8   60e8   58a7   58c7   60c8   60c8   60e9   6929   716a   796b   796b   692a   60c9   5888   5088   58a8   58a9   58a9   610a   612b   612b   590a   590a   612b   590a   50c9   79ed   79ed   71ab   58e8   4045   4025   60e7   79ca   92ad   a32e   ab6f   b36f   b36f   c3f0   cc31   cc30   d451   d471   dcb2   dcf2   dcf3   d513   dd54   e5b5   e5b5   d554   c4b1   bc70   c4b1   ccf2   ccd2   d4d2   d4d2   dcb2   d472   d431   d410   d411   dc11   dc11   dc30   dc30   e451   e451   e471   ec71   ec91   ec92   ecb2   ecd2   ecd2   ecf2   ed13   ed33   ed53   ed74   f574   f594   f595   f5b5   edb5   edd5   edd5   edf5   ee15   ee15   ee15   f615   f615   f636   f636   f636   f5f6   f616   fdf6   fdd6   fd95   ecf3   d3f0   c32e   aa6c   91c9   8168   70e7   6086   5866   5046   58a7   68e8   7169   9a8d   cc13   dc75   c3d2   89eb   6907   60c6   68e7   68e7   68e7   60e7   60c7   60e7   6108   6908   6928   6929   6929   6909   68e8   60c8   60a8   60a7   58a7   58a7   60c7   60c7   58a6   5886   58a6   6927   8a0a   ab0e   bb90   bb90   bb6f   b34e   b34d   c3cf   cc10   d451   dc91   d491   d490   d490   d490   d490   d490   d490   d490   d490   d490   d490   d490   d470   d470   d470   d470   d470   d450   d450   cc50   cc2f   cc2f   c40f   c40e   c3ee   c3ee   c3ee   c3ee   bbee   c3ee   bbee   bbee   bbee   bbee   bbee   bbee   c3ee   c3ee   c3ee   c3ee   c40e   c40f   cc0f   cc0f   cc0f   cc0f   cc0f   cc0f   cc0f   cc0f   cc0f   cc0f  
 b20a   b20a   b20a   b20a   aa09   aa09   aa09   aa09   aa09   aa09   aa09   aa09   a1c9   a1c8   a1c9   aa09   b229   ba8a   cb0c   db8d   e3cd   ec0d   ec4e   ec8e   ecae   ecae   ecce   eccf   ecce   f4ce   f4ce   f4ae   f48e   f46e   ec2e   e40e   dbae   d34c   baab   aa29   99a8   9167   8947   9167   9188   91a9   99a9   99e9   a209   a209   aa2a   aa2a   aa2a   aa2a   b22a   b22a   b22a   b22a   b229   aa29   aa09   aa09   aa09   aa09   b229   b249   b249   ba4a   ba6a   ba6a   c28a   c26a   c28a   c28a   c2aa   cacb   cacb   c2aa   ba69   b248   ba89   baca   bb0b   b2ca   aa89   b2eb   c32c   c32c   c30c   bacc   baac   c2ad   cb2e   d34f   cb0e   ba8d   b28d   b28d   aa6d   91cb   70e8   7108   796a   796a   5887   5867   692a   79cc   81ec   716b   58c8   60e8   5087   58c8   6109   6929   692a   716b   79ac   81ac   716b   6909   5888   5888   58a8   58c9   60e9   60ea   610a   694b   696c   696c   696c   696c   590a   4888   616b   698b   698a   58e8   4845   4865   6948   8a4c   a32e   a32e   ab2e   b36f   c411   d492   dc92   d472   c40f   d471   d4b1   d4b1   dcf2   e574   edb5   e595   e595   dd54   ccd1   c491   d4f2   dd33   dd13   dcf3   cc51   d471   dc71   d431   d431   dc31   e431   dc31   dc30   e451   ec71   ec92   ec92   ec92   ec92   ec91   ecb2   ecb2   ecd2   ecf2   ed12   ed33   ed53   ed54   f574   f574   f594   f595   edb4   edb5   edd5   edf5   edf5   f5f5   f5f5   f5f5   f615   f616   fe36   fe36   f5f6   fe16   fe17   fdf6   fd95   ecf4   dc11   c36f   aa8c   99ea   8989   7108   68a7   5866   5046   60a7   60e7   6928   8a2c   c3d2   dc95   cc13   8a0b   7128   68e7   60c7   60e7   68e7   60e7   60c7   60c7   6108   6929   7129   7149   7129   6909   68e8   60c8   60a8   58a7   58a7   58a7   60c7   60c7   58a6   58a6   58c6   7148   8a2b   b32f   bb90   bb6f   b34e   bb6e   bb8e   c3ef   cc30   d471   dc91   d491   d470   d470   d490   d470   cc8f   cc90   d490   d490   d490   d490   d490   d470   d470   d470   d470   d470   d470   cc50   cc50   cc2f   cc2f   cc2f   c40e   c40e   c3ee   c3ee   c3ee   c3ee   c3ee   bbef   c3ef   c3ef   c3ef   c3ef   c3ef   bbee   bbee   c3ce   c3ee   c3ee   c3ee   c40f   c3ef   c40f   c40f   c40f   c40f   c40f   c40f   cc0f   cc0e  
 b20a   b20a   aa0a   aa0a   aa09   aa09   aa09   aa09   aa09   aa09   aa09   aa09   a1e9   a1c8   a1c9   a9e9   b229   baaa   cb0c   d36d   e3cd   ec0e   ec4e   ec6e   ec8e   ecae   ecce   ecef   f4ef   f4cf   f4ce   f4ae   f48e   f46e   ec4e   e40e   dbce   d34c   baab   aa29   99a8   9167   9147   9168   9188   91a9   99a9   99c9   a1e9   a209   aa0a   aa2a   aa2a   b22a   b22a   b22a   b22a   b22a   b22a   aa2a   aa09   aa09   aa09   aa09   aa29   b249   ba49   ba69   ba69   ba49   ba6a   ba6a   c28a   c2aa   caab   c2aa   c2aa   ba8a   c2aa   c2ca   c32b   cb8d   cbad   c34c   c36d   cb8e   c36e   d3d0   cb6f   b2ac   aa4b   b28c   cb2f   d350   c2ee   c2ee   bace   b2af   9a0c   70e8   68a8   794a   818c   714b   60a9   4826   690a   820d   820d   696a   50a7   50a7   50a7   5909   694a   716b   79ac   79ac   716b   716b   68e9   60a8   5868   5868   5888   58a8   60ca   692a   610a   58ea   590a   698c   79cd   696b   58c9   50a8   718b   696a   6129   4865   4865   58c6   822b   a30e   a2ed   9aec   ab4e   cc31   e4d3   e4d3   dcd2   e4d2   d471   cc70   cc70   d4b1   dd12   e553   e594   e594   e574   dd53   dd33   e534   dd13   d4b2   cc10   bbae   bb8e   cbef   dc51   dc71   dc51   dc51   e471   e471   ecb2   ec92   ec92   f4b2   ec92   ec91   ec71   ec91   ec91   ecb1   ecd2   ecf2   ed12   ed12   f553   f553   f574   f574   f594   f594   ed94   ed94   edb4   f5d5   f5b5   f5b5   f5b5   f5d5   f5f5   fe16   fe36   fe37   fe17   fdf6   fdb5   fd95   fd96   fd55   e473   cbb0   b2ad   9a0b   8148   70e7   6086   5845   5845   5886   60c7   6907   81ca   c3d2   d455   d475   926d   7989   68e7   60c7   68e7   6928   68e8   60e7   68e8   68e8   6908   6928   6929   6929   6908   60e8   60c7   58a7   60a7   60a7   60c7   60c7   60a7   5886   5065   68e7   81ca   a2ad   b34f   bb90   bb8f   b36e   bbae   c3cf   cc0f   cc2f   d470   d490   d490   d470   d470   d470   d490   cc70   cc6f   cc6f   d470   d470   d470   d470   d470   d470   d470   d470   d470   cc70   cc50   cc50   cc50   cc4f   cc2f   cc2f   c40f   c40f   c40e   c3ee   c40e   c40f   c40f   c40f   c3ef   c3ef   c3ef   c3ef   c3ef   bbee   c3ef   bbee   c3ee   bbee   bbee   c3ce   c3ee   c3ee   c3ee   c3ee   c3ee   c3ee   c3ee   c3ee  
 b20a   b20a   aa0a   aa0a   aa09   aa09   aa09   aa09   aa09   aa09   aa09   aa09   a1e9   a1c8   a1c8   a9e8   b229   baaa   cb0c   d36d   e3cd   e40e   ec4e   ec6e   ec8e   ecae   ecce   ecef   f4ef   f4cf   f4cf   f4af   f48e   f46e   ec4e   e40e   dbce   d34c   baab   aa29   99a8   9167   9147   9168   9188   91a9   99a9   99e9   a1e9   a209   aa0a   aa2a   aa2a   b22a   b22a   b22a   b22a   b22a   b22a   aa2a   aa09   aa09   aa09   aa29   b229   b249   ba69   ba6a   ba49   ba49   ba6a   ba6a   c2ab   c2ab   c2aa   c2aa   c2cb   c2eb   cb2c   d36d   d3ce   cbad   bb2c   a249   9a28   9a49   a24a   b2ed   bb0e   baee   b2ad   b2ad   baee   c30e   c2ee   bb0f   b2ae   a24d   898b   70e9   710a   818c   818d   714c   5889   4827   694b   8a4f   820d   694a   50a7   50a7   58c8   6129   694a   694a   716b   716b   692a   692a   60c9   5867   5047   5068   5888   58a8   60c9   692b   610a   50c9   50a9   612b   71ac   694b   6109   694a   718b   6949   58c7   4864   60e6   79ea   9acd   a30d   a2ec   b38e   cc31   dcd3   e4f3   dcd3   e4f2   e513   dcd1   cc90   c44f   cc70   d4d1   dd33   e574   e594   e553   e554   e554   e533   d471   bb8e   a2cb   9a69   aaab   bb0c   c38e   cbae   cbae   d3cf   dc10   e451   e451   ec71   ec72   ecb2   f4b2   ecb2   ecb1   ecb1   ecb1   ecd1   ecd1   ecd1   ecf2   ed12   f533   f553   f553   f553   f574   ed74   ed94   ed94   edb4   f5b5   f5b5   f5b4   f594   f594   f5b5   f5d6   fe16   fe16   fe16   fdf6   fdd6   fdb6   fd76   f514   dc32   c36f   a24c   91aa   7907   68a6   6065   5845   5845   6086   60c7   60c7   7969   b371   d454   dc96   a2ce   81ca   6928   68e7   6908   7148   6928   6908   6908   6908   6928   6929   6929   6928   6908   60c8   60c7   58a7   60a7   60a7   60c7   60a7   58a6   5886   5886   7148   8a0b   aaee   b370   bbb0   bb8f   b36e   bbae   c3ef   cc30   cc4f   cc50   d470   d470   d470   d470   d470   cc90   cc6f   cc6f   cc6f   cc70   d470   d470   d470   d470   d470   d470   d470   d470   d470   cc70   cc70   cc50   cc50   cc50   cc2f   cc2f   cc2f   c40f   c40f   c40f   c40f   c40f   c40f   c40f   c3ef   c3ef   c3ef   bbef   bbef   bbee   bbee   bbef   bbce   bbce   bbce   bbce   bbce   bbce   bbce   bbce   bbce   c3ce   c3ce  
 b22a   aa0a   aa0a   aa0a   aa0a   aa0a   aa29   aa09   aa09   aa09   aa09   aa09   a9e9   a1c8   a1c8   a9e8   b229   baaa   cb0b   d36c   dbad   e40e   ec4e   ec6e   ec8e   ecae   ecce   ecef   f4ef   f4cf   f4cf   f4af   f48e   f46e   ec4e   e40e   dbce   d34c   baab   b22a   99a8   9167   9147   9168   9188   91a9   99c9   99c9   a1e9   a209   aa0a   aa2a   aa2a   b22a   b22a   b22a   b22a   b22a   b22a   aa2a   aa2a   aa09   aa09   aa29   b229   b249   ba6a   ba6a   ba6a   ba6a   c26a   c28a   c2ab   c2ab   c2aa   c2aa   c2cb   d32c   dbae   e40f   dc0f   c34c   9a28   7904   68c3   68a3   70e4   91c9   aaac   cb90   cbb1   cb70   c32f   b28d   aa6c   a22b   9a2c   89ab   7929   7109   818c   89ee   798d   60ea   5048   5068   71ad   8a70   820e   612a   4887   50a7   50c8   5909   6109   6109   6109   60e9   60c9   60e9   60c9   5067   5047   5888   5888   58a8   60c9   692b   612b   58c9   5088   610a   716c   694b   694a   79ab   6949   58c7   4845   58e6   81ea   a30e   ab2e   a30d   ab4e   c430   dcf3   e514   dcf3   e4f3   e513   dd13   dcd2   cc90   c44f   cc70   dcf2   e574   ed74   e574   ed54   e533   dcd2   cc30   b34d   9a8a   9228   9208   a269   aa8a   b2cb   b2ab   aa8a   b2cb   c32c   cb6d   cb8e   d3af   dc10   ec71   f4b2   f4d2   f4d2   fcf2   f4d2   ecd1   ecb1   e4b1   ecd1   ed12   f532   f533   f533   f553   ed53   ed73   ed73   ed94   ed94   edb4   f594   f594   f594   f595   f5b5   f5d5   fdf6   fe16   fe16   fe16   fdd6   fd95   f514   e472   cb8f   b2cd   91ca   8148   70c6   6065   5845   5845   5845   60a6   60c7   60c6   7148   ab0f   d434   e4f7   b350   8a2c   7148   6907   6928   7149   7129   6928   6928   6908   6929   6929   6929   6908   60e8   60c7   60a7   60a7   60a7   60a7   60e8   60a7   5886   5886   60c7   79aa   9a6d   b34f   bb90   bbb0   bb8f   b38e   c3cf   c40f   d470   cc50   cc4f   cc4f   cc2f   cc4f   cc50   d470   cc70   cc6f   cc4f   cc4f   cc4f   cc70   d450   d450   d470   d470   d470   d470   d470   d470   cc70   cc70   d470   d470   cc50   cc50   cc4f   cc2f   cc2f   cc2f   cc2f   cc2f   cc2f   c42f   c40f   c40f   c40f   c40f   c3ef   bbef   bbef   bbef   bbcf   bbcf   bbce   bbae   bbae   bbae   bbae   bbae   bbae   bbad   bbad   bbad  
 b22a   b22a   b22a   b22a   b22a   aa0a   aa29   aa29   aa29   aa09   aa09   aa09   a9e9   a1c8   a1c8   a9e8   aa29   ba8a   cb0b   d36c   dbad   e40e   ec4e   ec6e   ec8e   ecae   ecce   ecef   f4ef   f4cf   f4cf   f4af   f48f   f46e   ec4e   e40e   dbcd   d34c   c2ab   b22a   99a8   9167   9147   9168   9989   99a9   99c9   99e9   a1e9   a209   aa0a   aa2a   aa2a   aa2a   b22a   b22a   b22a   b22a   b22a   b22a   aa0a   aa2a   aa2a   b229   b229   b229   ba4a   ba6a   ba6a   ba6a   c28b   c2ab   c2ab   c2ab   c2aa   c2ab   caeb   d34d   e3ce   e42f   d3ad   aaaa   8165   6041   5000   5001   6063   8167   b2cd   dc33   dc33   d3d2   baef   9a0b   99eb   8149   8169   7129   7109   798b   89ee   81ee   692b   5069   5089   60eb   820e   9290   822e   612a   4887   4887   4887   58c8   58c8   58c8   60e9   60e9   60c9   60e9   60e9   58a8   5068   5888   58a8   58a8   58c9   692a   694b   692b   610a   692a   716c   716b   694a   716a   58c7   5065   5085   820b   9aed   ab6f   ab2e   b36e   c410   d492   dcf3   dcf3   e513   e554   e533   dcf2   d4b1   cc70   c450   d4b1   e554   f595   ed95   ed54   e4f3   d491   c3ef   b34d   aaeb   aaab   aaab   b2cb   b2ec   baec   b2ab   aa6a   a208   99e8   a208   a228   a249   aa8a   bb0c   d38e   dc10   ec51   f492   f4d2   f4b2   ecb1   ecb1   e4b1   e4b1   e4d1   ecf2   ed12   ed32   ed33   ed53   ed73   ed73   ed73   ed94   ed94   ed53   ed74   f574   f595   f595   f595   f5b5   f595   f595   f574   ecf3   dc71   d410   c38f   b2cc   9a2a   8989   8127   70c6   6886   6065   5845   5866   60a7   60c7   60c6   6928   9a8e   cbf3   e4f7   bb91   924d   7148   6907   6908   7148   7129   7128   6929   6908   6929   6929   6908   60e8   60c8   58a7   60a7   60a7   60a7   60c7   68e8   60a7   58a6   60a7   6908   8a0b   a2ce   bb90   bb90   bb8f   bb8f   bb8e   c40f   cc30   d470   d470   cc4f   cc2f   cc2f   cc2f   cc4f   cc70   cc6f   cc6f   cc4f   cc4f   cc4f   cc4f   cc4f   cc4f   d450   d450   d470   d470   d470   d470   d470   d470   d470   d470   d470   cc50   cc4f   cc4f   cc4f   cc4f   cc2f   cc2f   cc2f   cc2f   cc2f   c410   c410   c410   c40f   c40f   c3ef   bbef   bbef   bbcf   bbcf   bbaf   bbcf   bbaf   bbae   bbae   bbae   bbae   bbae   bbae  
 aa2a   aa2a   aa2a   aa2a   aa2a   aa2a   aa29   aa29   aa29   aa09   aa09   aa09   a1e9   a1c8   a1c8   a1e8   aa29   ba8a   cb0b   d36c   dbad   e40e   ec4e   ec6e   ec8e   ecae   ecce   ecef   f4ef   f4cf   f4ce   f4af   f4af   f48e   ec4e   e40e   dbad   d34c   c2ab   b249   a1a8   9167   9147   9168   99a8   99a9   99c9   99e9   a1e9   a209   aa0a   aa2a   aa2a   b22a   b22a   b22a   b20a   b22a   b22a   b22a   b20a   aa0a   aa0a   b229   b229   b249   b24a   ba6a   ba4a   ba6a   c28a   c2ab   c2ab   c2ab   cacb   cb0c   cb2c   d36d   dbae   dbee   c34c   a248   7924   6061   6041   6062   68c4   91ea   bb4f   dc33   cb92   b2ef   9a2c   898a   91cb   7949   6908   6909   714a   81cc   81ee   718c   58ca   5068   610b   718d   822f   8a90   822e   614a   50a8   5087   50a8   58e9   58e9   60e9   6109   692a   692a   694a   610a   58c9   5888   5088   5088   5088   58c9   610a   716c   79ac   79ac   718c   79ac   716b   6109   58c7   5045   58c6   7989   a2ee   ab4e   b36f   b36f   c410   d492   d4b2   dcd3   e533   ed74   ed74   dd33   d4f2   cc91   cc70   cc70   dcd2   ed54   f595   ed55   e514   cc10   c3ae   bb6d   c36e   cbaf   d3af   cb8f   cb6e   cb6f   d36f   cb4e   bacc   b26a   a1e8   91a7   8966   8966   9187   99c8   aa4a   bacb   cb4d   d3af   e430   ec71   ec91   ecb1   ecb1   e490   e490   e4d1   ed12   ed33   f553   f553   f574   ed74   ed73   ed74   ed74   ed33   ed54   f574   f574   ed54   e533   dcf2   d4b1   d470   cc0f   bb6d   aaec   aacb   aaac   a26b   9a0a   91ca   8989   7928   70e7   68a7   6066   5866   5866   5886   5886   6908   8a2c   bb92   dcb6   bb92   926d   7149   6907   68e7   6928   7129   7129   7129   6908   6929   6909   6908   60c8   60c8   58a7   60a7   60a7   60a7   60c8   6908   60c7   60c7   6908   7169   922c   aaee   bb90   bb90   bb6f   bb8e   bbae   cc30   d450   d470   d46f   d46f   cc4f   cc4f   cc2f   cc2f   cc4f   cc6f   cc6f   cc4f   cc4f   cc4f   cc4f   cc4f   cc4f   d450   d450   d450   cc50   cc50   cc50   cc50   cc50   d470   d470   cc50   cc50   cc4f   cc4f   cc4f   cc4f   cc4f   cc2f   cc2f   cc2f   cc2f   cc2f   c430   c430   c430   c430   c410   c3f0   bbef   bbcf   bbcf   bbcf   bbaf   bbaf   bbaf   bbaf   bbae   bbae   bbae   b38e  
 aa2a   aa2a   aa2a   aa2a   aa2a   aa2a   aa29   aa29   aa29   aa09   aa09   aa09   a1e9   a1c8   a1c8   a1e8   aa29   ba8a   cb0b   d36c   dbad   e40e   ec4e   ec6e   ec8e   ecae   ecce   ecef   f4ef   f4cf   f4ce   f4ae   f4ae   f48f   ec4e   e40d   dbad   d36c   c2cb   b24a   a1a8   9967   9147   9168   99a8   99a9   99c9   a1e9   a1e9   a209   aa0a   aa2a   b22a   b22a   b20a   b22a   b20a   b22a   b22a   b22a   b20a   b209   aa09   aa29   b22a   b24a   b24a   b24a   b24a   ba6a   ba6a   c28a   c2cb   cb0c   d34d   d36d   db6d   d36d   db8d   dbae   c34c   aa89   91c6   7924   7925   7926   8167   a26c   bb50   cbd2   b2ef   922c   818a   7949   818b   796a   6929   714a   79ac   81ed   79ad   692b   58ea   58eb   696d   79ce   79ce   79ee   7a0e   696b   58e9   5087   58e9   612a   612a   6109   6109   6109   692a   716b   692a   60e9   58a8   5087   4867   4887   58a8   58e9   694b   79ac   79cd   79ac   798b   714a   58c7   4845   5085   79a9   9acd   ab4f   b34e   bbcf   cc51   dcb3   d491   d4b1   dcf3   ed74   ed95   e554   d4f2   ccd1   c450   cc91   dcf3   ed54   ed55   e514   d472   cc10   c38e   bb2d   bb0d   cb6f   d3d0   dbf1   d38f   cb4e   cb6f   d38f   dbb0   d36f   c30d   b28b   a209   99a7   9167   8967   9187   99a7   a1e8   aa4a   c2ec   d36d   e3ef   e450   ec91   ec91   e470   e470   e4b1   ecf2   f533   f553   f574   f594   ed94   ed73   ed73   ed53   ed54   f554   f554   ed34   e4d2   d470   c3ef   bbae   ab2c   a2eb   9a69   9208   9a29   a26b   aa8c   a26c   9a0b   91ca   898a   8149   70e8   6086   5866   5866   5866   58a6   6928   81eb   b350   dc95   c3d2   9aae   7969   6907   60e7   6928   7129   7149   7129   6908   6909   6909   60e8   60c8   58a7   58a7   60a7   60a7   60c7   60c8   68e8   60c7   68e8   7149   81aa   9a8d   ab0e   bb90   bb6f   b34e   bb8e   c3ce   d450   d470   d46f   d46f   d46f   d46f   cc4f   cc4f   cc2f   cc2f   cc6f   cc6f   cc4f   cc4f   cc4f   cc4f   cc4f   cc4f   cc4f   cc4f   cc50   cc50   cc4f   cc4f   cc2f   cc2f   cc4f   cc4f   cc4f   cc4f   cc4f   cc4f   cc4f   cc4f   cc4f   cc4f   cc2f   cc2f   cc30   cc30   cc30   cc30   cc30   c430   c430   c410   c410   bbf0   bbf0   bbd0   bbaf   bbaf   bbaf   bbaf   bb8f   b38e   b38e   b38e  
 aa2a   aa2a   aa2a   aa2a   aa2a   aa2a   aa29   aa29   aa09   aa09   aa09   aa09   a1e9   a1c8   a1c8   a1e8   aa29   ba8a   cb0b   d36c   dbad   e40e   ec4e   ec6e   ec8e   ecae   ecce   ecee   f4ef   f4ee   f4ce   f4ae   f4af   f48e   ec4e   e40d   dbad   d36c   c2cb   b24a   a1a8   9967   9147   9168   99a8   99a9   99c9   a1e9   a1e9   aa09   aa0a   aa2a   b22a   b22a   b20a   b22a   b20a   b22a   b22a   b20a   b209   aa09   aa09   b209   b229   b229   b249   b249   b249   b269   ba8a   baaa   caeb   d34c   dbae   e3ce   dbae   db8d   db8d   d3ae   cbad   c34c   b2eb   aa8a   a26a   920a   89c9   9a6c   a2ce   aaef   9a8e   89ec   798b   714a   7129   712a   716b   79cc   820e   79ee   696c   610b   612c   718d   79ce   79ce   612b   692b   71ad   718c   612a   5088   6109   696b   694a   58e8   5087   50a7   6109   718b   718b   718b   6109   4887   4846   4867   50a8   50a8   60e9   692a   714a   714a   714a   6908   5886   5045   7168   926c   b36f   b36e   bbaf   d451   e4f3   e4f3   d4d2   dcf2   e533   ed94   ed94   dd33   ccd1   c490   cc70   d4f2   ed54   ed35   dcb3   cbf0   b32d   aacc   b2cc   b2ac   b2ac   b2ac   bacd   bacd   b2ac   b26c   b28c   bacd   c30e   c30e   bacc   b26b   aa2a   a209   a1e9   99e9   a1e9   a209   aa09   b24a   baab   cb0c   db8e   dbce   e40f   e450   dc4f   dc50   e4b1   ecf2   ed12   f533   f574   f574   f594   ed74   ed54   ed54   ed54   ed34   ed13   dcb2   cc30   bbae   ab0c   a2cb   9a6a   9249   9208   89e8   9209   a24b   a26c   a24c   9a0b   91ca   898a   8149   7108   68a7   6086   6086   5886   60c7   7149   81ca   b330   dc95   cc13   a2ce   79aa   6928   60e7   6908   7129   7149   7129   6908   6909   60e9   60c8   60c8   58a7   5887   58a7   60a7   60c8   60c8   60c8   60c7   6928   79aa   8a0c   a2ce   b32e   bb8f   b34e   b34d   bb8e   cbef   d450   d44f   d44f   d46f   d46f   d44f   d44f   cc2f   cc2f   cc2f   cc4f   cc4f   cc4f   cc2f   cc2f   cc4f   cc4f   cc4f   cc4f   cc4f   cc50   cc2f   cc2f   cc2f   cc2f   cc2f   cc2f   cc2f   cc2f   cc2f   cc2f   cc2f   cc4f   cc4f   cc4f   cc4f   cc2f   cc2f   cc30   cc50   cc50   cc51   cc51   cc31   c430   c410   c410   c3f0   c3f0   bbf0   bbd0   bbd0   bbb0   bbaf   b38f   b38f   b38e   b38e  
 aa2a   aa2a   aa2a   aa2a   aa2a   aa2a   aa29   aa29   aa09   aa09   aa09   aa09   a1c8   a1a8   a1a8   a1c8   aa29   ba8a   cb0b   d36c   dbad   e40e   ec4e   ec6e   ec8e   ecce   ecce   ecee   f4ef   f4ee   f4ce   f4ce   f4ae   f48e   ec4e   e40d   dbad   d36c   c2cb   b24a   a1a8   9967   9147   9968   9988   99a9   a1c9   a1e9   a9e9   aa09   aa0a   aa2a   b22a   b22a   b20a   b20a   b20a   b22a   b22a   b20a   aa09   aa09   aa09   aa09   aa09   aa29   aa29   b229   b249   b269   baaa   c2ca   cb0c   d36d   e3ce   e3ef   dbce   dbad   dbad   dbce   dc0f   d3ef   d3f0   cbcf   c38f   aacd   8a0a   924c   920c   922d   8a0d   79ab   714b   692a   68e9   714a   79ac   79ed   822e   79ee   696c   612b   696d   79cf   79cf   71ae   508a   58a9   716c   718c   692b   5088   612a   718b   694a   50a8   4026   4026   58c8   71ab   820d   79ed   696b   5088   4046   4867   50a8   5087   5087   5887   58a8   60e8   6909   58c7   5065   58a5   926c   a2cd   b36f   b38e   cc51   dcb2   ed14   e4f3   e533   e553   e574   ed94   ed94   dd53   ccd1   c470   dd13   e534   e514   d472   bb6e   a2ac   9a4a   9a2a   9a0a   a20a   a20a   99ea   91c9   9188   9188   91a9   9189   99ea   a22b   a20a   99c9   99c9   99e9   a20a   a22a   aa4b   b26b   ba8c   ba8c   ba8b   c2cc   cb0c   d32d   d36d   dbae   dbee   dc0f   dc4f   e490   ecd1   ed12   ed33   f553   f574   f594   ed74   ed74   ed54   ed13   e4f3   dc91   cc10   bb6d   aaec   9a8a   9249   8a08   9209   9209   89c8   89c9   91e9   91ca   91a9   91aa   898a   8169   7929   70e8   68c7   60a7   60a7   60a7   6908   7149   79aa   ab10   dc75   cc13   a2ce   81aa   6928   60e7   6908   6928   7129   7129   68e8   60e9   60e9   60c8   60a8   58a7   5887   58a7   60a7   60c8   60c7   60c7   60a7   7128   81cb   924c   ab0e   b32e   bb8f   b34e   b34d   bb8e   cc0f   d470   d44f   d44f   d44f   d46f   d44f   d44f   cc2f   cc2f   cc2f   cc4f   cc4f   cc2f   cc2f   cc2f   cc2f   cc2f   cc2f   cc2f   cc2f   cc2f   cc2f   cc2f   cc2f   cc2f   cc2f   cc2f   cc2f   cc2f   cc2f   cc2f   cc2f   cc2f   cc2f   cc4f   cc4f   cc2f   cc2f   cc50   cc50   cc50   cc71   cc51   cc31   cc31   c431   c411   c3f0   c3f0   c3f0   bbd0   bbd0   bbb0   bbb0   b38f   b38f   b38f   b38f  
 aa4a   aa4a   aa4a   aa2a   aa2a   aa2a   aa29   aa09   aa09   aa09   aa09   aa09   a1c8   99a8   99a8   a1c8   aa08   ba8a   c2eb   d36c   e3ce   ec0e   ec2e   ec6e   ecae   ecce   ecee   ecef   f4ee   f4ee   f4ce   f4ce   f4ae   ec8e   ec4e   e42e   dbad   d36c   c2cb   b24a   a1a8   9967   9147   9167   9988   a1c9   a1e9   a1e9   a1e9   aa09   aa0a   b22a   b20a   aa0a   b20a   b20a   a9e9   b20a   b22a   aa0a   a9e9   a9e9   aa0a   aa0a   a9e8   a208   aa29   b28a   c2eb   cb4c   d36d   d36d   d38d   dbad   dbce   dbee   e3ee   e3ef   dbce   d3ae   d3ef   dc30   dc31   d3f0   c390   b32f   924c   81aa   716a   6909   6929   716b   694b   692a   718c   81ed   8a4f   824f   79ee   71ad   718d   696d   79ce   8a51   79ef   58aa   5089   60ea   692b   692b   60ca   58c9   692a   718b   696a   58c8   4846   4005   5087   718b   820d   822d   79ed   614a   50a7   4866   5087   58c8   58a8   5046   5046   5886   5886   5065   60c6   7989   ab0e   a30d   ab4e   c3ef   d492   e513   e513   e513   e533   ed74   edb5   edb5   e573   dd32   dd12   dd13   f5b6   e513   c3ef   a2cb   9209   89c8   89a8   8988   8968   8969   8148   7907   78e7   7907   78e7   70c6   70a6   70c6   78e6   8127   78e6   68a4   7906   8147   99e9   b26b   c30e   cb2e   cb0d   c2ac   c2ab   c2ab   d30c   d34d   dbae   dbee   dc0f   dc2f   e470   ecb1   ecf2   ed33   f554   f594   fdb5   f5b5   f595   ed54   ed13   d471   c3cf   b34d   9a8a   9229   8a08   81c7   8187   7946   70e5   70e5   7926   7906   78e6   7927   7907   7928   7929   7908   68c7   6087   6066   5887   60a7   60a7   7128   79aa   ab30   d475   c3b2   ab0f   81ca   7128   60e7   6908   6908   6929   6909   68e8   60c8   60a8   5888   5887   5887   58a8   60c8   68e8   68e8   60c7   5886   60a6   7148   922c   aaef   b34f   bb8f   bb6e   b36e   bb8e   c3ef   cc0f   d44f   d46f   d44e   d44e   cc4e   cc4e   cc2e   cc2e   cc2f   cc2f   cc4f   cc4f   cc4f   cc4f   cc4f   cc4f   cc4f   cc2f   cc2f   cc2f   cc2f   cc2f   cc2f   cc2f   cc2f   cc2f   cc2f   cc2f   cc2f   cc2f   cc2f   cc2f   cc2f   cc2f   cc2f   cc2f   c42f   cc4f   cc50   cc50   cc50   cc50   c430   c430   c431   c431   c411   c410   c3f0   bbf0   bbd0   bbb0   bbb0   b3af   b3af   b38f   b38f   b38f  
 aa2a   aa2a   aa2a   aa2a   aa09   aa09   aa09   aa09   a1e9   a1e9   a9e9   a9e9   a1c8   9987   9987   a1a8   aa08   ba89   c2eb   d36c   e3ce   ec0e   ec2e   ec6e   ecae   ecce   ecce   ecee   f4ee   f4ee   f4ce   f4ce   f4cf   f48e   ec4e   e42e   dbad   d34c   c2cb   aa29   a1a8   9967   9127   9147   9988   a1a9   a1c9   a1c9   a1e9   a9e9   aa09   aa09   aa0a   a9e9   a9e9   a9e9   a9e9   a9e9   a9e9   a9e9   a9e9   aa0a   aa0a   aa09   a1c7   a1e8   b26a   c32c   dbae   dbef   dbef   dbee   dbce   d3ce   d3ad   d3ad   d3ae   dbce   dbef   dc0f   d3cf   c34e   a28b   920a   920a   922b   81cb   7149   5066   4846   60e9   71ac   79ed   79cd   79cd   79ee   8a4f   822e   79ee   79ee   79ee   79ef   8230   92b2   81ef   58aa   5069   60ca   690b   712b   690a   690a   692a   71ac   718b   6109   5087   4846   5087   612a   71ac   79ed   822e   7a0d   698b   6109   58c8   50a7   5067   4825   4825   5045   5886   6107   79a9   8a4b   ab4f   b38f   c3f0   cc71   dcb2   dcf2   e513   e512   dd12   e553   ed94   ed94   edb4   edb5   ed94   ed74   cc71   bb8e   9a6a   8187   7926   7906   7906   78e6   7907   8107   78e7   70a6   7086   70a6   70c7   70e7   6885   70e6   7927   8148   70c6   6064   68a4   6884   8126   99a8   b26b   c2ed   cb0d   caed   caec   d2ec   d30c   d34d   db8e   dbce   dbee   dc0e   dc2f   e490   ed12   f553   f574   f594   f5b5   fdd5   f595   f574   dcd2   c3cf   aaeb   9249   8187   7945   7146   7125   7105   7106   68c5   6084   68a4   68a5   68a5   70c6   70c7   70e7   7908   70e8   68a7   6086   5866   5866   60a7   60a7   6908   796a   ab10   dc95   c3d2   ab0f   81ea   7169   6928   6908   6908   7129   6929   68e8   60c8   60a8   5887   5887   5887   58a8   60c8   60c8   68e8   60a7   5886   60c6   7969   924c   ab0f   bb4f   bb8f   bb6e   bb8e   c3ae   cbef   cc2f   d44f   d46f   d44e   d44e   d44e   cc4e   cc2e   cc2e   cc2f   cc2f   cc4f   cc4f   cc4f   cc4f   cc4f   cc4f   cc4f   cc4f   cc2f   cc2f   cc2f   cc2f   cc2f   cc2f   cc2f   cc2f   cc2f   cc2f   cc2f   cc2f   cc2f   cc2f   cc2f   cc2f   c42f   c42f   c42f   c42f   c430   c430   c450   c430   c430   c410   c410   c3f0   bbf0   bbf0   bbd0   bbd0   bbd0   bbd0   bbb0   bbaf   b3af   b3af   b3af   b3af  
 a20a   a20a   a209   a209   a209   a209   a1e8   a1e8   a1e8   a1e8   a1e8   a1c8   99a8   9987   9987   99a7   a9e8   b269   c2eb   d34c   e3ce   ec0e   ec4e   ec8e   ecae   ecce   ecce   ecee   f4ee   f4ee   f4ce   f4ce   f4cf   ec8e   ec4e   e40d   dbad   cb4c   baab   aa09   9987   9147   9106   9127   9968   a1a8   a1a9   a1c9   a1c9   a9c9   a9e9   a9e9   a9e9   a9e9   a9e9   a9e9   a9c9   a9c9   a1c9   a1e9   aa09   aa2a   aa0a   a1e9   a209   b28a   cb6d   ec51   f4f3   f4d2   ec71   dc0f   d3ce   d3ce   d3ce   d3ee   d3ce   cb8e   cb8e   d3af   cbaf   b30d   920a   7968   7948   7169   6908   5086   5066   58e8   718c   79cd   71ac   71cd   7a0e   822f   79ee   71ad   71ad   79ee   822f   8230   8a71   92b2   79ef   58aa   5069   60ca   690b   712b   690b   690a   694b   79cc   79cc   694a   58c8   4887   4887   50c8   58e9   696a   79ec   822e   822d   79cc   696a   6109   58a7   5086   4845   4824   58a6   7189   8a6b   9acc   ab4e   bbf0   d492   dcd3   dcd2   dcf2   e513   e533   e553   e574   ed94   edb5   f5b5   f5b5   ed53   dcd2   ab4c   9a6a   8187   7105   70e5   70a5   7084   6885   6885   7086   70a6   6886   6065   6045   68a6   7107   7948   89eb   a28c   a2ad   89ca   7106   60a5   5822   6884   8106   99c8   b26b   cacc   caed   d2ed   d30c   d2ec   d32c   db6d   dbae   d3ce   d3ce   dc0f   dc70   ed12   f574   fdb5   fdb5   fdd6   fdd6   ed74   dcd3   b36d   9249   7986   7105   68c4   68c4   7126   7947   89c9   920a   89a8   7106   68a5   6064   6064   6085   68c7   70e7   70e8   68c7   6087   5866   5846   5846   5887   60a7   6908   7149   aaef   dcb6   cc13   ab0f   8a0b   79aa   7169   7128   6908   7129   7129   68e8   60c8   58a8   5887   5887   58a8   60c8   60c8   60c7   60c7   60a6   60a6   68e7   81a9   a28d   b32f   bb6f   bb8f   bb8e   c3ae   cbef   cc0f   d42f   d42f   d42e   d44e   d44e   d44e   d42e   d42f   d42f   d42f   cc2f   d44f   cc4f   cc4f   cc2f   cc2f   cc2f   cc4f   cc4f   cc2f   cc2f   cc2f   cc2f   d42f   d42f   d42f   cc2f   cc2f   cc2f   cc2f   cc2f   cc2f   cc2f   cc2f   cc2f   c42f   c40f   c42f   c40f   c42f   c42f   c410   c410   c410   c410   bbf0   bbef   bbcf   bbcf   bbcf   bbd0   b3d0   b3d0   b3af   b3af   b3af   b38f   b38e   b38e  
 a209   a209   a209   a209   a209   a1e9   a1e8   a1e8   a1c8   a1c8   a1c8   a1c8   9987   9967   9967   9987   a1e8   b269   c2eb   d34c   e3ce   ec0e   ec4e   ec8e   ecae   ecce   ecce   ecee   f4ee   f4ee   f4ce   f4ce   f4ce   ec6e   ec4e   e40d   db8c   cb4c   c2ab   aa09   9987   9147   9106   9127   9968   a1a8   a1a9   a1c9   a1c9   a9c8   a9e9   a9e9   aa09   aa09   a9e9   a9c9   a1c9   a1c9   a1e9   a1e9   aa09   aa09   a1e9   99c8   a209   b2ab   d3cf   f4d3   fd54   f4d3   dc30   cbae   cbae   cbae   cbce   d40f   d3ef   cb8e   c34d   c34e   c36f   aacd   922b   8189   7128   58a6   4845   4005   6109   79ed   8a6f   71cd   612b   616c   71ee   71ed   614b   592a   696c   79ee   8250   8250   8a50   8a91   79ce   50aa   5089   60ca   60ea   690a   60e9   60c9   694b   79cc   79ec   696a   58c8   5087   4887   4887   4867   50c8   614a   718b   79cc   79ac   718b   694a   60e8   58c7   5086   5085   6107   820a   9acd   a32d   ab4d   c430   dcf3   e533   dcf2   dcf2   e513   e533   e574   edb4   f5d5   f5b5   f594   e513   cc30   b34c   9208   8186   70e5   70e5   70c5   7084   6864   6864   6865   7086   70c7   70c7   68a6   6065   68a6   7128   920b   b32f   d433   dc74   bbb1   9a8c   79a8   60a4   6883   78c4   9167   aa09   ba8b   cacc   cacc   d2cc   d2ec   d30c   db6d   db8e   dbae   d3ce   dc0f   dc70   ecf2   f574   fdd5   fdf6   fe17   fdd6   dcd2   b38e   81e8   7125   6083   60a4   68c5   7106   8188   922a   b2ed   bb2f   b30e   9a2b   8148   68a5   6065   6085   68a7   68c7   68c7   68c7   6087   5846   5046   5046   5887   60c7   68e8   6908   a2cf   dcb6   cc13   ab0f   8a0b   81ca   798a   7149   6928   7129   712a   60e9   60c8   58a8   5887   5887   60c8   60c8   60c8   60a7   5886   5886   60a6   7128   8a0a   aacd   bb4f   bb8f   bb8f   bb8e   c3cf   cc0f   d450   d44f   cc2e   cc2e   d44e   d44e   d44e   d42e   d42f   d42f   d42f   d42f   d44f   d44f   cc2f   cc2f   cc2f   cc2f   cc4f   cc4f   cc2f   cc2f   cc2f   cc2f   d42f   d42f   d42f   d42f   cc2f   cc2f   cc2f   cc0f   cc0f   cc0f   cc2f   c40f   c40f   c40f   c40f   c40f   c40f   c40f   c40f   bbef   c410   bbef   bbf0   bbef   bbcf   bbcf   bbcf   bbaf   b3af   b3af   b3af   b3ae   b38e   ab8e   ab8e   ab6e  
 a209   a209   a209   a209   a209   a1e9   a1e8   a1e8   a1e8   a1e8   a1c8   a1c8   9987   9167   9167   9987   a1e8   b269   c2cb   d34c   e3ce   ec2e   ec4e   ec8e   ecae   ecce   ecce   ecee   f4ee   f4ee   f4ce   f4ce   f4ce   ec6e   e44d   e40d   db8c   cb4c   c2ab   b229   a188   9947   9127   9147   9988   a1a9   a1c9   a1c9   a9c9   a9c8   a9e9   b209   b22a   b22a   a9e9   a9c9   a1c8   a9e9   aa2a   aa2a   aa0a   a209   99c8   91a8   91a8   a24a   c36e   e472   f4d3   e492   d410   cbce   cbcf   c3ae   cbaf   d3f0   d3d0   c36f   c34e   bb4f   bb2f   9a6c   8189   7128   60c7   5886   58c8   694a   696b   71ac   71ed   698c   614b   616b   616b   590a   50ea   50ea   698c   7a2f   8250   8250   8a70   8a70   698d   4889   5088   58c9   60e9   60e9   5888   5067   60e9   718b   79ed   718b   58e9   50a8   4887   4867   4887   50c8   58e9   6109   6109   6109   60e9   60e8   58a7   5086   50a6   6107   79c9   928c   ab4e   b3d0   c410   d4b2   e534   dd13   dcf2   dd12   dd13   dd33   ed94   f5b5   f5d5   f595   e513   d450   b34c   9a69   8166   7905   70c4   70c4   70a5   7084   70a5   78e6   8128   8108   8128   7928   70e7   68a6   6907   7968   924b   bb90   e4f5   f577   e515   cc32   ab2e   81e9   7926   8146   9187   aa09   ba6b   caac   cacc   caab   cacb   d2ec   d34c   db8d   d3ae   d3ce   dc2f   dc70   ed13   f574   fdd6   fdf6   fdf7   ed75   bbef   9269   7166   6905   68c4   70e5   7106   7106   8188   922a   b2ee   c350   c390   bb0f   9a2b   7107   6065   6086   6086   60a6   68a7   60a7   5887   5866   5866   5866   5887   60c7   6908   68e8   9aae   dc96   cc13   a2ee   8a0b   81eb   81aa   7169   7129   7149   712a   60e8   60a8   58a8   5887   58a8   60c8   60e8   60c7   60a7   5886   5886   68c6   7989   9a4c   b30e   bb6f   c3b0   c38f   c3af   cbef   d450   d470   d44f   cc2e   cc2e   d44e   d44e   d44e   d42e   d42f   d42f   d42f   d42f   d42f   cc2f   cc2f   cc2f   cc2f   cc2f   cc2f   cc2f   cc2f   cc2f   cc2f   cc2f   d42f   d42f   d42f   d42f   cc0f   cc0f   cc0f   cc0f   cc0f   cc0f   c40f   c40f   c40f   c40f   c40f   c40f   bbef   bbef   bbef   bbef   bbef   bbef   bbef   bbef   bbcf   b3ae   b38e   ab8e   ab8e   ab8e   ab8e   ab8e   ab8e   b3ae   b3ae   b3ae  
 a20a   a20a   a229   a209   a209   a209   a1e8   a1e8   a1e8   a1e8   a1c8   99a8   9987   9146   9167   9987   a1e8   b269   c2cb   d34c   e3ce   ec0e   ec4e   ec8e   ecae   ecce   ecee   ecee   f4ee   f4ee   f4ce   f4ce   f4ce   ec8e   ec4e   e40d   dbad   d34c   c2cb   b249   a1a8   9967   9127   9947   a188   a9c9   a9e9   a9e9   a9e9   a9e9   a9e9   b22a   ba4a   ba4a   b20a   a9e9   a9e9   b22a   b26b   b26b   aa2a   a209   99c8   91a8   8147   91c9   aaac   cbaf   d411   d410   d410   d431   d451   d431   d431   d411   cbb0   b30e   a28c   a26c   9a6c   7969   5886   5065   58a7   6909   79cc   8a4f   79cd   58ea   4888   592b   69ac   69ac   592b   48c9   510a   592a   71ee   8270   8250   8270   8ab1   8290   616c   4888   4888   50c9   58c9   58c9   5087   4846   50a8   612a   79cd   79cc   614a   58c8   50a8   4866   4887   50c8   58e8   58e8   58a8   5887   5067   5046   4865   4844   58a6   7189   8a4b   9aed   ab8f   c411   d4b2   d4d3   d4f3   d4d2   d4d2   dd13   e553   e553   edb5   f5b5   ed94   e513   d450   bb8d   aacb   a249   9a09   91c8   8946   78e5   70a4   70a4   8107   9189   99ea   91aa   8989   8168   7927   7107   7968   81ea   926c   bbb1   e4f5   fdd8   fdb8   ed56   d493   b38e   a28b   a24a   a229   aa4a   ba6a   c28b   c28b   c26a   ca8a   cacb   d32c   d36d   d3ad   d3ce   dc2f   e491   f554   fd95   fdd6   f5d6   ed75   d4b2   ab4d   81e8   81c8   81a8   8167   7967   7947   7126   7947   91ea   aace   bb50   cbb1   c371   a28d   7928   6065   6085   5865   5886   6086   6086   5887   5886   5887   5887   60a7   68e8   6908   68e7   9a8d   d475   cc13   ab0f   8a2c   81eb   81ca   798a   7149   714a   6929   60c8   58a8   58a8   58a7   58a8   60c8   60c8   60a7   60a7   5886   60a6   7127   89ea   a2ad   b34f   c390   c3b0   c3af   c3cf   cc0f   d450   d470   d44f   cc2e   cc2e   d44e   d44e   d42e   cc2e   cc2f   cc2f   cc2f   cc2f   cc2f   cc2f   cc2f   cc2f   cc2f   cc2f   cc2f   cc2f   cc2f   cc2f   cc2f   cc2f   cc2f   d42f   d40f   d42f   cc0f   cc0f   cc0f   cc0f   c40f   c3ef   c3ef   c3ef   c40f   c40f   c40f   bbef   bbef   bbef   bbef   bbcf   bbcf   bbcf   bbcf   bbcf   b3ae   ab6d   ab4d   a34d   a34d   ab4d   ab6d   ab8d   b3ae   b3ce   bbee   bbee  
 a22a   a22a   a22a   a229   a209   a209   a209   a1e8   a1e8   a1e8   a1c8   99a8   9987   9146   9146   9967   a1e8   b269   c2cb   d34c   e3ce   ec0e   ec4e   ec8e   ecae   ecce   ecee   ed0e   f4ee   f4ee   f4ee   f4ce   f4ce   ec8e   ec4e   e42d   dbad   d36c   c2eb   b24a   a1c8   9967   9947   9968   a1a9   a9c9   a9ea   aa0a   b209   b1e9   b1e9   b20a   ba4b   ba4b   b22a   aa09   aa0a   b24a   b26b   aa4a   a209   91c8   8987   8967   7906   8188   9a4b   b32e   c38f   c3af   d411   e493   ed15   ed15   e4d4   d412   b30e   91ea   7927   68c6   68c7   6086   5045   5045   60c8   716b   79cd   79cd   71ac   50c9   4888   592b   69ad   69ad   618c   594b   594b   618c   722e   8290   7a4f   8ab1   92f2   82b0   618c   48a8   4888   50a8   50a8   50c8   5087   4867   5067   58c9   718c   79ed   696b   5909   50c8   4867   4866   50a7   58c8   58c8   58a8   5887   5067   5046   5086   50a6   6948   820a   92ac   9b0d   ab8f   c431   d4b2   ccb2   ccb2   d4d2   dd13   e574   ed94   ed94   edb5   ed74   dd12   d470   bb8d   aaeb   aaaa   b2ab   bacc   baac   aa2a   9188   80e6   78e5   8147   91a9   a22b   a22b   99eb   89a9   8188   8189   920a   9aac   b36f   d473   ed76   fe19   fdd8   ed76   e514   cc31   c36e   bb0c   b2ab   b26a   ba6a   c26a   c24a   c24a   ca8a   cacb   d32c   d36d   d3ae   dbef   dc50   e4b1   f574   fdd6   fdf6   f595   dcf2   bc0f   a30c   8a69   924a   9a6b   920a   89c9   89c9   81a9   91ea   a2ad   c391   d3f2   d413   c370   a26d   7948   6086   6085   5865   5886   6086   60a7   60a7   58a7   60a7   58a7   60e8   6909   6929   60e7   926d   d454   cc13   b370   924c   89eb   81ca   81aa   796a   712a   6909   60a8   58a8   58a8   58a8   60a8   60c8   60c8   60a7   60a6   60a6   68e7   7989   924b   aaed   bb6f   c390   c3d0   c3af   cbcf   cc0f   d430   d450   d42f   d42e   d42e   d44e   d42e   d42e   d42e   d42e   d40f   d40f   d40f   cc2f   cc2f   cc2f   cc2f   cc2f   cc2f   cc2f   cc2f   cc2f   cc2f   cc2f   cc2f   cc0f   d40f   d40f   d40f   cc0f   cc0f   cbef   cbef   c3ef   c3ef   c3ef   c3ef   c3ef   c3ef   bbef   bbef   bbcf   bbcf   b3cf   b3cf   b3ae   b3ae   b3ae   b38e   b38d   ab6d   ab6d   ab6d   ab6d   ab8d   b3ae   b3ce   bc0f   c44f   c470   cc70  
 a22a   a22a   a22a   a22a   a229   a209   a209   a209   a1e9   a1e8   a1c8   99a8   9167   9146   9146   9166   a1e8   b269   c2cb   d34c   e3ce   ec2e   ec4e   ec8e   ecae   ecce   ecee   ed0e   f50f   f4ee   f4ee   f4ee   f4ef   ec8e   ec6e   e42d   dbcd   d36d   c2eb   b24a   a1c8   9988   9947   9968   a1a9   a9e9   aa0a   b20a   b22a   b209   a9e9   b20a   ba4a   ba6b   b24a   aa2a   aa0a   aa2a   a22a   99e9   8988   8146   7905   70e5   7947   89a8   a28c   bb6f   cbf1   d431   e4d4   f576   fdd8   fdb8   ecf6   c3b1   922b   68e7   5845   5004   5025   60c7   6909   60e9   694a   79cd   79cd   614b   50c9   58ea   614b   69ad   698c   69ad   71ee   71ed   69ac   69ed   7a6f   8290   7a6f   8af1   9b53   8ad1   69cd   48c9   48a8   48a8   48a8   50c8   50a7   5087   5087   50a8   694a   71ac   696a   5909   58e8   5087   4867   5087   5087   58a7   58a7   5887   5887   5866   60e7   6928   79ca   8a8c   9aed   ab6f   b3f0   c451   ccb2   ccb1   ccb2   dd33   ed95   edb5   ed95   ed94   e553   dcf2   cc70   c3ce   b32c   aa8a   b28a   c2ec   d34e   d36f   cb0e   ba8c   a1c9   9188   99a9   99ea   aa4b   aa6c   aa6c   a22b   920a   9a4b   aacd   b36f   d453   ed36   fdf8   fe39   f5b7   e514   d4b3   c410   c36e   bb0c   b2ab   b26a   ba6a   c28a   c28a   c26a   ca8a   cacb   d32c   db8d   dbae   dbef   e470   ecd2   f554   fdd6   fe17   f595   cc92   b38e   a30c   9acb   a2cc   aacd   a26b   9a2a   9a2b   9a6c   aacd   c391   e454   e495   dc33   bb0f   9a0b   7948   68a6   60a6   6086   60a6   60a7   60a7   60a7   60a7   60a7   58a7   6909   6929   6929   60c7   924c   cc34   cc33   bbb1   926d   8a0b   81cb   81cb   798a   7129   68e8   58a7   5887   58a7   58a7   60c8   60c8   60c7   60c7   60a6   60c7   7127   81c9   9a8c   b32e   bb6f   c38f   c3cf   c3cf   cbcf   cbef   d42f   d42f   d42f   d42e   d42e   d42e   d42e   d42e   d42e   d40f   d40f   d40f   d40f   cc2f   cc2f   cc2f   cc0f   cc2f   cc2f   cc2f   cc2f   cc2f   cc2f   cc2f   cc0f   d40f   d40f   d40f   d40f   cc0f   cbef   cbef   c3ef   c3ef   c3ef   c3ef   c3ef   c3ef   bbef   bbef   bbcf   bbce   b3ce   b3ce   b3ae   b3ae   b3ad   b38d   b38d   b38d   b3ad   b3ad   b3ad   bbee   bc0e   bc2f   c44f   cc90   d4d1   d4f1   d4f1  
 aa2b   aa2b   aa2a   aa2a   aa0a   a209   a1e9   a1e9   a1e9   a1c9   a1c9   99c8   9987   9147   9147   9167   99a7   b249   c2cb   d34c   dbcd   e40d   ec2d   ec6e   ec8e   ecae   ecce   ecef   ecef   f50f   f4ee   f4ee   f4ef   f4cf   ec8e   e42e   e3ed   d36d   c2eb   ba6a   a1c8   a188   9967   a188   a1a8   a9e9   b20a   b22a   aa29   b22a   b22a   aa29   aa0a   b24a   b24b   b24b   aa2a   99a8   8147   8126   7106   7106   89e9   9a6b   9a6b   ab0d   c3d0   cc32   d452   dc93   ed15   fd97   f577   d474   a2ee   7189   60e7   6108   60e8   5887   58a8   692a   716b   79ed   9270   8a4f   718c   612b   58ea   50a9   612b   71cd   71ad   698d   69ad   618c   69cd   69ed   82b0   82d1   724e   8af1   a394   9312   722e   510a   5109   50e9   4887   48a7   5087   50a7   4846   5067   50a8   5909   6129   5908   58e8   6109   50a8   5087   5887   5887   5866   5045   5024   5024   60c6   81ea   9ace   a32e   ab8f   bc11   ccb3   d514   ccb2   d513   e554   e595   edb5   edb5   ed94   e533   d491   c3ee   b34c   b32c   bb0c   baeb   c2cc   caec   db2e   db2e   db2e   d30e   caed   baac   aa4b   aa0a   a22a   aa6b   b2cd   b2ed   b2ed   bb4f   cbf1   dc73   dcb4   ed56   f576   ed55   e514   dcd3   d471   c3ef   c36d   c34d   c30c   c2eb   c2cb   caab   caab   caab   d2ab   d2cb   d2ec   cb2c   cb6d   d3cf   e471   ecd3   f554   fdd7   fe18   fdd7   e514   c3f0   a32d   a2ec   ab0d   b30e   b30e   b30e   bb0e   bb4f   cbb0   d3f2   dc54   dc33   cbb1   aaae   91ca   7948   70e7   70c6   70c7   70e7   68e8   68e8   60c8   60a8   60a8   60c8   6908   6929   6909   60c7   8a2c   bbd2   d495   c3f3   9aae   8a0b   81eb   81ab   796a   7129   60c8   58a7   58a7   5887   58a7   60c7   60e8   60c7   60a6   58a6   60e6   7148   922a   aaed   b34e   bb8f   c3cf   c3af   c3cf   cbef   cc0f   cc2f   d42f   d42f   d44f   d44f   d42e   d42e   d42f   cc2e   cc2f   cc2f   cc2f   cc2f   d42f   d42f   cc2f   cc2f   cc2f   cc2f   cc2f   cc2f   cc2f   cc2f   cc2f   d40f   d40f   d40f   d3ef   d3ef   cbef   c40f   c40f   c40f   c3ef   c3ef   c3cf   bbcf   bbcf   bbce   bbee   bbef   bbee   b3ee   b3ce   b3ad   ab8d   ab8d   ab8d   ab8d   b3cd   bbee   c42e   c44f   c46f   ccaf   d4f0   d510   dd11   dd31   dd51   dd52  
 aa2b   aa2b   aa2a   aa2a   aa0a   a20a   a1e9   a1e9   a1e9   a1e9   a1c9   99a8   9968   9147   9147   9167   99c8   aa49   c2cb   d34c   dbcd   e40d   ec2d   ec6e   ecaf   eccf   eccf   ecef   f50f   f50f   f50f   f50f   f4ef   f4cf   ec8e   e42e   e3cd   d36d   c2eb   b26a   a9c8   a188   9967   a188   a1a8   a9e8   aa09   b229   b24a   b24a   b26a   b24a   b24a   ba6b   ba8c   ba8c   a1e9   8947   70a5   70e5   7926   89e9   b30e   bbb0   bb8f   bbb0   c411   d473   dcb4   dcb4   d494   cc53   b370   928d   7169   58c7   6108   718b   79cc   71ac   718c   71ad   79cd   822f   8a70   79ee   612b   60ea   50a9   5089   612b   71ce   71ce   71ae   69ae   69ad   69cd   722e   8af1   8af1   7a4f   82b0   9373   9352   7a8f   61ac   618c   592a   4887   4867   4887   50a8   4867   5087   50a7   58e8   58e8   58c7   58c8   58e8   58c8   58c8   60c8   60a7   5866   5024   5024   5865   7168   924b   a30e   ab4f   b3d0   cc93   d514   d514   d4f3   d533   e574   f5d5   f5f6   ed94   dcf2   cc50   bbad   b34c   b30b   baeb   c30c   c2ec   caec   d2ed   db0e   db0e   db0e   db2e   d30e   caed   c2cd   baac   ba8c   baac   baed   baed   bb0e   c34f   cbd1   d432   cc11   d472   dc92   d472   d451   d471   d471   d451   d3ef   d3ae   cb6d   cb0c   caeb   caab   caab   ca8a   d2ab   d2cb   d2ec   cb0c   cb4d   d3cf   e471   ecd3   f555   fdd7   fe18   fdf7   ed55   cc72   bbaf   b36f   bb6f   bb4f   c34f   c36f   c36f   c38f   c38f   c36f   c350   bb2f   b2ad   9a0b   8989   8148   8148   7928   7908   7108   70e8   68e8   68c7   60a7   60a8   60c8   6909   6929   6928   60c7   8a2c   bbd2   dc95   cc13   9aae   8a0b   81eb   81aa   716a   6929   60c7   58a7   58a7   58a7   58a7   60e8   6908   60e7   60c7   60c6   6907   7988   9a6b   ab0d   b34e   bb8e   c3ae   c3ae   cbef   cbef   cc0f   cc0f   d42f   d42f   d42f   d42f   cc2e   cc2e   cc2e   cc2e   cc2f   cc2f   cc2f   cc2f   d430   d430   cc2f   cc2f   cc2f   cc2f   cc2f   cc2f   cc2f   cc2f   cc0f   cc0f   d40f   d3ef   d3ef   d3ef   cbef   c3ef   c3ef   c3ef   c3ef   c3ef   c3ef   c3ef   bbce   bbce   bbce   b3ce   b3cd   b3cd   abad   abad   b3ad   b3ad   b3cd   bbee   bc0e   c44e   cc8f   d4cf   d4f0   dd10   dd51   e571   dd71   e571   e592   e592  
 aa4b   aa2b   aa2b   aa2a   aa2a   a20a   a209   a1e9   a1e9   a1e9   a1c9   99a8   9167   9126   8926   9147   99a7   aa49   c2cb   d34c   dbad   e40d   ec2e   ec6e   ecaf   eccf   ecef   f50f   f50f   f50f   f50f   f50f   f4ef   f4cf   ec8e   e42e   e3cd   d36d   c2eb   b26a   a9e9   a1a8   9967   9988   a1a8   a9c8   a9e9   aa09   b24a   b24a   b26a   b26a   ba6b   ba8c   baac   baad   99e9   8947   78e5   8168   922a   aaed   c3d1   cc12   c3f1   b3b0   b390   bbb1   c412   bbf2   ab50   9aad   79ca   6128   5086   5086   60e9   79ac   8a4f   92b0   822f   79ee   79cd   820f   824f   71ad   58ca   5089   5089   50a9   614c   71ce   71ce   69ad   69ad   69ad   69cd   7a2e   8ad1   8af1   82d1   8ad1   8b12   8b12   8ad1   722e   720d   69ab   50e8   4887   4887   50a7   5087   5087   5087   50a7   50a7   50a7   50a7   58c8   60e9   60e9   60e8   60a7   5045   4824   5885   6907   8a0a   9aad   ab0e   ab6f   bc11   d4d3   dd14   d4d3   dd13   dd34   ed95   f5f6   f5b5   e512   c40e   ab2b   a2a9   aaaa   b2cb   baec   cb2c   d32d   d32d   db0d   e34e   e34e   e34f   e34f   db6f   d32e   cb0e   caed   c2cd   c2cd   baac   b2ac   b2cc   b2ed   b30d   bb2e   bb6f   bb8f   bb8f   bb8f   c3af   cc10   d451   dc92   dc30   dbef   d38e   cb2d   caec   cacb   caab   d2ab   d2cc   d2cc   caec   cb0c   cb4d   d3ae   dc51   ecd3   f575   fdd7   fe18   fdf7   ed76   dcd3   cc31   cbf1   c3b0   c36f   c36f   c36f   cb6f   c34f   bb0e   b2cd   aa6c   a22b   91a9   8948   8148   8988   8989   8989   8148   7928   70e8   68c7   60a7   60a7   60c7   60e8   6909   7149   6928   58c7   820c   bbb2   dc96   d434   a2ce   8a0c   81eb   79aa   7149   6908   60a7   58a7   58a7   58a7   58a7   60e8   6928   6908   60e7   60e7   7168   8a0a   a2cd   b32e   b34e   bb6e   bb8e   c3ce   cc0f   cc0f   cc0f   cc2f   d42f   d42f   d42f   cc2e   cc0e   cc0e   cc0e   cc0e   cc0f   cc2f   cc0f   cc0f   d40f   d40f   cc0f   cc2f   cc0f   cc2f   cc2f   cc2f   cc0f   cc0f   cc0f   cc0f   cc0f   d3ef   d3ef   d3ef   cbef   c3ee   c3ef   c3ef   c3cf   c3cf   c3ef   c3ef   bbce   bbce   b3ce   b3ad   abad   ab8c   abac   b3ad   bbed   bc0e   c42e   c46f   cc8f   d4af   dd10   dd31   dd51   e571   e591   e591   e591   e591   e592   e5b2  
 aa4b   aa2b   aa2b   aa2a   aa2a   aa0a   a209   a1e9   a1e9   a1e9   a1c9   99a8   9167   8926   8926   9126   99a7   aa49   c2cb   d34c   dbad   e40d   ec2e   ec6e   ecaf   eccf   ecef   f4f0   f510   f50f   f50f   f50f   f4ef   f4cf   ec8e   e42e   e3cd   d36d   c2ec   ba6a   a9e9   a1a8   9967   a187   a1a8   a9c8   a9e9   aa09   b229   b24a   b24a   b24a   b26b   ba8c   baac   bacd   b26c   a22b   9a2b   aaee   bb50   bb90   c3f2   bbb1   ab50   9aee   928d   928d   92ce   92ae   822c   71ca   6128   58e8   50a7   4887   50a8   612b   822f   9af2   9af2   9290   8a4f   8a90   92b1   822f   692b   50a9   5089   50ca   612c   71ad   71ce   71ae   71ce   720e   71ee   71ee   722e   8290   8af2   9312   9312   9332   9352   828f   71ed   618b   5909   50e8   50c8   50a8   5087   5087   50a7   50a7   50a7   50a7   50a7   58c7   58c8   58c8   58a7   5066   4804   5024   6907   89ea   9acd   a30d   ab4e   b3b0   c452   d4d3   d4f3   ccb2   dd34   ed75   f5b5   ed74   dcb1   c3ce   ab0a   9a68   a248   b28a   c2ec   cb2d   d34d   db6e   db4e   e34e   eb8f   eb6f   e38f   e390   e38f   db6f   db4f   d32e   d34e   cb2e   cb0d   c2ed   baed   baed   bb0d   b30d   bb6e   bb6e   bb6e   c38e   c3af   cbef   d430   dc51   e450   dbf0   d38e   cb2d   caec   cacc   d2cc   d2cc   d2ec   d2ec   caec   caec   cb2d   cb8e   dc30   e4b2   f575   fdd7   fe18   fdf7   f596   e4f4   cc72   cc31   cbd0   c38f   c34f   c32e   bb0e   bb0d   b2cc   b2ac   aa4b   a20a   91a9   8947   8947   91a9   91a9   91a9   8148   7907   70e7   68c7   68a7   60a7   60a7   68e8   6929   7149   6928   58a6   81cb   bb91   dc96   d454   ab0f   922c   81eb   798a   7149   6908   60c7   60a7   58a7   5887   58a7   60e8   6928   6908   68e7   6907   81c9   9a8c   b32e   bb6e   bb6e   bb6d   bb8d   c3ce   cbef   cc0f   d430   d450   d42f   cc2e   cc0e   cc2e   cc0e   cc0e   cc0e   cc0e   cc0f   cc0f   cc0f   cc0f   d40f   cc0f   cc0f   cc0f   cc0f   cc0f   cc2f   cc2f   cc0f   cc0f   cc0f   cc0f   cbef   cbef   cbef   cbef   cbef   c3ee   c3ce   c3ce   c3ce   bbce   bbce   bbce   bbae   b3ae   b3ad   ab8c   ab8c   abac   b3cd   bbed   c44e   cc6f   d4d0   d4f0   dcf0   dd10   e551   e571   e571   e591   e591   e591   e591   e591   e591   e5b1  
 aa4b   aa2b   aa2b   aa2a   aa2a   a20a   a1e9   a1e9   a1e9   a1c9   99c8   99a8   9147   8926   8906   8926   9987   aa29   c2cb   d32c   dbad   e40e   ec2e   ec6e   ecaf   ecaf   eccf   f4f0   f510   f50f   f50f   f50f   f4ef   f4cf   ec8f   e42e   e3cd   d36d   c2ec   ba6a   a9e9   a1a8   9987   a187   a1a8   a9e8   aa09   b229   b24a   b24a   b24a   b24a   b26b   ba8b   baac   bacd   c32f   c32f   c350   cbf2   cbf2   c3b1   c3d2   b371   92ae   824c   71cb   71ca   7a0c   7a0c   71cb   696a   50c8   50c8   50c8   50a8   48a9   50ea   698d   8250   9b12   9b12   9b12   9af2   9ad2   8a70   79ad   610b   50a9   58ca   590b   694c   69ad   71ce   7a0f   8270   7a4f   720e   69cd   722e   82b1   8af2   9312   9b73   9352   8290   69cc   592a   50c8   50c8   58e9   58e8   5087   50a7   50a7   58c7   58c7   58c7   58c7   58c7   58a8   58a7   5066   4825   4804   58a5   81ca   a2cd   ab2e   ab2e   b3af   cc31   d4b3   d4d3   dcf3   dd14   ed75   fdb6   f595   d491   b34c   a289   9a48   9a28   b269   c2aa   cb0c   d34d   db6e   e36e   e36e   e36f   e36f   e36f   e38f   e390   ebb0   e3b0   e3b0   e3b0   db8f   db8f   d36f   d36f   cb6f   cb8f   cbaf   cbaf   cbcf   cbaf   cbcf   cbef   d3f0   d40f   d410   dc51   dc30   dbef   d38e   cb2d   caec   d2ec   d2ec   d2ec   daed   d2ec   caec   c2ec   c30d   cb8e   dc10   e492   f555   fdd7   fe18   fdf7   f5b6   e534   d492   d452   d431   d3f1   cb8f   c34e   bb0d   baed   baed   bacc   b28c   b26b   aa0a   99c9   99a9   99e9   99ea   99ca   8968   7927   70e6   68c6   68c7   60a6   60a7   68e8   7149   714a   6908   5866   79aa   b371   dc96   d474   b350   926d   81cb   7969   6929   6908   60c7   60c7   58a7   5887   58a7   60e8   6908   68e7   6907   7127   89ea   a2cc   b34e   bb6e   bb6d   b36d   bb8d   c3ce   c3ce   cc0f   d450   d470   d42f   cc0e   cc0e   cc0e   cc2e   cc2e   cc2e   cc0e   cc0f   cc0f   cc0f   cc0f   cc0f   cc0f   cc0f   cc0f   cc0f   cc0f   cc2f   cc2f   cc0f   cc0f   cc0f   cbef   cbef   cbef   cbcf   cbce   cbef   c3ee   c3ce   bbce   bbae   bbad   bbae   bbad   b3ad   b38d   b38c   ab8c   ab8c   b3cc   c42e   cc6f   dcf0   dd10   e551   e551   e551   e550   e571   e591   e591   e591   e591   e591   e591   e591   e5b1   e5b1  
 aa2b   aa2b   aa2a   a20a   a20a   a1e9   a1e9   a1c9   99c8   99c8   99a8   9988   9147   8906   8906   8906   9987   aa29   c2ab   d32c   dbad   e40e   ec2e   ec6e   ec8f   ecaf   eccf   f4f0   f510   f50f   f4ef   f4ef   fcef   f4cf   ec8f   e42e   e3ce   d36d   c2eb   ba6a   a9e8   a1a8   9967   9987   a1a8   a9e8   aa09   b229   b229   b229   b22a   b24a   b24b   b26b   b28c   b2ad   baee   c350   cb91   d413   c3d2   b350   ab0f   9ace   7a0c   71aa   6149   616a   71cc   79ec   69ab   612a   48a8   48a8   50c9   590a   590b   592b   696d   71ce   8250   92b1   9af2   92d1   8a70   822f   79ce   694c   50aa   58ca   58ca   590b   696c   69ad   71ce   7a2f   824f   8270   8270   8290   8290   826f   8290   8af1   8290   826f   71cc   616a   58e9   50a7   50c8   50a7   5087   58a7   58c7   58c7   58e7   60e8   58e8   58c7   58a7   58a7   5066   4825   5085   7168   926c   ab2e   ab2d   ab6e   c410   d4b3   dd14   dd13   e514   ed75   f595   f575   e4d2   bb6d   9a48   91e7   9a07   aa48   ba8a   caab   d30c   db2d   db4d   e34e   e36e   ebaf   e38f   e38f   e38f   ebb0   ebd0   ebf0   ebf1   ebf0   e3af   e3b0   dbb0   dbaf   d3af   d3cf   d3d0   dbf0   dc10   d410   d410   dc30   dc51   dc50   e451   e471   e430   dbef   d38e   d32d   d30c   d30c   d2ed   db0d   db0d   d2ec   caec   c2ec   c30c   cb6e   d3f0   dc51   ed14   fdd6   fe18   fe18   fdf7   ed75   dcf3   dc93   dc72   dc52   dbf1   d3af   cb4e   c32d   c30d   c30d   c2cc   c2ac   ba8b   b22a   aa2a   aa2b   aa2b   a20a   91a9   8148   70e6   70c6   68c6   60a6   60a6   68e7   7149   714a   6908   5065   79aa   b371   dcb6   dc95   bb91   9a6d   81ca   7149   6908   6908   60e8   60c8   58a7   5887   5887   60c7   60c7   58a6   60e6   7147   8a0a   ab0d   b36e   b36d   bb6d   bb8d   bb8d   c3ce   cbee   d42f   dc70   d470   d42f   cc0e   cc0e   cc2e   d42f   cc2e   cc2f   cc2f   cc0f   cc0f   cc0f   cc0f   cc0f   cc0f   cc0f   cc0f   cc0f   cc0f   c40f   c40f   c40f   c40f   cbef   cbef   cbef   cbef   cbce   cbce   cbce   c3ce   c3ce   c3ae   bbad   bbad   bbad   b38d   b38c   b38c   b3ac   b3cc   bbed   c44e   ccaf   dcf0   e571   ed92   edb2   edb2   ed91   e590   e590   e590   e590   e590   e590   e590   e590   e5b0   e5b0   e5b0  
 a22b   a20a   a20a   a1ea   a1e9   a1c9   99c8   99a8   99a8   99a8   9988   9167   8926   80e6   80e6   8906   9167   aa09   baab   cb2c   dbad   e40e   ec2e   ec6e   ec8f   ecaf   ecd0   f4f0   f4f0   f50f   f4ef   f4ef   fcf0   f4cf   f48f   e42e   e3ce   d36d   c2eb   ba6a   a1e8   a1a7   9967   9967   a1a8   a1c8   aa09   aa29   aa29   aa09   aa29   b22a   b24a   aa4b   b26c   b28c   aa8d   b2ce   bb30   c392   b351   a2cf   9a8e   8a2d   7a0c   71cc   698b   69ab   71cc   71cc   614a   50e9   50c9   58ea   614b   618c   69ad   69ce   71ef   7a0f   8230   822f   8a50   8250   7a0e   79ee   71ad   612b   5089   50a9   50a9   58ea   698c   71ad   698d   71ad   7a0e   8270   92f1   9312   8ab0   7a2e   7a4f   828f   826f   826f   71cc   614a   5909   50a7   50c7   4886   58a7   58c7   58c7   58c7   58c7   60e7   58e7   58a7   5087   58a7   5086   5886   6928   8a4b   a2ed   a32d   a30c   b3ae   cc91   dd14   e534   e534   ed55   f575   ed34   d451   bb2c   a269   99e7   99e7   aa49   ba8a   caab   d2ab   daec   db2d   e32d   db4d   e36e   ebcf   ebaf   e3af   e3cf   ebf0   ebf0   ec10   ec11   ec11   ec31   ec31   ec31   e431   e410   dc10   dc30   dc30   dc51   e451   e451   e451   e471   e471   ec91   ec71   e430   dbef   d38e   d34d   d30d   d30d   db0d   db0d   db0d   d2ed   caec   c2ec   c30c   cb6e   d3cf   dc30   e4f3   f5b6   fe18   fe18   fdf7   ed96   e514   dcd3   e493   e472   dc11   dbd0   d38f   cb4e   cb2e   cb2e   caed   caec   c2ac   ba8b   ba8b   ba8c   b26b   aa2a   99c9   8147   70c6   70c6   68a6   60a6   60a6   68e7   7149   7149   68e8   5045   798a   bb71   e4b6   dc95   c3d2   9a8d   79aa   6928   6908   6908   60e8   60e8   58a7   5887   5886   58a7   5886   5865   60c6   7167   922a   ab0d   b36e   b34d   bb8e   bbad   bbad   c3ee   cc0f   d430   d450   d450   cc2f   cc0e   cc0e   cc0e   cc2f   cc2f   cc2f   cc0f   cc0f   cc0f   cc0f   cc0f   cc0f   cc0f   cc0f   cc0f   c40f   c40f   c40f   c40f   c40f   c40f   cbef   cbef   cbef   cbce   cbce   cbce   c3ce   c3ce   c3ce   c3ae   bbad   bb8d   b38c   b38c   bbac   bbcc   bbed   c44e   cc8f   d4f0   dd31   e571   ed91   edb1   f5d2   f5d1   edd1   edb0   e590   e590   e58f   e58f   e58f   e58f   e5b0   e5b0   e5b0   e5b0  
 a20a   a20a   a1ea   99e9   99c9   99c9   99a8   9988   9188   9187   9167   9147   8926   80e5   80e6   8106   9167   aa09   baab   cb2c   dbae   e40e   ec2e   ec6f   ec8f   ecaf   f4d0   f4f0   f510   f50f   fcef   f4ef   fcf0   f4cf   f48f   e42e   e3ce   d36d   c2eb   ba6a   a1e8   a1a7   9967   9967   99a7   a1c8   a9e8   aa09   aa29   aa09   aa09   b22a   aa4b   aa4b   aa6c   b28d   aa8d   aaae   aaaf   b310   ab10   a2f0   a2f0   92af   92af   8aaf   8a6f   822e   71cd   616b   58e9   48a8   50c9   614b   71ad   71ee   71ee   7a0f   8a91   92d2   8ab1   79ee   71ad   71ae   71ad   718d   610b   4868   4848   5089   50a9   612b   79ee   7a0e   71ce   71cd   71ad   7a0e   8a90   92d1   826f   824f   8ab0   92f1   9b11   8ab0   614a   50a7   50a7   50c7   6109   58e8   58c7   58c7   58c7   58a6   58a6   58c7   58c7   58a7   5066   5086   5886   60e7   79ca   9aed   ab2e   9b0c   a32c   bc0f   dcf3   e554   ed55   f575   f596   f575   e4b2   b30c   91c7   9186   a1e8   aa49   ba8a   caec   d2cc   d2cb   daec   e32d   e34d   db2d   e36e   ebf0   e3af   e3cf   e3cf   ebf0   ec30   ec51   f451   f471   ec51   ec51   e431   e451   e451   e471   e471   e471   e471   e491   e492   e491   ec91   ec92   ec71   e451   e410   dbef   d38e   d34d   d32d   db2d   db2d   e32e   db0d   d30d   caec   c2ec   c30c   cb4d   d3cf   d430   e4d3   f596   fe17   fe17   fdf7   ed96   e514   dcd3   e4b3   e472   dc31   dbd0   dbaf   db8f   d36e   d34e   d32d   d30d   cacc   c2ab   c2ac   c2ac   ba8b   aa2a   99c9   8127   70a5   6885   68a5   6085   68c6   7108   7129   7129   60c7   5024   7989   bb71   e4b6   dc95   c3f3   9a8d   7989   6907   68e7   6908   68e8   60e8   60c7   58a7   58a7   60c7   5886   5865   60e6   7988   924a   b32d   bb6e   b36d   c3ce   c3ee   c3cd   cc0e   d450   d430   d42f   cc2f   cc2f   cc2f   cc2e   cc2e   cc0e   cc0e   cc0f   cc0f   cc0f   cc0f   cc0f   cc0f   cc0f   cc0f   cc0f   cc0f   c40f   c40f   c40f   c40f   c3ef   cbef   cbef   cbef   cbce   cbce   cbce   c3ce   c3ae   c3ae   c3ce   bbad   bbad   bb8c   b38c   b38c   bbed   bc0d   c44e   d4af   dd10   e551   ed92   edb2   edb1   edb1   edd1   edd1   edd1   edb0   edb0   e58f   e58f   e58f   e58f   e58f   e5af   e5af   e5b0   e58f  
 99ea   99ea   99c9   99c9   99a9   99a8   9188   9188   8967   9167   9167   9147   8906   80c5   80c5   80e6   9147   aa09   baab   cb2c   dbad   e3ee   ec2e   ec6f   ec8f   ecaf   eccf   f4f0   f4f0   f4ef   f4ef   f4ef   fcf0   f4d0   f48f   e42e   dbce   d36d   c2cb   b26a   a9e8   9987   9967   9987   a1a7   a9e8   aa09   aa09   aa09   b22a   b26b   ba6b   ba8c   baad   baee   bb0f   bb0f   b310   bb51   c3b3   c3f4   bbd4   b372   a331   a331   9af1   8a6f   7a0d   718c   612a   50c9   4888   592a   698d   71ee   71ce   8230   8ab1   8a91   92d2   92f2   8a91   8250   824f   79ee   612b   5089   4868   4868   4868   5089   610a   79cd   8a4f   8a50   822f   71cd   822f   826f   826f   8a90   92f1   9b32   9b31   92f0   826e   71cb   694a   6149   6949   6129   6108   58c7   58a7   5886   5086   5086   5886   5086   5066   5066   5086   6108   79aa   8a4b   9acc   a30d   a34d   b3ce   cc91   e513   e534   ed75   fdd6   f575   dc92   aacb   89c7   7904   8946   aa29   c2ab   cacc   d2ec   d28b   d2ab   dacc   db0d   db4d   e36e   e38e   e3ae   e3af   e3cf   e3f0   e410   ec30   ec51   ec51   ec71   ec71   ec71   ec91   ec91   ecb2   ecb2   ecb1   e491   e491   e491   e4b2   ecb2   ecb2   ec91   e471   e430   e410   e3ef   dbaf   db6e   db4d   db2d   db2d   db2e   db0d   d30d   d2ec   cb0c   c30c   cb4d   d3ae   d410   e4d2   f574   fdf7   fe38   fdf7   ed95   e514   dcd3   dc92   dc72   dc11   dbf0   dbaf   db8f   d36e   d34d   db2d   d2ec   cacc   cacb   c2ab   c2ac   c2ac   b26b   99c9   8947   78c6   68a5   68a5   68a5   68c6   68e7   7949   68e8   60c7   5045   7969   b350   dc95   dcb6   c3f2   a2ef   79aa   68e7   60c7   68e7   60e7   58a7   60a7   60a7   60a7   5886   5865   60c6   7968   922a   a2ec   b34d   bb8e   bb6d   bb8d   cc0f   d44f   cc2f   d44f   cc2f   cc0f   cc0f   cc2f   cc2f   cc2f   d44f   cc2f   cc2f   cc0e   cc0e   cc0e   cc0e   cbef   cbef   cc0f   cc0f   cc0f   cc0f   cbef   c3ef   c3ef   c40f   c3ef   c3ef   c3ef   c3ef   c3ce   c3ce   c3ae   c3ae   bb8d   bb8d   bbad   bbad   bbac   bbac   bbcc   bbec   c42d   cc8e   dcf0   e530   e571   edb2   edb2   edb1   ed90   edb0   edd0   edf0   edf0   edd0   edaf   e5af   e58f   e5af   e5af   e5af   e5af   e5b0   e5d0   e5d0  
 99ca   99c9   99a9   91a9   91a9   91a8   9188   9188   9168   9168   9168   8947   8106   78c5   78c5   80e6   9147   a209   ba8b   cb2c   dbad   e3ee   e42e   ec6f   ecaf   ecaf   ecd0   f4f0   f4f0   f4ef   f4ef   fcef   fccf   f4af   f48f   ec2e   e3ee   d36d   c2eb   ba6a   aa09   a1a7   9987   9987   9988   a1c8   aa09   a9e9   aa09   b24b   c2ac   c2ed   c30e   c32f   cb70   cb91   cb92   c372   c392   c3d4   c3f4   b373   9ab0   822e   822e   79ed   698c   612a   58ea   58ea   590a   612b   696c   71cd   7a0f   79ee   7a2f   8ab1   8a91   92b1   92d1   92f2   92f2   8270   698c   58ca   5089   50a9   58a9   50a9   5088   50a8   610a   718c   79cd   79ed   8a4f   92b0   9ad1   92b0   92b0   8a8f   824e   822d   698a   79ec   8a6e   9acf   92ae   820c   6128   5086   58a7   58a7   58a6   5886   58a6   58a6   5086   5065   5086   58c7   6969   8a4b   9aed   9b0d   a34d   ab8d   cc91   dd13   ed74   ed74   ed75   ed54   d451   b30c   8987   7925   8105   99a7   ba4a   c28b   ca8b   ca8b   d28b   d2ab   daec   db0d   db2d   db6e   db8e   dbae   dbaf   dbcf   e40f   e430   e430   e450   ec51   e471   ec91   ec91   ec91   ecb1   ecd2   ecd2   ecd1   e4b1   e4b1   e4b1   ecb2   ecd2   ecb2   ec91   e471   e450   e430   e3ef   dbaf   db8e   db4e   db4e   e32e   e32e   db0d   d30d   d2ec   caec   cb0c   c32d   d38e   d3ef   e4b2   f554   fdf7   fe38   fe17   edb5   e534   dcf3   dc92   dc71   dc31   dbf0   dbcf   db8e   d34e   d32d   d30c   d2eb   d2cb   cacc   caab   cacc   c2ac   b24b   a1ca   8968   78e6   70c6   68a6   68a6   68e6   7128   7969   6908   60c7   5845   7169   ab10   dc75   dc95   c3f3   ab0f   81eb   6907   60a6   60a6   58c7   58c7   60c7   60c8   60c7   60a6   58a5   60e6   81a9   9a6b   ab2d   b36e   bb8e   bb8d   bbad   cc2f   d44f   d44f   d44f   cc2f   cc0f   cc0f   cc0e   cc0e   cc2f   d44f   cc2f   cc2f   cc0e   cc0e   cc0f   cc0e   cbef   cbef   cbef   cc0f   cc0f   cc0f   c3ef   c3ef   c3ef   c40f   c3ef   c3ee   c3ef   c3cf   c3ce   c3ce   c3ae   c3ae   bbad   bb8d   bb8c   bbac   bbac   bbcc   c3ed   c42d   cc8e   d4cf   e530   e571   ed91   f5d2   f5d2   edd1   edd1   edd0   edd0   edd0   edd0   edd0   edaf   e5af   e5af   e5af   e5af   e5d0   e5b0   e5b0   e5d0   e5d0  
 99ca   91ca   91a9   91a9   91a9   91a9   9188   9188   9168   8988   9168   8947   8106   78c5   78c5   78c5   8947   a209   baab   cb2c   dbad   e3ee   e42e   ec6f   ecaf   ecaf   ecd0   f4ef   f4ef   f50f   f4ef   fcef   fccf   f4af   f46f   ec2e   e3ed   d36d   c2eb   ba6a   a9e8   99a7   9987   9987   9987   a1a8   a1e9   a9e9   aa0a   b26b   c2cd   cb2e   cb2f   c34f   cb50   cb91   c371   bb51   b331   aaf0   926f   79cc   696b   694a   71ac   696b   612b   58ea   58ea   610a   614b   696c   71ad   71ad   7a0f   822f   8250   92d1   92d2   92b1   8a90   8a90   824f   69ad   590a   58c9   50a9   5088   58a9   58a9   5088   5067   5088   610a   716b   79ac   822e   8a6f   926f   8a4e   820d   718b   6108   50a7   6949   822c   a310   ab51   9ace   820b   6969   6107   58a6   58a6   5886   5886   58a6   58a6   58a6   5065   5886   60e7   79ea   9aed   a34e   a34d   ab6d   b3ee   d4f2   dd34   ed75   ed95   ed75   dcb3   b34d   8a08   6883   70a3   8926   aa09   c28b   c28b   c26b   ca6a   d2ab   d2ac   dacc   db0d   db2d   db4d   db6e   db8e   e3cf   e3ef   e40f   e430   e450   e450   e470   e471   ecb1   ecb1   ecb1   ecd1   ecf2   ecf2   ecd1   e4d1   e4d1   ecd1   ecd2   ecd2   ecb2   ec91   e450   e430   e40f   e3ef   e3af   db8e   e36e   db4e   e32e   e32e   db0d   d2ed   d2ec   caec   caec   c32c   cb6e   d3ef   e4b2   f554   fdf6   fe37   fe17   f5b5   e554   dcf2   dc92   dc71   dc30   dc10   dbcf   db8e   d36e   d32d   d30c   d2cb   d2cb   d2cc   cacc   cacc   c2ac   b24b   a1ea   9168   78e7   70c6   68a6   68a6   68e7   7128   796a   7129   68c7   5865   7149   a2cf   d454   dc95   cbf2   b350   8a2c   6928   5886   5065   5886   58c7   60c7   68e8   60e7   60a6   60a5   6906   89e9   a2cc   b36e   b36d   bb6d   bb8d   c3ce   cc0e   d44f   d44f   d470   cc2f   cc0e   cc0e   cc0e   cc0e   cc2f   cc2f   cc2f   cc0f   cc0f   cc0f   cc0f   cc0e   cc0e   cbee   cc0f   cc0f   cc0f   cbef   c3ef   c3ee   c3ef   cbef   c3ef   c3cf   c3ce   c3ce   c3cf   c3cf   c3ae   bbae   bbad   bb8c   b36c   b36c   b38c   bbcc   c42d   cc6e   dcf0   e550   ed71   edb1   edb1   f5f2   f5f2   f5f1   f5f1   edf1   edd0   edd0   edd0   e5d0   e5af   e5cf   e5cf   e5d0   e5d0   e5d0   e5d0   e5d1   e5f1   e5f1  
 91aa   91a9   91a9   9189   9189   91a9   9188   8988   8968   8968   8968   8947   8107   78c6   78c5   78c5   8967   a209   baab   cb2c   dbad   e3ee   e42e   ec8f   ecaf   ecaf   eccf   f4ef   f4ef   f50f   f50f   fcef   fcef   f4cf   f46f   ec2e   e3cd   d36c   c2cb   b269   a9e8   9987   9967   9988   9988   a1c9   aa0a   aa0a   aa2b   b26b   baad   bacd   baee   baee   b2ef   b2ef   b2f0   aacf   9a6e   89ed   716b   692a   694b   79ac   71ac   718c   696b   614b   612b   614b   718d   71cd   71ce   616c   71ce   8270   92d1   9b33   9af2   92d1   8270   79ee   614c   58ea   50c9   50c9   50a9   5088   5088   50a8   58a8   50a8   50a8   58c8   610a   694a   716b   79ac   718b   716b   694a   58c7   4845   4024   6949   926d   b391   b391   a2ee   820b   7168   6107   58a6   58a6   5886   5886   58a6   58a6   5886   5065   58a6   7169   928c   a32e   a36e   a36d   b3ee   c470   dd54   e595   edb6   ed75   d4b2   b38e   8a08   68e4   6063   78c4   9167   b22a   c26b   c26b   ca6b   ca8b   d2ab   d2cc   daec   db0d   db2d   db2d   db6e   db6e   e3cf   e3ef   e40f   e430   e450   e470   e471   e491   ecb1   ecb1   ecd1   ecd1   ecf2   ecf2   ecf1   e4d1   ecd1   ecd1   ecd2   ecb1   ec91   e471   e430   e410   dbcf   dbae   db8e   db6e   e34e   e34e   e32e   db0d   daed   d2ed   d2ec   caec   caec   cb2c   d36e   d3cf   e4b2   ed54   fdf6   fe37   fe37   f5d6   e554   dcf2   dc91   dc71   dc30   dc10   dbef   dbae   d36e   d34d   d30c   d2eb   d2ec   d2ec   caec   caed   c2ad   b26c   a1ca   8928   70c6   70a6   68c6   68c6   68e7   7108   7969   7129   60c7   5865   7128   9a8d   d454   dc95   c3f2   bb70   9a8d   7169   5065   4824   5066   60c7   68e8   68e7   60c7   58a6   58a5   7126   8a2a   ab0c   b36e   b36d   b36d   bbad   c3ee   cc2f   d44f   d44f   d44f   cc2f   cc2f   cc2f   cc2f   cc2f   cc2f   cc2f   cc2f   cc0f   cc0f   cc0f   cc0f   cc0e   cc0e   cc0e   cbef   cc0f   cc0f   cbef   c3ee   c3ee   c3ef   cbef   c3cf   c3ce   c3ce   c3ce   c3cf   c3cf   c3ce   bbae   bb8d   b36c   b36b   b36b   bbac   c40d   d48e   dcef   e550   e571   ed91   edb1   edd1   edd1   f5f1   edf1   f5f1   edf1   edd0   edd0   e5d0   e5cf   e5cf   e5d0   e5d0   e5f0   edf1   ee11   edf1   ee11   ee12   ee12  
 8989   8989   8969   8969   8969   8968   8968   8968   8968   8968   8948   8147   7907   78c6   78c6   78e6   8967   a209   baab   cb2c   dbad   e40e   e42e   ec8f   ecaf   eccf   eccf   ecef   f4ef   f50f   f50f   f4ef   fcef   f4cf   f48e   ec2e   e3cd   d36c   c2eb   b269   a1e8   9987   9967   9988   9988   a1c9   aa2a   b22b   b26c   b26c   aa6c   b28c   b2ad   b2ae   aa8e   a28e   9a6e   920d   89ec   81ed   81ed   81ed   81ee   820e   79ed   71cd   696c   612b   612b   698c   79ee   8250   71ee   590b   698c   8290   9b13   9b53   92d1   8a90   7a2e   69cd   614b   590a   50c9   4888   5088   58c9   58c9   58c8   58c9   58c8   58c8   58a8   58a8   58a8   6109   714a   692a   6929   6949   60e7   5065   5885   7148   924c   ab50   b391   ab2f   928d   79a9   60e6   58a6   5886   5886   5886   58a6   5886   5065   5045   60e7   822b   a32f   ab6e   a34d   abce   c490   d532   e595   edb6   ed96   d4f3   b38e   8a29   6905   5863   70a4   8106   9988   b20a   c26b   ca8b   ca8b   d2ac   d2ac   d2cc   daed   db0d   db0d   db2d   db4e   db6e   e38e   e3af   e3ef   e40f   e430   e450   e470   e471   ecb1   ecb1   ecd1   ecd2   ecf2   ecf2   ecf2   ecf1   ecd1   ecd1   ecb1   ecb1   ec91   e471   e430   e3ef   dbce   dbae   db6d   db6d   e34e   e34d   e32d   db0d   daec   d2ec   d2cc   caec   caec   cb2c   d36d   d3ef   e4b2   f554   fdd6   fe37   fe37   f5f6   e574   dcf2   d491   dc71   dc30   dc10   e3ef   dbce   db8e   db6d   db4d   d30c   d30c   d30c   caec   caed   c2ad   b26c   99aa   80e7   6885   68a6   70c7   68c7   68c7   68e7   7949   7129   60a7   5845   6907   924c   d433   dc95   c3f2   bb91   a2ce   798a   5085   4824   5065   60c7   6908   68e7   60c6   5885   60a5   7967   9a8b   b34d   bb8e   b36d   bb8d   c3ce   cc2f   d44f   d44f   d470   cc2e   cc0e   cc2e   cc2f   d44f   cc2f   cc0f   cc0f   cc0f   cc0f   cc0f   cc0f   cc0f   cc0e   cc0e   cbee   cbef   cbef   cbef   c3ee   c3ee   c3ee   c3ee   c3ef   c3ce   c3ce   c3ae   c3cf   c3ef   c3ef   c3cf   bbae   bbad   b38c   b38c   b3ac   c3ed   cc6e   dcef   e550   ed71   ed90   edb0   edb0   edb0   edd0   edd1   edf1   edd0   edd0   edd0   edd0   e5d0   e5d0   e5d0   e5d0   e5f0   edf1   ee11   ee12   ee12   ee32   ee32   f633  
 8989   8989   8969   8969   8969   8968   8968   8148   8148   8147   8148   8127   7907   78c6   78c6   78e6   8967   a229   bacb   cb4c   d3ad   dbed   e42e   ec8f   ecaf   ecaf   eccf   ecef   f4ef   f50f   f50f   f4ef   f4cf   f4ae   f46e   ec2d   e3ed   d38c   caeb   ba8a   a1c8   9967   9146   9967   9988   a1c9   aa0a   aa0a   b24b   aa4b   a22b   aa6c   b28d   b2ce   aaae   a28e   89cb   89ec   924e   9a90   9a90   924f   820e   81ee   7a0e   79ee   71cd   69ad   69ad   71ce   79ef   7a2f   71ae   50ea   592b   7a0f   92f2   9312   8270   720e   698c   614b   612b   614b   58ea   50a8   50a8   58e9   60e9   58e9   58e9   60e9   58c8   58a8   50a7   5087   60c8   692a   6929   6929   7169   60e7   5885   60c6   7989   8a0b   9aad   ab0e   b370   ab4f   926c   7189   5886   5045   5025   5065   5866   5045   5045   5085   7169   928d   ab4f   a34e   a34d   bc2f   d532   e5b4   edf6   edb6   dd14   b3cf   8a6a   6926   60c4   68a4   78e5   8927   99a8   b20a   c24b   ca8c   d2ac   d2ac   caab   d2cc   daed   db0d   db0d   db0d   db2d   db4e   e36e   e38e   e3cf   e3ef   e430   e430   e450   e470   ecb1   ecb1   ecd1   ecf1   ecf2   ecf2   ecf1   ecf1   ecd1   ecd1   ecb1   ec91   ec71   ec51   e410   e3ef   dbae   db8e   db6d   db6d   e34d   e34e   e30d   daed   dacc   d2cc   d2cc   cacc   caec   cb0c   d36d   dbce   e4b1   ed33   fdd5   fe17   fe37   fe16   ed94   d4f2   d491   d470   dc30   dc0f   dbef   dbcf   dbae   db6d   db4d   d32c   d30d   d30d   caed   cacd   c2ad   b24c   9169   78c6   6865   6886   70e7   70e7   68e7   7108   7949   7129   6086   5845   68e7   89eb   cc13   dc75   c3f2   bbb1   aaef   81ca   58a6   4844   5086   60e7   6908   68e7   5885   5884   60e6   81c8   a2cc   b36e   bb8e   bb8d   bb8d   c3ee   d42f   d470   d470   d44f   cc0e   cc0e   cc2e   d44f   d44f   cc2f   cc0f   cc0f   cc0f   cc0f   cc0f   cc0f   cc0e   cc0e   cbee   cbee   c3ee   cbef   cbef   c3ee   c3ee   c3ee   c3ee   c3ef   c3ce   c3ce   c3ce   c3cf   c3cf   c3cf   bbaf   bbae   b38d   b38c   b38c   bbed   cc4e   d4af   e530   ed71   ed90   edb1   edb0   edb0   edb0   edd0   edd0   edd0   e5b0   e5d0   edd0   e5f0   edf1   e5f0   e5f0   e5f1   ee11   ee11   ee32   ee32   ee33   ee33   f633   f633  
 898a   8989   8989   8989   8989   8969   8168   8168   8148   8147   8128   8127   7907   78e6   70c6   78e6   8967   a229   bacb   c34c   d3ad   dbed   e42d   e46e   ecaf   ecaf   eccf   ecef   ecef   f4ef   f50f   f4ef   f4ce   f4ae   f46e   ec2d   e3ed   d38c   c2eb   ba8a   a1c8   9967   9126   9147   9988   a1c9   aa0b   aa0a   a22b   a20b   a22b   aa6c   b2ce   b2ef   aacf   aaaf   9a4d   9a6e   a2b0   a2d0   926f   8a0e   8a2f   8a70   822f   7a2f   7a2f   7a0f   7a0f   71ee   69ce   69ad   616d   510b   510b   618d   82b1   9312   8270   71ee   618c   592b   590a   590a   590a   590a   58c9   58c9   58e9   58c8   58c8   58c8   58c8   58a8   58a8   58c8   60c8   7129   6909   6908   7128   60a6   5044   60c6   7168   8a0a   9aad   ab0e   b36f   bbb0   ab0e   926c   7149   5887   5025   5045   5045   4824   5886   6928   8a2c   9ace   a32e   a34d   abce   ccd1   e5b3   edf5   fe78   edb6   bc51   8a8a   6125   58a3   60a4   68c5   78e5   8927   99a8   aa0a   ba2b   ca8c   d28c   ca8c   ca8c   d2cc   d2ed   db0d   daed   db0d   e32d   e34e   e36e   e38e   e3af   e3ef   e40f   e430   e450   e470   e491   e4b1   ecb1   ecd1   ecd1   ecf1   ecd1   ecd1   ecb1   ecb1   ec91   ec91   ec71   ec50   e410   e3ef   e3ae   db8d   db6d   db4d   e34d   e34d   e30d   daec   dacc   d2cc   d2cc   cacb   caeb   cb0c   d36d   d3ae   e471   ed13   fdb5   fe16   fe37   fe37   edb5   dcf2   d491   d470   d430   dc0f   dbef   dbce   db8e   db8d   db4d   d32c   d30d   d30d   cacd   c2ac   ba6c   aa0b   8948   78a6   6845   6886   70c7   68c7   70e8   7949   796a   7929   6086   5845   68c7   81aa   c3d2   d454   cbf3   c3d2   ab0f   8a0b   60e7   5065   5886   60e7   68e7   60a6   5865   5884   7126   922a   ab0d   bb8e   bbae   bbae   c3ae   c3ee   cc2f   d470   d470   d44f   cc2e   cc0e   cc2e   cc2f   d44f   cc2f   cc0f   cc0f   cc0f   cc0f   cc0f   cc0f   cc0e   cbee   c3ee   c3ee   c3ee   c3ee   c3ee   c3ee   c3ee   c3ee   c3ee   c3ee   c3ce   c3ce   c3cf   c3cf   c3cf   bbae   bbae   bb8e   b38d   b38c   bbcd   c42e   d4af   dd10   e551   ed91   edb1   edd1   edd0   edd0   edb0   edd0   edd0   edd0   edd0   e5d1   e5f1   edf1   edf1   ee11   ee11   ee11   ee12   ee32   ee33   ee53   ee33   ee33   ee33   ee33  
 8989   8989   8169   8169   8168   8168   8148   8148   8148   8148   8128   8127   7907   78e6   70c6   70c6   8967   a209   b2cb   c32c   d38d   dbcd   dc0d   e46e   ecaf   ecaf   eccf   ecef   ecef   f4ef   f4ef   f4ee   f4ce   f4ae   ec6e   e40d   dbcc   d36c   c2ca   b249   aa08   9987   9147   9968   a1c9   aa0a   b24b   aa4b   a20a   a22b   aa6c   b2ae   baef   b2ef   b2ef   aacf   aaf0   a28f   922d   81ed   81cd   81ee   9270   a2f2   822f   7a2f   7a0e   71ee   71ce   69ae   698d   616d   614c   614c   592c   594c   8290   9b74   8af1   7a70   71ed   69ac   614b   58ea   58ea   590a   610a   58e9   58c8   58a8   58a8   58a8   50a7   5087   5087   58a7   6909   714a   6909   68e8   6908   5886   5044   6906   81a9   9a6c   a2ed   a2cd   a2ad   ab2e   bb70   b370   9aae   798a   60a6   5885   5044   4824   60c7   81ca   a2ee   a30e   a32e   ab6e   bc30   dd53   edf5   f616   edf7   ccf3   9b0c   6146   4863   5084   6906   7947   78e6   8947   99a8   a9e9   ba2a   ca6b   ca8c   ca8b   ca8b   d2cc   d2ed   daed   daed   daed   e30d   e34e   e34e   e36e   e3ae   e3cf   e3ef   e40f   e430   e430   e470   e470   e490   ecb1   ecb1   ecd1   ecb1   ecb0   ec91   ec91   ec91   ec70   ec50   ec30   e410   e3cf   e3ae   db8d   db4d   db4d   e34d   e32d   e30d   daec   dacc   d2cc   d2cb   cacb   cacb   caeb   d34d   d3ae   e450   ecf2   fd95   fdf6   fe37   fe37   edb5   dd12   d4b1   d470   d430   dc0f   dbee   dbce   db8d   db6d   d34d   d32d   d32d   d30d   cacd   c2ac   b24b   a1ca   8128   7086   6045   6886   68a7   68a7   70e8   796a   818a   7949   6086   5044   60a6   8189   c3b1   d433   cc13   c3d2   b32f   8a2c   6928   5886   58a6   60e7   68e7   60a6   5885   60a5   7988   9aab   b36e   c3ae   c3cf   c3ee   c3ee   cc0f   d42f   dc70   dc70   d44f   d44f   cc2e   cc2e   cc2f   cc2f   cc2f   cc0f   cc0f   cc0f   cc0f   cc0f   cc0f   cbee   c3ee   c3ee   c3ee   c3ee   c3ee   c3ee   c3ee   c3cf   c3ce   c3cf   c3ef   c3ae   c3cf   c3cf   c3cf   bbae   bb8e   b38d   b38d   bbad   bbac   c40d   cc8f   dd10   e571   edb1   f5d1   edd1   edd1   edd0   edd0   e5af   e5d0   e5d0   e5af   edf1   edf1   edf1   edf1   ee11   ee11   ee12   ee32   ee32   ee33   ee53   ee33   ee33   ee13   ee13   ee13  
 8989   8989   8969   8169   8168   8168   8168   8148   8148   8148   8148   8148   7907   70c6   70a5   70c6   8146   99e9   b2ab   c32c   d3ad   dbed   e42e   ec8f   ec8f   ecaf   eccf   eccf   ecef   ecef   f4ef   f4cf   f4ce   f4ae   ec6e   e42d   dbcd   d34c   c2ca   b249   a9e8   9987   9147   9988   aa0a   b26c   b28c   b26c   aa6c   a22b   b28d   c330   c330   b2f0   aaaf   aacf   aad0   922d   798a   692a   798b   9270   a312   a2f2   8a70   7a0e   71ce   71ad   698d   698d   69ad   698d   698d   698d   618d   698d   8290   a374   9b33   8ad1   824f   7a0e   696c   58ea   590a   612a   610a   58c9   5088   5087   5067   5067   5087   5066   5067   60c8   714a   716a   796a   7169   6907   58a6   60c6   6927   924b   b34f   bbb0   ab4e   9aac   926b   a2cc   bb90   ab2f   9a8d   60e7   5085   4003   5085   6107   928c   9acd   9aed   a32d   b3cf   d4f3   edb5   f5f6   f5d6   dd55   a38f   71e9   50c4   4864   60c6   6907   7927   70a5   8106   9968   a1c9   b20a   c24b   ca8c   d2ac   d2ac   d2cc   daec   daec   daec   db0d   e32d   e34d   e36e   e38e   e3af   e3cf   e3cf   e3ef   e40f   e430   e450   e450   e470   e470   e470   e490   e490   e490   ec91   ec70   ec70   ec70   ec50   e430   e3ef   e3ef   e3ce   db8d   db4c   d30c   db0c   db0c   e30d   db0c   dacc   d2ab   caab   caab   cacb   caec   d34d   d38e   e450   ecd2   f554   fdd6   fe37   fe37   f5b5   e513   d491   d430   dc30   dc0f   d3ce   dbce   dbae   db8e   d34d   db2d   d32d   cb0d   caed   baad   aa2b   91a9   78e7   6886   6065   6066   68a7   68c7   7108   7929   816a   7928   68a7   5844   6085   7968   bb50   d413   d433   c3d1   b34f   926c   7148   5886   58a6   60c7   60c7   5885   5864   60e6   89e9   ab0d   bb8e   c3ae   c3ce   cbee   cc0f   cc2f   d42f   d450   d470   d470   cc4f   cc2f   cc2f   cc2f   cc2f   cc2f   cc2f   cc0e   cc0f   cc0f   c40e   c40e   c40e   c40e   c3ee   c3ee   c3ee   c3ee   c3ee   c3cf   c3cf   c3cf   bbaf   bbaf   bbaf   bbaf   c3cf   bbcf   bbae   b38d   b36c   b38c   b3ac   bbed   cc4e   d4cf   e551   f5b1   f5d1   edd0   edf0   edd0   edd0   edd0   e5af   e5af   e5d0   edd0   edf1   edf1   ee11   ee11   ee12   ee32   f652   f653   f653   ee53   ee53   ee53   ee33   ee13   ee13   e613  
 918a   8989   8969   8969   8969   8169   8168   8168   8148   8148   8148   8148   78e7   70a5   70a5   70c5   8126   99e9   b28b   c32c   d38d   dbcd   e40d   ec6e   ec8f   ecaf   ecaf   eccf   eccf   f4cf   f4cf   f4cf   f4cf   f4af   ec6e   e42e   e3cd   d36c   c2cb   b26a   a9e8   9987   9147   9168   a1ea   aa6c   b28c   baad   aa6c   b28d   baef   c350   c351   c331   bb11   aaaf   9a2d   796a   60c8   6929   8a0e   a312   ab13   9291   8a70   7a0e   698d   614b   590b   614c   71ee   7a2f   7a2f   69ad   71ee   8270   9b33   a374   9332   8ad1   8270   824f   71ad   612b   590a   612a   58ea   58c9   5088   50a8   5067   5067   5066   5046   5887   6929   798a   81cb   81cb   798a   7148   7168   79a9   81ea   926b   b390   d453   cc11   a2ed   81e9   81e9   a2cd   ab2f   928d   58c6   4823   4002   6106   79c9   9aed   a34e   9aec   a34d   cc71   edb6   fdf7   e595   d4f3   a38f   7a0a   5906   4884   5085   60e7   6907   7927   70c6   8106   9167   a1a8   b1e9   c22a   ca6b   ca8b   d2ab   d2cc   daec   db0c   db0c   db0c   db2d   e34d   e34d   e38e   e3ae   e3ae   e3ce   e3cf   e3ef   e40f   e430   e450   e450   e450   e470   e470   e470   e470   e470   e470   ec50   ec50   ec50   e42f   e3ef   e3ce   dbae   db6d   d32c   d30c   db0c   db0c   daec   daec   dacc   d2cb   caab   caab   cacb   caec   d32d   d36e   dc30   e491   f534   fdb6   fe37   fe37   f5b5   e533   dc91   d430   dc30   dc0f   d3cf   dbcf   d38e   db8d   d34d   d32d   d30d   caed   c2cd   b28c   a1eb   8969   70c6   6066   6045   6066   68a7   70e8   7108   7949   8169   7928   68c7   5844   6085   7147   b30f   cbf2   d453   cbd1   b350   9a8d   7968   60a6   5886   60a6   5886   5865   5865   6906   922a   b32d   c3af   c3ae   c3ae   c3ce   cc0f   cc2f   d450   d450   d450   d470   cc4f   cc2f   cc2f   cc2f   cc2f   cc2f   cc2f   cc0e   cc0f   cc0f   c40e   c40e   c40e   c3ee   c3ee   c3ee   c3ee   c3ee   c3ef   c3cf   c3cf   c3cf   c3cf   bbaf   bbaf   bbaf   bbaf   bbae   bbae   b38d   b38d   b3ac   bbed   c42e   d4af   dd10   ed91   f5d1   f5f1   f5d0   edd0   edd0   edcf   edaf   e5af   e5d0   edd0   edf1   edf1   ee11   ee11   ee32   ee32   ee32   ee52   f653   f653   f653   ee54   ee53   ee33   ee33   ee13   ee13  
 918a   8989   8969   8969   8969   8969   8168   8148   8148   8148   8127   7927   78e6   6885   6885   70a5   8126   99e8   b28b   c32c   d38d   dbcd   e40d   ec6e   ec8f   ecaf   ecaf   eccf   eccf   eccf   f4cf   f4cf   f4af   f4af   ec6e   e42e   e3cd   d36c   c2eb   ba6a   a1a8   9167   8906   9147   99c9   aa4b   baad   baee   baee   c30e   bb0f   b2ae   b2af   bb31   bb11   a28e   794a   6908   714a   8a2d   9ab0   a2d1   9290   820f   8a70   7a0e   698c   592b   590a   698c   8250   8ab1   8a91   71ce   720f   9312   9b53   9312   92f2   8ab1   826f   7a2f   71cd   614b   590a   590a   590a   58e9   5087   50a8   5087   5067   5066   5066   60a8   716a   798a   8a2d   922d   798a   7128   79aa   8a2b   926c   a2cd   b390   d453   d494   b390   81e9   7167   81e9   81ea   79a9   5084   4002   4002   7188   8a4b   a32e   ab6e   9b0d   b3af   dcf4   f5f7   fdf7   d4f3   ab8e   71e9   50c5   4064   4865   58a6   6907   68e7   7927   78e6   8927   9167   a188   b1c9   ba2a   ca4b   ca8b   d2cc   d2ec   daec   db0c   db0c   db0c   db2c   db4d   e34d   e36d   e38e   e3ae   e3ae   e3ce   e3ef   e40f   e40f   e42f   e42f   e450   e450   e450   e450   e450   e450   e450   e450   e450   e430   e40f   e3ef   dbce   db8d   d34c   d30b   d2eb   db0c   db0c   daec   dacc   dacc   d2cb   d2ab   cacb   cacb   caec   cb2d   d36d   dbef   e470   ed13   fd95   fe17   fe37   f5d6   e534   dc91   cc10   d40f   d3ef   d3af   dbcf   d38e   db8d   d34d   d32d   cb0d   caed   c2cd   b26c   91ca   8128   68a6   6065   6045   6086   68c7   70e8   7129   7949   7949   7928   70e7   6065   5865   6906   aace   cbd1   dc74   cbf2   bb70   a2cd   81a9   60c6   5885   5865   5045   5064   60a5   7968   9a6b   b34e   c3af   c3ae   c3ae   c3ce   cc0f   d44f   d450   d450   d450   cc4f   cc4f   cc2f   cc2f   cc0e   cc0e   cc2f   cc0e   cc0e   cc0f   cc0f   c40e   c40e   c40e   c3ee   c3ee   c3ee   c3ee   c3ee   c3ef   c3ef   c3cf   c3cf   c3cf   bbaf   bbaf   bbaf   bbae   bbae   b38d   b38d   bbad   bbcd   c40d   cc6e   dcf0   e550   ed91   f5d1   f5f1   edd0   edd0   edd0   edcf   edaf   e5af   edd0   edf1   ee11   f612   f632   f632   ee32   ee32   ee32   ee53   ee53   f653   f653   ee54   ee53   ee34   ee33   ee34   ee34  
 9169   8969   8969   8969   8968   8948   8148   8148   8148   8128   7927   7907   70c6   6885   6885   70a5   8106   99e8   b28a   c32c   d38d   dbed   e42e   ec8f   ec8f   ecaf   ecaf   eccf   eccf   eccf   f4cf   f4cf   f4af   f4af   ec6e   e40e   e3cd   d36d   c2eb   ba6a   a1a8   9147   8906   8927   9988   a20a   b26c   baad   baee   bb0e   b2ce   a24c   aa6e   bb10   bb11   a24e   7929   7149   89ec   9aaf   9a90   8a2e   81ee   820f   7a0e   71cd   71ad   698c   698c   71ee   8270   8ab1   8a91   69ce   720f   92f2   8ab1   8a90   9312   92f2   826f   7a0e   69ac   612b   58ea   58e9   58e9   58c9   5067   50a8   58a8   5887   5887   5087   60c8   714a   81ab   8a2d   8a2d   79aa   79aa   926d   a2ce   9a8d   9a8c   a2ed   b390   c3d1   ab2f   81e9   6926   6927   6106   60c6   4003   4822   58a4   822a   9acc   a32e   a34d   b3af   cc92   e555   e576   e535   bbf0   7a09   58e5   4064   4864   5085   58c6   6928   7128   7928   8127   8927   9167   a188   b1c8   ba0a   ca4b   d28b   d2cc   d2cc   daec   daec   daec   db0c   db0c   db2d   db4d   db4d   e38e   e38e   e3ae   e3ae   e3ce   e3ef   e40f   e40f   e40f   e42f   e42f   e42f   e42f   e42f   e42f   e42f   e430   e430   e42f   e40f   dbce   dbae   db8d   d34c   d2eb   cacb   d2eb   db0c   daec   daec   dacc   d2ab   caab   caab   cacb   caec   cb0c   cb4d   d3ae   dc30   ecd2   fd75   fe17   fe37   fdd6   ed54   dc91   cbef   d3ef   d3cf   dbcf   dbcf   db8e   db8e   d34d   d32d   cb0d   caed   bacd   aa4b   9189   78e7   6886   6066   6066   68a7   68c7   70e8   7108   7949   7949   7108   68e7   6065   5844   68c5   a2ad   c3b1   dc74   cc12   bb91   aaee   89ea   6907   5885   5044   5044   5885   6906   81e9   a2cc   b36e   c3af   c3ae   c3ce   cbee   cc2f   d450   d450   d450   cc50   cc2f   cc2f   cc2f   cc0e   cc0e   cc0e   cc0e   cc0e   cc0e   cc0f   cc0f   cc0f   c40e   c40e   c40e   c40e   c3ee   c3ee   c3ee   c3ef   c3ef   c3ef   c3cf   c3cf   bbaf   c3cf   bbaf   bbae   b38d   b36d   b38c   bbad   c3ed   cc6e   d4cf   e530   ed91   edb1   edd1   edd0   edd0   f5f0   edf0   edf0   edd0   edd0   edd0   edf1   ee11   f632   f652   f652   f652   f652   ee32   ee53   ee53   f653   ee53   ee53   ee53   ee34   ee34   ee34   ee34  
 9169   8969   8969   8968   8968   8148   8148   8128   8148   8127   7907   7907   70c6   6864   6864   6884   7906   91c8   b28a   c30b   d38d   dbed   e42e   ec8f   ec8e   e48e   ecaf   eccf   eccf   eccf   f4cf   f4cf   f4af   f4af   ec6e   e40e   dbcd   d36c   c2cb   b24a   a1a8   9967   9127   9148   9989   a1ea   aa2b   aa4c   b2ad   b28d   b28d   aa8d   b2af   bb10   b2d0   9a2d   81ab   7949   798b   8a0d   8a0e   81ee   8a2f   9270   71ad   71ad   71cd   79ee   7a0f   824f   8250   720f   7a0f   71ce   7a2f   8291   720f   8270   a394   9b33   8290   71ee   696c   592a   50a9   50a8   58c9   50a8   50a8   58a8   50a8   5087   58a7   5887   60c8   6929   81ab   81cb   79ab   81cb   9a8d   b330   ab0f   926c   81ea   8a2b   9a8c   9a8c   81ea   6927   60c5   60c5   60e6   5084   4843   58e5   79a8   9acc   a32d   a32d   a34d   bbf0   dcf4   ed56   d4d4   bc11   92ac   58e5   4064   4044   5085   5065   58a6   7149   818a   89aa   8127   8927   9147   a167   b1a8   ba09   ca4b   d28b   d2ab   d2cb   daec   daec   daec   daec   db0c   db2c   db4d   db4d   e36d   e38e   e38e   e3ae   e3ce   e3ce   e3ef   e3ef   e40f   e40f   e40f   e40f   e40f   e40f   e40f   e42f   e42f   e42f   e40f   e3ef   dbce   dbae   db6d   d32c   caeb   cacb   d2cb   d2eb   daec   db0c   daec   d2cc   d2cc   cacc   cacb   caeb   cb0c   cb4d   d3ae   dc0f   e4b2   f554   fdf6   fe37   fdd6   f554   dc91   cbef   d3ef   dbcf   dbcf   dbcf   d38e   d36e   d32d   d30d   cb0d   c2ee   baad   a22b   8948   70c7   6066   6066   6086   68a7   68e8   7108   7128   7949   7929   7108   68c7   5865   5824   6085   9a8c   c3b1   dc94   cc12   c3b1   b30f   8a0b   7127   5885   5044   5044   5885   7948   924b   ab0d   bb6e   c3af   c3ef   cc0f   cc0f   d42f   d44f   cc4f   cc4f   cc2f   cc2f   cc2f   cc2f   cc0e   c40e   cc0e   cc0e   cc0e   cc0e   cc0f   cc0f   cc0f   cc0f   c40e   c40e   c40e   c40e   c40f   c40f   c3ef   c3ef   c3ef   c3cf   c3cf   bbaf   c3cf   bbaf   bb8e   b36d   b36c   b38c   bbcd   c42e   d4af   dd10   ed71   f5b2   edd1   edd1   edd0   edd0   edf0   edf0   edf0   edf0   edd0   edf0   edf1   ee11   f652   f652   f653   f653   f653   ee53   ee53   ee53   ee53   ee53   ee53   ee33   ee34   ee34   ee54   ee54  
 9169   9169   9169   8969   8969   8948   8148   8128   8127   7907   7907   7907   70a5   6864   6844   6884   78e5   91c8   b28a   c30b   d38d   dbed   e42e   ec8f   ec8e   e48e   ecaf   eccf   eccf   eccf   f4cf   f4cf   f4af   f4af   ec6e   e42e   e3ce   d36c   c2cb   b24a   a1a8   9967   9147   9988   a1ea   aa2b   aa4c   b26c   bacd   b28c   aa8d   b2ae   b2af   b2cf   aa8f   920d   81ab   7949   796a   81cc   81ed   8a2e   9270   9290   71ad   69ad   71cd   7a0e   7a2f   8270   7a2f   69ad   616c   69ad   7a2f   8270   71ee   8270   a3b5   9b33   8290   71ce   698c   614b   50e9   50c9   590a   58e9   60e9   58c8   5087   5087   58a7   58a7   60c8   6929   79ab   89ec   8a2d   924d   9aae   ab30   ab10   9aae   924c   8a0b   81ca   7988   6927   6906   60c6   5084   4823   5084   7167   8a6b   92ab   9acc   9aec   9aec   a34d   b3ae   cc92   dcf4   c452   9b0e   71a8   5084   4844   4864   50a6   5065   5866   7149   89cb   91eb   8948   8947   9947   a188   b1c9   c22a   ca4b   d2ac   d2ab   d2cb   dacb   dacb   dacb   daec   db0c   db0c   db4d   db4d   e36d   e38d   e38e   e3ae   e3ae   e3ce   e3ce   e3ce   e3ef   e3ef   e40f   e40f   e40f   e40f   e40f   e40f   e40f   e40f   e3ef   e3ef   dbae   dbae   d34c   d30c   cacb   caaa   caab   d2eb   daec   db0c   e32d   db0d   db0d   d30c   d30c   cb0c   cb0c   cb4d   d3ae   dc0f   e4b2   f554   fdd6   fe17   fdd6   f554   dc91   d3ef   d3ef   dbef   dbaf   d38e   d34d   d34d   d32d   cb0d   caed   c2ed   b26c   99ca   7928   68a7   6046   6066   6086   68a7   70e8   7129   7949   7949   7949   70e7   68a6   5865   5824   6084   9a4c   bb70   dc74   cc12   c3b1   b32f   924c   7148   60a6   5044   5024   60c5   81a9   a2ac   b34e   bbaf   c3cf   cc0f   d42f   d42f   d44f   d44f   cc2f   cc2f   cc2f   cc2f   cc2f   cc0e   cc0e   c40e   cc0e   cc0e   cc0e   cc0e   cc0f   cc0f   cc0f   cc0f   c40e   c40e   c40e   c40e   c40f   c40f   c3ef   c3ef   c3ef   c3cf   c3cf   bbaf   c3cf   bbae   bb8d   b36d   b36c   b38c   c40e   cc6f   dd10   e550   ed91   f5b2   edd1   edd1   edd0   edb0   edd0   edd0   edf0   edf0   edf0   ee11   f611   f632   f632   f653   f653   f653   f653   ee53   ee53   ee53   ee53   ee53   ee54   ee54   ee54   ee54   ee54   ee54  
 9169   9169   9169   9169   9169   8948   8948   8128   8127   8107   8107   7907   78c6   6864   6864   6884   7906   91c8   b28a   c30b   d38d   dbed   e42e   ec8f   ec8e   ecaf   ecaf   eccf   eccf   eccf   f4cf   f4cf   f4cf   f4af   f48f   ec4e   e3ee   d36d   c2cb   b24a   a1a8   9988   9988   a1c9   aa2b   b26c   b28d   b2ad   baee   b28d   aa6d   aa8d   aa6e   aa6e   9a2d   89cc   794a   796a   81ab   8a0d   8a2e   924f   9270   8a2f   698c   696c   698c   71ad   7a0e   8250   7a50   71ce   590b   616d   71ee   8291   7a2f   7a4f   a374   9b33   8a90   71ee   71cd   71cd   612b   590a   612a   610a   6109   58e9   58a8   50a7   58a8   58a7   60c8   6929   81cb   924e   9a8e   8a2c   820c   926d   a2cf   a2ef   926d   79aa   6927   60e6   60c6   60e6   60c6   4843   4002   6106   9acc   bbd0   b3af   ab4d   ab6d   ab6d   b3ae   bbef   c451   c452   ab6f   822a   6107   5085   5085   5065   58a6   5066   5886   7949   89ab   91eb   8969   9168   9968   a9c8   ba09   c22a   d26b   daab   d2ab   d2cb   dacb   daeb   daeb   daeb   db0c   db0c   db2d   db4d   db4d   e36d   e38e   e38e   e3ae   e3ae   dbae   e3ae   e3ce   e3cf   e3ef   e40f   e40f   e40f   ec0f   e40f   e40f   e3ef   e3ef   e3ce   dbae   db8e   d32c   caeb   c2aa   caaa   d2cb   db0c   db0d   db0c   e32d   db0d   db0d   d30d   d30c   cb0c   cb2d   cb4d   d38e   d3ef   e491   f533   fdb6   fdf6   fdb5   f534   dc71   d3cf   dbef   dbcf   dbaf   d36e   cb2d   d34d   cb2d   cb0d   c2cd   b2ad   a22b   8969   70e7   68a7   5846   5866   6087   68c7   68e8   7128   7949   7949   7949   70e7   68a6   6065   5844   5864   920a   ab0e   d433   cbf2   c3d1   bb70   9a8c   7968   60c6   5044   5044   68e6   8a0a   ab0d   c38f   c3af   cbcf   cc0f   d42f   d42f   d44f   d44f   cc4f   cc2f   cc2f   cc2f   cc2f   cc0e   cc0e   cc0e   cc0e   cc2f   cc0e   cc0e   cc0f   cc0f   c40e   c40e   c40e   c40e   c3ee   c3ee   c40f   c40f   c3ef   c3ef   c3cf   c3cf   bbcf   bbaf   bbcf   bbae   bb8d   b38d   b38c   bbcd   cc4e   dcd0   e531   ed71   edb1   edb1   edb1   edd1   edd0   edd0   edd0   edd0   edf0   ee11   ee11   f611   f632   f632   f632   f633   f653   f653   f653   ee53   ee53   ee53   ee53   ee54   ee54   ee54   ee54   ee54   ee54   ee54  
 9169   9169   9169   9169   9169   8948   8948   8128   8127   8127   8127   8127   78e6   7085   6864   7084   8126   99e8   b28a   c32c   d38d   dbed   e42e   ec8f   ec8e   ecaf   ecaf   eccf   eccf   eccf   f4cf   f4cf   f4cf   f4af   f48f   ec4f   e3ee   db8d   c2ec   b26a   aa0a   a1e9   a1c9   a1ea   b24b   b26c   b26c   aa6c   b28c   aa6c   aa8d   b2ae   b2af   aa8e   9a0d   898b   796a   796a   81ab   81ec   8a2e   9a90   9270   79ce   614b   592a   612b   614b   69ad   7a2f   8250   71ef   592b   616c   69ce   8ab1   8270   7a2f   9b33   9b33   92d2   7a4f   824f   7a2f   616c   58ea   590a   58e9   58e9   60e9   58c8   58c8   60e8   58c7   60c8   6929   798a   79ab   714a   58a6   58a7   79aa   8a2c   8a2c   798a   6107   58a6   5085   4824   4844   5064   4823   6926   81e9   b36f   cc72   d4b2   d4b2   d4b2   cc71   cc92   dcf3   d4d3   bbd0   92ac   7189   50a6   4865   5086   4845   5086   5066   6087   7129   898a   91cb   9169   9148   9968   a9c8   ba09   c22a   ca4b   d28b   d2ab   d2cb   dacb   daeb   daeb   daec   db0c   db0c   db2d   db2d   db4d   db6d   e38e   e38e   e38e   e38e   e38e   e3ae   e3ae   e3ce   e3ef   e3ef   ec0f   e40f   ec0f   e40f   e3ef   e3ef   e3ce   dbae   dbae   db8d   d32c   cacb   c28a   caaa   db0c   e34d   e32d   db0c   d2cb   d2cb   cacb   caec   caec   c2eb   c30c   c32c   cb8d   d3ef   e471   ed13   fd95   fdd6   fd75   ed13   d430   cbae   d3cf   dbcf   db8e   d36e   cb2d   d34e   cb2e   c30e   bacd   b26c   99ea   8148   68c7   68a7   5866   5887   60a7   68c7   68e8   7108   7128   7128   8149   70e7   68a6   6065   5844   5844   89c9   a2ad   cc12   cbd2   cbd1   bb90   9aad   7988   60c5   5043   5844   6906   924b   b34e   c3d0   c3af   c3ce   cbef   cc2f   d42f   d44f   d44f   cc4f   cc2f   cc2f   cc2f   cc0e   cc0e   cc0e   cc0e   cc2f   cc2f   cc0e   cc0e   c40e   c40e   c40e   c40e   c3ee   c3ee   c3ee   c3ee   c40f   c3ef   c3ef   c3ef   c3ef   c3cf   bbcf   bbae   bbce   bbae   bbad   b38c   b3ac   bbed   d46f   dd10   ed91   edb1   f5d2   f5d1   f5d1   f5f1   f5f1   edf0   edf0   edf1   f611   f632   f632   f632   f632   f632   ee32   f633   f653   f653   ee53   ee53   ee53   ee54   ee54   ee54   ee54   ee74   ee54   ee54   ee54   ee54  
 9969   9169   9169   9169   9169   9168   8968   8968   8127   8127   8127   8127   78e6   70a5   70a5   78c5   8947   9a09   b2ab   c32c   d3ad   dbed   e42d   ec8e   ec8e   ecaf   ecaf   ecaf   eccf   eccf   f4cf   f4cf   f4cf   f4cf   f48f   ec4f   e3ee   dbad   cb0c   ba8b   aa0a   a1a8   a1a9   a1ea   aa0a   a20b   a20b   a20a   a20a   a22b   aa4c   aa8d   b2af   aa6e   9a0d   89ab   816a   796a   81ab   8a2d   926f   9ab1   9290   81ee   614b   590a   590a   698c   7a2f   8270   7a2f   71ce   616d   590b   618d   8ab2   8291   8270   8ad2   a394   a354   8270   824f   7a0f   698c   612b   58e9   58e9   5909   6109   6109   6109   58a7   4845   5066   60c8   6929   6929   60c7   5886   58a7   8a0c   a2ef   8a0c   7169   60c6   5044   5065   5885   4844   4823   5064   7168   a32e   bbd0   cc92   dd14   ed75   dd13   e534   dcd3   d4b3   bc11   92ac   6968   58c6   4865   4845   5086   58a7   58a7   5046   6067   7929   89ab   91cb   9168   9168   a188   a9c8   ba09   ca2a   d26a   d28b   d28a   d2ab   dacb   daeb   daeb   daeb   daec   db0c   db2c   db2d   e34d   e36d   e36d   e38e   e38e   e38e   e38e   e3ae   e3ae   e3ae   e3cf   e3ef   e3ef   e3ef   ec0f   ec0f   ebef   e3ef   e3cf   e3ce   e3ae   e3ae   d32c   caca   c289   caaa   db0c   db2c   caab   c229   b1e8   b1e8   b208   ba49   ba8a   baaa   bacb   baeb   c34c   cbae   d40f   e4d2   fd74   fd75   f534   dc91   d3ef   d3ae   d3cf   dbcf   dbaf   d36e   d36e   cb4e   d34f   c30e   b28c   9a0b   8969   70e7   68a7   6087   5866   60a7   60c8   68e8   6908   7108   7108   7128   7908   70e7   68a6   5844   6064   68a5   7968   aaad   cbd1   d453   c3d1   bb70   a2cd   89ea   60a5   5884   60a5   8188   a2cc   bb8f   c3cf   cbcf   cbce   cbee   d40f   cc2e   cc2e   cc2e   cc4f   cc4f   cc4f   cc2e   cc0e   cc0e   cc0e   cc0e   cc0e   c40e   c40e   c40e   c3ee   c40e   c40e   c40e   c40e   c3ee   c3ee   c3ee   c3ee   c3ee   c3ef   c3ce   bbce   c3cf   c3cf   bbcf   bbae   bbad   bbad   bbac   bbcc   c42d   dccf   e551   edb1   edd1   f5d1   f5f1   f5f1   f5f1   f5f1   edf0   f5f1   f611   f632   f632   f652   f632   f632   f632   ee33   ee33   ee33   ee33   ee53   ee53   ee53   ee54   ee54   ee54   ee74   ee74   ee54   ee74   ee75   ee75  
 9969   9169   9169   9169   9168   8968   8968   8948   8127   8127   8127   8127   78e6   78c6   78c6   7906   8967   a229   bacb   cb4c   dbad   e40e   e42e   ec8e   ec8e   ecaf   ecaf   ecaf   eccf   ecce   f4cf   f4cf   f4cf   f4af   f48f   ec4e   e3ee   dbad   cb0c   ba8b   a9e9   9988   9168   9988   9989   99c9   a1ea   a1ea   a20a   a22b   aa4c   aa8d   aa8e   a24d   9a0d   89cb   818a   798a   81cb   8a2d   9a8f   9ab1   9270   81ee   614b   612b   616c   7a0e   8a91   8a70   7a0f   71ce   618d   510b   614c   8291   8270   8270   8ad2   a3b5   abb5   8ab1   8250   7a0f   71ad   614b   58e9   5909   694a   6129   6129   6929   58c8   4845   4805   5045   5886   58a7   60e7   7169   81ec   a2cf   a2ef   79cb   6108   58a6   4824   5065   58c6   5065   5044   58c5   820a   ab8f   c411   cc72   d4b2   e555   e555   ed96   d4b2   b3cf   8a6b   6947   5085   4845   4845   5066   5886   58c7   5887   5046   6087   7929   91cb   99eb   9169   9968   a188   b1c8   c209   ca4a   d26a   d28a   d28a   d2ab   dacb   dacb   dacb   daeb   daec   db0c   db2c   db2d   e34d   e34d   e36d   e36d   e36e   e38e   e38e   e3ae   e3ae   e3ae   e3ce   e3cf   ebef   e3ef   ebef   e3ef   e3ef   e3ef   e3ef   e3ce   e3ae   e3ae   d34c   caeb   c2aa   c2aa   cacb   d2cb   c26a   ba08   a986   a186   a9c7   aa08   b249   b269   b28a   b2aa   b2cb   bb4c   cbae   dc71   f533   f554   ed13   dc50   d3ef   d3ae   d3af   dbcf   d38f   d36e   d36e   cb4e   cb2e   baee   aa4c   8989   7908   68a7   6087   5887   5887   60a7   60c8   68e8   68e8   6908   7128   7128   7928   7107   68c6   6065   6065   68a5   7947   a28c   c3b1   dc53   cbf2   bb90   aaed   89ea   60c5   60c5   68e6   89e9   ab0d   c3af   cbd0   cbef   cbef   cbee   d42f   d42e   cc2e   cc2e   cc4f   cc4f   cc2e   cc2e   cc0e   cc0e   cc0e   cc0e   cc0e   c40e   c40e   c40e   c40e   c40e   c40e   c40e   c40e   c40e   c3ee   c3ee   c3ee   c3ef   c3ef   c3ce   c3cf   c3cf   c3cf   bbce   bbae   bbad   b3ac   bbcc   bbed   cc6e   dcef   ed71   edb1   edd1   f5d1   f5f1   f5f1   edf1   edf1   edf1   f611   f611   f632   f632   f652   f653   f633   f633   ee33   ee33   ee33   ee53   ee53   ee54   ee74   ee74   ee74   ee74   ee74   ee74   ee54   ee54   ee75   ee75  
 9969   9169   9168   9148   9168   8968   8968   8968   8147   8147   8127   8127   7906   78e6   8106   8147   91a8   aa6a   c30c   cb6d   dbcd   e40e   e44e   ec8f   ec8e   e4ae   ecaf   ecaf   eccf   ecce   f4cf   f4cf   f4cf   f4af   f48f   ec2e   e40e   dbae   cb0c   ba6a   a9e8   9967   9127   9147   9147   9188   99ea   a20a   a22b   aa4b   aa6c   aa8d   aa6e   a24d   91ec   89ab   816a   81ab   81cc   8a0d   926f   924f   81ce   716c   614b   614b   71ad   8a70   92d1   8250   71ce   69ad   71ce   592b   614c   8271   8250   8250   8ad2   a3b5   b3d6   92f2   8270   824f   7a0e   696c   50a9   58e9   610a   58e8   6129   79cc   79cc   6109   5066   4825   5045   5065   60e7   81cb   9a8e   a2cf   926d   60e7   5886   58a6   5065   58a6   6928   6107   60e7   7188   928b   b3af   c431   cc72   d492   e534   e555   e535   b3cf   8a4a   58e5   4864   5065   5065   5066   5086   58a7   60c7   5886   5846   6087   814a   99ec   a20c   99a9   9988   a1a8   b1e8   c229   ca4a   d26a   d28a   d28a   d2aa   dacb   dacb   dacb   daeb   daec   db0c   db2c   db2c   e34d   e34d   e34e   e36e   e36e   e36e   e38e   e38e   e38e   e3ae   e3ae   e3cf   e3cf   e3ef   e3ef   e3ef   e3ef   e3ef   e3ef   e3cf   e3ce   e3ae   db6d   d34c   caeb   cacb   cacb   caaa   c26a   ba49   b208   b228   b229   b249   b249   aa49   aa69   b28a   aaaa   bb2c   c38d   dc50   ecf2   ed13   ecd2   d42f   d3ef   d3ae   d3ae   d3ae   d36e   d36e   d36e   cb4e   cb2f   bace   9a0b   7928   68a6   6086   6087   58a7   58a8   60c8   60e8   68e9   6909   7128   7128   7949   7928   7908   70e7   6085   6085   6085   7106   922b   bb90   d453   d412   c3b0   aaed   8a0a   68e5   6906   7947   9a4a   bb4f   cbd0   cbf0   cbcf   cbef   cc0e   d44f   d42e   d42e   cc4e   cc4f   cc4f   cc2e   cc2e   cc0e   cc0e   cc0e   cc0e   cc0e   cc0e   cc0e   cc0e   c40e   c40e   c40e   c40e   c40e   c40e   c40e   c3ee   c3ef   c40f   c3ef   c3ee   c3cf   c3cf   c3cf   bbce   bbad   b38c   b38c   bbcc   c42d   d48e   e530   ed91   edb1   edd1   edd1   edd1   edd1   edf1   f5f1   ee11   f611   f632   f632   f633   f653   f653   f633   f633   ee33   ee33   ee33   ee34   ee54   ee54   ee74   ee75   ee74   ee74   ee75   ee75   ee55   ee55   ee55   ee55  
 9969   9969   9168   9148   9148   8968   8968   8968   8948   8147   8127   8127   7906   7906   8147   8988   9a09   b2ab   c32c   d38d   dbee   e42e   ec4e   ec8f   e48e   e4ae   ecaf   ecaf   eccf   ecce   f4ce   f4cf   fcef   f4cf   f48e   ec4e   ec0e   dbce   cb0c   ba8a   a9e9   9987   9147   9147   9167   91a9   a1ea   a22b   aa6c   aa6c   aa6d   b28e   aa8e   a24d   91cc   818b   7929   818a   81ab   81cc   8a0d   79ad   610a   58ca   696c   698c   79ee   826f   8270   7a0e   69ae   69ad   7a0f   616c   618d   8291   8250   7a50   82b1   9b54   abd6   9b13   8ab1   8ab1   8a91   71ad   50a8   50c8   5088   5087   694a   928f   ab31   928e   6949   5086   5065   5085   60e7   81eb   924d   8a0c   716a   5045   58a6   6928   6928   7148   81eb   8a2c   8a0b   928c   9b0d   a34d   b38e   bbf0   cc71   dd14   dcd4   bbf0   8a4a   6126   4823   4844   58c6   60e8   58c7   58a7   60c7   60c7   5886   5045   60a7   816a   9a0c   a24c   a1ca   a1a9   a1a8   b1e8   c229   ca4a   d26a   d28a   d28a   d2aa   dacb   dacb   dacb   daeb   daec   db0c   db0c   db2c   e34d   e34d   e34e   e36e   e36e   e36e   e36e   e38e   e38e   e38e   e3ae   ebce   e3cf   e3cf   e3ef   e3ef   e3ef   e3ef   e3ef   e3cf   e3ce   e3ce   db8d   db8d   db6d   d32c   d30c   caeb   cacb   cacb   caec   cb0c   cb0c   c2ec   bacb   b2aa   b2ab   bb0b   c36d   cbce   d42f   e4b1   f513   ed13   e4b1   d3ef   dbef   d3ae   d3ae   d38e   d34e   cb6e   d36e   cb4e   c30e   b2ad   91ca   70c7   6066   5887   60a8   60a8   60c8   60c8   60e9   6909   7129   7149   7949   7949   7948   7928   7107   68a6   68a5   6085   68c5   89ca   bb4f   d432   cc12   c3b0   aaed   920a   7126   7126   81a8   a28c   c38f   cbf0   cbcf   c3ce   cbee   cc0e   d44f   d44f   d44e   cc4e   cc2f   cc2e   cc2e   cc2e   c40e   c40e   c40e   c40e   c40e   cc0e   cc0e   cc0e   c40e   c40e   c40e   c40e   c40e   c40e   c40e   c40e   c3ee   c3ef   c3ef   c3ce   bbce   c3cf   c3cf   bbce   b3ad   b38c   b38c   bbcc   cc4d   dccf   ed50   f5b1   edb1   edd1   edd1   edd1   edd0   edf1   edf1   f611   f632   f632   f632   f633   f633   f633   f633   f633   ee34   ee34   ee34   ee54   ee54   ee54   ee74   ee75   ee74   ee74   ee75   ee75   ee55   ee55   ee54   ee54  
 9989   9969   9168   9148   9148   8968   8968   8968   8968   8147   8127   7926   7906   8106   8967   91a8   a22a   b2cb   cb4d   d3ad   e3ee   e42e   e44e   ec8e   e46e   e48e   ecaf   ecaf   eccf   ecce   f4ce   f4cf   fcef   f4cf   f48f   ec4e   ec0e   dbce   cb2c   ba8a   a9e8   9987   9167   9188   9988   99c9   a20a   a22a   aa4b   aa4b   aa6c   b2ae   b2cf   aa6e   91cc   794a   68e8   7949   796a   798b   798c   694b   60ea   60ea   79ee   7a2e   7a2f   79ee   69ad   69ad   69ad   71ce   7a0f   698d   69ae   8a91   8250   7a50   8271   8ad2   9b54   9313   9b13   9b33   9b13   7a2e   50c9   50c8   4887   5087   696a   a310   bbf4   ab51   79cb   58c7   4844   58a6   6928   79ca   81eb   718a   6948   58a6   7169   8a4c   926d   926d   a2ef   b350   ab50   ab4f   a32d   92cb   9aec   ab8e   cc72   dcf4   c431   92ac   6126   50a4   4023   4844   58c7   6928   6108   58c7   60c7   60c6   5886   5845   60a7   8169   9a0c   aa4c   a1ea   a1c9   a9c8   b1e8   c229   ca6a   d26a   d28a   d28a   d2aa   daaa   dacb   dacb   daeb   daeb   db0c   db0c   db2c   e34d   e34d   e34d   e34e   e36e   eb6e   e36e   e36e   e38e   e38e   e3ae   e3ae   e3ce   e3cf   e3ef   e3ef   e3ef   e3ef   e3ef   e3cf   e3ce   e3ae   db8d   db8e   e3ae   db8d   db6d   d32c   d32c   d32d   d32c   d34d   d36e   d36d   cb4d   cb4c   cb6e   d3cf   e451   ecb2   ecd2   f533   f554   ed13   e4b1   d3ee   dc0f   d3ae   d38e   d36e   cb4e   cb4e   cb4e   c30e   b2ad   a22b   8149   68a6   5846   5887   60a8   58a8   60c8   60c9   60e9   6909   7129   7969   7969   8169   8149   7928   7107   68c6   68a5   6064   6085   8168   b32f   d412   cbf2   c390   aaed   924a   7967   7967   9209   aaed   cbb0   cbf0   cbcf   c3ae   cbce   d40e   d44f   d44f   d44e   cc4e   cc2e   cc2e   cc2e   c42e   c40e   c40e   c40e   c40e   c40e   c40e   c40e   cc0e   c40e   c40e   c40e   c40e   c40e   c40e   c40e   c40e   c3ee   c3ef   c3ef   c3ce   bbce   c3cf   bbce   bbce   b38d   b38c   b38c   bbec   cc6e   dcef   e550   edb1   edb0   edb0   edd0   edd0   edd1   edf1   edf1   f612   f632   f632   f633   f633   f633   f633   f633   f634   f654   ee54   ee54   ee54   ee54   ee54   ee74   ee74   ee75   ee75   ee75   ee75   ee75   ee75   ee55   ee55  
 9969   9969   9148   9148   8948   8968   8968   8968   8968   8147   8127   7906   7906   8127   8968   91c9   aa4a   baec   cb4d   d3ad   e3ee   e42e   e42e   ec6e   e46e   e48e   ecae   ecce   eccf   ecce   f4ce   f4cf   f4cf   f4cf   f48e   ec4e   e40e   dbad   cb0c   ba8a   a9e8   9967   9147   9988   99a8   99c9   a20a   a20a   a20a   a20b   a24c   b2ae   baf0   aaaf   91ec   7949   68c7   6908   7149   716a   796b   716b   716c   79ad   824f   824f   71ee   614b   590b   614c   698d   69ad   71ef   69ae   71ef   8ab2   8271   8291   8291   8ab1   8ad2   8ad2   9b33   a394   a374   8ab0   696c   592a   50a8   50c8   696b   92af   b372   a331   79eb   58c7   58a6   6107   6107   6928   6948   718a   81eb   81eb   924d   a2ef   b371   b371   bbb2   c3f3   b391   a32e   9aec   92aa   a32d   bc10   dcd4   cc93   ab4e   7187   50a4   58a5   58a6   58c6   6107   6949   6929   58c7   60c7   60c6   58a6   5866   60a7   7949   99eb   aa4c   a20b   a1e9   a9c8   b209   c249   ca6a   d28a   d28a   d28a   da8a   daaa   dacb   dacb   daeb   daeb   db0b   db0c   db2c   db2d   e34d   e34d   e34d   eb4e   eb6e   e36d   e36d   e36e   e36e   e38e   e3ae   e3ae   e3ce   ebef   e3ef   e3ef   e3ef   e3ef   e3cf   e3ce   e3ce   db8d   db8d   e3ae   e3ae   db8d   db6d   d34d   d34d   d32c   d36d   dbaf   e3ef   dbef   dbef   e410   e471   f4f3   fd54   fd54   fd74   f554   ecf2   e491   d40f   dc0f   d3ae   d38e   d36e   cb4e   cb4e   c32d   bacc   a20b   91a9   7907   68a6   6086   5887   58a8   58a8   58c9   60e9   60e9   6929   714a   796a   818a   8189   8149   7927   7107   70e6   68c6   6064   5864   7927   b2ee   d3f2   cbf1   c390   ab0d   9a6b   81a8   81c8   9a6b   b32e   cbf0   d3f0   cbcf   c3ae   cbee   d42f   d44f   d44f   d44e   cc2e   cc2e   cc2e   cc2e   c42e   c40e   c40e   c40e   c40e   c40e   c40e   c40e   c40e   c40e   c40e   c40e   c40e   c40e   c40e   c40e   c3ee   c3ef   c40f   c3ef   c3ce   bbce   c3cf   bbee   bbce   b38d   b38c   b3ac   c40d   d4ae   e50f   e570   ed90   edb0   edb0   edd0   edd0   edd1   f5f1   f612   f632   f633   f633   f633   f633   f633   f634   f634   f634   f654   f654   ee54   ee54   ee54   ee54   ee54   ee54   ee75   ee75   ee75   ee75   ee75   ee75   ee75   ee75  
 9969   9148   9148   8948   8948   8948   8968   8968   8947   8147   8127   7906   7906   8147   8988   99e9   aa6b   baec   cb4d   d3ad   e3ee   e42e   e42e   e46e   e46e   e48e   ecae   ecce   eccf   eccf   f4ce   f4ce   f4ce   f4cf   f48e   ec4e   e40e   dbad   cb0c   ba8a   a9e8   9967   9146   9167   9988   99c9   a1ea   99e9   99ea   a20b   aa6c   b2ce   bb10   b2af   91ec   794a   68c7   68e8   714a   79ab   81cc   81cd   8a0f   8a2f   822f   71cd   614b   50e9   50ea   592b   616c   618d   71ce   71ce   7a30   8ab2   8250   8ab2   8ab2   8ab1   8270   8270   9b13   a374   a353   9b12   822e   69ac   5909   6129   718b   822d   928f   8a6e   79ab   60e7   6107   6948   60e6   58a6   6928   8a2c   a310   ab30   ab50   b371   c3f3   d455   cc34   c3d2   ab2f   928c   8a6a   92cb   bbef   d493   d4b3   ab6f   820a   50a4   50a5   58e6   6107   6128   6929   6949   6108   58c6   60c6   60e7   60a6   5886   60a6   7929   91eb   a24c   aa2b   a9e9   a9c8   b209   c249   ca6a   d28a   d28a   da8a   daaa   daaa   dacb   dacb   daeb   daeb   daeb   db0c   db2c   e32d   e34d   e34d   e34d   e34e   eb6e   e36d   e36d   e36d   e36d   e38e   e3ae   e3ae   e3ce   ebef   e3ef   e3ef   e3ef   e3ef   e3cf   e3cf   e3ce   dbae   dbae   e3ae   e3ae   e3ae   db8e   db6d   d34d   d36d   e3ce   ec30   f492   f491   ec71   ec71   ecb2   f534   fd95   fd95   fd74   f533   e4d1   e491   dc2f   dc0f   d3ae   cb6e   d36e   cb4e   cb4e   c30d   aa6b   91a9   8128   68c7   68a6   60a7   58a7   58a8   58a8   60c9   60e9   6109   692a   716a   798a   818a   8189   8149   7907   7107   70e7   68c6   6064   5844   7107   aacd   cbf1   cbf1   c3b0   aaed   9a8b   89e9   922a   aacd   bb6f   d3f1   d3f0   c3ae   c3ae   cbee   d42f   d44f   d44e   d42e   cc2e   cc2e   cc2e   cc2e   c42e   cc0e   c40e   c40e   c40e   c40e   c40e   c40e   c40e   c40e   c40e   c40e   c40e   c40e   c40e   c3ee   c3ee   c3ee   c3ef   c3ef   c3ce   bbce   bbce   bbce   bbce   b38c   b38c   bbcc   c42d   d4cf   e52f   ed70   ed90   edb0   edb0   edd0   edd1   edf1   f612   f632   fe53   f633   f633   f633   f633   f633   f634   f634   f634   f654   f654   f675   f675   ee75   ee55   ee54   ee54   ee75   ee75   ee75   ee75   ee75   ee75   ee75   ee75  
 9169   9148   8948   8928   8948   8948   8968   8968   8147   8147   8126   7926   7926   8147   91a8   99ea   aa8b   bb0c   cb6d   d3ae   e40e   e42e   e42e   ec6e   e46e   e48e   ecae   ecaf   eccf   eccf   f4ce   f4cf   f4cf   f4cf   f4af   ec6e   e40e   dbad   cb2c   baab   aa09   9967   8926   9147   9988   99c9   a1ea   a1ea   a20a   a22b   b28d   baef   bb10   aaaf   91ec   794a   68e8   68e8   796b   8a0d   8a2e   8a2f   8a4f   822f   7a0e   614b   50c9   50a9   590a   614c   616c   618d   69ae   71ce   7a0f   8271   7a2f   8291   8ab1   8291   7a2f   7a2f   92d2   9b33   9b33   9b33   8ab0   79ed   696b   71ac   79ec   820d   820c   79eb   6949   58c7   60e6   6927   58c6   58a6   79aa   a30f   c3f3   c3d3   c3f3   bbb2   cc54   e517   dcb5   bbd1   9acd   81ea   8a49   9aec   c431   cc52   b3d0   79e9   60e6   5064   58a6   58c6   60e7   60c7   60e8   60e8   60e8   60c7   60c7   60e7   60c7   60a6   60a6   7928   91ca   a22b   aa2b   a9e9   a9e8   b209   c24a   ca8a   d28a   d2aa   d2aa   d2aa   d2aa   dacb   daeb   daeb   daeb   daeb   db0c   db2c   e32d   e34d   e34d   e34d   e34e   e36e   e36d   e36d   e36d   e36d   e38e   e38e   e3ae   e3ce   e3cf   e3cf   e3ef   e3ef   e3ef   e3ef   e3ef   e3ef   e3ef   e3ce   e3ae   e3ae   e3ce   e3ce   db8e   d36d   dbae   e40f   f4b2   fd13   fd13   f4d3   ecb2   ecd2   f534   fd95   fd95   fd74   ed13   e4b1   e491   dc50   d40f   d3ae   cb6d   cb6d   cb6e   cb4e   baec   a22b   8148   70c7   6086   60a7   60a8   5888   5087   58a8   60e9   60e9   6109   694a   796a   798a   818a   8189   8168   7907   7107   70e7   70e6   6064   5823   7107   a28c   cbd1   cbf2   c3b0   aaed   9a8b   9209   9a6b   b30d   c38f   d410   d3f0   c3ae   c3ad   cbee   d42f   d44f   d44e   cc2e   cc2e   cc2e   cc2e   cc2e   c42e   cc0e   cc0e   c40e   c40e   c40e   c40e   c3ee   c3ee   c3ee   c40e   c40f   c40e   c40f   c3ee   c3ee   c3ee   c3ef   c3ef   c3ce   bbce   bbae   bbce   bbce   bbad   b36c   b38b   bbcc   cc4d   d4cf   e530   ed70   ed90   edb0   edb0   edd0   edf1   f5f1   f612   f633   fe53   f653   f633   f633   f633   ee33   ee33   f634   ee34   f654   f675   f675   f675   f675   ee75   ee55   ee54   ee54   ee74   ee75   ee75   ee75   ee75   ee75   ee75  
 8148   8128   8128   8128   8148   8148   8148   8147   8147   8147   8106   7906   8106   8127   8988   99ea   aa6b   bb0c   cb6d   d3ae   e3ee   e40e   e42e   ec6e   e46e   e46e   e48e   ecae   ecaf   eccf   f4cf   f4cf   fcf0   ecaf   ec8e   ec6f   e40e   d38d   c30c   bacb   b24a   9988   9147   8947   9188   99c9   99a9   a1ea   a20b   b28d   c30f   c330   b2ef   9a4d   89cb   818a   7109   712a   79ac   8a4e   9ad1   92b0   7a0e   616b   618c   596b   592b   510a   590a   614b   616c   614c   614c   698d   71ad   69cd   71ee   7a2f   7a4f   7a2f   7a2f   71ee   8ab1   9b32   9b12   9b33   9b12   7a2e   71ac   92b0   92d0   824e   696a   6949   58e7   58e7   58a5   60e6   6107   79aa   928d   ab71   c433   cc34   d475   cc74   d474   dcb5   cc53   a30e   8a2a   8a2a   9acc   b3af   c3f1   9aed   820a   5085   4844   58a6   58a7   60c8   60c8   58a7   58a7   60e8   6909   6908   6908   68e7   60a6   6065   60a6   7908   91ca   a22b   aa4b   aa2a   aa09   aa09   ba29   c26a   caab   daec   daeb   daea   daca   dacb   daeb   daeb   daeb   daeb   db0c   e32c   e34d   e34d   e34d   e34d   e34d   e36d   e34d   e34d   db4d   db2d   e34d   e38e   ebae   e3ae   e3ae   e3ae   e3ae   e3ce   e3cf   e3cf   e3ae   e3ae   e3ce   e3ce   e3ce   e3ce   dbae   db8d   d38d   d38d   dbcf   ec70   f4f3   fd34   fd54   f514   ecd3   e4b2   f534   fd95   fdb6   fd75   ed13   e4b2   dc70   d42f   dc2f   cbae   cb8d   c36d   c32d   bb2e   aaac   8989   68e7   60a7   5887   58a7   58c8   58c8   58c8   58c9   58e9   6109   6949   714a   796a   818a   8189   8169   7948   7927   7907   70c6   68a6   6085   6065   68e7   922b   b34f   c3d1   c3d1   b30e   9a4a   a26b   aaac   c34e   cbae   cbcf   cbce   c3ad   c3cd   cc0e   d42e   d44e   cc4e   cc2e   cc4e   cc2f   cc2e   cc2f   cc0f   cc0f   cc0f   c40f   c40e   c40f   c40e   c40f   c40f   c40f   c3ee   c3ee   c3ee   c3ee   c3ee   c3ce   c3ce   c3ce   c3ce   c3cf   c3ae   bbae   c3ae   c3ae   b36c   b34b   b38b   c3ec   cc6e   dcef   e550   ed90   f5d1   edb0   edd1   f611   f632   fe52   fe53   f653   f653   ee33   ee33   ee33   ee33   ee54   ee54   f654   ee54   ee54   ee54   ee54   ee54   ee54   ee75   ee75   ee75   ee75   ee75   ee75   ee75   ee75   ee75   ee75   ee75  
 8149   8148   8128   8128   8128   8148   8147   8147   8127   8127   7906   78e6   8106   8127   8968   99e9   aa6b   baec   cb4d   d3ad   e3ee   e40e   e42e   ec6e   ec6e   e48e   ec8e   ecaf   ecaf   f4cf   f4cf   f4cf   f4cf   ecaf   ec8f   ec6f   e42f   dbce   cb4d   b2ab   a1e9   9167   9167   9168   9989   99a9   99a9   aa0b   b26d   baae   baef   baef   aacf   9a4d   89cc   818b   798b   81ac   8a0e   926f   8a6f   79ed   614a   50e9   592b   594b   592b   592b   592b   614b   614b   614b   614b   698c   698c   698c   69ad   720e   7a2e   7a2e   69ad   69ad   8270   9b32   9b53   9b53   92f1   7a2e   7a2e   92f1   92d0   822d   6128   58e7   50a6   58c6   6107   6948   7188   820b   92ad   a32f   bbf2   cc54   d4b5   dcd5   d4b5   cc53   b36f   926b   8a29   928b   b36f   bbd0   a2ed   81ea   6907   5085   60a6   60c7   60c7   60c8   60c8   60a7   5887   60c7   68e8   6909   7108   68e7   60a6   6085   6085   70e7   89a9   9a0b   aa6b   a22a   a1e9   aa09   b229   ba6a   caab   d2eb   daeb   daca   daca   daca   daeb   daeb   daeb   daeb   db0c   db2c   e34d   e34d   e34d   e34d   e34d   e34d   e34d   e34d   e34d   e34d   e36e   eb8e   e38e   e38e   e38e   e38e   e38e   e3ae   e3ae   ebce   e3ae   e3ae   e3ae   e3ae   e3ae   dbae   dbae   dbae   dbce   dbce   e430   f491   fd14   fd54   fd55   f534   f514   ecf3   ed34   f575   fd95   f554   ecf3   e491   d40f   cbce   cbce   c38d   c38d   c36e   bb2d   b2ed   9a2b   7948   60a7   5887   5087   58a8   58c8   58c8   58c8   58e8   60e9   6929   716a   718a   798a   8189   8169   7968   7927   7927   7927   70e6   68a6   6085   5844   68c6   89ea   b32f   c3d1   c3d1   b30e   9a4a   a26b   aaac   c34d   cb8e   d3ef   cbee   cbce   cbee   cc0e   d42e   d42e   cc2e   cc2e   cc2e   cc2e   cc2f   cc2f   cc0f   cc0f   cc0f   c40f   c40f   c40f   c40f   c40f   c40f   c3ef   c3ef   c3ee   c3ee   c3ee   c3ce   c3ce   c3ce   c3cf   c3ce   c3cf   c3ae   bbae   c3ae   c3ae   b36c   b34b   b38b   c3ec   cc6e   dcef   e550   ed90   edd1   edb1   edd1   f612   f632   fe53   f653   f653   f653   ee53   ee53   ee53   ee53   ee54   ee54   ee54   ee54   ee54   ee54   ee54   ee54   ee54   f675   ee75   ee75   ee75   ee75   ee75   ee75   ee75   ee75   ee75   ee75  
 8149   8149   8128   7928   7927   8127   8127   8127   8127   8127   7906   7906   8106   8127   8968   99c9   aa6b   baec   cb4d   d3ad   e3ee   e40e   e42e   ec6e   ec6e   e48e   ec8e   ecaf   ecaf   f4cf   f4cf   f4cf   f4af   f4af   ecaf   e46f   e42f   dc0f   cb6d   b28a   a1c8   9167   9167   9188   9989   99a9   a1ea   b26c   c2cf   bace   bace   b2ae   aaae   9a4d   89cc   798b   796a   81ac   922e   9290   822e   616b   50c8   48a8   510a   594b   616c   616c   616c   616c   616c   614c   698c   698c   698c   614b   616c   69ad   71ee   720e   698d   69ad   7a2f   92d2   a333   9b33   9af2   92d1   92b0   92f1   824e   698a   50a6   5086   58e7   7189   820a   8a4b   926b   9aac   9aed   ab4f   c412   cc73   dcd5   dcf5   cc73   ab6f   8a4b   8209   9aac   ab4e   bbd0   b38f   7188   60e6   5044   58a6   7149   60e8   60c8   60e8   60e8   60a7   5887   58a7   68e8   6908   7129   7108   68c7   6085   6065   70c6   8989   9a0a   aa6c   a20a   a1e9   a1e8   aa09   ba4a   c28a   cacb   d2ca   d2ca   d2ca   d2cb   dacb   daeb   daeb   d2eb   db0c   db0c   db2d   e34d   e34d   e34d   db2d   db2d   db2c   db2d   e34d   e34d   e36d   e36e   e36e   e36d   e34d   e36d   e36d   e36d   e38e   e38e   e38e   e38e   e38e   db8e   db8d   db6d   db6d   db8d   e3ce   e3ef   f471   fcd2   fd34   fd55   fd75   fd75   fd55   fd55   f554   fd75   fd75   fd75   f534   ecd2   dc50   d3ef   c36d   c36d   cb8e   cb8e   bb0d   a28c   89c9   7108   5886   5887   5887   58a8   58c8   58c8   50c8   58e8   6109   6949   716a   798a   81aa   8189   7968   7927   7927   7107   7928   70e7   68a6   6064   5824   60a5   81a9   ab0e   c3d1   c3d1   b32e   a26b   aa8b   b2cc   c34d   cb8e   d3ef   d3ef   d3ee   cc0e   d42e   d44e   cc2e   cc2e   cc2e   cc2e   cc2e   cc2f   cc2f   cc0f   cc0f   cc0f   c40f   c40f   c40f   c40f   c40f   c40f   c3ef   c3ef   c3ee   c3ee   c3ee   c3ce   c3ce   c3ce   c3cf   c3ce   c3cf   c3ae   bbae   c3ce   bbae   b36c   b34b   b38b   c3ec   d48e   dd0f   e550   ed91   f5d1   edd1   f5f1   f612   f632   fe53   f653   f653   f653   ee53   ee53   ee53   ee53   ee54   ee54   ee54   f654   ee54   ee54   ee54   ee54   f675   f675   f675   f675   ee75   ee75   ee75   ee75   ee75   ee75   f675   f675  
 8149   8129   7928   7908   7928   8128   8128   8147   8147   8147   8106   7906   8126   8127   8968   91c9   aa4b   baec   cb4d   d3ad   e3ee   e40e   e42e   ec6e   ec6e   e48e   ecaf   ecaf   eccf   f4cf   f4cf   f4cf   f4d0   f4af   ec8f   e44e   dbee   dbce   cb4d   b28a   aa09   99a8   9168   8947   9168   aa0a   b24c   c2ce   bace   b2ae   aa6d   aaae   aaae   9a6e   89cb   714a   68c8   714a   8a0e   9290   822e   614a   50c8   48c8   592a   596c   69ad   69ad   698c   698c   698d   71ad   71cd   71cd   71ad   616b   614b   696c   71cd   720e   71ee   71ee   71ce   7a0f   8a91   92d1   9af2   ab94   a353   92d0   71cc   50c7   4845   50a6   71a9   92ad   ab2f   bbb0   b3b0   b390   b3b0   c411   d493   d4b3   d4b4   cc73   b3af   926b   81e9   926b   b36f   bbd0   ab2e   8a4b   58c5   5085   5064   6908   798a   68e8   60a7   60c8   68e8   60c8   58a7   58a7   68e8   7129   7949   7128   68c7   6086   6065   68c6   8168   99ea   aa4b   a20a   99c8   a1c8   a9e9   b229   c28a   caaa   d2ca   d2aa   d2ca   d2cb   d2cb   daeb   d2eb   d2eb   daec   db0c   db2d   e34d   e34d   db2d   db2c   db2c   db0c   db2c   db2c   db2d   e34d   e34d   e36d   e36d   e34d   e36d   e36d   e36e   e36e   e36e   e36e   e36d   e36e   e36d   db6d   db6d   db8d   e3ae   ebef   ec0f   ec30   ec71   f4b2   f4d3   f4f3   fd14   fd34   fd34   f514   f534   fd34   fd34   f4f3   e492   d410   cbae   bb4c   c36d   cbae   c38e   aacd   91ea   7948   7108   60a7   58a8   60c8   60c8   58c8   58c8   58c8   58e8   6109   6949   716a   79aa   81aa   8189   7968   7927   7927   7107   7927   70e7   68c6   6064   5823   60a5   7988   a2ee   c3b0   c3d0   b32e   a2ab   aacc   bb0d   c34d   cb8e   d3cf   d3ee   cbee   d40e   d42f   d44f   cc2e   cc2e   cc2e   cc2e   cc2e   cc2e   cc2f   cc0f   cc0f   cc0f   c40f   c40f   c40f   c40f   c40f   c40f   c3ef   c3ef   c3ee   c3ee   c3ee   c3ce   c3ce   c3ce   c3ce   c3ce   c3cf   c3ae   bb8e   c3ae   bbae   b36c   b34b   b38b   c40d   d48e   dd0f   ed71   edb1   f5d1   f5f1   f5f1   f612   f632   f653   f653   f653   f653   f653   f653   ee54   ee54   ee54   f654   f654   f654   ee54   ee74   ee54   f675   f675   f675   f675   f675   ee75   ee75   ee75   ee75   ee75   ee75   f675   f675  
 7928   7908   7908   78e7   7907   7927   8127   8147   8127   8127   7906   78e6   8127   8147   8968   99c9   aa4b   baec   cb4d   d3ad   e3ee   e42e   ec4e   ec6e   ec8e   ec8e   ecaf   eccf   eccf   f4cf   f4cf   f4cf   f4f0   ecaf   ec8f   e44f   dbee   d38d   c30c   b26a   aa0a   99a8   9147   8106   9188   b26c   baad   bace   aa4c   a22c   a22c   aaae   aacf   a28e   81ab   6909   60a8   712a   8a0d   9290   8a4f   696b   50e9   50ea   594b   616c   698c   618c   614b   614b   698d   79ee   7a0f   822f   7a0f   71cd   698c   698c   69ad   71ce   71ee   71ee   698d   698d   71ee   7a2f   8a90   a373   b3b4   9af0   71cb   58e7   58e7   6948   8a4c   a32f   bbd1   d473   d493   d4b3   dcf4   ed35   ed55   d4b3   c451   b38f   9aab   8209   8a4a   ab4e   bbb0   ab2f   820a   58c5   58a5   5085   60e7   7169   798a   6908   58a7   60a7   60c8   68e8   60c8   60c7   68e8   7129   7949   7128   68e7   6086   6065   68c6   8148   91ea   a22b   99ea   99a8   99a8   a9e8   b229   ba6a   caaa   d2aa   d2aa   d2cb   d2cb   d2cb   d2eb   d2eb   daeb   daec   db0c   e32d   e34d   e34d   e34d   db2d   db2d   db2c   db2d   e34d   e34d   e34d   db2d   db0c   db0c   e32d   e32d   e34d   eb6e   eb6e   eb6e   e36d   e36d   e34d   e34d   e36d   e36e   e38e   ebae   ebce   e3cf   e3ae   e3cf   e3ef   e410   e431   ec71   ec92   ec92   ec72   e451   e451   e431   dc31   d3cf   c34d   b2ec   bb0c   c36e   cbaf   bb4e   9a4b   7948   68a6   68a7   60a7   60c8   60c8   60e9   58e9   58c8   58c8   60e9   6109   6929   716a   7989   8189   8189   8168   7947   7927   70e7   7907   70e7   70c6   6065   5823   60a5   7968   a2cd   bb90   c3b0   b34e   aacc   b30d   bb4d   c36d   cb8e   cbce   cbce   cbee   d40e   d44f   d44f   cc2e   cc2e   cc2e   cc2e   cc2e   cc2e   cc2f   cc2e   cc2f   c40f   c40f   c40f   c40f   c40f   c40f   c40f   c40f   c40e   c3ee   c3ee   c3ee   c3ee   c3ee   c3ee   c3ce   c3ce   c3ce   bbce   bb8e   c3ae   bbad   b36c   b34b   b38c   c40d   d4af   e530   ed91   f5b1   f5f1   f5f1   f611   f612   f632   f652   f653   f653   f653   f653   f653   f654   f654   f654   f654   f654   f654   ee74   ee74   f674   f674   f675   f675   f675   f675   ee74   ee74   ee74   ee74   ee75   ee75   ee75   f675  
 70e8   70c7   70c7   70c7   70e7   7907   7907   7927   78e6   78e6   78e6   78e6   8127   8147   8988   99ea   aa4b   baec   cb4d   d3ad   e3ee   e42e   e44e   ec8e   ec8e   ec8f   ecaf   eccf   f4cf   f4ef   f4cf   f4cf   f4cf   ecaf   ec8f   ec6f   e40e   d38d   c2ec   b24a   a1c8   9188   9168   8947   a1ca   baad   baad   b28d   99ca   99cb   a22c   aacf   b2f0   9a6e   798a   68e8   60c8   692a   81cd   8a4e   820e   698b   614a   594b   592b   594b   614b   592b   590a   590b   698d   7a0f   8250   8a70   8a90   8270   7a0f   71cd   69ad   69ad   69ad   71ce   69ad   69ad   79ef   7a0f   7a2f   8ab0   a332   92af   7a0c   71aa   822c   8a6c   9aee   ab4f   bbd1   dcb4   ed36   f597   fdf7   fdf7   ed75   c451   a34d   92aa   8a49   928b   ab2e   bbf1   b370   8a2b   6907   4002   58a6   58a6   6907   7169   7149   7149   5887   5887   60a7   68e8   6908   60e7   68e8   7128   7149   7128   68e7   6086   6086   68c6   8168   91ca   9a0a   99c9   99a8   99a8   a1c8   b209   ba6a   c28b   ca8b   d2ab   d2cb   d2cb   d2cb   d2cb   d2eb   daeb   daec   db0c   e32d   e34d   e34d   e34d   e34d   e34d   db2c   db2d   e36d   eb6e   e34d   daec   ca8a   ca6a   ca8a   d2ab   d2cb   daec   daec   db0c   db0c   db0c   db0c   db0c   db0c   db0c   d2ec   d2eb   cacb   caaa   cacb   caeb   caec   cb0c   cb4d   d36e   d38e   cb6e   c32d   bb0c   baec   bb0d   c30d   baed   b2ac   aa8b   bb2d   cb8f   c38f   b2ed   91ea   70e7   6065   6066   6087   58a8   58c8   60c8   58c8   58c8   60e9   60e9   6109   6929   7149   7969   7969   8188   8168   8168   7948   70e6   70e7   70e7   70e7   6885   5824   6085   7147   9aac   b36f   bbb0   bb6e   b30d   bb4e   c36e   cb8e   cbae   cbae   cbce   cbce   cc0e   d44f   d44f   cc2e   cc2e   cc2e   cc2e   cc2e   cc2e   cc2f   cc2e   cc2f   c40f   c40f   c40f   c40f   c40f   c40f   c40f   c40f   c40e   c3ee   c3ee   c3ee   c3ee   c3ee   c3ee   c3ce   c3ce   c3ce   bbae   bb8e   bbae   bbad   b36c   ab4b   b3ac   c42d   d4cf   e550   ed91   f5d2   f5f2   f612   f611   f632   f632   f653   f653   f653   f653   f674   f674   f674   f654   f654   f654   f654   f654   ee74   f674   f674   f675   f675   f675   f675   f675   ee75   ee75   ee74   ee74   ee74   ee75   ee75   f695  
 70c7   70c7   70c7   70c7   70e7   7907   7907   7927   78e6   7906   78e6   78e6   8127   8968   91a9   9a0a   aa6b   baec   cb6d   d3ae   e3ee   e42e   ec4e   ec8e   ec8e   ecaf   eccf   eccf   f4ef   f4ef   f4cf   f4ef   f4cf   ecaf   ec8f   ec6f   e40e   dbce   cb2c   aa4a   99a8   9188   99c9   a20a   b26c   b2ad   aa4c   a22b   99ca   9a2c   b2ae   bb30   aaef   922d   796a   6909   68e9   692a   716b   718c   694b   612a   614a   616b   592b   592b   612b   590b   50ea   590b   71ad   8250   92b1   92b1   92b1   8a91   8a71   7a2f   71ce   698d   698d   71ce   79ef   8230   8a71   8270   7a0f   7a0e   824e   7a0d   7a0c   822c   a30f   ab50   b370   b36f   bbd0   dcb3   ed76   fdf8   fe17   ed75   cc91   ab6d   8a89   8248   928a   ab6e   bbd1   bbd1   a2ce   6948   58a6   4824   58a6   58a6   58a6   6908   6909   7149   60a7   5866   5886   60e7   6908   68e8   6908   7128   7149   7128   68e7   60a6   6086   70c7   8148   89a9   91ca   91a9   91a9   99a8   a1c8   a9e9   b24a   c26a   c28a   ca8b   d2ab   d2cb   d2cb   d2cb   d2cb   d2eb   daec   db0c   db0c   e32d   db2d   db2d   e34d   e34d   e32d   e32d   e34d   e34d   db0c   ca8a   c208   b9e8   b9e8   ba08   c208   c229   ca29   ca49   d26a   d28a   d28b   ca8a   ca6a   c249   c229   ba08   b1e8   b1e7   b1e8   b208   b229   b269   ba8b   c2cb   baab   b2ab   aa49   a209   a209   aa4a   b28b   b2ac   b2ac   b2ac   c34f   cb90   bb0e   9a2b   8168   68c7   6066   6087   60a8   58a8   58a8   58a8   58a8   58c8   60e9   6109   6909   6929   7149   7148   7968   8188   8188   8168   8168   70e7   70e7   7907   7928   70c6   5824   5864   6906   9a6c   b34e   bbaf   bb8f   bb4e   c38e   cb8e   cbae   cbae   cbae   cbce   cbce   cc0e   d42e   d44f   cc4e   cc4e   cc2e   cc2e   cc2e   cc2e   cc2f   cc2e   cc2f   c40f   c40e   c40e   c40e   c40e   c40f   c40f   c40f   c40e   c3ee   c3ee   c3ee   c3ee   c3ee   c3ee   c3ee   bbce   c3ce   bbce   bb8d   bbae   bbad   b36c   b36b   b3ac   c42d   d4cf   e551   edb1   f5d2   f612   f632   f632   f632   f652   f653   f653   f653   f673   f674   f674   f674   ee74   ee74   ee74   f654   f654   f674   f674   f674   f675   f675   f675   f695   f695   f695   f675   f675   ee74   ee74   f675   f675   f695  
 70c8   70c7   70c7   70e7   70e7   7907   7907   7907   7907   7927   78e6   7906   8147   8968   91a9   9a0a   aa6b   bb0c   cb6d   dbae   e40e   e42e   ec4e   ec8e   ec8f   ecaf   eccf   ecef   f4ef   f4ef   f4ef   f4ef   f4cf   f4cf   ec8f   e42e   e3ee   e40f   d36e   b26a   a1c9   99a9   aa2b   baad   bace   aa8d   99ea   9a0b   a22c   aaae   bb30   c371   aaef   89ec   7149   6909   692a   692a   690a   58c9   5088   48a8   5909   614b   612b   614b   614c   614b   592b   614c   79ee   8a91   9b13   92d2   8a91   8a91   8a91   8250   79ef   69ae   71ae   79ef   8230   8a91   92d2   92b1   822f   71ad   71ac   71ab   79eb   822c   ab50   b370   bbb0   b38f   c411   dcd3   f575   fdf7   f5b6   d491   b38d   92a9   8a89   8a69   ab2d   c411   c412   b370   8a2c   58a6   5065   58a6   58a7   60c7   5045   58a7   68e8   6909   60c7   5066   5065   60c7   6908   6908   6907   6928   7129   7108   68e7   60a6   60a6   68c7   7948   8989   91ca   91a9   91a9   99a8   99a8   a1c9   b22a   ba6b   c28b   ca8b   caab   d2cb   d2cb   d2cb   d2cb   d2cb   d2cb   daeb   db0c   db0c   db2c   db2c   db2d   db2d   e34d   e34d   e34d   e32d   d2cb   ca49   ba08   b9e8   b1a7   b1a7   b9a7   b9a7   b9c7   b9e8   c208   ca29   c229   c209   c208   ba08   ba08   ba08   ba08   ba08   ba29   ba49   c28a   c2cb   cb0c   d32d   cb2d   c2ec   baab   b28a   b26a   baac   c2ed   c32e   cb4f   cb6f   cb90   c370   a28c   8168   70e7   60a7   6087   60a8   60c8   60a8   58a8   5887   5887   58c8   60e8   60e8   6909   7129   7149   7968   7968   8188   8168   8168   8168   70e7   70c6   7907   8148   70e7   5824   5844   68e6   924b   b34e   bbaf   c3af   c38e   c3af   cbae   cbae   cbce   cbce   cbcd   cbee   d42e   d42e   cc4e   cc4e   cc4e   cc4e   cc4e   cc4f   cc2e   cc2f   cc2e   cc2f   c40f   c40e   c40e   c40e   c40e   c40f   c40f   c40f   c40e   c3ee   c3ee   c3ee   c3ee   c3ee   c3ee   c3ee   bbce   c3ce   bbce   bb8d   bbae   bbad   ab6c   ab6b   b3ac   c42d   d4ef   e571   edb2   f5f2   f612   f632   f652   f652   f653   f653   f673   f674   f674   f674   f674   f674   f674   f674   ee74   f654   f654   f674   f674   f675   f675   f675   f675   f695   f695   f695   f695   f675   f675   f675   f675   f695   f695  
 70e8   70e8   70c7   68c7   70c7   70e7   7907   7907   7907   7906   70c6   7906   8968   9189   91a9   9a0a   b28b   c30d   d36e   d3ae   dbee   e42e   e44e   ec8f   ec8f   ecaf   eccf   ecf0   f510   f510   f4ef   f4ef   f4cf   f4af   ec8f   ec4f   e40f   dbae   cb2d   c2cc   b24b   b24b   c2ce   baad   baad   99ea   9189   91ca   b2ef   bb30   c351   bb71   a2cf   81cb   6929   714a   716b   714b   60c9   5088   50a9   590a   592b   592b   590a   612b   696c   696c   614c   616c   7a0f   92d2   a334   9af3   8a71   7a2f   7a0f   8230   8250   8250   8271   8a91   7a30   7a0f   8a91   8a91   79ee   71cd   71ac   79ec   820c   9aae   ab70   bbb1   bbb1   b38f   cc11   dcb3   f596   f595   ed75   bbee   92a9   9289   92ca   ab8d   c410   bbd0   ab4f   8a4c   60e7   58a6   5066   5886   58a7   58a7   5887   5887   60a7   60c7   58a7   60a7   60a7   60a7   60a7   60c7   68e7   6928   7149   7149   7108   60a6   6066   68a7   7928   8989   8989   9189   9189   9188   9988   a1c9   aa0a   b24a   c26b   c28b   caab   caab   caab   caab   d2cb   d2cb   d2cb   d2cb   daeb   daec   db0c   db0c   db2c   db2d   e34d   e34d   e34d   e34d   e32d   daec   d2cb   d2ab   d28a   ca6a   ca29   ca29   ca29   ca49   d26a   d26a   ca6a   d26a   d28b   d2ab   dacb   daec   db0c   db0c   db2d   db4d   e36e   e3af   ec10   f431   ec10   e3f0   d36e   d34d   cb0d   cb0e   cb2f   cb4f   cb70   cb70   cb91   aaad   89a9   70e7   5865   5866   6087   5867   60a8   60c8   60c8   58a8   5887   58a7   60c8   60e8   6928   7148   7969   7968   8168   8168   8168   8188   8148   78e7   70c6   8148   8148   7928   5823   5843   68e6   8a0a   ab2d   c3f0   cbf0   c38e   cbaf   cbae   cbae   cbce   d3ee   cbee   cc0e   cc0e   cc2e   cc2f   cc2e   cc4e   cc4e   cc4e   cc2e   cc2e   c42e   c42e   c42f   c42f   c42f   c40e   c40e   c40e   c40e   c40e   c40e   c40e   c3ee   c3ee   c3ee   c3ee   c3ee   c3ee   bbce   bbee   bbce   bbce   bbad   bbad   bbad   b38c   ab6b   b3ac   c44e   dcf0   e571   edb2   f5f2   fe33   f652   f652   f653   f653   f653   f653   f654   f674   f674   f674   ee74   ee74   ee74   f674   f675   f675   f674   f674   f674   f674   f695   f695   f695   f695   f695   f695   f695   f695   f695   f674   f674   f674  
 70c8   70e8   70c8   68c7   70c7   70e7   7907   7907   7907   78e6   70c6   7907   8968   91a9   91ca   a20a   b28b   c30d   d36e   dbae   e3ee   e42e   e44e   ec8f   ecaf   eccf   ecef   ecf0   f510   f510   f4ef   f4ef   f4cf   f4cf   ec8f   ec4f   e40f   dbae   d34d   c2ed   cb0e   baad   baad   a20b   99ea   8968   8989   9a0b   bb0f   bb30   bb30   b310   a2ae   81ec   716a   716a   798b   716b   692a   60ea   58c9   50a9   48a8   48c9   616c   696c   698d   696c   612c   614c   79ef   8ad2   a354   9b34   8250   69ad   71ce   7a0f   7a30   8230   8a71   8a71   8230   71ee   79ef   7a0e   79ee   7a2e   822e   8a6e   928e   a30f   b390   bbb1   bbb0   b36f   c3f0   dc92   f555   ed34   d491   ab4b   8a88   92a9   b3ae   c430   cc51   ab4e   8a4b   7169   58a6   60c7   5887   58a7   58a7   5887   5886   5887   60a7   60c7   60c7   60c7   60c7   60a7   60a6   60c6   68e7   6908   7149   7149   7108   68c7   6086   68c7   7928   8169   8989   8989   9189   9168   9168   9988   a9ea   b22a   ba6b   c26b   c26b   c28b   ca8b   cacb   d2cb   d2ab   d2cb   d2cb   d2cb   daeb   db0c   db0c   db2c   e34d   e34d   eb6e   eb6e   eb6e   eb4d   e32d   db0c   daec   daec   dacb   d28b   d26a   d26a   d28a   da8b   da8b   daab   daab   dacc   e2ec   e32d   eb6e   eb8e   f3af   f3cf   f3f0   f410   f411   fc72   fcb3   fc92   f431   e3af   dbaf   db8f   d36f   d370   d390   d391   d3b1   b2ee   920b   7928   60a6   5845   5866   6088   5888   60a8   60c8   60c8   58a8   58a7   58a7   60c7   60c8   68e8   7128   7969   8189   8188   8168   8168   8188   8148   78e7   70c6   8148   8169   7948   5844   5864   60e5   81e9   ab0d   c3f0   cbf0   c3ae   cbcf   cbce   d3ce   d3ee   d40e   d40e   cc0e   cc0e   cc2e   cc2e   cc4e   cc4e   cc4e   cc4e   cc2e   cc2e   cc2f   c42e   cc2f   c42f   c42f   c40e   c40e   c40e   c40e   c40e   c40f   c40e   c3ee   c3ee   c3ee   c3ee   c3ee   c3ee   c3ee   c3ee   bbce   bbce   bbad   bbad   b38d   ab6c   ab6c   b3cc   cc6e   dd10   ed92   f5f2   f613   f633   f652   f652   f653   f673   f653   f673   f674   f674   f674   ee74   ee74   ee74   f674   f675   f675   f675   f674   f674   f674   f695   f695   f695   f695   f695   f695   f695   f695   f694   f695   f674   f674   f674  
 68c8   68e8   68c8   68c7   68a7   70c7   7107   7907   7907   70e6   70c6   7907   8989   91a9   91ca   a22a   aa6b   c30d   d36e   dbce   e40e   e42e   e44e   ecaf   ecaf   eccf   ecf0   ed10   f510   f510   f4ef   f4ef   f4f0   f4cf   ec8f   ec4f   e40f   dbcf   d36e   cb0d   cb2e   ba8c   aa2b   8948   8128   8148   99eb   aaae   bb30   bb30   aaef   a2ae   926d   81cc   716a   798b   81ed   81cd   798c   694b   58ea   4868   4067   50c9   71ce   71ce   71ae   696d   614c   618d   7a30   92f2   ab96   a375   8250   614c   616d   71ef   7a10   8250   8a91   8a91   8271   7a0f   69ad   69ad   7a0e   824f   92b0   9af0   a331   ab71   b3b1   bbd1   bbb0   bb8f   bbaf   d472   e4d3   d492   b38d   a30b   a32b   b3ae   d492   cc72   bbb0   8a4b   6948   60c7   5886   60e8   60c8   60c8   58a7   5887   5066   5886   58a7   60c8   60e8   60e8   60c7   60a7   60a6   60c7   68e7   6908   7149   7149   7129   68e7   60a7   68c7   7108   8149   8989   8989   9189   8968   8947   9168   a1ca   b22a   ba4b   ba4b   ba2a   ba4a   c28b   caac   d2ab   ca8a   d2aa   d2ab   d2cb   d2eb   d2ec   db0c   db2c   db2d   e34d   e34d   eb6e   eb6e   eb4d   e34d   e32d   e30c   e30c   daec   dacb   daab   daab   daab   daab   daab   dacc   dacc   dacc   e2ec   eb2d   eb6e   f3cf   fbf0   fbf0   fc31   fc31   f411   fc51   fc92   fc72   ebf0   db8f   db8f   db6f   d34f   cb50   cb70   cb71   c350   9a2c   8169   68c6   5865   5845   5887   60a8   60a8   60c8   60c8   60c8   60c8   58a7   58a7   60a7   60a7   60a6   6907   7969   81a9   8189   8188   8168   8968   8148   78e7   70e7   8149   8969   8168   6085   6084   60c5   81e9   a2ec   c3cf   cc10   cbcf   d40f   d40f   d40e   d40e   d42e   d40e   d40e   cc2e   cc2e   cc2e   cc4e   cc4e   cc4f   cc4f   c44e   c44e   c42e   c42e   c42f   c42e   c42f   c42f   c40e   c40e   c40e   c40e   c40e   c40e   c40e   c40e   bbee   bbee   bbee   bbee   bbee   bbee   bbee   bbce   bbad   bbad   b38c   ab6c   ab8c   bbed   cc8f   e551   edd2   f613   f613   f653   f653   f672   f653   f673   f673   f674   f674   f674   ee74   ee54   ee54   f675   f675   f675   f675   f675   f695   f695   f695   f694   f674   f674   f674   f674   f694   f674   f674   f674   f674   f674   f654   ee53  
 68a8   68c8   68c8   68a7   68a7   68c7   70e7   7908   70e7   70e6   70c6   7907   8989   91a9   91ca   9a0a   aa6b   baec   cb6d   d3ae   e3ee   e42e   e44e   ec8e   ecaf   eccf   ecf0   ed10   f510   f510   f50f   f4ef   f4f0   f4cf   ec8f   ec4f   e42f   dbcf   d36e   c2ed   ba8c   a1ea   9189   80e7   8107   91ca   aa8d   b30f   bb50   b310   a2ce   9a8e   922d   798a   714a   79ac   926f   8a2e   79ad   692b   50a9   4868   48a8   592b   822f   7a0f   71ce   698d   698d   71ee   8a91   9b34   b3f7   9b34   8250   69ae   616d   71ef   8251   8251   8251   8250   8a92   8a91   720f   720e   8250   824f   92af   9b10   b3b2   bbf2   bbd2   bbd1   b390   bbb0   c3f0   dc92   d472   c410   ab2c   b3ae   cc71   dcd3   d472   b36e   8a4b   6927   58c6   58c7   58a7   60e8   60e8   60c8   60c8   58a7   5887   5887   60a7   60c8   68e8   68e8   60e7   60c7   60c7   60c7   68e7   6908   7129   7149   7149   6908   60a7   68c7   7108   7949   8149   8969   8989   8948   8927   8947   99a9   aa2b   b24b   ba4b   ba4b   ba4a   c26b   caab   caab   ca8a   ca8a   d2aa   d2cb   d2cb   d2eb   db0c   db0c   db2c   db2d   e32d   e34d   e34d   e34d   e32d   e32d   e30c   daec   daec   dacb   daab   daab   daab   d2ab   d28b   d2ab   d2ab   daab   dacc   daec   e32d   eb6e   eb8e   ebaf   f3cf   ebcf   ebaf   e3af   e3cf   e3af   db6e   db6e   db6f   d36f   d34f   d370   cb91   c330   aace   89ca   7128   6086   5865   5866   60a8   60e8   60c8   60c8   60e8   60c8   58a7   58a7   60c7   60c7   60a7   5886   68e7   8169   89aa   8989   8168   8168   8988   8148   7907   78e7   8149   8989   8169   6085   60a5   60c5   81c8   a2ec   c3cf   cc30   cbef   d42f   d40f   d42f   d42e   d42e   d42e   d42e   cc2e   cc2e   cc2e   cc4e   cc4e   cc4f   cc4f   cc4f   c44e   c44e   c42e   c42f   c42f   c42f   c42f   c42f   c42f   c40e   c40e   c40e   c40e   c40e   c40e   bbee   bbee   bbee   bbee   bbee   bbee   bbee   bbce   bbad   b3ad   b38c   ab4b   ab6b   bbcd   cc8f   e551   f5d3   f633   fe33   fe53   fe73   f673   f673   f673   f674   f674   f674   f675   ee54   f675   f675   f675   f675   f675   f675   f675   f695   f694   f674   ee74   ee54   ee54   ee53   ee53   ee53   ee53   ee53   ee53   ee53   ee53   ee33   ee33  
 68a8   68c8   68c8   68a7   68a7   68c7   70e7   7107   70c6   70c6   70c6   7907   8989   91a9   91aa   99ea   aa4a   baec   cb4d   d38d   dbcd   e40d   e42d   e46e   e48e   eccf   ecef   ed10   ed10   ed0f   f50f   f50f   f4cf   f4cf   ec8f   ec6f   e42f   dbce   cb2d   baac   aa0a   9168   8928   8107   8148   a26d   b2ce   b2cf   b310   aace   9a8e   9a8d   8a0c   6929   6929   79cc   9ab0   926f   79ad   58c9   4868   4868   50e9   616c   7a2f   79ee   69ad   696d   69ad   7a0f   92d2   a375   abd6   8ad2   8291   8271   71cf   7a10   8a92   7a30   71ef   69ce   7a50   8ab2   8291   8ab1   92d1   8a6f   8a8f   92d0   b3d3   c413   bbf2   bbd1   b370   bbd0   d452   e4d3   cc51   c3cf   b36e   d492   e535   dcd4   b38f   822a   6927   58c6   60c7   60e7   58c7   60e8   60e8   60c8   60c8   60c8   58a7   60c7   60c7   60c8   60e8   60e8   68e8   68e8   68e8   68e8   68e8   6908   7129   7149   7129   68e8   68c7   68c7   7108   7949   8128   8149   8969   8948   8107   8927   99a9   aa0b   b24b   ba4b   ba4b   ba4b   c24b   c26a   ca6a   ca6a   ca8a   d2aa   d2ab   d2cb   d2cb   d2eb   d30c   db0c   db2d   db2d   e32d   e34d   e34d   e32d   e32d   e32d   db0c   daec   daec   dacb   dacb   daab   d2ab   d2ab   d2ac   d2cc   d2cc   d2cc   dacc   daec   daec   db0c   db2c   db2c   db4d   db6d   db4d   d32c   d32d   db6e   db8f   d36e   cb4e   cb4f   d371   cb50   aaae   920b   8189   68e7   5886   5886   5887   60c8   60e9   60c8   60e8   60e8   60c7   58a7   60c7   60c7   60c7   60c7   6086   7107   8169   89aa   8989   8168   8968   8989   8148   7908   78e7   8149   8969   8169   68a5   60a5   68e5   81e9   a2ec   c3ef   d430   cc0f   d430   d40f   d40e   d40e   d40e   d42e   d42e   cc2e   cc2e   cc2e   cc4f   cc4f   cc4f   cc4f   cc4f   cc4f   c44e   c44e   c44f   c44f   c42f   c42f   c42f   c42f   c42f   c42f   c40e   c40e   c40e   c40e   bbee   bbee   bbee   bbee   bbee   bbee   bbee   bbce   b3ad   b3ad   ab6c   ab4b   ab6b   b3cc   cc8f   e551   f5d3   f633   fe54   fe74   fe73   f673   f673   f673   f674   f674   f674   f675   ee75   ee75   f675   f675   f675   f675   f675   f675   ee74   ee74   ee74   ee54   ee53   ee33   ee33   ee33   ee33   ee33   ee33   ee33   ee33   ee33   ee33   ee33  
 60a8   68c8   68a8   60a7   6887   68a7   70c7   70e7   68a6   68a6   70c6   7907   8989   91a9   91aa   99ea   aa4a   bacc   cb4d   cb6d   dbcd   dbed   e42d   e46e   e48e   e4af   ecef   ed10   ed10   ed0f   f50f   f50f   f4cf   f4cf   f48f   ec6f   ec0f   dbae   cb0c   ba6b   a1a9   9147   8107   8107   8969   b2ce   b30f   aaae   a28e   9a6d   9a6d   924d   79cb   6108   6929   820d   9ad0   9270   79ad   58c9   4868   4888   58ea   616c   79ee   71ae   614c   614c   698d   7a30   92f3   a375   a395   7a71   8291   92f3   8271   8271   8ab2   7210   61ad   596c   71ce   8291   8ad1   9b12   9b53   92f1   8aaf   8a8e   ab71   bbf3   bbf2   b3b0   ab4f   c3f1   d452   e4d3   d451   cc11   cc51   e4d4   dcd4   bbb0   8a2a   6927   60e6   6107   60e7   60c7   58a7   60e8   60c8   60c8   60c8   60c8   60c8   60c8   60c8   60c8   60c7   60c8   60e8   68e8   6908   6908   6908   6908   6908   7129   7129   68e8   68c8   68e8   7108   7929   7908   8149   8969   8948   8107   8927   9169   a1ea   aa0b   b24b   ba4b   ba4b   ba2a   ba4a   c24a   c26a   ca6a   ca8a   d2aa   d2ab   d2cb   d2eb   d2ec   d2ec   db2c   db2c   db2c   e32d   e32d   e32d   e32d   e32d   e30c   db0c   daec   daec   dacb   d2cb   d2ab   d2ab   d2ab   d2cc   d2cc   d2cc   d2ab   d2ab   ca8a   ca8a   caab   caaa   caeb   d32d   d32c   c2eb   cb2d   dbaf   e3cf   d38f   cb4f   cb4f   cb50   b2ce   91eb   7949   7108   60a6   5065   5086   5887   60c7   60e8   58c8   60c8   60e8   60c8   60c7   60c7   60e7   60e7   60c7   60a6   7107   8169   89a9   8989   8968   8969   8989   8148   7908   78e7   8128   8169   8169   68a5   60a5   6906   81e9   a2ec   c3cf   cc30   cc2f   d42f   d40f   d40e   d40e   cc0e   cc0e   d42e   cc4e   cc2e   cc2e   cc2e   cc4f   cc4f   cc4f   cc4f   cc4f   cc4f   cc4f   c44f   c44f   c44f   c44f   c42f   c42f   c42f   c42f   c40e   c40e   c40e   bbee   bbee   bbee   bbee   bbee   bbee   bbee   bbce   bbcd   b3ad   b38d   ab6c   a34b   a34b   b3cc   cc8e   e551   f5f3   f634   fe54   fe94   fe93   fe93   f693   f694   f694   f694   f674   f675   f675   f675   f675   f675   f675   f675   f674   f674   ee74   ee74   ee54   ee53   ee33   ee33   ee33   e633   ee12   ee33   ee33   ee33   ee53   ee53   ee53   ee53  
 60a8   68c8   68a8   60a7   60a7   68c7   68c7   68c6   68a6   68a6   70c6   7927   91a9   91ca   91ca   9a0a   aa4b   baec   c32d   cb6d   d3ad   dbed   dc0d   e46e   e48e   e4cf   ecef   ed10   ed10   ecef   ecef   f4ef   f4f0   f4cf   f48f   ec4f   e40f   dbae   caec   ba6b   99a9   9148   8927   8948   8989   bb0f   bb30   aaae   922c   924c   924c   81eb   7149   60e8   716a   8a4e   9ab0   8a2f   716c   58ca   5089   50a9   58ea   698c   71ce   696d   590b   590b   618d   7a70   9b34   abb6   a395   82b2   7a51   8ab2   8ad3   92f3   8ad3   7a51   69ee   69ad   720f   8291   8ad1   9312   a353   9b32   92d0   7a2d   92cf   ab50   b391   ab70   a30e   c3f1   d452   e4d4   d472   d493   e4f5   cc52   b36f   820a   6926   58a5   6107   6928   60e7   58c7   58a7   58a7   60c8   60c8   60c8   60c8   60c8   60e8   60e8   60e8   60c7   60c7   60c8   60e8   68e8   6908   6908   6908   6908   6909   6909   68e8   68e8   7108   7108   70e8   7108   8149   8969   8948   8107   8107   9148   9989   a1ca   aa0a   b22a   b20a   b20a   ba2a   c22a   c249   ca6a   ca6a   ca8a   d2ab   d2cb   d2cb   d2eb   d2ec   db0c   db0c   db0c   db0c   db0c   db2c   e32d   e32d   db2c   db0c   daec   daec   dacb   d2cb   d2cb   d2cb   d2cc   d2cc   d2cc   d2cc   d2cb   d2ab   caaa   caaa   caab   caaa   caeb   d32c   d32d   d32d   d36e   e3cf   e3f0   dbb0   d3b0   d390   c30f   a24c   818a   7128   68c7   5886   5065   5886   5886   58c7   60c8   58a7   58c7   60e8   60e8   60e8   60e8   60e7   60e7   60c7   60a6   7107   8169   89a9   89a9   8989   8989   9189   8148   7908   78e7   8128   8148   8169   68a5   60c5   68e5   81c8   9acb   bbcf   cc50   d430   d430   d40e   cbee   cbed   cc0d   d42e   d42e   d44e   cc2e   cc2e   cc2e   cc4f   cc4f   cc4f   cc4f   cc4f   cc4f   cc4f   cc4f   cc4f   cc4f   cc4f   c44f   c42f   c42f   c42f   c40e   c40e   c40e   bbee   bbee   bbee   bbee   bbee   bbee   bbee   bbee   b3cd   b3ad   ab8c   ab4c   a32b   a34b   b3cc   cc8f   e571   f5f3   fe34   fe54   fe74   fe93   fe93   f693   f694   f694   f694   f695   f695   f695   f695   f695   f695   f675   f675   ee74   ee74   ee74   ee74   ee74   ee54   ee53   ee53   ee53   ee33   ee33   ee33   ee53   ee53   f653   f653   f653   f673  
 60a8   60c8   60a7   60a7   60a7   68c7   68c7   68a6   6886   68a6   70c6   8128   91aa   99ea   99ea   a22b   aa6b   baec   cb4d   cb6d   d3ad   dbed   dc2d   e46e   e4ae   e4cf   ecf0   ed10   ecef   ecef   ecef   f4ef   fd10   f4d0   f48f   ec4f   e40f   dbae   cb0c   ba8b   a1c9   9188   8948   8969   8989   bb10   bb30   a28d   89eb   924d   922c   798a   6108   60e8   718a   8a4e   8a4e   79cd   610a   58c9   50a9   4888   58ea   71cd   71ad   614c   510b   50eb   698d   8291   a375   b417   abb6   9313   7230   7230   92f3   9b54   9313   8ad2   7a50   7a50   8291   8ad1   8ad1   8af1   9b32   a353   92f0   71cb   822c   92ce   ab50   ab50   a2ee   c3d1   dc93   ed15   e4d4   e4d5   ed36   b370   8a2b   58c5   5085   5085   6928   6928   60e7   60e8   58c7   5886   60e8   60c8   60c8   60c7   60c8   60c8   60c8   60c8   60c8   60c7   60c7   60c7   60e8   68e8   68e8   6908   68e8   6908   6908   6908   7108   7108   70e8   68c7   70e8   8128   8949   8948   8107   80e7   8928   9169   99a9   a1c9   a9ea   a9e9   b209   ba29   ba29   ba29   c24a   ca6a   ca8a   d2ab   d2cb   d2cb   d2ec   d30c   db0c   db0c   db0c   db0c   db2c   db2d   e34d   e34d   db2c   db0c   db0c   d2ec   db0c   d30c   d30c   d30c   db0d   db0d   db2d   db2d   db2d   db0c   d30c   d30c   d30c   d32c   d32d   d36d   db8e   dbae   e3cf   e410   dbaf   d38f   d390   cb4f   aa8d   8989   70e8   68e7   60c7   5886   5886   58a7   58a7   58a7   58c8   58a7   58a7   60e8   6908   6908   6908   68e7   60c7   60a6   60a6   7107   8169   89aa   89aa   8989   8989   89a9   8148   7928   70e7   7928   8148   8969   68c6   68c5   68e5   81c8   9aab   bbae   d430   d430   d450   d40e   cbee   cc0e   cc0e   d42e   d44e   d44f   cc2e   cc2e   cc2e   cc4f   cc4f   cc4f   cc4f   cc4f   c44f   c44f   cc4f   cc4f   cc4f   cc4f   cc4f   c42f   c42f   c42f   c40e   c40e   c40e   bbee   bbee   bbee   bbee   bbee   bbee   bbee   bbce   b3ad   b38d   ab6c   a34b   9b0a   a34a   b3cc   ccaf   e592   f634   fe54   fe54   fe74   fe93   fe93   fe94   f694   f694   f694   f695   f695   f695   f695   f695   f695   f675   ee74   ee74   ee74   ee74   ee74   ee74   ee74   ee54   ee53   ee53   ee53   ee53   ee53   ee53   f653   f673   f673   f673   f673  
 60a7   60a7   60a7   60a7   60a7   60a7   60a7   6086   6086   68a6   70e7   8169   91ea   9a0a   a22a   a22a   aa6b   bacc   c32c   cb6d   d3ad   dbed   dc2d   e46e   e4af   e4cf   e4ef   e4ef   e4ef   e4ee   ed0f   f50f   f4ef   fccf   f4af   ec4f   dbcd   db8d   cb2d   ba8b   99c9   9188   8107   8128   898a   aaae   b2af   a26d   9a4d   922c   8a0c   798a   6108   6949   79ec   822e   79ed   696b   58e9   58ea   50c9   48a9   612b   698d   616c   510a   50ca   50ea   618d   8291   a374   abf6   a3b5   9313   7a50   7a50   9313   a3b6   a395   9313   8af2   8af2   8ad2   8291   7a70   8290   8af1   9332   8ad0   71ec   69ab   8aae   9aef   a30f   a30f   c433   ed37   fdb8   f578   e4d6   b391   81ea   60e7   5086   5086   58c7   58c7   58c7   58a7   60c7   60e7   60e7   60e8   60e8   60c7   58a7   58a7   60c7   60c8   60c8   60c8   60a7   60a7   60c8   60c8   60a7   68e8   7129   6909   68e8   68e8   6908   7109   68e8   68c7   68c7   70e8   7908   8128   8108   78e7   78e7   80e7   8927   9968   9988   9988   a1a8   a9c9   b1e9   b209   ba29   c24a   c26a   ca8b   d2ab   d2cb   d2cb   d2ec   d2ec   db0c   db0c   db0c   db2c   db2c   db2c   db4d   db4d   db4d   db2c   d32c   d30c   d30c   d32c   db4d   db4d   db6e   db6e   e38f   e3af   e3cf   e3cf   e3cf   e3ce   ebef   ec0f   ebef   e3cf   dbae   dbef   dbf0   dbef   d3cf   d3af   cb6f   b2ed   91ea   7107   68e7   6928   60c7   58a7   5066   5087   58c8   58c8   58a8   58a7   58a7   68e8   6908   6908   68e7   68c7   68e7   68e7   68c6   7108   8189   91ca   91ca   89a9   89a9   91ca   8169   7907   7928   7928   8149   8169   70e6   68c5   7106   7987   a28b   c3af   d430   d450   d450   cc0e   c3ee   c3ed   cc0e   cc2e   d44f   cc4f   cc4f   cc2f   c44f   c42f   c42f   c44f   c44f   c44f   c44f   c44f   c44f   c44f   c42f   c44f   c44f   c42f   c42f   c42e   c40e   bc0e   bc0e   bc0e   bbee   bbee   bbce   bbce   bbce   bbee   b3ce   b3ad   ab8c   ab6c   a34b   9b2a   a34a   b3ec   cccf   e5b2   f634   fe74   fe74   f674   fe94   f693   f694   f694   f694   f695   f695   ee95   ee95   ee95   ee95   ee95   ee75   ee74   ee74   ee74   f694   f674   f674   f674   f674   f674   f674   f674   f674   f673   f653   f653   f653   f653   f653   f652  
 60a7   60a7   60a7   60a7   60a7   60c7   60a7   6086   6086   68a6   7107   8989   9a0a   a24b   a24b   a24a   aa8b   baec   cb2c   cb6d   dbcd   dbed   dc2d   e46e   e4ae   e4cf   e4ef   e4ef   e50f   e4ee   ed0e   ed0f   fcef   fcaf   f48f   ec4e   e3ee   dbae   cb2c   aa4a   99c8   9188   8127   8948   8989   a24d   aa8e   aa8e   9a6d   8a2c   81cb   798a   6949   696a   79cc   79ed   71cc   614a   50c9   50c9   50a9   50a9   696c   71cd   614c   50ea   48a9   50ea   616c   7a50   9313   a374   9333   8ad1   8291   82d1   9333   a3b5   a3d6   9b74   8b12   8af2   82b1   7a90   7a4f   7a4f   82b0   9311   9311   71ec   7a2d   9b10   8a6d   8a8d   a32f   c413   e4f6   f578   e4f6   bbd2   926d   6948   58c7   50a6   58c7   58e8   60e8   58c7   58c7   60e7   60e8   60e8   6908   6108   60c7   58a7   58a7   60c7   60c8   68e8   68c8   60a7   60a7   60c8   60c7   60a7   60c8   6909   7109   68e9   68e8   6909   7109   68e8   68a7   68a6   70e8   7908   7908   7908   78e7   78e7   78e7   8107   8927   9127   9147   9968   a1a8   a9c8   a9e9   b1e9   b209   ba4a   c26a   caab   caab   cacb   d2cc   d2ec   d2ec   d30c   d30c   d30c   db2c   db4d   db6d   db6d   db4d   db4d   db4d   db6d   db6d   db8d   db8e   db8e   dbaf   e3cf   e3f0   ec10   ec30   f451   f451   f450   ec30   ec30   ec30   e3ef   dbef   dbef   dbf0   d3ef   d3f0   cbcf   bb2d   9a2a   7127   68c6   68e7   6908   60e8   58a7   5087   58a8   58c8   60c8   60c8   58c8   60c7   68e8   6908   68e8   60c7   60c7   68e7   68e7   68c6   7108   8189   91ea   91ca   89a9   89a9   89a9   8189   7928   7928   7928   8169   8189   7107   68c6   7106   8187   a28b   c3af   d430   dc70   d470   cc0f   c3ee   c3ee   c40e   cc2f   cc6f   cc4f   cc2f   cc2f   c44f   c44f   c42f   c44f   c42f   c42f   c44f   c44f   c42f   c42f   c42f   c42f   c44f   c42f   c42f   c42e   bc2e   bc0e   bc0e   bc0e   bbee   bbee   bbee   b3ce   bbce   bbce   b3ce   b3ad   ab8c   ab6c   a34b   9b29   9b4a   b3ec   ccef   e5d2   f654   fe95   fe94   fe94   f694   f694   f694   f694   f694   f695   f695   ee95   ee95   ee95   ee95   ee75   ee74   ee74   ee74   ee73   f674   f674   f674   f674   f674   f674   f674   f673   f653   f653   f653   f653   f653   f653   f653   f653  
 60a7   60a7   60a7   60a7   60a7   60c7   60a7   6086   6086   68a7   7108   89aa   9a0b   a24b   a24b   a24b   b2ab   baec   cb2d   d36d   dbcd   dbed   dc2d   e46e   e4ae   e4cf   ecef   e4ef   e4ef   e4ee   ecee   f4ef   f4ef   f4af   f48f   ec4e   dbee   d3ad   c30c   aa49   a209   9188   8107   8148   8969   9a0c   a24d   a26e   9a4e   89ec   79ab   79ab   79ab   79cb   81ec   7a0d   69ab   592a   48a8   50a8   4888   50a9   698c   79ee   592b   50c9   48a9   50ea   616c   7a2f   8ad1   92f2   82b1   7a4f   7a90   8ad1   8af2   9353   a3b5   a3b5   8b12   82b1   7a90   7a90   724f   722e   7a6f   9311   9b52   7a4e   92f0   a372   71eb   79eb   9acf   b3b2   cc34   dcb5   bbb2   8a4c   6948   58c7   58c7   50a7   58c7   58c8   58c8   58c8   60e8   6108   6908   6108   6929   6908   60c8   58a7   5887   60a7   68c8   68e8   68c8   60c8   60a7   60a7   60a7   60a7   60c8   68e9   6909   68e9   68e8   6909   7108   68e8   68a7   68a6   70e8   78e8   78e8   78e7   78e7   78c7   78e7   80e7   80e6   8906   8927   9147   9967   a188   a9c8   a9c8   b209   ba29   c26a   c2ab   caab   cacc   caec   d2ec   d2ec   d2eb   d2ec   d30c   d30c   db2c   db2d   db4d   db4d   db6d   db8e   e3ae   e3af   e3cf   e3ef   e3f0   e3f0   e3f0   e410   ec31   f471   fc91   fc91   fcb2   f471   ec30   ec30   e410   dbf0   dbef   d3cf   d3cf   d410   cbd0   aacc   7967   6084   60a6   6907   6908   58c8   58a7   5087   58a8   58c8   60e9   60e9   60e8   60e8   60e8   68e8   60c7   60c7   60c7   68c7   68c7   68c6   7928   89aa   91eb   91eb   89ca   89a9   89a9   8989   7928   7948   8149   8189   8189   7107   70e6   7127   8188   a28b   c3af   d450   dc71   d470   cc0f   cc0e   c3ee   c40e   cc2f   d46f   cc4f   cc4f   cc2f   cc4f   c44f   c44f   c42f   c42f   c44f   c44f   c44f   c42f   c42f   c42f   c42f   c44f   c44f   c42f   c42f   c42f   c40e   bc0e   bbee   bbee   bbee   bbce   b3ce   b3ce   b3ce   b3ce   b3ad   ab8d   ab6c   a34b   9b2a   9b4a   b40c   d510   edf3   fe75   fe95   fe95   fe94   f694   f693   f694   f694   f694   f695   f695   ee95   ee95   ee75   ee75   ee74   ee74   ee74   ee74   ee74   ee53   f673   f673   f673   f673   f653   f633   ee33   f653   f653   f653   f653   f633   ee12   ee12   ee12  
 60a7   60a7   60a7   60a7   60a7   60a7   60a7   6087   6086   68a7   7928   89aa   9a0b   a24b   a24b   aa4b   b2ab   baec   c32c   cb6c   dbcd   dbed   e42d   e46e   ecae   eccf   ecef   ecef   ecef   ecef   ecee   f4ef   f4cf   fcd0   f4b0   ec4e   dbcd   d38d   c30c   b28a   a22a   9188   7906   8128   8169   9a2c   a24d   9a2d   924d   81cb   798a   79ab   79ab   79cc   820d   820d   71ab   612a   50a8   50a8   50a8   50a9   696c   71cd   592b   50ea   48c9   510a   616c   722f   8ab1   8ad1   8290   722f   722f   7a4f   724f   82b1   9353   9b94   9333   82d2   82d1   82d1   7a90   722f   7a8f   9332   a393   8ad0   a372   abb3   7a0c   79eb   8a8e   a330   b391   b3b2   92ae   7189   6108   6108   6108   58a7   5087   50a7   58c8   60e8   6109   6908   6108   6108   6929   6908   60c8   58a7   5887   60c7   68c8   68e8   68e8   60c8   60a7   60a7   60a7   60a7   60a8   68c8   60e8   60c8   68e8   68e8   68e8   68e8   68c7   68a7   70e7   70e7   70c7   70c7   78c7   78c7   78e7   78e7   80e6   80e6   8906   8906   8926   9147   9987   a1a8   a9e8   b209   ba4a   c28a   c2ab   caab   cacb   cacc   cacb   caeb   caeb   d2ec   d30c   d30c   d32d   d34d   db6d   db6e   db8e   e3cf   e3f0   ec10   ec10   ec31   e410   e411   ec31   ec51   f451   f471   f471   f491   f471   ec50   ec30   ec50   e410   d3cf   d3af   d3f0   d411   c38f   9a6b   7106   5884   60c6   6908   60e8   58c7   50a7   5087   58c8   58e9   60e9   6109   6109   6108   6908   68e8   60c7   60c7   60c7   60c7   60c7   60a6   7948   89ca   920b   920b   91ca   89ca   89a9   8169   7948   8148   8169   8189   8169   7927   7107   7947   81a8   a28b   c3af   d451   dc71   d450   cc0e   c3ee   c3ee   c40e   cc2f   cc4f   cc4f   cc2f   cc2f   cc2f   c42f   c42f   c42f   c42f   c44f   c44f   c44f   c42f   c42f   c42f   c42f   c44f   c44f   c44f   c42f   c42f   c40f   bc0e   bbee   bbee   bbef   bbcf   b3ce   b3ce   b3ce   b3ae   b3ae   ab8d   ab8c   a34b   9b2a   a38b   b44d   d551   f634   fe95   fe95   fe94   fe94   fe94   f694   f694   f694   f674   f694   f675   f695   f695   f695   ee75   ee74   ee74   ee74   f674   f693   f693   f673   f673   f673   f653   f653   f653   f653   f674   fe54   fe74   fe74   fe54   f633   f613   f613  
 58a7   60a7   60a8   60a7   60a7   60a7   60a7   6087   6086   68c7   7929   89aa   91eb   9a0b   a24b   aa6b   b28b   baeb   c32c   cb6c   dbac   dbed   e42d   ec6e   ecaf   eccf   ecef   ecef   eccf   eccf   eccf   f4ef   f4cf   f4af   f48f   ec4f   dbee   d3ad   c32c   aa6a   9a09   91a8   7927   7927   8149   9a2d   9a4d   920d   8a0d   81ab   796a   716a   716a   718b   79cc   81ed   71ab   614a   58c9   58e9   58c9   58c9   696b   698c   592b   50ea   50e9   592a   618c   7a2f   8ad1   9312   8af1   722e   61ac   61ac   61cd   724f   8b12   9373   9b74   9333   8b32   9333   8b12   82b0   82d0   9332   9b93   9b52   a393   abb3   8aaf   826d   822d   92ae   9aef   9acf   820c   718a   696a   6129   6109   58c8   58a8   58c8   58c8   58e8   60e8   60e8   60e8   60e8   6908   6908   60e8   60a7   60a7   60c7   68c8   68c8   68c8   68c8   60a7   60a7   60a7   60a7   60a7   60c8   60a8   60c8   60c8   68e8   68e8   68e8   68c8   68c7   70c7   70c7   70c7   70c7   70c7   78e7   78e7   78e7   7907   8106   80e6   78c5   78c5   80c5   8906   9126   9967   a1a7   a9e8   b229   ba4a   ba6a   c28b   c2ab   cacb   cacb   caec   d30c   d32d   d34d   db6e   db8e   db8e   db8e   dbaf   e3af   e3cf   e3f0   ec10   ec31   e431   e451   ec51   ec51   ec71   f471   ec51   ec51   f471   ec51   ec71   ec71   e451   dbef   d3ef   dc31   cbf0   b32d   89e9   68e5   60a5   60e7   6108   60e8   60e8   58c8   58c8   58e8   60e9   6109   6109   6129   6909   6908   60e8   60e8   60c8   60c7   60c7   60a6   60a6   7948   89eb   920b   920b   91ea   89ca   89aa   8149   8148   8169   8989   8189   7948   7928   7927   7947   8188   a28b   c3cf   d451   dc71   d450   cc0e   cbee   c3ee   c40e   cc2f   cc4f   cc50   cc2f   cc2f   c42f   c42f   c42f   c42f   c42f   c42f   c42f   c42f   c42f   c42f   c40f   c40f   c42f   c42f   c42f   c42f   c40f   c40f   bbee   bbef   bbef   bbef   bbcf   b3cf   b3af   b3ae   b3ce   b3ae   abad   ab6c   a34b   9b2a   a38b   bc6e   dd71   f654   fe95   fe95   fe94   fe94   feb4   feb4   f694   f694   f674   ee74   ee74   f674   f695   f694   f694   f694   f674   f673   f673   f693   f673   f652   f652   ee32   ee12   ee12   f632   f633   f633   f613   f613   f634   f614   edf3   edd3   edf3  
 58a7   60a7   60a8   60a7   58a7   60a7   60a7   60a7   6087   68c7   7928   8989   91ca   99eb   a22b   aa8c   b2ab   baeb   c32c   cb4c   dbac   dbed   e42d   ec8e   ecaf   ecaf   eccf   eccf   eccf   eccf   eccf   f4cf   f4d0   ec8f   ec6f   ec4f   e44f   dc0e   c34c   a229   99e8   91c8   8167   7928   7928   91ec   920c   89cb   796a   7129   6909   6909   6909   716a   79cc   81ed   718b   612a   58e9   610a   5909   58ea   696b   696b   592b   50ea   50e9   510a   596b   722e   8af1   9333   8b12   722e   512a   48e9   596b   6a0e   7ab0   8af2   8b32   9333   9353   9373   9353   9332   9332   9353   9352   9b73   a372   a392   9310   8a8e   69ab   79ec   79ec   820c   718a   696a   696a   5908   58e9   58e9   6129   6109   60e9   58c8   58a8   58a7   60c8   60e8   6908   6908   60e8   60c7   60a7   60c8   68c8   68c8   68c8   68c8   60c8   60a7   60a8   60a8   60a8   60a8   60a8   60c8   60c8   60c8   60c8   68e8   68e8   68c7   70e8   70c7   70c7   70c7   70c7   70e7   78e8   7907   8107   8107   78e6   78c5   70a4   7884   80c4   80e5   9126   9967   a1a8   a9e8   b229   ba4a   ba6a   c28b   cacc   caec   cb0c   d30d   d32d   d34d   db6e   db8e   db8e   db8f   dbaf   dbaf   dbaf   dbcf   e3d0   e410   e431   e431   ec51   ec51   ec51   ec51   ec51   ec50   ec50   ec50   ec51   ec71   e430   d3ef   d3cf   dc11   cbcf   a2cc   7987   60e5   60c6   6107   6928   6128   60e8   58e8   58c8   58c8   58e9   58e9   58e9   6109   6109   6909   6108   60e8   60c8   60c7   60c7   60a6   60a6   7948   89eb   920b   91eb   89ca   89ca   89ca   8149   8169   8169   89aa   8189   7928   7948   7947   7927   8187   a28b   c3cf   d451   dc71   d450   cc0f   cc0f   cc0e   c40e   cc2f   cc50   d450   cc50   cc50   cc50   cc30   cc30   c42f   c40f   c42f   c40f   c40f   c40f   c40f   c40e   c40e   c40f   c40f   c40f   c40f   c40f   bc0f   bbef   bbef   bbef   bbcf   bbcf   b3cf   b3cf   b3ae   b3ae   b3ae   abad   a36c   a34b   9b4a   abab   bc6e   dd92   f654   fe95   feb5   fe95   feb5   feb4   fe94   f694   f673   f673   ee74   ee74   ee74   f694   f694   f694   f694   f674   f673   f673   f673   f652   f632   f611   ee11   ee11   edf2   f5f2   f613   f613   edd3   e592   e572   dd31   d4d0   ccb0   ccb0  
 58a7   60c7   60c8   58a7   5887   58a7   60a7   60a7   6087   60a7   70e7   8149   89aa   99eb   a22c   aa6b   b2ab   baeb   c32c   cb4c   dbac   dbed   e42d   ec8e   ecaf   ecaf   ecd0   ecd0   ecaf   ecaf   f4af   f4cf   f4f0   ecaf   ec6f   e44f   e42e   dc0e   c34c   a249   99e8   8988   7926   7948   7969   922c   920c   81ab   7129   68e9   60c8   60a8   60e9   798b   81ed   81ed   696b   612a   58e9   612a   612a   590a   694b   614b   594b   50e9   48c9   50e9   512a   720d   8af1   9b73   9312   7a8f   514b   40c9   596b   6a0d   6a2e   726f   7ab0   8311   8b32   8b32   9373   9b94   9b94   9352   9312   9b53   a393   abb4   9b52   92d0   720d   7a0d   79ec   79eb   694a   6129   6129   58e8   58e9   58e9   6109   6109   60e9   60e9   58c8   58a8   60e8   6929   6929   6929   68e8   60a7   60a7   60a7   60c8   68c8   60a7   60c8   60c8   60c8   60c8   60c8   60c8   60a7   60a8   60c8   60c8   60a8   60c7   68c8   68e8   68c8   68e8   70e7   70e7   70e7   70e7   70e7   7908   7908   8128   8128   8127   7906   70c5   70a4   78a4   78c4   8905   9126   9967   99a7   a1c8   a9e8   b209   b229   ba6a   ba8a   c2ab   c2ab   c2cb   c2cc   caec   cb2d   d34d   d34e   d36e   d38e   d38f   d3af   dbaf   dbd0   dc10   dc31   e451   e451   ec51   ec50   e430   e430   e410   dc0f   e410   dc10   dc0f   cbcf   cbae   c3af   bb6e   9a8b   7987   60e5   60e6   6127   6928   6129   58e8   58e8   58c8   58c8   58e8   58e8   58e9   6109   6109   6109   6108   60c8   58c7   60c7   60c7   60c6   68e7   7969   920b   920b   91ea   89ca   89ca   89ca   8169   8169   8149   89ca   89aa   7948   7968   7947   7947   81a8   a2ab   cbef   d471   d470   d430   cc0f   c3ee   c3ce   c3ce   c3ee   cc0f   cc0f   cc2f   cc30   cc30   cc30   c410   c410   c410   c410   c410   c410   c40f   c40f   c3ef   bbef   c3ef   c40f   bc0f   bc0f   bbef   bbef   bbef   bbef   bbef   bbcf   bbcf   b3cf   b3cf   b3ae   ab8e   ab8e   ab8d   a36c   9b4b   9b4a   abcc   c4af   e5b2   f654   fe95   fe95   feb5   fed5   fe94   f694   f674   f673   f673   ee53   ee53   f653   f674   f674   f674   fe74   fe74   f673   f653   f652   fe53   fe53   fe53   fe53   f633   f5f2   edd2   edb2   e572   d4f1   cc6f   bc0e   b3ad   a34b   9b0a   9aea  
 58a7   60c7   60c8   58a7   5887   58a7   60a7   60a7   6087   6086   68a6   7908   898a   99eb   a22b   a26b   b2cc   bb0c   c32c   cb6c   dbcd   dbed   e42d   ec6e   ecaf   ecaf   ecd0   ecd0   ecb0   ecaf   f4af   f4af   f4d0   f4d0   f4b0   e44e   d3ed   cbad   c34c   b2ca   9208   7926   68a5   7968   920c   aaef   a2af   922d   796a   6929   60c8   58a8   6909   79ac   81ed   79ac   694a   612a   60e9   612a   610a   5909   614a   612a   594b   50e9   48c9   48c9   50e9   69cd   8af1   9b73   9b73   9332   69ed   514a   61cd   722e   69ed   6a2e   7a90   8311   8b32   8b12   8b32   9b94   9373   82f1   8b11   9b53   abf5   bc36   abb4   ab93   9b31   9b31   9af0   8a8f   698b   6129   6129   5909   58e9   50c8   50a8   50c8   60e9   6109   60e9   60e9   6909   714a   714a   7129   68e8   60a7   6087   60a7   60c8   68c8   60a7   60a7   60c8   60c8   60c8   60c8   60c8   58a7   58a8   60c8   60c8   60a7   60a7   60c8   68e8   68e8   68e8   68e8   70e8   70e8   70e7   70e8   7908   7928   7928   8148   8128   7907   78e5   70a5   70a4   78a4   78c4   80e5   8905   9125   9126   9146   9966   9987   a1a7   a1c7   aa08   b229   b249   ba6a   c2ab   c2ec   c2cc   cb0d   cb4d   d36e   d38f   d38f   dbaf   dbd0   dc10   dc31   e451   e451   e451   e430   e430   e410   dc0f   dbef   d3ef   d3ef   d3cf   cbae   c36e   bb4d   a2ec   926a   7187   58e5   58c5   6107   6128   5908   58e8   50e8   58e8   5909   5909   5909   612a   696a   6129   6129   6108   58c7   58a7   58a7   60c7   60c7   6908   81aa   922c   922b   91eb   89ea   91ea   89ca   898a   898a   7949   89ca   89ca   8168   8168   7947   7967   89c8   a2cc   cbf0   d451   d450   cc0f   c3ee   bb8d   b36c   b36c   b38d   bbad   bbae   bbce   c3ef   c3cf   c3cf   c3ef   c3ef   c3ef   c410   c410   c410   c410   c40f   c40f   c40f   c40f   c40f   c40f   bc0f   bbef   bbef   bbef   bbef   bbf0   bbf0   bbd0   b3cf   b3af   ab8e   ab8e   ab8d   ab6d   a34c   9b4b   9b4a   b40d   cccf   e5b3   f655   fe95   fe94   feb4   feb5   f694   f673   f673   f653   ee53   ee53   f653   f653   f673   f673   fe74   fe74   fe53   fe53   f633   f632   f5d1   f5f2   f612   f5f2   edb2   e551   d4f0   d4af   bbed   ab6b   9ac9   8a69   81e8   7186   6945   6925  
 58a7   58a7   58a7   5086   5066   5887   58a7   60a7   5887   5866   6086   70e7   8149   91ca   9a0b   a24b   b2ab   baeb   c32b   cb6c   dbcd   e40d   e42d   ec8e   ec8f   ecaf   ecb0   ecaf   ecaf   ec8f   f4af   f4af   f4af   f4d0   ecb0   e44e   d3ed   cb8c   bb0b   aaaa   91c8   7125   7947   9a8c   bb71   bb92   ab10   9a6e   8a2d   79ab   60c8   5066   60c8   798b   81cc   79ac   692a   612a   6129   6109   612a   614a   612a   5909   592a   50e9   48a8   4088   50e9   69cc   8ad1   9b73   a394   9352   82b0   722e   61ed   61cc   69ed   6a0e   7a90   8b12   9332   8b32   7a90   82d1   9b73   8af1   8b12   9b73   b415   b436   abd4   a373   a373   b3d4   abb3   a352   8a8f   71cc   612a   50e9   50c9   50c9   58e9   58c9   58a8   58c8   58c8   60e9   694a   79ab   714a   7129   68e8   60a7   60a7   60c8   68e8   68e8   68c8   60a7   60a7   60c8   68e8   60c8   60c8   60c8   60c8   58c8   58a8   60c8   60c8   60c8   68e8   68e8   68e8   70e8   7108   7108   70e8   70e8   7108   7928   8148   7928   7927   8127   8127   78e6   78c5   78c5   80e5   8905   8926   9126   9146   9146   9987   99a7   a1a7   a1c7   aa08   b249   ba6a   ba8b   c2cc   c2cc   cb0d   cb0d   cb2d   cb4e   d36e   d38f   dbaf   d3af   d3f0   dc10   e431   e451   e451   e451   e430   e430   dc0f   dc0f   dc0f   d3ef   cbcf   cbae   c3ae   c3ae   ab2d   8a6a   6946   5083   5084   50e5   5907   5907   5928   6149   6149   5929   5929   6129   612a   6129   6149   6129   6129   6108   58e7   60e7   60e7   60e7   7128   81aa   922c   924c   89eb   89ca   89ea   920b   89cb   898a   89aa   91eb   89aa   8189   8168   7967   7967   89e9   a2cb   cc10   d451   d450   c3ce   c3ce   b36c   ab4c   ab2c   ab2c   b36d   b38d   bb8e   bb8e   bbae   bbae   bbaf   bbcf   c3cf   c3cf   c3cf   c3ef   c3ef   c3ef   bbef   c40f   c410   c40f   c40f   bbef   bbef   bbef   bbef   bbcf   bbcf   b3af   b3af   b3af   b3af   ab8e   ab6d   ab6d   a36d   9b2b   9b2b   a38b   bc2d   d531   edf3   f654   fe95   feb5   fe94   fe94   fe94   f673   f653   f652   f653   f652   f653   f653   f653   f653   f633   f633   fe53   fe54   fe33   f613   f5d2   ed91   ed71   e551   dcf0   cc6f   b3ac   9aea   8a48   81e7   7166   6905   60c4   58a4   5063   5063  
 58a7   58c7   58a7   5886   5087   5887   5887   5887   5866   5846   6065   68c7   7928   8989   91ca   99ea   a24a   b2aa   baeb   cb4b   d3ac   dbed   e42d   ec6e   ec8f   ecaf   ecb0   ecb0   ecaf   ec8f   f4af   f4af   f4d0   ecaf   e46f   e44e   dc0e   cb8c   b2ea   a269   8986   89e8   aacd   cbf2   cc13   bb91   a2cf   924d   a2f0   89ed   60c8   4826   58a8   716b   798b   716b   6109   6109   6129   612a   612a   612a   612a   590a   50e9   48c8   4888   48a8   510a   69cd   8ab0   9332   a3b4   a393   9332   82b0   722e   61cc   59ac   598c   722f   82d1   8af1   82b0   6a2e   7a90   9353   82d1   82d1   9352   a3d5   b416   abd4   9b73   9b32   9b31   a352   ab93   ab93   9311   7a0d   592a   50c9   50a8   4888   50c9   58e9   58e9   58c8   58c8   6929   716a   716a   714a   68e8   60a7   60a7   60c8   68e8   68e8   60c8   6087   6087   60c8   60c8   60c8   58a8   58c8   60c8   60c8   60a8   60a8   60c8   60c8   60c8   60c8   68c8   68e8   7108   7108   70e8   70e7   70e7   70e7   7908   7107   7927   8148   8168   8947   8947   8947   9167   9988   a1c8   a1e9   aa09   aa29   b24a   ba6a   c28b   c2ab   c2cc   c2ec   caec   cb0d   cb0d   cb2d   cb2d   cb2d   d34e   d36e   d38f   d38f   dbaf   dbcf   dbf0   dc10   e431   e451   e451   e450   e430   e430   dc30   dc30   dc30   d430   d410   d410   d410   cc10   b38e   9acb   71a7   58e4   50c4   5905   5926   5106   5948   5948   5928   5928   5929   5929   6129   6149   58e8   5908   5908   6108   60e7   60e7   6107   6107   7128   81aa   922c   922c   89eb   89ca   89ca   91eb   89cb   818a   89aa   91cb   89aa   8168   8168   7967   7987   8a09   a2cc   cc10   d450   cc30   bbad   bb8d   ab2b   ab2b   a30b   ab0b   ab2c   ab4c   b34c   b34c   b36d   b36d   b36e   bb8e   bb8e   bbaf   bbaf   bbaf   bbcf   bbcf   bbcf   bbef   c3f0   c40f   c410   c3f0   c3ef   bbef   bbcf   bbcf   b3af   b3af   b3af   b3af   b38f   b38e   ab6e   ab8d   ab6d   9b2b   9b2b   abac   c4af   dd72   ee14   f634   fe74   fe94   fe94   fe94   f673   f673   f652   f652   f652   f652   f652   f652   f632   f633   fe53   fe33   fe13   fe13   fdf3   f5d3   ed72   e510   d48f   c40d   ab2a   9288   79c6   6924   60c3   5883   5063   5864   5884   5885   5885   60a5  
 58e7   58e7   58c7   58a7   58a7   58a7   5887   5887   5846   5845   6065   68c6   7928   8168   8989   91a9   9a09   aa69   baca   cb4b   dbcd   e40d   e42e   ec6f   ec8f   ec8f   ecb0   ecb0   ecb0   ec8f   ec8f   f4af   f4d0   ec8f   ec8f   e46f   dc2e   cb8c   b2ea   a269   aacb   c38f   dc93   dc74   b350   8a2c   81eb   8a0c   a2d0   81ec   60c8   5066   60c8   716b   79ac   718b   6109   6109   612a   694a   694a   612a   610a   612a   5909   50c9   4888   4088   50e9   69ac   826f   8ad1   9b53   a3b4   abd4   9b52   7a4f   596b   490a   48e9   48e9   61cd   726f   7a6f   726f   8b12   9bb4   8b32   82b0   8b12   a3b4   b436   b415   9b73   82af   722d   7a2d   8ad0   abb3   bc35   abb4   8ab0   616b   50c9   4887   50c9   58e9   58c8   50a7   58c8   6929   718a   798a   714a   6908   60c7   60a8   60c8   68e9   68e9   60a8   58a7   58a7   60c8   60c8   60c8   58a8   58c8   58c8   58c8   60c8   60c8   60c8   60c8   60c8   60c8   68c8   68e8   68e8   70e8   68c8   68c7   68c7   68c7   68e7   70e7   7907   8168   8989   91a9   99c9   99e9   aa2a   b24b   ba8b   c2ac   cacc   caed   cb0d   d30d   d32d   d32d   d32d   d32d   d32d   d32d   d34d   d34e   d34d   d36e   d36e   d38e   db8f   dbaf   dbcf   dbcf   dbf0   dc10   dc30   e430   e430   e430   e430   e430   e450   e450   dc70   dc71   dc91   e4b2   e4d2   e4f3   dcd3   cc71   b3cf   a34d   92cc   826a   69c8   5946   50e6   48c6   48c6   50e6   50e7   50c7   50c7   58e7   6148   6128   5928   5907   58e7   58c6   58e7   60e7   6928   81aa   922c   922c   89ca   81aa   89ca   89eb   89ca   818a   89aa   89ca   89aa   8168   7968   7967   8188   9229   aaec   cc30   d450   cc0f   b36d   b34c   ab0b   a2ea   a2ca   a2ca   a2eb   aaeb   aaeb   aaeb   ab0c   ab0c   ab2d   b32d   b32d   b34d   b34e   b36e   b36e   b36e   b38e   bb8e   bbaf   bbcf   bbcf   bbef   bbef   bbcf   bbaf   b38e   b38f   b38f   b38f   b38f   b36e   ab8e   ab8e   ab8e   a36d   9b0b   9b2a   abcc   d511   e5d3   f634   f654   f674   fe74   f673   fe73   f673   f673   f652   f652   f652   f652   f653   f653   f612   f633   fe33   f5f3   f5b3   ed92   ed72   ed52   e4f1   cc4f   b38c   9aca   81e6   6924   60a3   5862   5863   5863   6084   68c6   68e7   7108   7928   7949  
 6108   6108   60e8   58c7   58a7   58a7   58a7   5887   5866   5865   6086   68c7   7928   8168   8969   8988   91c8   aa49   baaa   cb2c   dbcd   e40e   ec2e   ec8f   ec6f   ecaf   ecb0   ecb0   ec8f   ec8f   ec8f   f4af   f4af   ecaf   ec8f   e44e   d3ed   c38c   c36c   cbae   d430   d431   cbf1   ab0e   81ca   7148   79aa   8a0c   79cc   716a   60e8   58a8   60e9   714a   79ac   79cc   692a   6109   612a   696b   696b   5909   5909   612a   616b   592a   50c9   4887   50c8   618c   824f   8ad1   92f1   9b53   a394   9b53   82b0   69ed   512a   40a8   40a9   514b   6a0e   7ab0   8b12   9b73   9b94   82f1   7a6f   82d0   9352   a3d4   abd4   9b52   828f   69ec   61ab   69ec   8ad0   b415   ccb8   b415   8a90   698b   50c9   50c8   50c8   58c8   58c8   60e8   6929   716a   716a   6929   60e8   58a7   60a8   68e8   6909   6909   60c8   58a7   58a7   60c8   60e8   58c8   58a8   58c8   58c8   58c8   60c8   60c8   60c8   60c8   60c8   60c8   60c8   68e8   68e8   68e8   68e8   68c7   68a7   68a7   68a6   68c6   7107   8148   89a9   91c9   9a0a   aa2a   b24b   ba6b   c2ac   c2cc   caec   caed   caec   caec   caec   cb0c   cb0c   cb0c   d30c   d32d   d34d   d34e   d34e   d36e   d36e   db8e   db8f   dbaf   dbaf   dbcf   dbf0   dbf0   dc10   dc10   dc0f   dc0f   dc2f   dc30   e450   dc50   e470   e491   e4d2   ed13   ed34   f575   ed95   ed95   e575   dd54   d4f3   bc31   9b4d   826b   69e9   6187   5927   5927   5107   50c6   50e7   5928   5927   5907   50c6   50c6   50a5   50c6   58e7   6107   6928   81aa   922c   922c   89ea   81aa   89ca   89eb   89cb   816a   898a   89ca   89aa   8168   7968   7967   81a8   924a   ab0c   cc30   d430   cbef   b34c   ab0b   a30b   a2ea   a2ca   a2ca   a2ca   a2ca   a2cb   a2ca   a2eb   aaeb   aaec   aaec   aaec   ab0c   ab0d   ab0d   ab0d   ab2d   ab2d   ab2d   ab4d   ab6e   b38e   b3ae   b3ae   b38e   b36e   b36e   b36e   b38e   b38f   b38f   b36e   b36e   ab6e   ab6d   a34c   9b0a   a32b   b3ed   dd31   edf3   fe75   fe74   fe74   fe73   f653   f652   f673   f652   f652   f652   f652   f653   f653   fe53   fe53   fe33   f5f3   f5b3   ed72   ed52   e512   dcd1   d450   b36d   9a89   81c7   6904   5882   5863   5863   68a5   68c6   7107   7928   7949   8149   816a   816a  
 6949   6949   6128   58e7   58c7   58a7   58a7   58a7   5886   5886   6086   70e7   7928   8148   8148   8147   8987   a208   b28a   c30b   dbad   e3ed   e42e   ec6e   e46f   ec8f   ecb0   ecb0   ecaf   ec8f   ec8f   ecaf   f4b0   ecaf   e46f   dc2e   d3ed   d3ed   e450   ecd2   dc31   b32d   920a   7148   7128   798a   8a0c   8a0c   694a   60e8   5087   5087   58c8   6109   694a   718b   694a   6109   610a   694b   694b   590a   590a   614b   71ac   698c   592a   50a9   50c9   698c   824f   8ad1   92f1   92f1   92f2   9312   9312   8ad1   720e   596b   618c   61ac   7a4f   8b12   9b94   9b94   8b12   7a90   722e   724e   7a8f   8af1   9332   9332   8af0   828f   7a4d   720c   7a4e   9b72   bc35   b415   9b52   8ab0   71ac   5909   50a7   50c8   6108   6108   6929   6949   716a   6929   60e8   58a7   60c8   6909   6929   6929   60c8   58a7   5887   60c8   60e8   58c8   58a8   58c8   58a8   58c8   60c8   60c8   60c8   60c8   60c8   60c8   60c8   68e8   68e8   6909   7108   68e8   68c8   68c7   68a6   68c6   70e7   8148   8989   91c9   a20a   aa4b   b28b   baac   c2cc   caec   caed   caec   cacc   cacc   cacc   cacb   caec   caec   cb0c   d32c   d34d   d36e   d34d   d36e   d36e   db6e   db8e   db8e   dbaf   dbaf   dbcf   d3cf   d3cf   d3cf   d3ce   d3ce   d3ee   dbee   dc0f   d42f   dc50   dc91   e4d2   ed13   ed54   f575   ed95   ed95   edb5   edb5   edb5   e595   d534   ccd3   b411   9b6e   828c   720a   6188   5907   58e6   5927   5927   5106   5106   58e6   58e6   58c6   58e6   6107   6928   79aa   8a2c   922c   89eb   81ca   89ca   89eb   89ab   8169   818a   89eb   89aa   7968   7967   7967   81a8   924a   b32d   cc30   cc30   cbef   b34c   ab2b   ab2b   ab2b   ab0b   ab0b   aaeb   a2eb   a2cb   a2cb   a2cb   aaeb   aacc   a2ab   a2ab   a2ac   aacc   a2ac   a2cc   a2ec   a2ed   a2ec   a2ec   a2ec   a30d   ab2d   ab2d   ab2d   ab2d   ab4d   ab4e   ab4e   ab6e   ab6e   b36e   ab4d   ab2d   ab4d   a34c   9b0b   a34b   bc0d   dd51   f613   fe74   fe74   fe73   f653   f652   f652   f672   f652   f652   f652   f652   f672   fe53   fe53   fe54   f613   f5b3   ed93   f573   ed53   e4d2   d450   c3cf   a2cb   81c7   7125   6083   5842   5863   6084   68a5   70e7   7928   8149   8169   816a   816a   898a  
 79ca   71aa   718a   6949   6108   60e8   60c7   60a7   60a7   60a6   60a6   70c7   7907   7927   7907   7906   8146   99c7   aa49   baea   d36c   dbcd   e40d   e44e   e46f   ec8f   ecb0   ecb0   ecaf   ec8f   ec8f   ec8f   ecaf   ecaf   ec8f   ec8f   ec6f   e470   e450   dc30   b30c   9208   7126   68e6   7168   8a2c   9aaf   9aaf   694a   50a7   4025   4845   58a7   60e8   692a   716b   716b   692a   612a   614a   612a   5909   590a   616b   79ed   79ed   698c   590a   58ea   614b   71ad   71ed   8a90   92f1   9b32   9312   92f1   8ad1   8290   7a4f   7a4f   7a4f   9312   abd5   ac16   9b74   7a6f   6a0e   69ed   6a0d   724e   82af   8af1   9311   8af0   82af   7a6e   7a6e   8ad0   9b72   a3b3   9b72   9b52   a373   92f1   71ec   50c8   4886   50a7   6108   6949   71aa   718a   7149   60e8   58a7   60c8   6909   6929   6929   60c8   58a7   5887   58a8   58c8   58a7   50a7   58c8   58c8   58c8   60e9   60e9   60c8   60c8   60c8   60c8   60c8   68e8   6909   7109   7129   7109   68e8   68c7   60a6   68c6   70e6   7927   8968   91c9   a22a   b26b   c2cc   c2cc   caed   caed   d30d   d30d   d2ed   d2ec   caec   d2ec   d2ec   d30c   d30c   d30c   d32d   d34d   d34d   d34d   d34d   d36e   d36e   db6e   db8e   d38e   d38e   d38e   d38e   cb8d   cb8d   d38d   d3ad   d3ce   d40e   d42f   dc50   dc90   e4d2   e513   ed54   ed74   edb5   edb5   edb4   e5b4   edd6   f617   f638   f638   dd76   d514   c473   abf1   9b0e   7a2a   6147   5106   5906   5106   5906   5906   5906   50c5   50a5   58a5   6948   79a9   8a0b   8a2b   89eb   89ca   89ca   89cb   89aa   8149   818a   91eb   89aa   7968   7947   7967   81a8   9a6a   b32d   cc30   cc10   c3ef   b36d   b36c   b36c   b36c   b34c   b34c   b32c   ab2b   ab0c   ab0c   aaec   ab0c   aaec   a2ab   a28b   a2ab   a2ab   a28b   9aac   9a8c   9a8c   9a8b   9a8b   9a8b   9aab   9aab   9acb   9acb   a2ec   a2ec   a2ec   a30c   a30d   a32d   a30d   a2ec   9acb   a30c   a30b   92ca   a34b   bc0d   e572   f614   fe54   f633   f632   f632   f632   f652   f652   f652   f652   f652   f652   fe52   fe53   fe53   fe33   f5d3   ed93   ed73   f554   ecf3   d430   bb6e   9a6a   81a8   7105   68a4   6063   6084   68c5   70e6   7107   7928   8169   898a   898a   89ab   91ab   91ab  
 8a6d   8a6d   824c   79eb   71aa   7169   6929   6908   68e8   68c7   68c7   70e7   7107   7907   78e6   70c5   8106   9187   a208   baaa   cb4c   dbac   e3ed   e44e   e46f   ec8f   ecb0   ecb0   ecaf   ec8f   ec8f   ec8f   ec8f   f4b0   f4d0   f4d0   f4d1   ec90   cbad   aaca   89c7   7946   7146   81a9   8a2c   9aae   a2f0   a2f0   6128   5086   4025   4866   58c7   58e8   692a   718b   718b   718b   696b   612a   58e9   50c9   590a   616b   822f   822f   71cd   696b   612b   614b   612b   590a   698c   8290   9b53   9b53   8ad1   8290   8290   82b1   82b1   8ad1   a394   abf5   a3b4   8af1   69ed   61cd   724e   724f   7a8f   82b0   8b11   9311   8ad0   7a6e   7a4d   82af   9b92   ac14   a3b3   8af0   8aaf   92f1   9b32   8a8f   698a   50a7   5086   60e8   716a   79ab   718a   694a   60e8   58a7   60c8   6909   6929   6929   60c8   58a7   5887   58a7   58a7   50a7   50a7   58c8   58c8   60e9   60e9   60e9   60c8   58a8   58a8   58a7   60c8   60e8   6909   7129   7129   7109   68e8   68c7   68c7   68c6   70e6   7907   8148   91a9   a20a   b26b   ba8c   baac   c2ac   c2ac   cacc   cacc   cacc   cacc   d2eb   d2ec   d30c   d30c   d30c   d30c   d30c   d32c   d32d   d34d   d34d   d34d   d36d   db6e   db6e   d38e   d36e   cb6e   cb6d   cb6d   cb6d   cb8d   d3ad   d3ce   dc0f   dc4f   dc70   e4b1   e4f2   ed33   ed54   ed74   ed94   edb4   edb4   e5b4   edb5   edf6   edf6   edf6   edf7   edf8   edf8   edb8   dd16   bc32   9b2e   828b   6188   5946   50e5   48a4   4884   4863   5084   58c6   6947   7989   81eb   8a0b   89eb   89cb   89aa   81aa   818a   7949   816a   91eb   89aa   7948   7147   7947   81a8   9a6a   b34d   cc30   cc10   c3ef   bb8d   bbad   bbad   bbad   bbad   bb8d   bb6d   b36c   b34c   b34d   b32d   b32d   b30d   aacc   a2ab   aacc   aacc   a2ab   9a8c   9a8c   928c   926b   926b   926b   926a   926a   928a   92ab   9aab   92ab   928b   928b   9aab   9acc   a2cc   9aab   928a   92aa   9289   8a68   9ae9   b3ed   dd31   f5d3   f633   f612   f612   f632   f632   f652   f652   f651   f651   f651   f652   f652   fe52   fe33   f5f3   f5b2   ed52   e4f1   d470   c3ce   a2cc   9209   7105   68a4   6084   6084   6084   70c6   7927   7927   8148   8169   8989   898a   898a   91ab   91ab   89aa  
 9b0f   9b0f   9aee   92ad   8a4c   79eb   798a   7149   7129   7108   7108   7108   7908   70e7   70c6   70a5   78e5   8966   99e8   b269   c32b   d38c   dbed   e42e   e46e   e48f   ecb0   ecb0   ecaf   ec8f   ec8f   ec8f   ecb0   f4d0   f4d0   ec8f   e46f   dc2f   c36c   a289   9208   81a7   89e9   9aad   ab0f   a2ef   8a2d   716a   50a7   4865   4866   58c7   58e8   58a7   58e8   694a   79cc   79cc   71ac   614a   50a8   4888   50c9   614b   824f   824f   79ee   698c   698c   698c   614b   50e9   50c9   71cd   92d1   9b32   9b12   92d1   8a90   8270   7a4f   8290   9312   8af2   82b1   7a70   722f   82d1   82d1   82b0   7a8f   8290   8af1   9331   9311   8af0   8af0   9331   a3d3   b435   a3b3   828f   69ec   71ec   8a8f   8aaf   824d   696a   58e8   6129   7169   6949   716a   6929   60c8   58a7   60c8   6909   692a   692a   60e8   58a8   5887   58a7   58a7   58a7   58a7   58c8   58c8   60e8   6109   60e9   60c8   58a7   5887   58a7   60c8   60c8   6908   7129   7129   7129   68e8   68c7   68c7   68c6   70e6   7107   8147   8988   a20a   b26b   baac   c2ac   c2ac   c2cc   cacc   cacc   cacc   caec   cacb   cacb   d2ec   d30c   d30c   d30c   d30c   d32c   d32d   d32d   d34d   d34d   d36d   db6e   db6e   db8e   d36d   d36d   d36e   d36d   d38d   d38d   d3ce   d3ee   dc2f   dc50   e490   e4d1   e512   ed33   ed53   e553   e573   ed94   edb4   edd4   edd5   edf6   ee16   edf6   edd6   ee17   f638   f639   f619   edb7   d515   cc93   abd0   930d   71e9   5105   4063   4043   50a4   6106   6947   7189   81ca   89eb   81cb   81aa   81aa   818a   816a   7929   8169   89eb   89aa   7948   7127   7146   81c8   9a8b   bb4e   cc30   cbef   c3ef   bbae   c3ce   c3ae   bbcd   c3ae   bbad   bb8d   bb8d   bb6d   bb6d   bb6d   bb6e   bb4d   aaec   aacc   aaec   aaec   a2cc   a2cc   9aac   9aac   9a8c   9a8b   9a8b   928b   926a   926a   928a   928a   926a   8a49   8a49   926a   9a8a   a2cb   9aab   928a   928a   8a48   8207   9288   b3ac   d4f0   ed92   f613   f612   f632   f632   f631   f631   f651   f651   f631   f632   f632   f632   fe33   fe13   fdf3   f5b3   e532   d450   b34d   9a6a   8187   70e5   70e5   70e6   7106   7907   7907   8147   8168   8168   8989   8989   89aa   8989   91aa   91ca   91ca   91ca  
 a38f   a390   a390   a370   9b0f   8a8d   822c   81eb   798a   7149   7949   7949   7928   70c7   68a6   70a5   78e5   8146   99c8   aa6a   c30b   cb6c   dbcd   e42e   e46f   ec8f   ecaf   ecd0   ecaf   ec8f   ec8f   ec8f   ecaf   ecd0   ecb0   ec8f   e46f   d3ed   bb2b   aaca   9a69   924a   924b   b34f   d454   926d   718a   58c7   4865   4866   4886   50a7   50a7   5087   50c8   6109   71ac   79ec   71cc   614a   48a8   4026   4887   616b   8a6f   824f   79ed   71ac   71cd   79ed   696c   48a8   4047   58ea   71ad   8ab0   9b12   92d1   8ab0   8270   8290   8290   8ad1   8ad1   7a4f   69cd   720e   82b1   82d1   82d1   82b1   82b0   82d1   8b12   9373   9b73   9b72   9b72   a393   abf4   a392   8ad0   720d   50e8   69ab   826e   9b31   8a8e   6108   6128   6108   6949   6949   6129   58a8   5087   58c8   6929   692a   6909   60e9   60a8   5888   58a8   58c8   58a7   58a7   58c8   60e8   60e8   6908   6108   60e8   58c7   58a7   58c7   58a7   60e8   6908   6908   7128   7149   7128   7108   6907   68e6   68e6   7107   8167   89a8   9a0a   aa6b   ba8c   baac   c2ac   c2ab   c2cc   cacc   cacc   caab   cacb   cacb   d2ec   d30c   d30c   d30c   d32c   d32c   d34d   d34d   db6d   db6d   d36d   d36d   d36d   d36d   d36d   d36d   d36d   d38d   d38e   dbae   dbef   dc0f   dc30   dc70   e490   e4d1   e4f2   e512   ed33   e553   ed53   ed73   ed94   ed94   edb4   edb4   edd5   edf5   edf5   ee16   f637   f638   fe59   fe39   f618   f618   e596   c4b2   a36e   826a   6187   48c4   48a4   50e5   6127   6968   79a9   81ea   81ca   818a   8169   7969   7949   7928   7949   818a   8189   7947   68e5   7947   8188   a2ab   bb6e   cbef   cbf0   c3ce   c3ef   cbef   c3ce   c3ee   c3ce   c3ce   c3ae   bbad   bb8e   bb8d   bb8e   bb8e   bb6e   b34d   b32d   b30d   b30d   ab0d   ab0d   a2ed   a2ec   a2cc   9acc   9acc   92ab   928b   926a   926a   8a49   8a29   8a08   8a29   9a6a   a2ab   a2cb   a28a   a2ab   9a69   8a07   79c6   8227   ab4b   d4af   ed92   fe33   fe53   fe53   f652   f651   fe72   f631   f651   f652   fe73   fe32   f5f2   f5f3   ed92   f593   e4f1   cc2f   bb4d   9a4a   7946   68a4   6884   68a5   7927   8988   8988   8168   8168   8968   8988   8989   91a9   91ca   91a9   91a9   91a9   91a9   91a9  
 a3af   abb0   abb0   abb0   a370   9b0f   92ae   926d   820c   81cb   798a   818a   7949   70e7   68a6   70c6   70e5   8146   91c8   aa6a   c30b   d36d   dbee   e42e   e46f   ec8f   ecaf   ecaf   ecaf   ec8f   ec8f   ec8f   ecaf   ecd0   ecb0   ec8f   e46f   cbed   bb4c   b32b   aaec   a2ec   9a8c   b34f   c413   8a4c   6928   4845   50a6   50a7   50a7   50a7   50a7   4887   58e8   694a   7a0d   824e   822e   71ac   590a   50a8   590a   71cd   92d1   8a90   7a2e   71cd   71cd   71cd   614b   50c9   4067   590a   71ad   824f   822f   79ee   8a70   92f1   92f1   8ad1   82b0   826f   720e   69cd   69cd   6a0e   8290   82d1   8af2   8b12   8b12   9353   9b94   a3b4   a3d4   9b72   9352   9331   9311   9331   828f   61ab   618a   71eb   92cf   9aef   79eb   6129   58e7   716a   6929   6109   58a8   5087   60c8   692a   712a   690a   68e9   60c8   58a8   60a8   58c8   58a7   58a7   60c8   60e8   60e8   6908   6108   60e8   58c7   58c7   58c7   60c7   60e8   6908   6908   7108   7148   7148   7128   7107   68c6   68c6   7106   8147   89a8   99e9   aa4a   b26b   ba8b   baab   c2ab   c2cb   caec   caec   caec   d2cc   d2ec   d2ec   d2ec   d30c   d30c   d32c   db2d   d34d   db6d   d36d   db6d   d36d   d36d   d36d   d36d   d36d   d36d   d38d   db8e   dbae   dbce   dc0f   dc2f   dc50   dc70   e490   e4d1   e4f2   e532   ed32   ed32   ed53   ed53   ed73   ed93   ed93   edb3   edd4   edd4   edf5   edf5   edf6   edf6   ee17   edf7   f5f7   f618   edf7   dd96   cd14   bc72   a36e   7a49   5946   50c4   50a4   6127   79c9   820b   81eb   81aa   7969   7969   7969   7929   7949   8189   8189   7927   68e5   7946   81a8   a2ac   bb6e   cbef   cbf0   c3ae   c3ce   c3ee   cbef   c3ee   c3ce   c3ce   c3ce   c3ae   c3ae   bbae   c3af   c3ae   bb8e   bb8e   bb6e   bb4e   b34e   b34e   ab2d   ab0d   a30d   a30d   a30d   a2ec   9acc   9acb   928a   926a   9249   8a29   9229   9229   9a8a   aacb   b2ec   aacb   aacb   9a89   8a07   81c6   8a27   ab6b   d4d0   ed92   fe33   fe53   fe53   f652   f652   fe72   f651   fe52   f652   fe73   fe33   f5d2   f5b3   e511   d46f   bb8d   a2ab   9209   8167   70e5   68a4   70a5   7927   8968   91a9   8989   8168   8168   8989   8989   91a9   91c9   91ca   91c9   91a9   91c9   91c9   91a9  
 a3b0   abb0   abb0   abd1   abb1   ab91   a330   a2ef   9a8e   924d   8a0c   81cb   8169   7108   68c6   68c6   70e5   8125   91a7   aa6a   baec   d36d   dbee   e42f   e46f   ec8f   ecaf   ecaf   ec8f   ec8f   ec8f   ec8f   ecaf   ecd0   ecb0   e46f   dc4f   cbed   c38d   c38d   c3af   bb6e   9aac   a2ee   ab2f   79ca   58e7   4845   5087   5087   50a7   4887   4866   4886   5909   718b   824e   8a8f   8a8f   7a2e   71ed   71cc   822e   8ab0   92d1   8a6f   79ed   69ac   698c   698c   616b   612a   612a   71ad   79ee   79ed   614b   612a   79ee   92d1   92f1   8290   722e   69cd   69ad   61ad   61ad   61ad   722f   82b1   8b12   9333   9353   9b74   9bb4   a3f5   abd4   9b52   9331   7a6e   7a4d   8ad0   8acf   82ae   69ab   6149   7a0c   9aef   9aef   718a   58c7   6969   6108   60e8   58a7   5087   60c8   6929   714a   692a   68e9   60c8   58a8   60a8   60c8   58a7   58a7   60e8   60e8   6108   6908   6108   60e8   58c7   58c7   60c7   60e8   6908   6908   6908   7108   7949   7969   7949   7127   68e6   68c6   70e6   8147   8988   99e9   aa2a   b26b   ba8b   ba8b   c2ab   c2cb   caec   d2ec   d2ec   d2ec   d2ec   d2ec   d2ec   d30c   d30c   d32d   db4d   db4d   db6d   db6d   db6d   d36d   d36d   d34d   d34d   d36d   d36d   db8e   dbae   dbce   dbef   e40f   e430   e450   e470   e490   e4d1   e4f2   e512   ed32   ed32   e552   e552   e573   e573   e593   e593   e5b3   e5d3   edf4   edf4   edf5   edf5   edf5   edd6   edf6   edf7   edf7   ee17   f638   edf7   d535   abcf   7a29   5925   50a4   58e5   7168   79a9   79a9   7969   7969   7969   818a   7949   7969   7969   8169   7927   68e5   7126   89c8   aaec   c38f   cbef   cbef   c3ae   c3ce   c3ce   c3ee   c3ce   c3ce   c3ce   c3ae   c3ae   bbae   bb8e   c3ae   c3ae   c3af   bb8e   bb8e   bb8e   bb6e   bb6e   b34e   b34e   ab2e   ab2d   ab2d   a32d   a30c   9aec   9aab   9aab   9a8a   926a   9249   9a6a   aacb   b2ec   bb2d   b30c   b30c   a289   9227   89e6   9288   bbcc   dd11   edd2   fe33   f633   fe53   f652   f672   fe92   f651   fe72   f652   fe53   fe13   f5d2   ed51   d46e   bb8c   a289   8186   7925   7905   7906   8126   8147   8988   91a9   91a9   8988   8168   8988   91a9   91c9   91c9   99ea   99ea   91c9   91c9   91c9   91c9   91c9  
 abb0   a3b0   abb0   abd1   b3d1   b3d2   ab91   ab71   a310   9ace   9a6d   922c   81ca   7948   70e7   68c6   70e5   7925   89a7   a249   baeb   d36d   dbee   e44f   ec6f   ec8f   ecaf   ecaf   ec8f   ec8f   ec8f   ecaf   ecaf   ecd0   ec8f   e44f   dc2e   cbed   cbce   d430   dc71   c3d0   9aac   926c   8a0b   6948   58e7   58c7   5086   5087   50a7   4886   4045   4046   58c8   696a   79cc   820d   7a0d   79ed   824e   92b0   92d0   92d1   7a2e   71cd   696b   614b   614b   696b   69ac   71cd   7a0e   822f   71cd   696c   612a   614b   7a0e   824f   826f   71ed   616c   594b   616c   618c   69cd   69ee   722f   7a70   82d1   8b12   9353   9b94   a3b4   a3d4   a3b4   9b52   a393   82af   69cc   69ec   7a4d   a372   828e   616a   616a   826d   ab72   8a4d   6949   6128   58e8   58c7   5087   5087   60c8   6929   714a   692a   68e9   60c9   60c8   60c8   60c8   58a7   58c8   60e8   60e8   6108   6908   6908   60e8   60c7   58c7   60c7   60e8   6908   6928   6908   7128   7969   8189   8189   7948   70e6   68c5   70e6   8147   91a8   a20a   aa4a   ba8b   ba8b   c2ab   c2ab   caab   cacc   caec   cacc   d2ec   d2ec   d2ec   d30c   d30c   d30c   db2d   db4d   db6d   db6d   db6d   db6d   d36d   d34d   d34d   d34d   d34d   d36d   db8e   dbae   dbce   dbef   dc0f   dc0f   e450   e470   e490   e4b1   e4f1   e512   e512   e532   ed32   e552   e552   e552   e572   e572   e5b2   e5b3   edd3   edf4   ee15   ee15   ee15   edf5   edf6   ee16   edf6   f637   f658   f658   edf7   d534   b3f0   92ec   6987   5906   58e6   6947   7989   7148   7128   7128   818a   7949   7969   7968   7968   7927   68e5   7126   89e9   b30d   c3af   cbf0   c3cf   c3ae   c3ce   c3ce   c3ee   c3ce   c3ce   c3ce   c3ae   c3ae   c3ae   bbae   c3ae   c3ae   c3af   c3af   bb8f   bb8e   bb6e   bb6e   b36e   b36e   ab4e   ab4e   ab4e   ab2e   a32d   a30d   a2ec   a2ec   a2cb   a2ab   a28a   a2aa   b2ec   bb2c   bb2c   bb0c   b30c   a289   9248   9247   a30a   cc4e   ed72   f5d2   f613   f632   f672   fe72   f672   fe92   f652   fe52   f632   fe32   fdf3   f5b2   e4f0   bbac   9a89   81a6   68e4   68a3   70e5   7926   8968   91a9   91ca   91ca   89a9   8168   8988   91ca   9a0a   9a0a   99ea   99ea   99ea   91ca   91c9   91c9   91c9   91c9  
 abd0   a3b0   a3b0   abd1   b412   b412   b3f2   b3f2   ab91   ab50   a2ef   9a8d   8a2b   79a9   7127   68c5   68c4   7905   8987   a249   baeb   d38d   dbee   e44f   ec8f   ec8f   ecaf   ecaf   ecaf   ec8f   ecaf   ecaf   eccf   ecd0   e48f   dc4e   d40e   cbce   d42f   ecd2   e4b3   cbf1   a2ed   924b   79aa   6107   58e7   6128   50a7   58c8   58e8   50c7   4867   4866   50c8   6129   696a   696a   612a   614a   7a0d   8a8f   824e   79ed   614a   612a   612a   614a   614b   696b   71cd   7a0e   7a2e   79ed   590a   50a9   614b   824f   92b1   822f   69ac   594b   510a   594b   616c   618c   69cd   7a4f   7a4f   7a50   7a90   82b1   8b12   9b74   9bb4   9bb4   a393   9b52   abf5   9b72   722d   596a   61cb   a3b3   abb3   8aae   71cb   7a0c   a331   92cf   79cb   6108   58c7   58a7   5087   5087   60c8   6929   712a   692a   68e9   60e9   60c8   60c8   58c8   58a7   60c7   60e8   60e8   6108   6929   6908   60e8   60c7   60c7   60c7   60e7   6908   7128   7128   7948   8189   89ca   89ca   8189   7107   68a5   70c5   8127   91a8   a20a   b26b   baac   c2ac   c2ab   c28b   c28b   caab   cacc   caab   d2cc   d2ec   d2ec   d30c   d30c   db2d   db2d   db4d   db6d   db6d   db6d   db6d   d36d   d34d   d34d   d34d   d34d   d36d   db8e   dbae   dbce   dbee   dc0f   e40f   e42f   dc50   dc90   e4b0   e4d1   e4f1   e511   e512   ed32   e531   e551   e551   e551   e572   e592   e5b2   e5d2   edd3   edf4   ee14   ee15   ee15   ee15   ee16   f657   f657   f657   f657   f658   f638   e5b6   d534   9b0c   71c8   5905   6947   79a9   7148   68e6   68e7   7969   7149   7969   7948   7948   7947   68e6   7126   89e9   b32d   cbd0   cbf0   c3cf   c3ae   c3ef   cbef   cc0f   cbee   c3ee   c3ee   c3ee   c3ce   c3ce   c3ce   c3ae   c3cf   c3af   c3af   c3af   bbaf   bb8e   bb8e   b38f   b36f   b34e   ab6e   ab6e   ab4e   ab2d   a32d   ab2d   ab0d   ab0c   a2cb   a2ab   aacb   b30c   bb2c   bb2c   bb2c   bb2c   aaa9   9a68   9aa8   b38b   dcd0   edb3   f613   f613   f632   fe73   fe92   f672   fe92   f632   fe52   f612   f5f2   f5b2   ed51   d46f   ab0a   81a6   7104   68c3   70c4   7926   8167   8989   91ca   9a0b   99ea   91a9   8988   91c9   a22b   a24c   a24b   99ea   99ea   91e9   91e9   91e9   99e9   99ea   99ea  
 9b6f   9b6f   a390   abd1   b3f2   b432   bc33   bc33   b3d2   b3b1   ab70   a30f   9a8d   81ea   7147   68e5   68c4   70e5   8987   a249   bb0c   d38d   dc0f   e44f   ec8f   ecb0   ecd0   eccf   ecaf   ecaf   ecaf   f4d0   f4d0   eccf   e48f   dc2e   d3ee   cbce   dc50   f514   e493   c3d0   b34f   9aad   81eb   60e7   58a7   58c7   50a7   58c8   5908   5908   58e8   58e8   6129   696a   696b   614a   58e9   58e9   698b   79ed   696b   58e9   50c8   58e9   614a   696b   616b   614b   614b   698c   698c   616b   4888   4047   612b   8a90   9af2   824f   616b   510a   592a   618c   618c   616c   61ad   720e   7a50   7a50   7a4f   7a90   8af1   9353   9b94   9b94   a3b4   9b72   abd4   a3b3   8ad0   69cc   61ab   9331   b3f4   abb3   8aaf   7a0c   8a8e   92ae   824d   6129   58e8   58a7   5066   5087   60e8   692a   712a   692a   68e9   60e9   60c8   60c8   58a7   58a7   60c7   60e8   60e8   6108   6929   6908   60e8   60c7   60c7   60c7   60c7   6908   7128   7948   8169   89ca   920b   9a0b   89a9   7927   68a5   68a5   78e6   9168   a20a   b26b   ba8c   c2ab   c28b   c28b   ca8b   caab   d2cc   d2cb   d2cb   d2ec   d2ec   db0c   db2c   db2d   db2d   db4d   db6d   db6d   db6d   db6d   db6d   d34d   d34d   d36d   d36d   db8e   dbae   dbce   dbce   e3ef   e40f   e42f   e42f   dc50   dc70   dc90   e4b1   e4d1   e4f1   e4f1   e531   e531   e531   e551   e551   e571   e591   e5b2   e5b2   e5b2   e5b2   e5d3   edf3   ee14   ee15   ee35   ee56   ee56   ee56   ee56   f677   fe98   fe78   f617   d4f3   a34d   71c8   6947   6947   6106   60c6   60e6   6927   7128   7969   7148   7948   7947   68e6   7126   89e9   bb4e   cbf0   cbf0   c3cf   c3ae   cbef   cbee   cbee   cbee   c3ee   c3ee   c3ce   c3ce   c3ce   c3ce   c3ce   c3cf   c3cf   c3cf   c3af   bbaf   bb8e   bb8f   bb8f   b38f   b36f   b36f   b36f   b36e   ab4e   ab4d   ab4d   ab2d   ab2d   aaec   aacb   aaeb   b30b   bb2c   c34c   c34c   c32b   aac9   a2a9   ab0a   c3ec   e531   f5f3   f613   f632   f652   fe93   fe92   f672   f672   f632   fe32   f5f2   f5d2   ed51   dcaf   c3cd   9a89   7944   7104   7905   8146   89a8   91a9   91c9   9a0a   9a0b   9a0a   91c9   91c9   9a0a   aa6c   aa6c   a24b   9a0a   99ea   91c9   91e9   99ea   99ea   9a0a   9a0a  
 8acd   8aed   9b4f   a390   abd1   b412   b433   bc33   bc33   bc12   b3d1   b390   a30e   8a6b   7988   6906   68c4   7105   8987   a26a   c32c   d3ae   dc0f   e44f   ec90   ecb0   ecd0   ecd0   eccf   eccf   eccf   f4cf   f4cf   eccf   e48f   dc2e   d3ee   cbcd   dc30   f513   d431   b34e   ab0e   9a8d   81eb   58a6   4865   4866   4866   5087   50c8   58e8   5909   612a   696a   698b   71ab   696b   5909   58e9   614a   614a   58e9   50a8   58e9   614b   698c   698b   612a   58e9   50c8   50a8   50e9   612a   58e9   50a8   58e9   71ac   824f   7a0e   69ac   614b   594b   616c   618c   616c   618c   69cd   722f   7a50   7a70   7a90   82b1   8b12   9b73   9bb4   a3b4   a393   9b72   9b52   9b52   8ad0   7a4e   828e   9b31   abb3   9b10   826e   824d   92cf   92cf   71cb   6128   58c7   5066   58a7   60e8   694a   712a   6909   60e9   60e9   60e8   60c8   58a7   58c7   60c7   60c8   60e8   6108   6929   6908   60e8   60c7   60c7   60c7   60e7   6908   7128   7928   8169   91ea   a24c   a26c   91ea   8148   70a5   6884   70c5   8947   a1e9   ba6b   c28b   c28b   c28b   c28b   ca8b   d2ac   d2cc   d2cc   d2ec   d2ec   db0c   db0c   db2c   db2d   db2d   db4d   db6d   db6d   db6d   db6d   db6d   d36d   d36d   db6d   db8d   db8e   dbae   dbce   dbee   e3ef   e40f   e42f   e44f   e450   e470   e490   e4b0   e4d1   e4f1   e4f1   e511   e511   e511   e531   e531   e551   e572   ed92   e5b2   e592   e5b2   e5d3   edf3   ee14   ee14   ee34   e614   e635   ee35   ee56   ee56   f657   f637   ee17   f638   d514   a36e   7a09   6126   58c5   58e5   6106   60c6   68e7   7148   7128   7148   7147   68e6   7126   91e9   bb6e   cc10   cbef   c3ae   bbad   c3ee   c3ee   c3ee   c3ee   c3ce   c3ce   c3ce   c3ce   c3ae   c3ae   c3ce   c3ce   c3cf   c3af   c3af   bbaf   bb8e   bb8f   bbaf   b38f   b38f   b38f   b38f   b38f   b36e   ab4e   ab4d   b34d   b34d   b32c   aaeb   b2eb   b30b   bb2c   c34c   c34c   c36c   b2e9   aae9   bb8b   cc6e   ed92   fe13   f633   f632   f652   fe93   fe93   f651   f651   fe32   fe32   f5d2   f5b2   e4f0   c3ed   b32a   9207   7924   7104   7926   8988   91c9   91c9   91a9   91c9   99ea   9a0a   9a0a   9a0a   a24b   aa8c   aa8c   a26b   a22a   9a0a   91e9   91ea   9a0a   9a0a   9a0a   9a2b  
 7a2b   828c   92ee   9b70   abd1   b412   b432   b432   bc73   bc53   bc32   b3f1   ab6f   92ac   79c9   6906   68c4   7105   89a7   aa6a   c32c   d3ae   e40f   e44f   ec90   ecb0   ecd0   ecf0   eccf   eccf   eccf   f4ef   eccf   eccf   e48f   e44e   d40e   cbcd   d430   ecf3   cbd0   a2ac   9a8c   89eb   79aa   4845   4825   4845   4846   4866   5087   50a7   58e8   6109   612a   614a   696a   614a   5909   50c8   58e9   58e9   50a8   50a8   698c   71cd   79ed   698c   5909   50a8   4867   4047   4867   614b   71ac   696b   50c9   50c9   696b   71cd   7a0e   69ac   614b   592b   616c   618c   69ad   69ad   69ee   7a4f   8290   8290   8290   8af2   9b53   a3b4   a3b4   abd4   9332   9311   a393   a3b3   9311   7a6e   7a6e   9b31   9310   92ef   826e   9b30   a351   824d   6949   58c7   5086   58a7   6909   714a   712a   6909   60e9   60e9   60e8   60c8   58a7   58c7   60c7   60c8   60e8   6108   6929   6908   60e8   60c7   60c7   60c7   68e7   7108   7928   7928   8168   91ea   aa6c   aa8d   9a2b   8968   70c5   6884   70a4   8926   a1e9   ba6b   c28b   c28b   c28b   c26b   ca8b   d2ac   d2cc   d2cc   db0c   db0c   db0c   db0c   db0c   db2d   db4d   db4d   db4d   db6d   db6d   db6d   db6d   db6d   db6d   db8d   db8d   dbae   dbae   e3ce   e3ce   e3ef   e40f   e42f   e44f   e450   e470   e490   e4b0   e4d1   e4d1   e4f1   e4f1   e4f1   e511   e511   e531   e551   e572   ed92   e592   e592   e5b2   edd3   ee14   ee34   ee14   e5f4   ee34   ee34   ee55   f676   f676   ee56   ee36   ee36   fe58   f638   dd14   9b2d   6987   58e5   58e5   58e5   5085   60c6   7148   7127   7127   7127   68e6   7106   91e9   bb6e   d410   cbef   bbae   bb8d   c3ee   c3ce   c3ee   c3ee   c3ee   c3ce   c3ce   c3ce   c3ce   c3ae   c3cf   c3cf   c3cf   c3cf   c3af   c3af   c3af   bbaf   bbaf   b3af   b38f   b38f   b38f   b38f   b36e   ab6e   ab4d   b36d   b34d   b34c   b32c   b30b   bb2b   bb2b   c34b   c36b   c36b   b30a   b32a   c3ec   dcaf   f5d2   fe33   fe53   f632   f652   feb3   fe93   ee51   ee31   fe32   fe13   fdd2   f592   dcaf   bb8b   a2a9   89c6   8166   8146   8967   91c9   9a0a   99ea   91c9   99e9   91c9   9a0a   a24b   aa4b   aa6c   aaac   b2ac   aa8c   a24b   9a0a   91e9   99ea   9a0a   9a0a   9a0a   9a4b  
 5968   720b   82ad   9b4f   abd1   b432   b453   bc73   bc93   c4b4   c473   bc32   abb0   9b0e   8a4b   6926   60a4   7105   8987   a26a   c34d   d3ae   dbef   e450   e46f   ecb0   ecd0   eccf   eccf   f4ef   f4ef   f4ef   f4ef   f4cf   ecaf   e46f   dc2e   d40f   dc30   dc51   c38f   a2cd   89ea   7149   60c7   5065   4845   5086   5087   5087   50a7   58e8   6109   612a   6109   5909   58e8   58e9   58e9   58e8   50a8   4866   4887   5909   71cc   822e   824e   696b   612a   58e9   5909   50a8   4867   616b   79ed   698b   50c9   50a8   612a   698c   7a0e   7a0e   71cd   594b   50ea   616c   71ce   69cd   618d   720f   7a4f   7a70   82b1   8b12   9312   9332   9b53   a393   a393   abd4   b415   abf4   9b72   828f   722d   71ec   9b31   a351   9b31   9b10   9b10   9af0   718a   5086   5066   58a7   60c8   716a   716a   6909   60e8   6929   60e8   58a7   58a7   58c7   58c7   60c7   60e8   6929   6929   6908   60e8   60c7   60c7   60c7   68c7   68e7   70e7   7927   8989   9a0a   aa6c   b28c   aa8c   89a9   7906   6043   70a4   8946   a1e9   b24a   ba6a   c26b   ca8b   ca8b   ca8b   ca8b   d2ab   d2cc   daec   daec   db0c   db2d   db2d   db4d   db4d   db4d   db4d   db6d   db6d   db6d   d34d   db6d   db6d   db8d   dbae   dbae   dbce   e3ce   e3ee   e40f   e40f   e42f   e42f   e44f   dc6f   dc70   dc90   dcb0   e4d0   e4d1   e4d0   e4d0   e4f1   e511   e511   e531   e551   e571   e572   e572   e592   e5b3   e5d3   e5d3   e5f4   e614   e614   e634   ee34   ee55   ee76   f676   f697   fe77   fe78   f637   edd7   d514   ab8e   7a09   6126   50c5   60e6   6927   6106   58a5   6906   7127   68c5   7126   922a   c36f   d411   c3cf   bbad   c3ae   c3ce   cc0e   c3ee   c3ee   c3ee   c3ee   c3ee   c3ce   c3ce   c3ce   c3ce   c3cf   c3cf   bbae   bbae   bbae   bb8e   bb8e   bb8f   b38e   b38f   b38f   b38f   b38f   b36e   ab6e   ab4d   ab4d   b34d   b34c   b32b   b30b   b32b   bb4b   c34b   c36b   c36b   bb6a   bb8b   cc2d   e50f   edb1   fe53   fe73   fe73   f672   f672   f692   fe92   fe73   fe32   fdf3   fdb2   ed31   d42e   b32a   9a27   89a6   8987   91a8   91c8   99c9   99ea   99ea   a20a   a22b   9a0a   a22b   aa6b   aa6b   aa6c   aa6c   aa6b   a24b   9a2a   9a0a   9a0a   9a0a   9a0a   9a2a   9a4b   9a4b  
 50e7   6189   7a2c   8ace   9b70   abf1   b432   bc73   bcb3   c4d4   c493   bc52   b3d1   a32e   8a6b   6126   58a4   7105   8187   a24a   c32d   d3ae   dc0f   e450   ec70   ecb0   ecd0   eccf   eccf   ecef   f4ef   f4ef   f4cf   eccf   ecaf   e46f   dc2e   d40f   d410   d431   c3b0   b32e   924c   79aa   60e7   5086   5066   58a7   5087   5087   5087   58c8   6129   694a   612a   5909   58e9   58e9   58e8   58c8   50c8   4887   5087   5909   71ed   822e   822e   614a   5909   5909   592a   50a8   4067   590a   71ac   71ac   612a   50e9   590a   614b   69ac   71cd   71ed   698c   614c   69ad   71ee   71ee   69ce   69ce   69cd   720e   8290   9312   8af1   8ad1   8ad1   9312   9332   a3b4   b436   b415   a3b3   9311   720c   5949   720d   8aaf   a351   ab92   abb2   a351   79ec   50a7   5066   5086   5887   6929   6929   60c8   60e8   6929   6909   58a7   58a7   58c7   58c7   60c7   60e8   6109   6929   6108   60e8   60c7   60c7   60c7   60a6   68a6   70c6   7907   9189   a22b   b28c   b2ad   aa8c   91c9   8126   6043   7084   8926   a1c8   b229   ba6a   c28b   caab   d2cc   d2ab   d2ab   d2cc   daec   d2ec   daec   db0c   db0c   db2d   db2d   db4d   db4d   db4d   db4d   db6d   db6d   db6d   db6d   db6d   db8d   dbae   dbae   dbae   e3ce   e3ee   e3ef   e40f   e42f   e42f   e44f   dc4f   dc6f   dc90   e4b0   e4b0   e4d0   e4d0   e4d1   e4f1   e4f1   e511   e511   e552   e552   e572   e572   e592   e5b3   e5d3   edd4   edf4   e5f4   e614   ee34   ee34   ee55   f675   f676   f676   f657   fe78   fe78   fe79   f617   ccb3   930d   71c8   5905   58c5   6106   6106   58c5   68e6   6906   60a5   7126   9a4b   c38f   d410   c3cf   c3ae   c3ce   c3ee   cc0e   c3ee   c3ee   c3ee   c3ee   c3ee   c3ce   c3ce   c3ce   c3ce   c3cf   c3cf   bbae   bbae   bbaf   bbaf   bb8e   bb8f   b3af   b38f   b38f   b38f   b38f   b38e   ab6e   ab4d   ab4d   b34d   b34c   b32b   b32b   bb4b   c38b   c38b   cbac   cbac   c3cb   c3ec   d48d   e550   edd1   fe53   fe73   fe93   fe93   fe93   fe93   fe93   fe73   fe12   fdd2   ed51   dc8f   c3ac   a2a9   91c6   8986   8987   91a8   99c9   99e9   99c9   99ea   9a0a   a22a   a24b   aa6c   b28c   aa8c   aa8c   aa6b   a24b   9a0a   91e9   9a0a   9a0a   9a2a   9a2a   9a4b   a26b   a26b  
 4085   5108   61aa   7a4c   8b0e   a3b1   b432   bc93   c4d4   c4f4   c4b4   c493   b411   a36f   8a8b   6146   58a3   68e4   8166   9a4a   c32d   d3ae   dc0f   e450   ec70   ecb0   ecd0   eccf   ecef   ecef   f4ef   ecee   f4ef   eccf   ec8e   e44e   dc2e   d3ee   cbcf   cbcf   c38f   b32e   9a8d   81aa   60e7   4846   5066   58c8   50a7   5087   5087   58c8   612a   696b   612a   58e9   58c8   58c8   50c8   58c8   58e9   50c8   50c8   6109   7a0d   824e   822e   6129   58e9   6109   614a   50c8   4046   50a8   612a   698c   696b   612a   612a   696b   696c   69ac   71ed   71ed   69ad   69cd   7a0f   7a2f   720f   720f   69cd   69cd   7a50   8ad1   82b1   8290   82b0   92f1   9312   a3b4   b436   b436   abf4   9331   61ab   4086   5108   71ec   9b31   b3f4   bc34   b3d3   8a4d   50a6   4845   5086   5066   6108   714a   60e8   6909   714a   6908   58a7   58a7   58c7   58a7   58c7   60e8   6108   6929   6108   60c8   60c7   60c7   60a6   6085   68a5   70c6   8127   91a9   aa4b   b28c   b2ac   aa8c   91c9   8147   6863   7083   8105   a1a8   b209   ba6a   c28b   d2cc   d2ec   daec   daec   dacc   daec   d2ec   daec   daec   db0c   db0d   db2d   db2d   db4d   db4d   db4d   db6d   db6d   db6c   db6d   db8d   db8d   dbae   dbae   dbae   dbce   e3ce   e3ef   e40f   e40f   e42f   dc2f   e44f   dc6f   dc8f   dcb0   dcb0   e4b0   e4d0   e4d1   e4d1   e4f1   e4f1   e511   e532   ed52   e552   e572   e593   e593   edb4   edd4   edd4   edf4   ee14   ee34   ee34   ee55   f655   f656   ee56   ee56   f637   fe78   feda   feba   e5b7   bc51   8aab   6166   50c4   58e5   58e6   58c5   60c5   60c5   60a4   7926   aaac   c3af   d3f0   c3ae   c3ae   c3ee   c3ee   cc0e   c3ee   c3ee   c3ee   c3ee   c3ee   c3ee   bbce   bbce   bbce   c3cf   bbcf   bbae   bbaf   bbaf   bbaf   bb8e   bbaf   bb8f   b38f   b38f   b3af   b38f   ab8e   ab6e   ab4d   ab4c   ab4c   ab4c   ab2b   b34b   bb6b   c3ac   cbec   d40d   d42d   d44d   d4ae   e50f   ed91   f5f2   fe53   fe73   fe93   fe93   fe93   fe93   fe73   fe32   fe13   f591   e4cf   cbec   b309   9a27   91c6   9186   9187   99a8   99e9   a1ea   99ea   99ea   a20a   a22a   aa6b   b28c   b28c   b28c   aa6b   a24b   9a0a   91e9   91c9   91e9   9a2a   9a2a   9a4b   9a4b   a26b   a26b  
 4045   48a6   5928   69ca   82cd   9b90   b432   c4d4   c4f4   cd15   c4d3   c493   bc32   a38f   8aac   6146   5083   60e4   7946   9a29   bb0c   d3ae   dbef   e450   ec90   ecb0   ecd0   eccf   ecef   ecef   ecee   ecce   f4ef   eccf   e48e   e44e   dc0e   cbce   c38d   bb4e   b32e   ab0e   9a8d   79aa   58a7   4825   5066   58c8   50a8   50a7   50a8   58e9   614a   694a   6109   50c8   5087   50a7   50c8   58e9   6109   58e8   58c8   6129   822e   8a8f   824e   6129   58e9   6109   694a   58e9   4867   4867   50a8   58e9   612a   696b   71ac   79cd   698c   698c   71ad   71cd   69ad   71cd   7a2f   8270   8270   8270   7a0f   69ce   71ee   7a2f   7a6f   8290   8ad1   9b53   9b73   a3b4   b415   b436   a3b4   82d0   594a   4086   48c8   61ab   92f0   b3f4   c4b6   bc34   928e   58a6   4845   5086   5066   6909   716a   6909   714a   714a   6909   60c7   58c7   58c7   58a7   58a7   58c8   6108   6929   6108   60c8   60c7   60a6   60a6   6085   68a5   70e6   8147   99c9   aa4b   b26b   aa4b   aa6b   91c9   8967   7084   78a4   8905   a1a8   b209   ba6a   c28b   d2cc   d2ec   daec   daec   daec   daed   daec   daec   daec   db0c   db0d   db2d   db2d   db4d   db4d   db4d   db6d   db4d   db6c   db6d   db8d   db8d   db8d   dbae   dbae   dbce   e3ce   e3ee   e40e   e40f   e42f   dc2f   dc4f   dc4f   dc6f   dc90   e4b0   dcb0   dcd0   e4d1   e4d1   e4f1   e4f1   e512   ed32   ed52   ed52   ed53   e573   ed93   edb3   edd4   edd4   edd4   ee14   ee34   ee34   f655   f655   f656   f656   f656   ee36   f658   fe99   fe9a   f638   d535   a38e   7208   50e5   50c5   58c5   58c5   58c5   58a4   60a4   7967   b2ed   cbb0   cbd0   c38e   c3ce   c3ee   c3ee   cc0e   c3ee   c3ee   c3ee   c3ee   c3ee   c3ee   bbce   bbce   bbce   bbce   bbce   bbae   bbaf   bbaf   bbaf   bbae   bbae   bb8f   b38f   b38f   b38f   b38f   ab8e   ab8e   ab4d   ab4c   ab4c   ab4b   ab4b   b34b   bb8b   c3cc   d42d   dc6e   e4ae   e4ef   e550   edb1   f612   f632   f653   fe73   fe93   fe93   fe93   fe73   f652   f612   fe13   ed50   d44d   bb4a   a288   9a07   99c7   99c7   99a8   99c9   a1ea   a20a   a20a   a20a   a24b   aa6b   aa6b   aa6b   aa6b   aa4b   a22a   9a0a   99e9   91c9   91e9   9a0a   9a2a   9a4b   9a4b   9a4a   9a4b   9a6b  
 3825   4886   50e7   6189   7a8c   936f   ac32   bcd4   cd15   cd15   c4d3   c493   bc32   a38f   8aac   6146   5083   60c4   7946   9a29   bb0d   d3af   dc0f   ec70   ec90   ecd0   f4f0   ecef   ecef   ecef   ecee   ecce   f4ef   eccf   ec8e   e44e   dc0e   cbce   c36d   b32d   b32e   b30e   9a8d   798a   58a7   4846   5087   58c8   58c8   58c8   58e9   6109   6129   6109   50c8   5087   4866   50a7   58e8   6129   6109   58c8   58c8   614a   8a6f   92b0   8a6f   612a   58e8   5909   614a   5909   4867   4887   4867   4867   58e9   718b   79ed   7a0e   71ad   696b   696c   69ad   69ad   71cd   7a2f   8270   8a91   8ab1   7a50   71ce   69cd   69cd   722e   8290   9312   abd5   abd5   a3b4   abd4   b415   9b93   724d   5149   40c7   5108   618a   8aef   bc35   d518   bc35   8a8e   58a6   4845   5066   5886   6929   716a   6909   716a   716a   6909   60c8   60e8   60c7   58a7   58a7   58c7   6108   6929   6108   60c7   60c7   60a6   60a6   6085   70c6   7906   8968   a1ea   aa4a   b22a   aa2a   a24a   91c9   8967   70a4   78c4   8926   a1c8   b22a   ba6a   c28b   d2cb   d2ec   daec   daec   daec   e30d   daec   daec   db0c   db0c   db2d   db2d   db2d   db4d   db4d   db4d   db4c   db4c   db4c   db6d   db6d   db8d   db8d   db8d   dbad   dbad   dbce   e3ee   e3ee   e3ee   e40e   dc2e   dc2f   dc4f   dc6f   dc8f   dc90   dcb0   dcb0   dcd0   dcd1   e4f1   e4f1   e511   e532   ed32   ed52   ed53   ed73   ed93   edb3   edb4   edd4   edd4   edf4   ee14   f614   f634   ee35   f655   f656   f677   f657   f657   f678   fe79   fe79   ee18   c492   92ec   5946   50c4   50a4   50a4   5884   5884   60c5   81a8   bb2e   cbb0   cbcf   bb8d   c3ce   c3ee   c3ed   c40e   c3ee   c3ee   c3ee   c3ee   c3ee   c3ee   bbce   bbce   bbce   bbce   bbce   bbae   bbae   bbae   bbaf   bbae   bbae   bb8e   b38e   b38e   b38f   b38e   ab8e   ab8e   ab6d   ab6d   ab4c   ab4b   ab6b   b38b   c3ec   cc2d   dcaf   e4ef   ed30   ed71   f5d2   f612   fe53   f653   fe93   fe93   fe93   fe93   fe73   fe73   f632   f5f2   fdd2   e4ef   c3cb   aac8   9a06   91c6   99c7   a1e8   a1e9   a1e9   a1e9   a20a   aa2a   aa4b   aa6b   aa8b   aa6b   aa4b   a22a   a20a   99e9   99c9   91c9   91e9   9a0a   9a2a   9a4b   9a4b   9a4a   9a4a   9a4b   9a6b  
 4046   4887   50c7   6169   7a6c   934f   ac12   bcd4   c4f4   cd15   c4d3   c493   b432   a38f   8a8c   6146   5063   60c4   7946   9a29   bb2d   d3af   e410   ec70   ec90   f4d0   f4f0   ecef   ecef   ecef   ecee   ecee   f4ef   eccf   ecaf   e46f   dc4f   d3ee   c38e   bb4e   bb6f   b32f   9a6d   7969   58a7   5086   58a8   58c8   58c8   58e9   6109   6109   58e9   58c8   5087   4867   4887   50c8   58e9   6109   58e8   50a7   58e8   698b   92b0   92d0   8a6e   6129   58c8   58e8   612a   5909   50a8   50a8   5087   4867   50c8   696b   71ac   71ac   696b   612a   612b   698c   69ad   71cd   7a2f   8270   8ab2   8ab1   7a50   71ee   69ee   69ee   722e   8270   92f1   abd5   abd5   a394   a3d4   abf5   9b93   722e   596a   48e8   48e8   596a   8af0   bc76   d518   abb3   7a0c   5086   4004   4845   58a7   7149   716a   7149   716a   716a   6909   60c8   60e8   60e8   58a7   58c7   58c7   6108   6108   6108   60c7   60c7   60c7   68c6   68a5   70c6   8127   91a9   a22a   b26b   b24a   aa2a   a24a   91c8   8987   78c4   78e5   8946   a1c8   ba4a   c26a   c28b   cacb   d2cc   d2cc   dacc   daec   e30d   db0d   db0d   db0c   db0d   db2d   db2d   db2d   db4d   db2c   db4d   db4c   db4c   db4c   db6c   db6d   db8d   db8d   db8d   dbad   dbad   dbce   dbce   dbee   dbee   dc0e   dc0e   dc2e   dc4f   dc6f   dc6f   dc8f   dc90   dcb0   dcd0   dcd0   dcd0   e4f1   e4f1   e511   ed32   ed32   ed52   ed73   ed93   ed93   edb4   edd4   edd4   edd4   edf4   ee14   ee14   ee15   f635   f656   f677   f677   f657   f658   f678   feba   fe9a   dd76   ac10   7209   5905   4863   4863   5063   5864   68e6   89e9   bb4f   cbd0   c3af   c38e   c3ce   c3ee   c3ed   c40e   c40e   c3ee   c3ee   c3ee   c3ee   c3ee   bbce   bbce   bbce   bbce   bbce   bbae   bbae   bbae   bbae   bb8e   bb8e   b38e   b38e   b38e   b38e   ab8e   ab6e   ab6e   ab6d   a34c   a34c   ab4b   ab8b   bbcc   cc4d   dcaf   ed30   ed71   f5b1   f5d2   f5f2   fe53   fe73   fe93   feb4   feb4   feb4   fe93   fe73   fe53   f612   f5d2   ed50   dc6d   bb6a   a287   9a06   91c6   99c7   a1e8   aa09   a1e9   a1e9   a1ea   aa2b   aa6b   b28b   aa6b   b26b   aa4a   a20a   99e9   99c9   91c9   99e9   99e9   9a0a   9a2a   9a4b   9a4b   9a4a   9a4b   9a6b   a26b  
 4067   4887   50c7   6169   7a6c   932f   a3f1   bcb3   bcd4   c4f4   c4d4   c4b3   b452   a38f   828b   5926   4862   60c4   7946   9a29   bb2d   d3af   dc10   ec70   f4b0   f4d0   f4f0   ecef   ecef   ed0f   ecee   ecee   f4ef   eccf   eccf   ec8f   e44f   d40f   cbaf   c38f   c370   ab0e   922c   6928   5887   5087   58a8   58a8   58e8   58e9   60e9   58e9   58c8   50a7   5087   5087   50a8   58c8   58c8   50c8   50a7   50a7   614a   820d   9b11   92b0   820d   58e9   50c8   50c8   6129   5909   50c8   58e9   58e9   58c8   58e9   6109   612a   612a   590a   58e9   590a   614b   696c   69ad   7a0e   7a2f   8a91   8a91   8270   7a0f   71ee   71ee   720e   7a4f   8ab0   a373   abb4   a3b4   abf5   ac15   a3b3   82b0   69cc   5129   48e8   596a   8af0   b435   c4b6   92f0   71ab   50a6   4004   4824   58c7   716a   714a   714a   798a   716a   6908   60e8   6108   60e7   58c7   58c7   58c7   6108   6108   60e8   60c7   60c7   60c7   68c7   68c6   7906   8967   99c9   aa2a   b28b   ba8b   ba8b   aa8b   9a09   9187   78c4   78e5   8946   a1e8   ba4a   c28a   ca8b   d2cb   d2cc   dacc   daec   daec   e30d   e30d   e30d   db0d   db0d   db2d   db2d   db2d   db2d   db2c   db2c   db4c   db4c   db4c   db4c   db6c   db8d   db8d   db8d   db8d   dbad   dbce   dbce   dbee   dbee   dc0e   dc0e   dc2e   dc2e   dc4f   dc6f   dc8f   dc8f   dcaf   dccf   dccf   dcd0   dcd0   e4f1   e511   e512   ed32   ed52   ed72   ed73   ed93   edb3   edb3   edd4   edd3   edf4   f5f4   f614   ee15   ee15   f636   f657   f677   ee37   ee57   f678   feba   feba   ee18   ccf4   9b4e   6988   4884   4043   4823   5063   7106   922a   c36f   cbd0   c3af   c3ae   cbee   cbee   c3ed   cc0e   c40e   c3ee   c3ee   c3ee   c3ee   c3ee   bbce   bbce   bbce   bbce   bbce   bbae   bbae   bbae   bbae   bb8e   b38e   b38e   b36e   ab6e   ab6e   ab6e   ab6e   ab6e   a36d   a34c   a36c   ab8c   b3cc   c42d   dccf   ed51   f5b2   fdd2   fdf2   f5f2   f612   f633   fe73   fe93   feb4   feb4   fe93   fe73   fe53   fe32   f5f2   edb1   dcae   cbeb   b308   a266   9a06   99e7   a1e8   aa09   aa09   a9e9   aa0a   aa2a   aa4b   aa6b   aa6b   aa6b   aa6b   aa2a   a209   99e9   99e9   99c9   9a09   a22a   a22a   9a4a   a24b   9a4b   9a6b   9a6b   9a6b   9a6b  
 4046   4867   48a7   6149   7a4c   8b0e   a3d1   b473   bcb3   c4f4   c4f4   c4d3   bc52   a38f   826b   5905   4862   58a3   7146   9a29   bb0d   d3af   dbef   e450   f4b0   f4d0   f4f0   ecf0   ecef   ecef   ed0f   f4ee   f4ef   f4ef   eccf   ecaf   e44f   d40f   cbae   c38e   bb6f   aaee   81cb   60e7   5886   58a7   58a8   5087   58e8   58e8   58c8   58a8   50a7   5087   50a8   58a8   58c8   58c8   50a7   4887   4887   50c8   718b   928f   a331   92af   79cc   50c8   50a8   50c8   6109   58e9   5909   5909   6109   612a   5909   50c8   50c8   58e9   50c9   50c9   58ea   612b   612b   616c   71ce   79ee   7a2f   8270   8270   7a2f   71ce   698d   69cd   7a2f   8290   9b52   a394   abd5   b415   b415   abd4   9311   7a4e   618b   5129   61ab   8af0   abf3   bc35   8a8e   7a0c   6128   4865   4825   60c7   7149   6909   6909   798a   716a   6908   60e8   6108   60e8   58c7   60c7   60c7   60e8   6108   60e8   60c7   60c7   68c7   68e7   70e6   7927   8988   99e9   aa4a   baab   c2ac   baac   bacc   a22a   91a8   78c4   78c4   8946   a1e8   ba6a   c28a   caab   d2cb   d2ec   daec   daec   db0c   db0c   e32d   e30d   e30d   db0c   db0c   db2c   db2c   db2c   db2c   db2c   db2c   db4c   db4c   db4c   db6c   db8d   db8d   db8d   db8d   dbad   dbad   dbce   e3ce   dbee   dbee   dc0e   dc0e   dc2e   dc4f   dc6f   dc6f   dc8f   dcaf   dcaf   dcb0   dcd0   e4d0   e4f1   e511   e512   ed32   ed52   ed72   ed73   ed93   edb3   edb4   edd4   edd4   edf4   f614   f615   ee15   edf5   ee16   ee16   f677   f657   f658   f658   fe99   feba   f659   e5b6   bc72   7a2a   50c4   4042   4822   5063   7126   9a4b   c38f   cbd0   cbcf   c3ce   cc0f   cc0e   c3ed   cc2e   c40e   c3ee   c3ee   c3ee   c3ee   c3ee   bbce   bbce   bbce   bbce   bbce   bbae   bb8e   bbae   bbae   b38e   b38e   b38e   b36e   ab6e   ab6e   ab6e   ab6e   ab6d   ab6d   ab6d   ab8c   b3cc   bc2d   ccaf   e571   fdf3   fdf3   fe13   fe13   f612   edf2   ee32   f673   fe93   fe93   fe93   fe73   fe73   fe33   fe12   f5b1   ed70   cc2c   bb6a   aaa8   9a26   9a06   a207   aa08   aa29   a9e9   aa09   aa2a   b24b   b26b   aa6b   aa6b   aa6b   aa4a   a20a   a1e9   99e9   99e9   99e9   a22a   a24b   a24b   a24b   a26b   a26b   a26b   a26b   9a6b   9a6b  
 4046   4866   4886   5928   7a0b   8aee   a3b0   b452   b493   c4f4   c514   c4f4   bc72   a3b0   8a8b   6126   4862   5062   7105   9a29   baec   d38e   e410   ec50   ec90   ecb0   ecd0   ecf0   ecf0   ecef   f4ef   f4ef   f50f   f510   f510   ecd0   e46f   d40f   cbae   c38e   c36f   a2ad   7969   60c6   5887   58a7   60e8   58c8   612a   6109   58a8   5087   4867   4887   50a8   50c8   50a8   5087   4866   4846   4887   614a   824e   a331   ab72   928f   694a   5087   5087   50a8   50c8   58e9   58e8   614a   696b   6109   58e9   50c8   50c8   58e9   50c9   50c9   50a9   50ea   50ea   590a   69ad   71ad   71ce   92f2   8ab1   8270   618d   592b   594c   722e   8ad0   a3b4   a3b4   a393   b3f5   a3b4   9311   9352   8af0   7a8f   69ec   7a6e   9b72   b3f4   bc14   a351   92ef   79eb   58e7   5086   60c8   6929   6929   6908   798a   7149   6908   6108   6108   6108   60e8   58a7   60c7   60e7   68e8   68c8   60a7   60a7   68c7   7107   78e6   8967   99e8   aa29   b28a   c2cc   c2cc   c2cc   c2ac   aa2a   9167   88e5   8905   9166   aa08   ba6a   c28a   cacb   d2ec   d30c   d2ec   db0c   db0c   db0c   e32c   e32d   db2c   db2c   db2c   db2c   db2c   db2c   db2c   db2c   db2c   db4c   db4c   db6c   db6c   db6c   db8d   db8d   db8d   db8d   db8e   dbae   e3ae   e3ce   e3ee   e3ee   dc0f   dc0f   dc2f   dc4f   e46f   e490   dc90   dcb0   e4b0   e4b0   e4d0   e4f1   e511   e512   e532   e532   e552   ed73   ed93   edb3   edb4   edb4   edf4   edd4   edf4   f615   f636   f656   f636   ee16   ee36   f657   fe78   fe79   fe99   fe99   fe79   f659   d534   930c   5945   4042   4842   5063   7146   9a6b   c38f   c38f   c3af   cbef   cbef   c3ee   c40e   c40e   c40e   c40e   c3ee   c3ee   bbce   bbcd   bbce   bbae   bbce   bbae   bbae   bbae   bbae   b3ae   b38e   b38e   ab8e   ab8e   ab6e   ab4e   ab4d   ab4d   ab4d   ab4d   ab4d   ab6c   ab8c   b3ed   c48e   dd51   edf3   fe54   fe74   fe53   f613   f612   ee32   f652   f673   f693   fe94   fe94   fe74   fe53   fe13   f5b2   ed51   e4cf   bb6b   b2c9   a247   9a27   a207   99e7   a1c7   a1c8   a1e8   a9e9   aa2a   b24a   b26b   b28b   b26b   aa4a   aa4a   a209   99c8   99c8   99e9   9a09   a22a   a26b   a26b   a26b   a26b   9a4b   9a4b   9a4b   9a4b   9a2b  
 4025   4046   4866   5908   71ea   8acd   a390   b452   bcb3   c4f4   c514   c4f4   bc72   abb0   8aac   6146   5083   5082   7105   9209   bacc   d38e   e40f   ec50   ec90   ecb0   ecd0   ecef   ecef   ecef   f4ef   f4ef   f4ef   f4ef   eccf   ecaf   e44f   d40e   cb8e   bb6e   b30d   9a4c   7148   60c7   58c7   58a7   60e8   58c8   6109   58e8   58a8   50a8   50a8   50a8   5087   5087   4866   4846   4887   50c8   614a   71cc   8a4e   92d0   9b11   8a4e   614a   50a7   5087   50a7   50a7   58c8   5909   614a   612a   5909   58e9   50c8   50a8   50a8   50c9   50ea   50c9   50ea   50ca   58ea   616c   614b   69ad   92f2   92f2   8291   69ad   592b   594b   720e   9311   a3d4   abf5   abf5   bc36   abd4   9312   9331   9331   8b31   8af0   9b72   abf4   b3d3   b3d3   a351   92cf   79ec   6128   60e8   6929   7149   6909   60e8   714a   6929   60e8   58e7   60e8   60e8   60e8   60c7   60c7   68e7   68e7   68c7   60a7   68a7   70c7   7907   8127   91a8   a229   b28a   bacb   c2cb   c2cc   c2ac   ba8c   aa0a   9167   8905   8905   9967   a9e9   b26a   c2ab   cacb   d30c   d30c   d2eb   d2eb   db0b   db0b   e32c   e32c   db2c   db2c   db2c   db2c   db2c   db2c   db2c   db2c   db2c   db2c   db4c   db6c   db6c   db6c   db6d   db6d   db6d   db8d   db8d   db8e   dbae   dbce   e3ce   dbee   e3ef   dc0f   dc0f   dc2f   e44f   e470   e470   e490   e490   e4b0   e4b1   e4d1   e4f1   e512   e532   e532   e553   e573   ed93   ed93   edb4   edb4   edd4   edf4   edf5   f615   f636   f656   f636   f636   f637   f657   fe78   fe78   fe79   fe79   fe79   f659   edf7   abef   7208   4883   4042   4842   7967   a28b   c38f   c3af   cbcf   cbef   cbef   c3ee   c3ee   bc0d   c40e   c40e   c3ee   bbed   bbce   bbcd   bbce   bbad   bbae   bbae   bbae   bbae   bbae   b3ae   b3ae   b3ae   ab8e   ab8e   ab6e   ab4e   ab4d   ab4d   ab4d   ab4d   ab4c   ab4c   ab8c   bc0d   d4d0   e5b2   f634   fe95   fe74   fe53   f633   f632   ee52   f673   f6b3   feb4   fe73   fe73   fe53   fe33   fdf3   f571   e4ef   d44e   b32a   aaa8   a227   9a07   a207   a1e7   a1c7   a1e8   a9e8   aa09   b22a   b24a   ba8b   b28b   b26b   aa4a   a22a   99e9   99c8   99e8   99e9   9a09   a22a   a26b   a26b   a24b   9a4b   9a2b   9a2b   9a2b   922b   920b  
 4005   4025   4045   50c7   71ca   8aad   9b90   b452   bcb4   c514   c514   c4f4   b472   abd0   92cd   6987   50a3   58a3   7105   91e8   b2ab   d36d   e40f   ec50   ec90   ecb0   ecd0   ecef   eccf   eccf   eccf   f4cf   f4ef   f4cf   ecaf   e48f   dc4f   d40e   cb8e   bb4e   aaac   920a   7128   6907   60e8   58a7   58c8   58c8   58c8   50a8   50a7   50a8   58c8   58c8   50a8   5087   4867   4887   50c8   614a   71cc   7a0d   822d   822e   8a8f   7a0d   612a   50c8   50a8   50a8   50a8   58c8   614a   6129   58e9   50c8   58e9   50a8   4887   4887   50c9   590a   590a   58ea   50e9   590a   614b   58ea   592b   8270   8ad1   8ad1   7a2f   69cd   720e   82b0   9332   a3b3   abf5   abf5   abd4   9b73   9332   9b72   9332   9b72   9bb3   ac14   ac14   9b51   92cf   826d   822d   718a   6108   60e8   6909   6929   60e8   60a7   6929   6908   6108   60e8   60e8   6108   60e8   60e7   60c7   68e7   68e7   68c7   60a7   68a7   70e7   7907   8968   99c8   b26a   c2ec   cb0c   c2cc   c2ab   c2ac   ba8b   a1e9   9147   8905   8926   9987   aa09   b26a   c2ab   caec   d30c   d30c   d2eb   d2eb   daeb   daeb   e32c   e32c   db2c   db2c   db2c   db2c   db2c   db2c   db2c   db2c   db2b   db2c   db4b   db4c   db6c   db6c   db6d   db6d   db6d   db6d   db8d   db8d   dbae   dbae   e3ce   dbce   dbee   dbee   dc0f   dc2f   dc2f   dc4f   dc6f   dc90   dc90   e4b0   e4b1   e4d1   e4f1   e512   e532   e532   e552   e573   ed93   ed93   edb4   edb4   edd4   edf4   edf5   f615   f636   f636   f636   f636   f657   f657   fe78   fe78   fe79   fe79   fe79   f658   fe79   c4b2   8aab   50c3   4021   4821   7987   a2ac   c3af   c3af   cbcf   cc0f   cc0f   c3ee   bbed   bbed   bc0d   bc0d   bbee   bbed   bbcd   bbcd   bbcd   bbcd   bbae   bbad   bbae   bbae   bbae   bbce   b3ce   b3ae   ab8e   ab8e   ab6e   ab4d   ab4d   ab4d   ab2d   ab2c   ab2c   ab4c   ab8c   c44e   dd31   f5f3   fe75   fe95   fe74   fe53   f652   f652   f673   f693   feb3   feb4   fe73   fe53   fe33   fe13   fdb2   ed30   d46e   c3cc   b30a   aaa9   a248   a228   a207   a1e7   a1e8   aa08   aa09   aa29   b24a   b26b   ba8b   b28b   b26a   aa4a   a209   99e9   99c8   99e8   9a09   a22a   a22a   a24b   a24b   a24b   9a2b   9a2a   920a   920a   920a   91ea  
 4026   4026   4046   50c7   69aa   82ad   9b90   b453   bcb4   c515   c514   bcd3   b472   abd0   92ed   69a8   58c4   58a3   7105   91e8   b2ab   cb6d   e40f   ec50   ec90   ecb0   ecd0   eccf   eccf   eccf   eccf   f4cf   f4ef   f4cf   ecaf   e48f   dc4f   d40e   cb8e   bb6e   aaed   922b   7148   7148   6908   5887   58a8   58a8   50a8   5087   5087   5087   50a8   58c8   58e9   58e9   58e9   58e9   6109   694a   698b   718b   71ab   71ab   824e   79ec   694a   58e8   58c8   58c8   58e8   6129   696a   5909   50a8   50a8   58e9   50c8   4887   5088   58ea   612b   592b   590a   590a   612b   616c   58ea   48c9   69ad   7a2f   8290   8ab1   8ab1   9312   9b73   9352   9b73   a3b4   a393   92f1   8ab0   9311   9b93   b436   b476   bc96   bc96   b435   9b31   7a2d   6169   6969   58e8   50a6   58a7   60e8   6909   6908   60e8   60e8   60e8   6108   6108   6908   6908   60e8   60c7   60c7   60e7   68c7   60a7   68a7   68a7   78e7   8127   8988   99e9   b28a   cb0c   cb2d   cacc   c2ab   c2cc   ba8b   a1e9   9147   8906   9126   99a7   aa09   b26a   c2cb   caec   d30c   d30c   d2eb   d2eb   daeb   daeb   e32c   e32c   db2c   db2c   db2c   db2c   db2c   db2c   db2c   db2c   db2b   db2c   db4b   db4c   db4c   db4c   db4c   db4d   db4d   db6d   db6d   db8d   db8d   dbae   dbae   dbce   dbee   dbee   dc0e   dc0f   dc2f   dc4f   dc6f   dc6f   dc90   dc90   e4b0   e4d1   e4f1   e512   e532   e532   e552   e573   ed93   ed93   edb4   edb4   edd4   edf5   ee15   f635   ee36   f636   f636   f657   f657   f678   f678   f658   f678   fe78   fe78   fe58   f638   d514   9b4d   5904   4041   4821   81e8   aaec   c3af   c3af   cbef   cc0f   cc0f   c3ee   bbed   bbed   bc0d   bc0d   bbed   bbed   bbcd   bbcd   bbcd   bbcd   bbce   bbad   bbae   b3ae   bbae   bbce   bbce   b3ae   b38e   ab8e   ab6e   ab4d   ab4d   ab4d   ab2c   ab2c   ab2c   ab4c   b3cd   cc6f   e551   f5f3   fe54   fe74   fe53   fe52   f632   f652   f672   feb3   feb3   feb3   fe73   fe53   fe13   fdd2   f571   ecf0   d40d   c38b   bb0a   b2c9   aa89   aa68   a208   a1e7   a1e8   aa08   aa09   b22a   b24a   b26b   b28b   b28b   aa4a   a229   99e9   99e8   99e8   99e9   9a09   a22a   a24a   a24b   a24b   9a4a   9a2a   920a   920a   920a   91ea   89ea  
 4026   4046   4046   50a7   698a   828d   9b70   b453   bcb3   c514   c514   c4f4   bc72   abf0   930d   69a7   58c4   58a3   7105   91e8   b2ab   cb6d   e40f   ec50   ec90   ecb0   eccf   eccf   eccf   eccf   eccf   f4cf   f4ef   f4cf   eccf   ec8f   dc4f   d3ee   cbae   c38f   bb2e   9a6c   7969   7149   6909   5887   5087   58a8   5087   50a8   50a8   50a8   50a8   58c8   58e9   612a   614a   694a   694a   612a   5909   58e9   6129   696b   822e   79ed   694a   58e9   58e8   58e8   5909   694a   698b   6129   50a8   4887   50c8   50a8   4887   50a8   58e9   612b   612b   592a   592a   696c   71cd   612b   50e9   592a   594b   69ad   8270   92f2   9b74   a394   9b73   9b73   a393   a373   8ad1   826f   7a6f   828f   8af0   9351   a3d3   ac14   b434   abd3   9b30   8aae   92cf   824d   79eb   79ab   716a   6929   60c7   5886   6929   6929   6929   6929   6908   60e8   60e8   60c7   60c7   60c7   60c7   60a7   68a7   70c7   7908   8948   91a8   a209   ba8b   cb0c   cb0c   cacb   caab   cacc   baac   a1e9   9147   8926   9147   99a8   aa29   ba8a   c2cb   caec   d30c   d30c   d2eb   d2eb   db0b   db0c   e32c   e32c   e32c   e32c   db2c   db2c   db2c   db2c   db2c   db2c   db2b   db2b   db2c   db4c   db4c   db4c   db4c   db4c   db4d   db6d   db6d   db8d   db8d   dbad   dbae   dbce   dbee   dbee   dc0e   dc2e   dc2f   dc4f   dc6f   dc6f   dc90   dc90   e4b0   e4d1   e4f1   e512   e532   e532   e552   e573   ed73   ed93   edb4   edb4   edd4   edd5   ee15   f616   ee16   ee16   ee36   ee56   f657   f677   f657   f658   f658   f678   f678   f658   f617   e595   b410   69a6   5082   4841   9249   b34e   c38f   c3af   c3cf   cc0f   cc0f   c40e   c3ee   bc0d   bc0d   bc0d   bbed   bbed   bbed   bbcd   bbcd   bbcd   bbce   bbce   bbce   b3cd   bbce   bbce   b3ce   b3ae   b38e   ab8e   ab6e   ab6e   ab4d   ab4d   ab2c   ab0c   ab2b   b38c   bc0d   d4af   e551   f5f3   fe34   fe53   fe53   f632   f631   f651   f672   feb3   feb3   fe93   fe73   fe33   fdd2   fd71   f510   e48f   d3ec   c34a   bb0a   b2ca   b2a9   aa68   a208   a1e7   a1e8   a9e8   aa29   b24a   b24a   b26a   b26b   b26a   aa4a   a209   99e9   99e9   99e9   9a09   a22a   a24a   a24b   a24a   9a2a   9a2a   920a   920a   920a   91ea   89ea   89e9  
 4047   4046   4046   4887   616a   7a6d   934f   ac32   b493   bcf4   c514   c4f4   bc93   abf0   930d   71a8   58e4   58a3   7125   91e8   b2ab   cb6d   e3ef   ec4f   ec90   ecb0   eccf   eccf   eccf   eccf   eccf   f4cf   f4ef   f4cf   eccf   ec8f   dc2f   d3ee   cbae   c38f   bb2e   9a6c   7969   7128   60e8   5887   5888   58a8   5087   58c8   58e9   58e8   58a8   50a8   58c8   58e9   6109   612a   694a   6129   58c8   50a8   5909   696b   822d   79ec   696a   58e9   58c8   58c8   58e8   612a   696b   614a   58c8   50a8   50a8   50a8   4887   50a8   50c9   590a   590a   592a   614b   69ac   71ed   616b   510a   48c9   4088   48c9   69cd   8290   9b73   9b53   9b73   9b52   9b52   9b73   9b32   8ab0   69cd   512a   596a   61cb   7a8e   82cf   82cf   8acf   828e   8a8e   8aae   8a8e   928e   9aaf   9aaf   9a6e   924d   8a0d   8a0c   81ec   79ab   716a   6929   68e8   60c8   60c7   60a7   60a7   60a7   68c7   70c7   7908   8148   9188   a1e9   b24a   c2cb   caec   caec   caab   caab   cacc   baac   a1e9   8947   8926   9167   a1c8   b24a   baab   c2cb   cb0c   d30c   d30c   d30c   db0c   db0c   db0c   e32c   e32c   e32c   e32c   db2c   db2c   db2c   db2c   db2c   db2c   db2b   db2b   db2b   db2c   db4b   db4c   db4c   db4c   db4d   db6d   db6d   e38d   db8d   dbad   dbae   dbce   dbee   dbee   dc0e   dc0e   dc2f   dc4f   dc4f   dc6f   dc6f   dc90   dc90   dcd0   e4d1   e511   e532   e532   e552   e573   ed73   ed93   ed93   edb4   e5b4   edd5   edf5   ee15   ee16   ee36   ee36   ee36   ee57   f657   f657   f657   f657   f678   f678   f658   f658   f617   d4d3   8249   58e4   4841   926a   b36e   c3af   c3ae   c3cf   cc0f   cc0f   c40e   c3ee   bc0e   bc0d   bc0d   bbed   bbed   bbed   bbed   bbcd   bbcd   bbee   bbee   bbce   bbce   bbce   bbce   b3ce   b3ae   b3ae   ab8e   ab6e   ab6d   b34d   ab4d   ab2c   ab0b   ab2c   b38c   c42e   dcd0   ed72   f5f3   fe34   fe54   fe32   f631   f631   f651   fe92   feb3   feb3   fe93   fe52   fe12   fd91   f510   e48f   dc0d   cb8b   c32a   baea   baca   b2a9   aa68   aa28   aa08   aa08   aa29   aa29   b24a   b24a   b24a   aa4a   aa2a   a209   a209   99e9   9a09   9a09   a22a   a24a   a26b   a24b   9a4a   9a2a   920a   920a   91e9   91ea   91ea   89ea   89e9  
 4047   4047   4026   4887   614a   7a4c   932f   a3f1   b493   bcf4   bcf4   c514   bcb3   ac11   9b2d   71e8   5904   60c4   7125   91e8   b2ab   cb4d   e3ef   ec4f   ec90   ecb0   eccf   eccf   eccf   eccf   eccf   f4cf   f4ef   f4cf   ecaf   e46f   dc2f   d3ef   cbae   c38f   b30e   9a4c   7128   68e8   60c8   58a7   58c8   58c8   58a8   58e8   60e9   58e9   58a8   50a8   50a8   58c8   58e9   6109   612a   6109   58c8   58c8   6109   696b   79ed   71cc   694a   58e9   58c8   50a8   50a8   5909   6129   614a   612a   58c8   50a8   5087   4887   50a8   50c9   58e9   58e9   592a   614b   69ac   71ed   616b   50e9   48c9   48a8   48c9   61ac   7a4e   9332   9332   9b52   9312   8af1   9312   9b32   92f1   720e   594a   48c8   48e8   598a   69eb   61cb   618a   6189   7a0c   71cb   79cb   820c   924d   9a8e   9a8e   9a8e   9a8e   926e   924d   820c   79ab   7149   6908   60c7   6087   60a7   60a7   68c7   68c7   7108   8148   9189   99c9   aa0a   ba8b   caec   d2ec   cacb   caab   caab   cacc   ba8c   a1c9   8947   8946   9988   a1e9   b26a   c2cb   caec   d30c   d32d   d32c   d30c   d30c   db2c   db2c   e32c   e32c   e32c   e32c   db2c   db2c   db2c   db2c   db2c   db2c   db2b   db2b   db2b   db2c   db2c   db2c   db4c   db4c   db4c   db4d   e36d   e36d   db8d   db8d   dbad   dbce   dbee   dbee   dbee   dc0e   dc2e   dc2f   dc4f   dc4f   dc6f   dc6f   dc90   dcb0   e4d0   e4f1   e512   e512   e532   e552   e573   e593   ed93   e593   e5b4   edd5   edf5   edf5   ee16   ee16   ee36   ee36   ee36   ee56   ee57   ee57   f657   f677   f678   f657   f658   fe79   e595   9aeb   6985   4861   926a   b32d   c3ae   c3ae   c3ce   cbef   c40f   c3ee   c3ee   c40e   bc0d   bc0d   bc0e   bc0d   bbed   bbed   bbed   bbed   bbee   bbee   bbee   bbee   bbee   b3ce   b3cd   b3ae   b3ae   b38e   b36e   ab6d   b36d   b34d   ab2c   ab0b   ab4c   b38c   c40e   dccf   ed92   fdf3   fe34   fe53   fe31   f611   f610   f651   fe92   feb3   fe93   fe72   fe32   fdd2   f550   ecaf   dc0d   cb8c   c32a   bac9   baea   baca   b2a9   aa49   aa28   aa28   aa29   aa29   aa29   b249   b24a   aa29   aa29   a209   a209   99e8   9a09   9a09   a22a   a24a   a24a   a26b   a24b   9a2a   920a   920a   91e9   91e9   920a   920a   89ea   89ea  
 4847   4047   4026   4887   6149   722c   8b0f   a3d1   ac73   bcd4   bcf4   bcf4   bcb3   ac31   9b4e   7a09   6125   60e4   7125   91e8   b28a   cb4d   e3ef   ec4f   ec70   ec8f   ecaf   eccf   eccf   eccf   eccf   f4cf   f4ef   f4cf   ecaf   e46f   e44f   dc0f   d3af   c38f   b2ee   922b   7128   60c7   60c8   58a8   60c9   58c9   58c8   58e8   58e8   58c8   50a8   50a8   58a8   58c8   58e9   5909   6109   6109   58e9   58e9   612a   696b   71ab   718b   612a   58e9   58e8   50a8   50a8   58e8   58c8   614a   614a   58e9   50a8   50a8   5087   50c8   50c8   58e9   58e9   612a   616b   698c   71cd   616b   50e9   510a   594b   596b   69ed   722e   8af1   8af1   9332   8b11   82b0   8290   92d1   9312   8ad0   828f   69cc   5129   596a   598a   5148   4085   3004   48a6   4886   5086   58c7   6908   714a   798a   81ab   81ec   8a0c   81ec   79cb   79ab   796a   7129   68c8   6087   6086   60a7   68c7   70e7   7928   8968   91c9   a1e9   aa09   ba8b   caec   d2ec   caab   caab   d2cb   cacc   b26b   99a9   8926   8947   99a8   aa09   b26a   c2cb   caec   d32c   db4c   db2c   d30c   db2c   db2c   db2c   e32c   e32c   e32c   e32c   db2c   db2c   db2c   db2c   db2c   db2c   db2b   db2b   db2b   db2b   db2c   db2c   db2c   db2c   db4c   db4c   db6d   db6d   e38d   db8d   dbad   dbce   dbce   dbee   dbee   dc0e   dc0e   dc2e   dc2f   dc4f   dc4f   dc6f   dc6f   dc90   dcb0   dcd1   e4f1   e512   e532   e552   e573   e573   ed73   e593   e5b4   e5d5   edd5   edf5   ee16   ee16   ee36   ee36   ee36   ee36   ee57   ee57   ee57   f677   f677   f657   f617   fe79   f5f7   ab8d   7a07   5082   928a   ab2c   c3ae   c3ae   c3ce   cbef   c3ee   c3ee   c3ee   bc0e   bc0e   bc0e   bc0e   bc0d   bc0d   bbee   bbee   bbed   b3ce   b3ce   bbee   bbee   bbee   bbee   b3cd   b3ae   b3ae   b38e   b36e   b36d   b36d   b34d   ab2c   ab2b   b32b   b36b   c3ed   d4af   ed71   fdf3   fe13   fe12   f611   f610   f610   f651   fe92   feb2   fe92   fe72   fe12   fdd1   f530   e48e   dbcc   cb4b   c2c9   ba89   baca   baaa   b289   aa49   aa08   aa08   aa08   aa08   aa29   aa49   aa4a   aa29   a209   a209   99e8   99c8   9a09   9a29   a22a   a24a   a24a   a26b   a24a   920a   920a   920a   920a   920a   920a   920a   920a   920a  
 4868   4047   4006   4887   6149   71eb   82ce   9bb1   ac52   b4d3   bcf4   c514   bcd3   b452   9b6e   7a09   6125   60e4   7946   91e8   b28a   d36d   e3ef   ec50   ec8f   ecaf   eccf   eccf   eccf   eccf   f4cf   f4ce   f4cf   f4cf   ecaf   ec8f   e44f   dc0f   d3cf   cbaf   b30e   9a4b   7128   60c7   60c8   58a8   60c9   58c9   58a8   58a8   5087   5087   50a8   58c8   6109   6129   692a   612a   6109   6109   58e9   58e9   5909   6129   612a   612a   6109   58e9   58e9   5909   58e8   50a7   58e8   58e8   612a   614a   58c8   4887   5087   50a8   58e9   5088   590a   616b   592a   696b   71cd   616b   592a   618c   69cd   7a4f   722e   8290   7a8f   82b0   8af1   9332   8ad1   8ab0   824f   9b12   abb4   a393   7a6f   61cb   5149   618a   61aa   4907   4086   50c7   50a6   6108   6949   6908   60c7   58a7   60e8   6909   6929   716a   79cb   81ec   81ab   7129   60a7   5866   6086   60a6   68c7   7928   8968   91a9   99e9   aa2a   b26b   c28b   cacc   cacc   cacc   cacc   caab   c28b   aa0a   9188   8926   9187   a1e9   aa2a   ba8a   c2ec   cb0c   d32c   db4d   db4c   db2c   db4d   db4d   db2d   e32c   e32c   e32c   e32c   e32c   e32c   db2c   db2c   db0b   db0b   db2c   db2c   db2c   db2c   db4c   db4c   db2c   db2c   db2c   db4c   db4c   db6d   db6d   db8d   dbad   dbad   dbce   dbce   dbee   dc0e   dc0e   dc2f   dc4e   dc4f   dc4f   dc6f   dc90   dc90   e4b0   e4d1   e4f1   e511   e532   e552   e552   e573   e573   ed93   e594   e5b4   e5d5   edf5   edf5   edf5   ee16   ee16   ee36   ee36   ee56   ee56   ee56   ee57   f657   f657   f637   fe98   f617   c471   8aaa   6124   8a49   b34c   bbae   c3ef   cbef   c3ee   c3ee   c40e   c3ee   bbcd   bbee   bc0e   bbee   bbed   b3ed   bbee   bbee   bbee   bbee   bbee   bbee   bbee   bbee   b3ce   b3ce   b3ae   b38e   b38e   b38e   b38e   b36e   b34d   b34c   bb6c   b34b   b36b   bbac   cc4d   e510   f591   fdd2   f5d1   f611   f5f0   f610   f630   fe71   fe92   fe72   fe52   fdf2   fd91   f4ef   dc2d   cb4b   c2c9   baa9   baaa   baaa   baaa   b28a   b249   aa08   a208   a208   aa29   aa29   aa29   a209   99e8   99c8   91c8   99e9   9a09   9a4a   a24a   a24a   a24b   9a4a   9a2a   9a2a   9a2a   9a2a   920a   920a   920a   920a   920a   920a   920a  
 4868   4847   4026   4887   5929   71eb   82ce   9bb1   ac72   bcd3   bcf4   c514   c4d3   b452   9b6e   7a09   6125   60e4   7946   91e8   b28a   d36d   e3ce   ec2f   ec6f   ec8f   ecaf   eccf   eccf   ecce   ecce   f4ce   f4ce   f4ce   ecaf   e46e   dc4e   dc0f   d3cf   cbb0   bb4f   a28c   7969   6908   60c8   5888   58a8   58a8   5087   5087   5087   58a8   58e8   6109   612a   694a   694a   692a   6109   58e9   58c8   50c8   58e8   5909   5909   6129   6129   6109   6109   6129   5909   58c8   50c8   58c8   612a   612a   50c8   4887   50c8   58e9   590a   58c9   592a   696b   614b   696b   69ac   698c   69ac   69ac   69cd   7a4e   7a4f   7a6f   7a8f   82d0   8b11   9b52   9312   8ab0   7a0e   8270   9b12   a373   92f1   7a6e   69ec   61cb   69aa   5948   48c6   48a6   50c7   58e8   6128   6108   60c7   58a7   60e8   6909   58a7   58a7   58a7   60c7   60c8   60a7   6087   6087   6086   6086   70c7   7927   8988   99c8   a209   b24a   b24a   c28b   caac   caac   cacc   cacc   caab   ba6b   a1e9   9167   8926   9988   aa09   b24a   baab   caec   d30c   d32c   db4c   db4c   db4d   db4d   e34d   db4c   db2c   db2c   e32c   db2c   e32c   db2c   db2c   db2c   db0b   db0b   db2c   db2c   db2c   db2c   db2c   db2c   db2c   db2c   db2c   db4c   db4c   db6d   e36d   e38d   db8d   dbad   dbce   dbce   dbee   dbee   dc0e   dc2f   dc4f   dc4f   dc4f   dc6f   dc6f   dc90   e4b0   e4d0   e4f1   e511   e532   e532   e552   e552   ed73   e593   e594   e5b4   edd5   edd5   edf5   edf5   edf5   ee16   ee36   ee36   ee36   ee36   ee56   ee56   ee56   f657   f637   fe78   fe58   dd54   ab8d   79c6   9289   b36d   c3cf   c3ce   c3ce   c3ce   c3ce   c3ee   c3ee   c3ce   bbce   bbee   bbce   bbce   bbce   bbce   bbee   bbee   bbee   bbee   bbee   bbee   bbee   b3ce   b3ce   b3ae   b3ae   b38e   b38e   bb8e   bb8e   b36d   bb6d   bb8c   bb6c   b36b   bb8b   c3ec   d46d   e50f   ed70   f590   f5b0   edcf   f5f0   f631   fe71   fe72   fe52   fe52   fe12   fd91   f4ef   dc0d   cb2a   baa9   ba69   ba69   ba8a   b26a   b249   aa29   aa08   a208   a208   aa29   aa29   a209   99e8   99c8   91a8   91c8   99e9   9a09   a26b   a26b   a26b   9a4a   9a2a   920a   920a   920a   920a   920a   920a   920a   922b   922b   922b   922b  
 5068   4847   4026   4867   5908   69ca   82ad   9bb0   ac52   b4d3   bcf4   c515   c4d3   b452   a38f   7a4a   6945   60e4   7946   91e8   b28a   d36d   e3ce   ec2f   ec6f   ec8f   ecaf   eccf   eccf   ecce   ecce   f4ce   f4ce   f4ce   ecaf   e48e   dc2e   d40e   d3ef   d3d0   c390   aace   81aa   7149   68e9   5888   5888   5067   5067   5087   58a8   58e9   6109   692a   694a   696a   694a   612a   58e9   58c8   58a8   58a8   58c8   6109   6129   614a   612a   6109   6109   6109   6109   58e9   58c8   58e8   612a   612a   50c8   4887   58c8   612a   612a   610a   614b   698c   696b   614b   698c   71ed   71ed   616b   594b   69ac   7a8f   82d0   9312   9352   9312   9b53   8af1   8270   69ac   71ad   7a0e   92f1   9b12   9311   8aaf   826e   826e   7a0c   6169   50e7   50c7   58e7   6108   58e7   58a7   60c7   60e8   6908   58c7   58a7   58a7   60c7   68e8   68c8   68a7   6887   6066   6886   70c6   8127   9188   99e8   aa29   b26a   b24a   c28b   c2ac   caac   cacc   cacd   c28b   b22a   9988   8926   8906   99a8   b22a   b26a   c2aa   cb0c   d32c   db2c   db4d   db4c   db4c   e34d   e34d   db4c   db4c   db4c   db4c   db4c   db4c   db2c   db2c   db2c   db2c   db2c   db2c   db2c   db2c   db2c   db2c   db2c   db2c   db2c   db2c   db2c   db4c   db6c   e36d   e38d   db8d   dbad   dbad   dbcd   dbee   dbee   dc0e   dc2e   dc2f   dc4f   dc4f   dc4f   dc6f   dc6f   dc90   e4b0   e4d1   e4f1   e511   e532   e532   e552   ed73   e573   e594   e5b4   edd5   edd5   edf5   edf5   ee15   ee15   ee36   ee36   ee36   ee36   ee36   ee56   ee57   ee57   f637   fe58   fe98   f617   cc91   92aa   9aca   b38d   c3ef   c3ae   bb8d   c38e   c3ae   c3ae   c3ce   c3ce   c3ce   bbce   bbce   bbee   bbee   bbee   bbee   bbee   bbee   bbee   bbce   bbee   bbee   bbce   b3ce   b3ae   b3ae   b38e   b38e   bb8e   bbae   bb8d   bb8d   bb8c   bb8c   bb6b   bb6a   bb8a   c3eb   d44c   dcce   e50e   e54e   ed8e   f5d0   fe31   fe72   fe72   fe52   fe32   fdf2   fd91   ecaf   d3cc   c30a   ba89   ba69   ba69   b26a   b24a   aa29   aa08   a208   a208   a208   a209   a229   99e8   91c8   89a7   91a7   91c8   99e9   9a0a   a26b   a26b   9a4b   9a2a   920a   920a   920a   920a   920a   920a   920a   922b   922b   922b   922b   922b  
 4867   4847   4826   4866   50e7   6189   828c   9b90   ac32   b4b3   bcf4   c514   bcd3   b452   a3af   826a   7166   6904   7966   9a08   b2aa   d36d   e3ce   ec2f   ec8f   ecaf   eccf   eccf   eccf   eccf   f4ce   f4ce   f4ee   f4ef   f4cf   ec8e   dc2e   dc0e   d3ef   d3f0   cbb0   aaee   89ca   796a   6929   58a8   5887   5067   5047   5087   58c8   6109   692a   694a   694a   694a   6109   58e9   58c8   58c8   58c8   58c8   58e9   6129   696a   696a   6129   58e9   58e9   612a   694a   614a   5909   58e9   612a   612a   50c8   50a8   58c8   58e9   610a   614b   696b   696b   616b   590a   614b   720e   826f   618c   512a   510a   720e   7a8f   8af1   8ad1   8af1   9312   8ab1   824f   69ac   614b   612a   7a2e   92d1   9b31   a352   a392   ab92   9b10   79eb   6128   50a6   58c7   58c7   58c7   60c7   60c8   60e8   6108   58c7   58a7   58a7   60e8   68e8   68c8   6087   6046   6886   70c6   7906   8947   91a7   a208   b249   ba6a   ba6a   c2ac   cacc   c2ac   cacd   caed   ba8c   a9e9   9147   8105   8926   a1e9   ba6a   ba8a   c2ab   d30c   d30c   db2c   db4c   db4c   db4c   e34d   e34d   e34d   db4c   db4c   db4c   db4c   db4c   db4c   db2c   db2c   db2c   db2c   db2c   db2c   db2c   db2c   db2c   db2c   db2c   db2c   db2c   db2c   db4c   db4c   db6d   e36d   e38d   e38d   dbad   dbad   dbcd   dbee   dbee   dc0e   dc2e   dc2e   dc4f   dc4f   dc4f   dc6f   dc90   e490   e4d0   e4f1   e511   e511   e532   e532   ed52   e573   ed93   e5b4   edd4   edd5   edf5   edf5   ee15   ee16   ee36   ee36   ee36   ee56   ee56   ee57   f657   f657   f657   f658   fe78   fe57   dd33   b3ae   ab4c   b36d   c3ef   bb6d   b32c   b32c   bb4d   bb4d   bb4d   c38e   bb8e   bbae   c3ae   c3cf   c3cf   bbcf   bbcf   bbcf   bbcf   bbcf   b3ce   bbcf   bbef   bbcf   b3cf   b3ae   bbaf   b38e   b38e   bb8e   bb8e   c3ae   c3ad   c3ad   c38c   bb8b   c38b   c3ab   c3aa   c3ea   cc2b   d46c   dccd   e54e   f5d0   fe31   fe52   fe72   fe52   fe32   fdb2   f530   e46e   cb8b   baca   b269   b249   ba49   b26a   b24a   aa09   a1e8   a1e8   a1e8   a208   a208   9a09   91c8   89a7   8987   89a8   91e9   9a0a   9a2a   9a4b   9a4b   9a2b   920a   920a   920a   920a   922a   922a   922a   922b   922b   922b   920a   89ea   89c9  
 5067   4866   4825   4866   50c7   6168   7a6c   936f   ac32   b4b3   bcd3   bcf4   bcb3   b452   abb0   8a8b   71a7   6925   7966   9a08   b2aa   cb4d   dbce   ec2f   ec6f   ec8f   ecaf   eccf   eccf   eccf   f4ce   f4ce   f4ef   f4ef   f4cf   ec8e   dc2e   d3ee   d3ce   cbcf   c36f   aacd   89ca   798a   7149   60c8   58a8   5087   5067   58a8   60e9   612a   692a   6109   6109   60e9   58c8   50a8   50a8   58c8   58e8   58e9   6109   6129   694a   612a   58e9   58c8   5909   696a   718b   696b   6109   58e8   5909   612a   58e9   50c8   50c8   50c9   58ea   694b   696c   696b   612b   50a9   58ea   71ed   8290   720e   618c   48c9   512a   618c   6a2e   6a0d   724f   8290   8ad1   8ad1   7a0e   696c   58c9   71ac   8a6f   92f0   a372   b3f4   bc14   a330   71cb   58e7   5086   50a7   58c7   58c7   60c7   60e8   60e8   60e8   58c7   58a7   5886   5886   5887   6087   6087   68a7   70c6   78e6   8127   9187   99c7   aa28   b269   baaa   c2ab   cacc   caed   cacd   cace   c2cd   b24b   99a8   8926   8106   9167   aa29   c2ab   c2ab   cacb   d30c   d32c   db2c   e34c   e34c   e34c   e36d   e36d   e34c   e34c   db6c   db6c   db6c   db6c   db4c   db4c   db4c   db4c   db4c   db4c   db4c   db4c   db2c   db2c   db2c   db2c   db2c   db2c   db2c   db4c   db4c   db6c   db6d   e38d   db8d   e3ad   dbad   dbcd   dbce   dbee   dc0e   dc0e   dc0e   dc2e   dc2f   dc4f   dc4f   dc6f   e490   e4b0   e4d1   e4f1   e511   e512   e532   ed52   ed53   e573   e594   edb4   edd5   edf5   ee15   ee16   ee36   ee36   ee36   ee56   ee56   ee57   f657   f677   f677   f678   f658   fe58   f637   ed95   d4b1   b3ae   ab4c   bb8e   ab0c   a2aa   a2ab   aacb   aacb   aacb   b30c   b32c   b32d   bb4d   bb6e   bb8e   bbaf   bbcf   bbcf   bbcf   bbcf   b3cf   b3cf   bbcf   bbcf   b3cf   b3ae   bbaf   b3ae   b38e   bb8e   bbae   c3ce   cbee   cbee   c3cc   c3cc   cbcc   c3cb   c3aa   bbaa   c3ca   cc0b   d48c   e52e   f5b0   fe11   fe52   fe53   fe53   fe33   f571   ecf0   dc2d   c34b   baa9   b268   b249   b249   b24a   aa2a   a1e9   a1c8   a1e9   a209   a209   9a09   91e8   91c8   89a7   89a8   91c8   920a   9a2a   9a4b   9a2b   9a2a   920a   91ea   91ea   920a   922a   922b   922b   922b   922b   920b   8a0a   89ca   81a9   7988  
 5067   4866   4845   4865   50c6   6148   7a4b   934f   ac32   b4b3   bcf3   bcf4   bcb3   b452   abd0   8aab   79c8   6925   7966   91e8   b28a   cb2d   dbae   ec0f   ec6f   ec8f   ecaf   eccf   eccf   ecce   ecce   f4ce   f4ef   f4ee   f4ce   ec8e   dc2e   d3ed   cbae   c38e   bb2e   a2ad   89ca   81aa   796a   60e8   60a8   5087   5087   58c8   60e9   6109   6109   58e9   58c8   58a8   50a7   5087   50a8   58e8   6109   6109   60e9   6109   612a   6129   5909   5909   612a   696b   696b   612a   58e9   50c8   58e9   5909   58e9   58c8   50c8   50a8   58ea   694b   696c   614b   590a   48a8   50c9   69ac   824f   82b0   7a6f   594b   40a8   40c8   514a   596b   516b   69cd   8ab0   92f1   7a0e   696c   58c9   71ac   820e   8a8f   9af0   ab72   ab72   8a8e   6949   50c6   5086   50a7   58c7   58c7   60c7   60e8   60e8   58c7   58c7   58c7   58a7   58a7   5866   6066   6887   70c7   70a6   78e6   8947   91a7   a1e7   b269   baaa   c2aa   c2cb   caec   caed   caee   c2ce   ba8c   a1ea   9167   80e5   8926   99a8   b24a   c2ab   cacb   cacb   d30b   db0b   db4c   e34c   e34c   e34c   e36d   e36d   e34c   e36d   e36d   e36d   e36d   e36d   db6c   db6c   db4c   db4c   db4c   db4c   db4c   db4c   db4c   db2c   db2c   db2c   db2c   db2c   db2c   db4c   db4c   db6c   db6c   e38d   e38d   e38d   e3ad   dbad   dbcd   e3ce   dbee   dbee   dc0e   dc0e   dc2e   dc2f   dc4f   dc6f   e490   e490   e4b0   e4d1   e4f1   e511   e512   ed32   ed52   e573   e593   edb4   edd4   edd5   ee15   ee16   ee36   ee36   ee36   ee36   ee56   ee57   ee57   f657   f657   f678   f678   f658   fe58   f5f6   ed95   c40f   a30b   a2eb   9a8a   9249   9a49   9a49   9a29   9a49   a26a   a28b   a2ab   aacc   b30d   b32d   bb6e   bb8e   bb8e   bbaf   b3ae   b3af   b3cf   bbef   bbf0   bbcf   bbaf   b3af   bbaf   bbaf   bbae   c3ce   cbef   d40f   d40e   d40d   cbed   cbec   cbcb   c3aa   bb89   c3ca   cc2b   dcad   ed2f   fdd1   fe12   fe32   fe53   fe33   fdf2   f571   e4cf   d40d   c34b   b2a9   b248   aa29   aa29   a1e9   a1e9   a1c9   a1e9   a209   a209   9a09   99e8   91a7   89a8   89c8   89c9   9209   9a2a   9a4b   9a4b   9a2b   920a   91ea   91ea   91ea   920a   920b   922b   922b   922b   920a   89ea   81c9   8189   7968   7147  
 5067   4866   4845   4865   50c6   5947   722a   8b2e   ac31   bcb3   c4f4   c514   c4b3   bc72   abf1   92ec   8208   7145   7966   91e8   b26a   cb2c   db8d   e40f   ec4f   ec6e   ec8f   ecae   ecae   ecce   ecce   f4ce   f4ee   f4ce   f4ce   ec8e   e44e   d3ed   cb8d   c34d   bb2e   a2ac   89ca   81aa   796a   60e8   60c8   5087   5087   58c8   60e9   60e9   58e9   58a8   50a8   5087   50a8   50a8   58c8   6109   6129   6109   6109   6109   6129   612a   612a   612a   694a   696b   6129   58c8   50c8   50a7   50c8   58e9   58c8   50c8   50c8   50a8   58e9   612b   694b   612b   590a   58ea   592b   69ac   8290   9b33   9b53   7a6f   512a   40a8   40a8   48e9   490a   512a   720e   7a4f   696c   614b   58ea   79ed   820e   8a6e   8a8f   92af   8a8e   79eb   6108   50a6   58c7   58c7   58c7   58c7   58a7   60c7   58c7   58a7   58a7   58a7   58a7   58a7   5886   5866   6067   6886   78c6   8107   9167   99c7   aa28   b269   baaa   c2ca   c2cb   c2cc   c2cd   caee   baad   aa2b   9189   8127   80e5   9167   aa09   ba8b   c2cb   caeb   caeb   d2eb   db0b   db2c   e34c   e34c   e34c   e34c   e36d   e34c   e36d   e36d   e36d   e36d   db6d   db6d   db6c   db6c   db4c   db4c   db4c   db4c   db4c   db4c   db4c   db2c   db2c   db4c   db2c   db2c   db4c   db4c   db4c   db6c   e38d   e38d   e38d   dbad   dbad   dbad   e3ce   dbee   dbee   dc0e   dc0e   dc2e   dc2e   dc4f   dc4f   e46f   dc90   e4b0   e4d1   e4f1   e511   e511   ed32   e552   e553   e593   ed94   edb4   edd4   edf5   edf5   ee16   ee36   ee36   ee36   ee37   ee37   f657   f657   f657   f678   f658   f658   fe78   fe37   f617   c450   a32c   8a28   8a08   89c7   89c7   89c7   91c8   91e8   9209   9a09   9a09   9a4a   a28b   a2ac   aaec   ab0d   ab2d   ab4d   ab4d   ab4d   ab6e   b38f   bbaf   b3af   b38f   b36e   b38e   bbaf   c3cf   c3ef   cc0f   d42f   d42e   d42e   d40c   cbcb   c3aa   bb89   bb89   cbea   d46c   e4ce   f570   fdf2   fe33   fe33   fe33   fdf2   f5b1   ed10   dc8f   d3cc   bb0a   b289   aa28   aa08   a1e8   9988   99a8   a1c9   a1e9   a20a   a209   99c8   91a8   8987   89a8   91e9   920a   9a2a   9a4b   9a4b   9a4b   9a2b   920b   91ea   91ea   920a   920b   922b   924b   922b   922b   89ea   81ca   8189   7968   7127   7107  
 5066   4846   4825   4845   50a6   5927   720a   8b0d   a3f0   b492   c4f4   cd35   c4f4   c493   b431   9b0d   8229   7166   7966   91e8   aa6a   cb2c   db8d   e40e   ec4f   ec6f   ecaf   ecaf   ecaf   ecce   ecce   f4ce   f4ce   f4ce   f4ce   ecae   e44e   d3ed   cb8d   bb4d   b32d   a2ac   89ea   81cb   796a   60e8   58c8   5087   5087   58a8   58c8   58e9   58c8   58a8   50a8   5087   58c8   58c8   58e8   6109   694a   692a   6129   6109   58e9   6129   612a   614a   694a   694a   6129   58c8   50c8   5087   50a8   58e9   50a8   5087   50a8   50a8   58c9   58ea   612b   612b   612b   614b   698c   71cd   7a2f   9312   9b53   9332   69ee   596c   510a   512b   596b   48e9   616b   618c   50ea   612b   612b   7a0d   8a6f   92af   8a8f   822d   7a0c   718a   60e8   5086   58e7   58e7   58c7   58a7   58a7   58a7   58a7   58a7   58a7   58a7   5886   5887   5887   6087   70c8   78e8   8107   8967   99c8   a208   b249   baaa   c2ca   c2cb   c2ab   baab   c2ac   c2cd   baad   a20a   8948   80e6   8105   99a8   b26a   c2cb   caec   d30c   d30c   d30b   db0b   db4c   e34c   e34c   e34c   e34c   e36d   e34c   e36d   e36d   e36d   db6d   e36d   db6c   db6c   db6c   db4c   db4c   db4c   db4c   db4c   db4c   db2c   db2c   db4c   db2c   db2c   db2c   db2c   db4c   db4c   db6c   e36d   e38d   e38d   dbad   dbad   dbad   e3ce   e3ce   e3ee   dc0e   dc0e   dc0e   dc2e   dc2e   dc4f   dc6f   e470   e4b0   e4b0   e4d1   e4f1   e511   e532   e552   e552   e573   ed94   edb4   edd4   edf4   edf5   ee15   ee36   ee36   ee36   ee57   ee37   f657   f657   f657   f678   f657   f658   fe78   fe57   fe37   c470   ab6d   79c6   81a7   81a6   8186   8987   8987   89a7   91a8   89a8   89a8   91e9   9209   9a2a   9a4a   9a6b   9a8b   9aab   9aab   9aac   9aec   a32d   ab4e   ab4e   ab4e   ab2d   b36e   bbaf   c3cf   cbef   cc0f   d40f   d40e   d42d   cbec   c3cb   c3aa   bb89   bba9   cc0a   d48c   e50e   f5b1   fe33   fe53   fe53   fe13   f5b2   ed51   dcaf   d42d   c36b   b2c9   aa48   a207   99c7   99a7   9167   9988   a1c9   a20a   a22a   99e9   91a7   8967   8987   89c8   9209   9a4a   9a4b   9a4b   9a4b   9a2b   922b   920a   91ea   91ea   920b   9a2b   9a4c   9a6c   9a4c   922b   89ea   81a9   7968   7127   7107   68e6  
 5066   4846   4866   4865   50a5   5927   69e9   932d   a3f0   bcb3   c514   cd34   c4d3   c493   bc32   a32e   8a6a   7166   7986   89c7   aaaa   c32c   dbad   e40e   e44f   ec6f   ec8f   ecaf   ecaf   ecce   ecce   f4ee   f4ee   f4ee   f4ce   ecae   e46e   dc2e   cbad   bb4c   aaec   a2ac   8a0a   89eb   798a   60e8   60c8   5087   5067   50a7   58c8   58c8   50a8   5087   50a7   50a8   58c8   58e8   6109   6109   6109   6109   612a   612a   58e9   58e8   6109   694a   696b   694a   6109   58e9   50a8   50c8   58c9   50a8   50a8   58c9   50a9   5088   50c9   58e9   610a   612a   612a   696b   71cd   824f   8270   8290   92f1   9b53   9312   7a4f   61ac   596b   618c   594b   594b   616c   614b   614b   71ac   7a0d   8a4f   820d   79ec   79cc   694a   5908   58e8   58c7   58e8   58e7   58c7   58a7   58a6   58a6   58a7   58a7   5887   5887   5867   5867   6087   68a7   78e8   8128   8968   91a8   a1e9   aa2a   ba6a   ba8a   c2ab   c2ab   baab   c2ab   c2cc   baac   aa2a   9188   8927   80e5   9146   a1e8   ba6a   c2cb   d30c   db2d   db2c   d30b   db2c   db2b   db4c   db4c   db4c   e34c   e34c   e34c   e34c   e34c   db4c   db4c   e34c   db6c   e34c   db4c   db4c   db4c   db4c   db4c   db4c   db4c   db4c   db4c   db2c   db2c   db2c   db4c   db4c   db4c   db4c   db6c   db6c   db8d   db8d   db8d   db8d   dbad   dbad   e3ce   dbce   dbee   dbee   dc0e   dc0e   dc2e   e44f   e46f   e46f   e490   e4b0   e4d0   e4d0   e511   e511   e532   e552   e573   ed93   edb4   edd4   edf5   edf5   ee16   ee16   ee36   ee57   ee57   ee57   ee57   ee57   f657   f657   f657   ee37   fe78   fe99   fe38   dd13   ab6d   79c7   79a7   81a7   8187   89a8   91c8   8987   91a8   89a8   89a8   89a8   89a8   89c8   89c8   89e9   89c9   89e9   81e9   8a0a   926b   9aac   9acd   9acd   9aac   a2cc   ab0d   bb6f   c3b0   c3d0   cbef   cbef   cbcd   cbec   cc0c   cc0b   c3ea   bbc9   bbc9   c42a   d4cc   e56f   f611   fe53   fe74   fe54   fdf3   f5b3   e511   d44e   c3ac   b2e9   a247   91c6   91a6   9186   99a7   9167   99a8   a1ea   a20a   9a0a   91c9   8988   8167   89a8   89c9   920a   9a4b   9a4b   9a4a   9a4b   9a4b   922b   920a   8a0a   920b   922b   9a4c   9a4c   9a6c   924c   922b   89ea   8189   7948   7107   68e6   60c6  
 4846   4825   4845   4845   4885   5906   69c9   8b0d   a410   bcd3   cd55   cd55   cd14   ccd3   c472   a36e   8a6a   7166   7966   89a6   aa89   c32b   d3ad   e40e   ec4f   ec6f   ec8f   ecaf   ecaf   ecce   ecce   f4ee   f4ee   f4ee   ecce   ecae   e46e   dc2e   c38c   b32c   aacc   a28c   920a   89eb   798a   6108   60e8   58a8   5087   50a8   58a8   50a8   5087   5067   5087   50a7   58c8   60e9   6109   6109   60e9   60e9   6109   612a   58e9   58e8   5909   614a   696b   694a   612a   58e9   58e9   58e9   50a8   5088   5088   58c9   58c9   58c9   58c9   58e9   58e9   58e9   58e9   612a   71ac   7a0e   824f   826f   8ab0   9b32   9b53   9312   7a6f   71ee   596b   596b   69ad   7a2e   7a2e   7a0e   71ed   71ac   694b   6109   6109   612a   6109   58e8   58e8   58e8   58c8   58c7   58c7   58a7   58a6   5886   5886   5886   5887   5867   5867   5887   6087   68a7   7908   8148   91a8   99e8   aa2a   b24a   ba8b   c2ab   c2ab   c2ab   c2cb   c2cb   baab   aa29   9167   80e5   80e6   8927   a1c8   b249   c2ab   caeb   d32c   db4d   db2c   db0c   db2c   db2b   db4c   db4c   db4c   e34c   e34d   e34d   e34c   e34c   db4c   e34c   e34c   e34c   e34c   e34c   db4c   db4c   db4c   db4c   db4c   db4c   db4c   db4c   db2c   db2c   db2c   db2c   db4c   db4c   db4c   db4c   db6c   db6d   e38d   db8d   db8d   db8d   dbad   e3ce   dbce   dbee   dbee   dc0e   dc0e   dc2e   dc4f   e46f   e46f   e46f   e490   e4b0   e4d0   e4f1   e511   e531   e552   e553   ed73   edb4   edd4   edf4   edf5   ee15   ee16   ee36   ee36   ee36   ee37   ee57   ee57   ee57   f657   f657   f637   fe78   fe99   fe38   e554   b3ef   8228   81c7   81c8   89c8   91c8   91e8   91a8   91c8   89a8   89a8   89a7   8987   8188   8188   8167   7987   7988   7988   7988   79a9   81ea   820a   820a   820a   922b   9a6b   aacd   ab0d   b32e   bb4e   c3ae   cbed   d42d   d46d   d46c   cc2a   c40a   c409   cc6b   dd0d   e5af   f631   fe73   fe74   fe34   f5d3   ed52   d48f   c3ac   b32b   a268   91c6   8985   8945   8965   8966   9167   9188   99c9   99c9   91c9   91a8   8988   8188   89c9   920a   9a2a   9a4b   9a4b   9a2b   922a   922b   920b   8a0a   89ea   920b   922c   9a4c   9a4c   9a4c   922b   8a0b   81ca   7969   7127   68e7   60c6   60c6  
 4825   4825   4845   4845   4885   5906   69c9   8aed   a410   bcb3   cd35   cd55   cd14   ccf4   c493   ab8f   928a   7186   7966   89a6   aa89   c30b   d3ad   e40e   e44f   ec6f   ec8f   ecaf   ecae   ecae   ecce   f4ee   f4ee   f4ee   ecce   ecae   e46e   dc0e   c36c   aaeb   a2ab   9a8b   920b   89eb   798a   6108   60e9   58e8   58a8   58c8   58c8   50a8   5087   5087   50a8   58c8   6109   6109   6109   6109   58c8   58c8   6109   694a   58e8   58e8   58e9   6129   694a   614a   612a   6109   612a   58e9   50a8   50a8   50a9   58c9   58e9   58ea   58e9   58e9   58e9   50a8   48a8   50a8   590a   614b   69ad   824f   92f2   a373   a374   a373   9332   8af1   7a4f   722e   7a4f   826f   824f   824f   71ed   614b   50a8   4867   4887   58c8   58e8   58e8   58e8   50a7   50a7   58a7   58a7   58a7   58a6   5886   5866   5066   5886   5886   5887   60a7   68c7   70e8   8129   8969   99e9   a229   aa4a   ba8b   c28b   c2ab   cacb   c2cb   c2ab   baab   b24a   9167   7083   7043   80e6   99a8   ba8b   c2ec   cb2c   d32c   db2c   db4d   db2c   db0c   db2c   db2c   db2c   db4c   db4c   db4c   e34d   e34d   e34c   e34c   db4c   e34c   e34c   e34c   e34c   e34c   db4c   db4c   db4c   db4c   db4c   db4c   db4c   db4c   db2c   db2c   db2c   db2c   db4c   db4c   db4c   db4c   db4c   db6c   db8d   db8d   db8d   db8d   dbad   dbad   dbcd   dbce   dbee   dc0e   dc0e   dc2e   dc4f   e44f   e44f   e46f   e490   e4b0   e4b0   e4f0   e511   e511   e532   e552   e573   e593   edb4   edd4   e5f5   e615   e615   ee16   ee36   ee36   ee37   ee37   ee37   ee57   f657   f678   f657   fe78   fe78   f637   ed95   cc71   9acb   81e8   81e8   8a08   91e8   91e9   99e9   99e9   91c9   91c8   89a8   89a8   8188   8167   7947   7147   7947   7127   6906   6906   6927   6947   6947   6947   7167   7988   81c9   920a   9a4a   a2ab   bb4c   cc0e   dc8f   e4ef   e4ee   dccd   d48b   cc6b   d4ac   e54e   edf0   fe52   fe53   fe54   fe14   ed92   dcd1   cc0e   ab0a   a288   89e6   8164   8124   8124   8125   8946   9168   9168   9188   8988   8988   89a8   89a9   91c9   9a0a   9a2b   9a4b   9a4b   9a4b   922a   920a   920a   89ea   89ea   89eb   922b   9a4c   9a6c   9a6c   924c   8a0b   89ca   8189   7128   68e7   60c6   60c6   60a6  
 5046   5046   5066   4865   50a6   5947   71e9   8b0d   a3f0   b4b3   c514   cd55   cd35   ccf4   ccb4   b3d0   9aab   79a7   7986   81a6   a269   bb0b   d3ad   e40e   e44e   e46f   ec8f   ec8f   ecae   ecae   ecce   ecee   f50e   f4ee   f4ce   ecae   e48f   d40e   bb4c   aaca   a28a   9a6b   920b   81cb   716a   60e8   60e9   58e8   58c8   58c8   58c8   58c8   58c8   58c8   58e9   6109   6109   6129   6129   58e9   58c8   58c8   6109   694a   58e8   58e8   6109   612a   612a   6109   6109   610a   612a   58e9   58c9   58e9   58ea   58c9   50a9   50a9   58c9   58e9   58e9   50c9   48a8   4888   4888   48a8   590a   71ee   92f1   9b32   9b53   a394   a394   9b53   92f2   8ad1   8290   7a2e   7a0e   7a2e   7a0d   696b   50c8   4866   4866   50c8   58e8   58e8   50c7   4866   5087   5086   58a7   58a6   5886   5886   5865   5045   5866   5866   5887   60c7   68e7   7908   8169   91a9   9a0a   aa4a   b26b   ba8b   c28b   c2cc   c2cb   c2ab   ba8b   b249   9987   80e4   6842   7083   9147   aa2a   c2cb   cb0c   d34d   d34c   db2c   db2c   db2c   db0c   db2c   db2c   db2c   db4c   db2c   db4c   e34d   e34d   e34c   e34c   db4c   db4c   e34c   e34c   e34c   e34c   db4c   db4c   db4c   db4c   db4c   db4c   db4c   db2c   db2c   db2c   db2c   db2c   db2c   db4c   db4c   db4c   db4c   db6c   db6d   db6d   db8d   db8d   dbad   dbad   dbad   dbcd   dbee   dbee   dc0e   dc0e   dc2f   dc4f   e44f   e46f   e46f   e490   e4b0   dcd0   e4f1   e511   e532   e532   e573   e593   e5b4   e5d4   e5d5   e5f5   e615   ee16   ee36   ee36   ee37   ee37   ee57   f657   f657   f678   f678   f678   f657   f637   edf7   dd14   b3ae   8a49   8a08   9229   9229   9a2a   9a2a   9a09   9a0a   9a09   91e9   91c9   89c8   81a8   8168   7967   7968   7147   6906   6906   60e6   60e6   60c6   58a5   60a5   60a4   60c5   7126   8187   9229   b34c   d44f   e4f0   ed50   ed70   e52f   dced   d4cc   dced   ed8f   f611   fe52   fe33   fe13   f5d3   e532   d46f   bb8c   9a89   9207   8185   7924   7924   8125   8946   8946   9188   9168   8948   8947   8968   91c9   9a0a   9a2b   9a6b   9a6b   9a4b   9a2b   920a   89ea   89e9   89ea   89ea   89ea   920b   922c   9a6c   9a6d   9a4c   922b   89ea   81a9   7968   7107   60c6   60c6   60a6   60a6  
 60c8   60e8   6108   58e7   6107   6988   720a   8b0d   a3f0   b492   c514   d575   d555   d535   d4f4   bc31   9b0c   81c7   81a6   81a6   a269   bb0a   d3ad   e40e   e44e   ec6f   ec8f   ecaf   ecaf   ecce   ecce   f4ee   f50f   f50f   f4ef   eccf   e48f   d40e   bb4c   aaaa   a26b   9a6b   8a0b   81ca   6929   58a7   58c8   58c8   58c8   58c8   58e8   58e8   58c8   58c8   58e8   58e9   6109   6109   6109   58e8   50a8   58a8   6109   694a   58e8   6109   614a   696a   612a   5909   5909   6109   612a   5909   58e9   610a   5909   50a8   4887   4867   5088   50c8   58e9   58e9   50c9   50c9   50c9   50c9   50c9   592a   698c   7a2e   9312   abb5   abb4   9b33   92f2   8ad1   8290   7a2e   7a0e   826f   8a8f   7a2e   612a   5087   4866   50a7   58c8   58e8   50c7   4886   5086   5086   5886   58a6   5886   5865   5065   5045   5045   5866   6086   68c7   7107   7948   8989   99ea   a22a   aa6a   b28b   ba8b   c28b   c2ab   c28b   ba6a   b26a   99c7   80e4   7062   7083   8926   a9e9   baac   baab   c2eb   d30c   d32c   db2c   db2c   db2c   db2c   db2c   db2c   db2c   db4c   db2c   db4c   e34c   e34d   e34c   e34c   db4c   db4c   e34c   e36d   e34c   e34c   db4c   db4c   db4c   db4c   db4c   db4c   db4c   db4c   db2c   db2c   db2c   db2c   db2c   db4c   db4c   db4c   db6c   db6c   db6d   db6d   db8d   db8d   dbad   dbad   dbad   dbcd   dbce   dbee   dbee   dc0e   dc2e   dc2f   e44f   e44f   e46f   e490   e4b0   e4d0   e4f1   dd11   e512   e532   e553   e573   e594   e5b4   edd5   e5f5   e615   e616   ee36   ee36   ee37   ee37   ee57   f658   ee57   f678   f678   f678   ee37   f617   f637   ed95   c451   92ab   8a09   9249   9a4a   a28b   a26b   a24a   a24b   a24b   9a2a   9a0a   920a   89e9   89a9   81a9   8188   7968   7147   6927   6907   60e6   58a5   5885   5864   5023   5022   6084   7146   9229   bb8d   dcb1   ed31   f571   f570   e52e   dced   d4cd   dd0e   edb0   fe12   fe53   fe13   fdf3   f593   dcd0   c3cd   a2ea   8a07   81a6   7944   7924   8125   8146   8946   8967   9188   8968   8948   8968   8989   91ea   a24b   a26c   a26c   9a4b   922b   89ea   89c9   81c9   89c9   89ca   89ea   8a0b   922b   9a4c   9a6c   9a8d   9a4c   8a0b   81ca   81a9   7968   6907   68e6   60c6   60c6   60c6  
 716a   718a   798a   6969   7189   71ca   7a2a   8b0d   a3f0   b492   c514   d575   d576   d555   d515   c452   a34d   8a08   81c7   89c6   a289   bb0a   d3ad   dc0e   e44f   e46f   ecb0   eccf   eccf   eccf   ecee   f4ee   f50f   f50f   f50f   eccf   e48f   d3ed   bb2b   a2aa   a28b   9a8c   8a0b   798a   6908   5087   58a8   5087   58c8   58e8   58e9   60e9   58e9   58c8   58c8   58a8   58e8   58e9   58e9   58c8   50a8   50a8   58e8   6109   6109   6129   694a   696a   614a   6109   6109   6129   612a   6109   58e9   58e9   58c9   50a8   4867   4867   4888   50a8   58c9   50c9   50c9   5909   590a   590a   50c9   48a8   48a8   594b   826f   a373   abb4   a373   a394   9b53   92f1   826f   7a2e   8a90   92d1   92b0   71cc   5909   4887   4887   5087   50a7   58c8   50a7   5086   5087   5886   5886   5886   5865   5865   5045   5865   5886   68c7   7128   7948   8189   91ca   a22b   aa6b   b2ac   baac   baac   c28b   c28b   ba6a   b229   a1c8   8925   7062   6842   80c4   99a7   b26a   c2cc   c2ec   cb2c   db4c   db4d   db4d   db2c   db2c   db2c   db2c   db2c   db2c   db4c   db4c   db4c   e34c   e34c   e34c   e34c   db4c   db4c   e34c   e36d   e36d   e34c   db4c   db4c   db4c   db4c   db4c   db4c   db4c   db4c   db4c   db4c   db2c   db2c   db2c   db4c   db4c   db4c   db6c   db6c   db6c   db6c   db8d   db8d   db8d   dbad   dbad   dbad   dbcd   dbee   dbee   dc0e   dc2e   dc2e   e42f   e44f   e46f   e490   e490   e4b0   e4f0   e4f1   e512   e532   e552   e573   e593   e5b4   e5d5   e5f5   e5f5   e5f5   e616   ee16   ee16   ee37   ee57   f657   ee57   f678   ee78   f678   ee37   ee37   fe58   edf7   d4d3   a30c   8a29   8a29   926a   a2ab   a28b   a28b   a26b   a26b   a24b   9a2b   9a2a   920a   89e9   89c9   8188   7968   7948   7148   7128   6907   60c6   5885   5864   5023   5022   5883   7146   9a6a   c3ee   ed12   f592   f592   ed50   dcee   d4cd   d4cd   e54f   f5f1   fe32   fe54   fe13   f5d3   e532   c40e   ab0b   8a27   7965   7945   7924   7925   8126   8126   8147   8947   8968   8968   8968   8989   91ca   9a0b   9a4c   a26c   9a4b   922b   89ea   81a9   81a9   81a9   89c9   89ca   8a0b   922b   9a4c   9a6c   9a6c   9a6c   924c   89ea   81ca   81a9   7968   7128   6907   68e7   68e7   68e7  
 81cc   81ec   820c   79cb   79ea   822b   826b   932d   a3f0   b472   c4f3   cd55   d555   d555   d515   c451   ab6e   8a29   89e7   89e6   a289   bb0a   d38c   dc0e   e44e   e46f   ecb0   ecd0   f4ef   ecef   ecef   ecee   f4ef   f50f   f510   eccf   e46f   cbcd   bb2b   a2ab   a2ac   a2ad   8a0b   798a   60e8   5067   5088   5087   58c8   58e8   60e9   6109   58e9   58c8   58a8   50a8   58c8   58e9   58e9   58c8   58a8   50a8   58c8   58e9   6109   6109   6129   612a   612a   612a   6129   6129   610a   610a   5909   58c8   50a8   5088   5088   5088   50a8   50c8   58c8   50c8   50c9   590a   612a   592a   50e9   50c8   50c9   592a   69ac   7a4f   92f1   9b53   abb4   abb4   a353   92f1   8a90   8ab0   92b0   8a6f   79ed   612a   50a7   4887   4867   5087   58a7   58a7   5087   5087   5886   5886   5886   5865   5865   5865   60a6   60c7   7108   7968   8189   89c9   9a0a   aa4b   b2ac   bacc   c2cc   ba8b   ba6b   ba4a   a9e8   9987   8905   80c3   7882   80c3   9166   aa09   ba8b   c2ec   d34d   d34d   db6d   e36d   e34c   db2c   db2c   db2c   db2c   db2c   db4c   db4c   db4c   db4c   e34c   e34c   e34c   db4c   db4c   db4c   e34c   e36d   e36d   e34c   e34c   e34c   db4c   db4c   db4c   db4c   db4c   db4c   db4c   db4c   db4c   db4c   db4c   db4c   db4c   db4c   db6c   db6c   db6c   db6c   db6c   db8d   db8d   db8d   db8d   dbad   dbcd   dbee   dbee   dc0e   dc0e   dc0e   e42e   e42f   e44f   e46f   e490   e4b0   e4d0   dcf1   e511   e512   e532   e552   e573   e593   e5b4   e5d5   e5d5   e5f5   e5f5   e616   e616   ee16   ee37   ee57   ee57   ee78   ee77   ee78   ee57   ee57   fe78   f617   dd34   ab8e   8a6a   8208   9249   9a8b   9a6a   a28b   a28c   a26b   a26b   a24b   9a2b   922b   91ea   89ca   81a9   81a9   8189   7989   7968   7128   68e6   60a5   6084   6084   5884   60a4   7146   9a8a   cc0f   ed32   fd93   fd92   ed70   e50e   dcee   dcee   ed4f   fdf2   fe13   fe13   f592   e511   cc2e   a30b   9228   7965   68e4   70e4   7105   7926   8146   8127   8127   8147   8148   8948   9189   99ea   9a0b   9a2b   9a2c   9a2b   920a   89ea   81a9   8189   8189   81a9   81ca   89ea   922b   9a6c   9a8d   9a6c   9a6c   9a6c   922c   89ea   81aa   81a9   7989   7148   7128   6927   6907   6907  
 81ec   8a0c   8a2d   820c   822b   826c   8aac   934e   a3f0   b492   c4f3   cd55   d555   d555   d514   bc51   ab8e   8a49   8a07   89e7   a289   bb0a   cb8c   dbee   e42e   e46f   ecb0   ecd0   ecef   ecef   ecce   ecce   f4ef   f50f   f4f0   eccf   dc4e   cbcd   b30b   a2aa   aacc   a2ad   8a0b   798a   60e8   5067   5088   5087   58a8   58c8   58e8   58e9   58e9   58c8   58a8   50a8   58e8   58e9   60e9   58e9   58c8   58c8   58c8   58c8   6109   58e8   58c8   5909   612a   612a   612a   6109   58e9   610a   6109   50c8   5088   50a8   50a8   50a8   50a8   58e9   58e9   58e9   5909   614a   616b   614b   592a   50e9   50ea   592a   594b   616b   71ee   8ab0   8ad1   9312   a353   a353   9b12   92f1   8a6f   71cc   698b   58e9   5087   4887   5067   5087   50a7   50a7   58a7   58a7   5886   5886   5866   5865   5885   5885   60a6   68e7   7128   7968   8188   89a8   9a09   aa4a   b28b   baac   baac   b24a   b209   a9c8   9946   88e4   7883   78a3   8904   99a7   aa29   ba8a   c2cc   cb0c   d32c   d32b   db2c   db2c   db2c   db0c   db2c   e32c   db2c   db2c   db4c   db4c   db4c   db4c   e32c   e32c   e34c   db4c   db4c   db4c   e34c   e36d   e36d   e34c   e34c   e34c   db4c   db4c   db4c   db4c   db4c   db4c   db4c   db4c   db4c   db4c   db4c   db4c   db4c   db4c   db4c   db4c   db4c   db6c   db6c   db6c   db8d   db8d   db8d   dbad   dbcd   dbce   dbee   dbee   dc0e   dc0e   e40e   e42f   e44f   e46f   e46f   e490   e4b0   dcd1   e4f1   e512   e532   e552   e573   e593   e5b4   e5d5   e5d5   e5f5   e5f5   e616   e616   ee16   ee37   ee57   ee77   ee78   ee77   ee78   ee58   f658   fe79   f637   e595   c430   9aeb   8229   8a49   9a6a   9a6a   a2ac   a26b   a26b   a26c   a26b   9a4b   9a4b   922b   920a   89ea   89ea   81c9   81a9   7989   7168   6907   60c6   60a5   68a5   60c5   60c4   7146   9a6a   cc0f   ed12   f593   fdb2   f591   ed70   ed50   e52f   ed70   fdd2   fdd3   f5b3   e4f1   cc2e   ab0b   8a07   7965   68e4   68a3   68c4   7105   8146   8147   8127   7927   8127   8148   8968   91aa   9a0b   a24c   a24c   9a2b   920b   89ca   81a9   8189   7989   8189   81a9   89ca   89ea   922b   9a6c   a2ad   9a8d   9a6c   924c   922b   89ea   81aa   81a9   7989   7168   7148   7128   7128   6928  
 81cc   8a0c   8a0d   8a2c   8a4c   8a8c   92ed   9b8f   ac31   bcb2   c514   cd34   d555   d535   ccf4   c472   ab6e   928a   89e7   9207   a268   bb0a   d3ac   dbed   e42e   e46f   ecb0   ecd0   ecf0   ecef   ecef   ecee   f4ef   fd30   f4f0   ecaf   e46f   cbad   aaeb   aacb   aacc   9aad   8a0c   7169   60e8   58c8   58a8   50a8   50a8   58c8   58c8   58e8   58c8   58c8   58c8   58c8   58c8   58e9   6109   58e9   58c8   58c8   58c8   58a8   50c8   50a8   58c8   6109   612a   612a   6109   58e9   58e8   614a   696a   6109   58e9   58e9   58e9   50a8   50a8   50c8   5909   5909   612a   612a   5909   614a   590a   48a8   614b   616b   71cd   616b   616b   7a2f   7a4f   826f   8ab0   9b12   9b32   92d1   7a2e   698b   58e9   50a8   4887   4887   5087   5087   5087   5087   5087   5066   5046   5045   5065   5885   6086   60a6   60a6   7107   7968   8188   89a9   9a2a   aa6b   b26b   baac   b26b   b22a   a9e9   9967   90e5   80a4   8083   7862   8904   99a7   aa29   baab   cb0c   cb0c   cb0c   d32c   d32b   d30b   db0b   db0b   db0c   e32c   e32c   db2c   db2c   db4c   db4c   db4c   db4c   e32c   e32c   e34c   e34c   db4c   db4c   db4c   e34c   e34c   e34c   e34c   e34c   db4c   db4c   db4c   db4c   db6c   db6c   db6c   db6c   db4c   db4c   db4c   db4c   db4c   db4c   db4c   db4c   db4c   db6c   db6c   db6c   db6c   db8d   db8d   dbad   dbad   dbcd   dbee   dbee   e40e   e40e   e40e   e40e   e42f   e44f   e46f   e490   e4b0   e4d0   e4d1   e4f1   e512   e552   e573   e573   e594   e5b4   e5d5   e5d5   e5f5   e616   ee16   ee16   ee37   ee37   ee57   e677   ee77   ee78   ee78   ee57   f658   fe78   f5f7   ccb2   a34d   8a69   8a28   9249   9a8b   9a6a   a26b   a26b   a26b   a26b   a26b   9a6b   9a4b   924b   922b   8a0a   8a0a   8a0a   81a9   7968   7148   7127   7106   7106   68e5   68e5   7966   9a8a   c3ef   e4d1   f572   fdb3   fdd2   f5b2   f591   f591   f571   ed31   e511   dc8f   c3cd   a2ca   89e7   7145   68e4   68c4   68c4   68e4   7926   7947   7947   7947   7927   8128   8168   91ca   9a0b   a24c   a26c   a26c   9a2b   89ca   8189   7968   7969   7989   81aa   81aa   89ea   920b   924c   9a6c   9aad   9aad   9a6d   922c   8a0b   81ea   81ca   7989   7148   7148   7148   7148   7148   7148  
 81ab   8a0c   924d   926d   92ae   92cd   9b2e   a3af   ac11   b492   c514   cd34   d555   d535   ccf4   c472   ab8e   92aa   8a07   9227   a288   bb0a   cbac   dbed   e42e   e46f   ecb0   ecf0   ecf0   ecef   ecef   ecee   f50f   f510   f4f0   ecaf   e46f   c3ad   aaeb   a2cb   aacc   9aad   8a0c   7149   60c8   58c8   58a8   50a8   50a8   58c8   58e8   58c8   58c8   58c8   58c8   58c8   58c8   58e8   60e9   60e9   58e8   58c8   58c8   58c8   50c8   50a8   58c8   6129   694a   694a   6109   58e8   6109   696b   71ab   696b   610a   5909   58e9   58c8   50c8   5909   614a   614a   614b   614a   5909   614b   612a   50c9   592b   614b   71ed   69ad   71cd   826f   826f   7a4f   7a2e   7a2e   826f   826f   7a0d   698b   5909   50a8   4887   50a7   58c8   58c8   5087   5066   5066   5046   5046   5045   5045   5865   60a6   68e7   7128   8189   89ca   91e9   9a0a   a24a   aa6a   aa4a   aa29   a1e9   9988   9947   88e5   80a4   80a4   80c4   9125   99a7   aa28   b28a   c2cb   cb0c   d32c   d30c   d30b   d30a   d30b   db0b   db0b   db0c   e30c   e32c   e32c   db2c   db2c   db4c   db4c   db4c   e32c   e32c   e34c   e34c   db4c   db4c   db4c   e34c   e34c   e34c   e36d   e36d   db6c   db4c   db4c   db6c   e36d   e36d   db6c   db6c   db4c   db4c   db4c   db4c   db4c   db4c   db4c   db4c   db4c   db4c   db6c   db6c   db6c   db8d   db8d   db8d   dbad   dbcd   dbce   dbee   e40e   e40e   e40e   e40e   e42f   e44f   e44f   e48f   e490   e4b0   e4d1   e4f1   e512   e532   e553   e573   e594   e5b4   e5d5   e5d5   e5f5   e5f6   e5f6   ee16   ee17   ee37   e636   e657   ee77   ee77   ee78   ee57   f678   fe79   fe58   dd34   b3ae   92aa   8a28   8a29   9a6a   9a6a   a26b   a26b   a26b   a26b   a26b   9a6b   9a6b   924b   9a4b   922a   922b   922b   89ea   81a9   8189   7988   8168   7967   7946   7946   81a7   a2ab   cbef   e4d1   f572   fdb3   fdd3   fdb2   f592   ed51   e4f0   d46e   c3cc   bb6b   a2a9   89e7   7946   7105   68e5   68e5   7106   7926   7947   8167   8168   8168   8189   8989   89aa   9a0b   9a2c   9a4c   9a4c   9a4c   920b   81a9   7989   7968   7968   81a9   81ca   81ca   89eb   922c   9a6c   9a8c   9aad   9a8d   9a6c   922b   89eb   81ca   79a9   7968   7148   7148   7148   7148   7148   7148  
 714a   81cb   922d   9a8e   9ace   9aee   930e   9b8f   a3f0   b472   c4f3   cd34   d555   d535   ccd3   c472   b3ae   9aca   8a28   9248   a289   bb0a   cbac   dbed   e42e   e46f   ecb0   ecd0   ecf0   ecef   ecef   ecef   f50f   f510   ecf0   eccf   dc6f   c3ad   aaeb   a2ab   a2cc   9a8c   8a0b   6949   58c8   58a8   58a8   50c8   58a8   58c8   58e9   58c8   58c8   58c8   58c8   58c8   58c8   58c8   60e9   6109   58e9   58c8   58c8   58c8   58c8   58c8   5909   696a   71ab   698b   612a   58e9   6109   718b   79cc   71ac   614a   58e8   50a8   50a8   58e9   612a   69ac   698b   696b   614a   590a   696b   698c   592a   592a   590a   698c   69ac   71cd   826f   8ab0   8a8f   824e   71ed   71cc   71ec   71cc   696b   58e9   50a7   4887   50c8   60e9   60e9   5887   4846   4846   5066   5066   5866   5865   6086   68e7   7948   8189   89ca   91ea   91ea   9a0a   9a09   99e8   99a7   9166   9146   8905   80c5   80a4   88a4   9105   9967   aa09   b249   ba8a   baaa   c2cb   caeb   cb0b   caeb   caea   d30a   db0b   db0b   db0b   e30b   e30c   e32c   e32c   db2c   db2c   db4c   db4c   db4c   e32c   e32c   e34c   e34c   db4c   db4c   db4c   e34c   e34c   e34c   e36d   e36d   e36d   e36d   e36d   e36d   e36d   e36d   e36d   db6d   db6c   db4c   db4c   db4c   db4c   db4c   db4c   db4c   db4c   db4c   db6c   db6c   db6c   db6c   db6d   db8d   dbad   dbad   dbcd   dbce   dbee   e3ee   e3ee   e40e   e42f   e42f   e44f   e46f   e48f   e490   e4b1   e4d1   e512   e532   e532   e553   e574   e594   e5b5   e5d5   e5d5   e5f5   e5f6   e5f6   ee16   ee37   e616   e636   ee77   ee77   ee77   ee57   f657   fe78   fe99   ed95   c430   a30c   8a28   8a08   9249   9a6a   9a4a   9a4a   9a6b   9a6b   9a6b   9a6b   926b   926b   926b   924b   924b   922b   89e9   89c9   89e9   89e9   89e9   89c9   81a8   81a8   8a08   a2cb   cc0f   e4d1   f573   fdb3   fdf4   fdb3   f551   e4af   cbed   bb6b   a2a9   9a68   89c7   7945   68e4   68e5   7106   7126   7947   7947   7967   8167   8168   81a9   89ca   91ea   9a2c   9a4c   a24c   9a4c   9a2b   920b   81aa   7968   7948   7148   7968   81ca   89ea   8a0b   922c   9a6c   9a6d   9a8d   9aad   9a8d   926c   8a0b   81ea   81aa   7989   7148   7148   7148   7148   7148   7148   7148  
 68e8   796a   8a0c   926d   9aae   92cd   92ed   934e   a3af   ac51   bcd3   c514   cd34   d514   ccd3   c472   b3ae   9aeb   9269   9a69   a2a9   bb0a   cb8c   d3ed   dc4e   e46f   ecb0   ecd0   ecf0   ecef   ecef   ecef   f50f   f50f   ecef   eccf   dc6f   c3ad   aaeb   a28a   9a8b   924b   81cb   6928   58a7   5087   50a8   58c8   58c8   58e9   58e9   58c8   58c8   58e9   58e9   58e8   58a8   58c8   60e9   6109   6109   58e9   58c8   58e8   58e8   58e9   612a   71ab   79ed   71cc   694a   58e9   6109   718b   820d   820d   698b   58e8   5087   4887   58e9   614a   71ac   69ac   696b   612a   5909   698b   71ed   69ac   614b   50c9   590a   614b   69ac   7a0e   8ab0   9b11   9b11   824f   69ab   616a   614a   612a   50e8   50a7   5087   50a7   58c8   58c8   5087   5067   5087   5887   5886   5866   5865   60a6   7107   7968   8189   81a9   8189   8168   8167   8146   8105   80e4   80c4   80e5   88e5   88e5   9106   9947   a9c9   b24a   baab   c2ab   c2cb   c2cb   c2ca   c2ea   caea   caea   d2ea   d30a   db2b   e32b   e32b   e30b   e30c   e32c   e32c   db2c   db2c   db4c   db4c   db4c   e32c   e32c   e34c   e34c   db4c   db4c   db4c   e34c   e34c   e34c   e36d   e36d   e36d   e36d   e36d   e36d   e36d   e36d   e38d   e36d   e36d   db6c   db6c   db6c   e34c   e34c   db4c   db4c   db4c   db6c   db6c   db6c   db6c   db6c   db6c   db8d   db8d   dbad   dbad   dbcd   dbee   dbee   e3ee   e40e   e40e   e42f   e42f   dc4f   dc6f   dc90   dcb0   e4d1   e4f1   e512   e532   e553   e573   dd73   e5b4   e5d5   e5d5   e5d5   e5d5   e5f6   edf6   ee16   e636   ee56   ee77   ee77   ee57   ee37   f637   f657   fe78   edb6   d4b2   ab6d   8a49   81e8   9229   9a6a   9a4a   9a4a   9a4a   9a6a   9a6a   926a   926a   926a   926a   924a   924a   8a2a   81c9   89c9   920a   920a   922a   9229   9209   8a09   9249   aaeb   c3ee   dcb1   f573   fd93   fdb3   f552   e4af   cbcd   b2ea   9a68   9207   89c7   8166   7925   7105   7106   7927   8168   8168   8167   7967   7967   8168   89c9   920b   9a4c   a28d   a26d   9a4c   920b   89ea   81a9   7989   7148   7148   7148   7989   81ea   922b   924c   9a6c   9a8d   9a8d   9a8d   9a8d   9a8d   924c   8a0b   81aa   7989   7169   7148   7148   7148   7148   7148   7148   7148  
 60c8   7149   81cb   8a2c   928d   8a8c   8aac   930d   9b8e   ac30   bcb2   c4f3   cd14   cd14   ccb3   c472   b3cf   a30b   9a89   9a89   aaa9   bb0a   cb8c   d3ed   dc4e   e46f   ecb0   ecf0   ecf0   ecef   ecef   ecef   f50f   f50f   ecef   eccf   dc6f   cbed   b32b   9a8a   924a   8a0a   7989   6108   58a7   5087   50a8   50c8   58c9   6109   6109   58c8   58c8   60e9   6109   60e9   58a8   58c8   6109   612a   6129   58e9   58c8   58e8   58e8   58e9   694a   71ac   79ed   79cc   694a   5909   6129   71ac   8a4e   8a8f   820d   696a   58e8   50a8   58e8   5929   698b   698b   616b   5909   50c9   614a   71cd   7a0e   71ac   592a   50c9   590a   698c   7a0e   92b0   a353   ab93   92d0   71ec   614a   5909   50e8   50c8   50a8   5087   5087   5067   5067   5887   58a8   5887   5887   5866   5865   5865   60a6   68c7   70e7   7128   7107   7107   70e6   70c5   78c4   78c4   78a3   80e5   9126   a188   a9c9   b1ea   ba2a   c28c   c2cc   caed   caec   c2ec   c2eb   caeb   caea   caea   caea   d30a   db0a   e32b   e32b   e32b   e30b   e30c   e32c   e32c   db2c   db2c   db4c   db4c   db4c   e32c   e32c   db4c   db4c   db4c   db4c   db4c   e34c   e34c   e36d   e36d   e36d   e36d   e36d   e36d   e36d   e36d   e36d   e38d   e38d   e36d   e36d   e36d   db6c   e34c   e34c   e34c   db4c   db4c   db6c   db6c   db6c   db6c   db6c   db6c   db6d   db8d   dbad   dbad   dbcd   dbce   e3ce   e3ee   e3ee   e40e   e40e   e42f   dc2f   dc4f   dc6f   dc90   dcb1   e4f1   e512   e532   e552   dd53   dd73   e594   e5b4   e5b5   e5d5   e5d5   e5d5   edf6   ee16   ee36   ee56   ee57   ee56   ee56   ee36   f637   f637   fe37   f5d6   e533   c3ef   9aaa   8a08   8a28   9249   9229   9249   9a4a   9a6a   926a   926a   926a   926a   926a   924a   924a   8a2a   81c8   89e9   922a   9a4a   924a   924a   924a   9a4a   9a6a   a2eb   bb8d   d42f   e4f1   ecf0   e4d0   dc6e   c3ac   aaca   9a27   89a6   8165   8166   8146   7946   8147   8168   8188   8189   8188   8188   8188   8188   89c9   920a   9a6c   a28d   a28d   a26c   920b   89ca   8189   7968   7948   7148   7148   7968   81ca   8a2b   926c   9a8d   9aad   a2ad   a2ae   9aad   9a8d   926c   8a2b   81ea   7989   7169   7148   7148   7148   6928   6927   6927   6907   6907  
 60a7   6908   796a   81cb   822b   824b   826b   8aec   936e   a410   b492   bcd3   c4f3   ccf4   ccb3   c472   bbef   a32c   9aaa   9aa9   a2a9   bb0a   cb8c   d3ed   dc4e   e46f   ecb0   ecf0   ecf0   ecef   ecef   ecef   f50f   f50f   f510   eccf   e46f   d42e   bb4c   9249   89e9   81a9   7148   60e7   58a7   5087   50a8   50a8   58c9   6109   6109   58c8   58c8   6109   6129   6109   58c8   58c8   6109   694a   694a   60e9   58c8   58c8   58c8   58e9   614a   71ac   79cc   71ab   612a   58e9   6109   71ab   8a6e   92d0   928f   820d   696b   5909   58c8   5909   696b   698b   696b   5909   4888   50e9   614b   822e   7a2e   71cd   592a   592a   71ad   824f   92f1   a352   a352   92f1   824e   71cc   614a   50e8   50c8   50a8   5087   5067   4846   4846   5067   58a8   5887   5066   5866   5866   6086   60a6   68a6   68a6   68c6   68c6   68c6   70c6   78e6   8126   8946   9146   9987   a9e9   b24b   ba6b   c28c   c28c   c2ac   c2ac   caed   c2ec   c2eb   cb0b   cb0b   cb0a   caea   d30a   d2ea   db0a   db0b   e30b   e30b   e30b   e30c   e30c   e32c   db2c   db2c   db4c   db4c   db4c   e32c   e32c   db4c   db4c   db4c   db4c   db4c   e34c   e36d   e36d   e36d   e36d   e36d   e36d   e36d   e36d   e36d   e36d   e38d   e38d   e36d   e36d   e36d   e36d   e36d   e36d   e34c   e34c   db6c   db6c   db6c   db6c   db6c   db6c   db6c   db6d   db8d   dbad   dbad   dbad   dbcd   dbce   e3ee   e3ee   e40e   e40e   e42e   dc2f   dc4f   dc4f   dc90   dcb0   e4d1   e512   e532   e532   dd53   dd73   e594   e594   e5b4   e5b5   e5b5   e5d5   e5f6   e5f6   e616   e636   ee36   ee36   ee36   f657   fe57   fe57   fe37   fe17   ed95   d491   a30c   8a28   8a08   8a08   9229   9249   924a   9a6a   926a   928a   928a   928a   9a8b   928a   926a   924a   8a09   922a   9a6b   9a6b   9a8b   9a6a   9a8a   9a8a   9a8a   a2aa   ab2b   bb8c   cbed   cbcc   c3ac   bb4a   aaa9   9a07   91a6   8986   8166   8166   8167   8988   8989   8989   8989   8168   8189   8188   89a9   89c9   920a   9a4b   9a8c   a2ad   a26c   9a2b   89ca   8188   7948   7148   7148   7148   7168   7989   89eb   924c   9aad   a2ce   a2ce   a2ce   a2ce   9aad   9a8d   924c   8a0b   81ca   7969   7148   6927   7128   7128   6907   6107   60e7   60e7   60c6  
 5866   68e8   7129   7989   79ca   7a0a   7a4a   82cc   936e   a3ef   b492   bcd2   c4f3   ccf4   ccd3   c472   bbef   a32c   9aaa   9aa9   a2a9   b30a   cb8c   dbed   dc4e   e46f   ecb0   ecf0   ecf0   ecef   ecef   ecef   f50f   f50f   f510   eccf   e48f   dc6f   bb8d   9228   81a7   7167   6927   60e7   58c7   50a8   50a8   50a8   58c8   6109   60e9   58c8   58c8   6109   612a   6109   58c8   58e8   612a   696b   694a   60e9   58c8   58c8   50a8   58c8   612a   698b   718b   696b   6129   58e8   6109   71ab   824e   92af   9ad0   928f   79cc   6129   50c8   58e8   616a   71cc   71ed   696b   50a8   50a8   58e9   7a2e   824f   822e   614b   612a   71cd   8a90   92f1   92f1   92f1   92d0   8ab0   824e   71ac   614a   50c8   50a7   5087   5087   50a7   5087   5067   5067   5046   5066   5866   6086   60c7   68c6   68c6   68a6   68c6   68c6   7107   7927   8967   91a8   a1c8   aa09   aa2a   ba6b   c28c   c2ac   c28c   caad   caad   c2ac   c2cc   c2cc   c2cb   cb0b   cb0b   cb0a   caea   d2ea   d2c9   d2e9   daea   daea   e30b   e30b   e30c   e30c   e32c   db2c   db2c   db4c   db4c   db4c   e32c   e32c   db4c   db4c   db4c   db4c   db4c   e34c   e36d   e36d   e36d   e36d   e36d   e36d   e36d   e36d   e36d   e36d   e38d   e38d   e36d   e36d   e36d   e36d   e36d   e36d   e36d   e36d   db6c   db6c   db6c   db6c   db6c   db6c   db6c   db6d   db8d   dbad   dbad   dbad   dbcd   e3ce   e3ce   e3ee   e3ee   e40e   e40e   dc2e   dc4f   dc4f   dc70   dc90   e4d1   e512   e532   e532   e553   e573   dd74   dd94   dd94   dd94   e5b5   e5d5   e5d6   e5f6   e615   e615   e615   e615   ee56   f677   fe77   fe57   fe37   fe17   fdd6   dcd2   b34d   9249   8a08   89e8   9228   9229   9249   926a   928a   9aaa   9aaa   9aab   9acb   9aab   9aab   928a   924a   9a8b   a2ac   a2ab   a2ab   9a8a   a2ab   a2cb   a2aa   9a89   a2a9   aaea   ab0a   aae9   aac9   a288   9a07   91a6   8986   91a7   91a7   91a8   91a9   91c9   91aa   89a9   8169   8148   8168   8188   89c9   9209   924b   9a6b   9a6b   9a6c   9a2b   91ea   81a9   7968   7147   7127   7148   7148   7168   79a9   8a2b   9a8c   a2ce   a2ee   a2ee   a2ce   a2ce   9aad   9a6c   922c   81ea   79a9   7168   6928   6907   6928   6948   6927   60e7   60c6   60c6   58c6  
 5866   60c7   7129   7169   79ca   79ea   7a4a   8acc   934d   a3ef   b491   bcd2   c4d3   ccf4   ccd3   c492   bbef   a32c   9aca   9aa9   a2a9   b30a   cb8c   dc0e   dc4e   e46f   ecb0   ecf0   ecf0   ecef   ecef   ecef   f50f   f50f   f530   eccf   e48f   e490   c3ad   8a08   7987   7147   6107   58e7   58c8   50c8   50a8   50a8   58c8   60e9   58e9   58a8   58c8   6109   612a   6109   58c8   58e8   612a   718b   696b   6109   58a8   50a8   50a8   58c8   6129   696b   696b   614a   5909   58e8   6129   71ab   824e   928f   9af0   92d0   7a0d   6129   50c8   50e8   696a   7a0d   824e   71cc   58e9   50c8   50c8   7a0d   822e   822e   612a   590a   71cd   92b0   8ab0   8aaf   8ab0   92d0   8ad0   826f   71ec   696b   50e8   48a7   5087   58c8   60e9   58c8   5067   4826   4805   4825   5866   60a6   68c7   68e7   68c7   68c6   68c6   7107   8148   8989   91a9   99e9   a209   aa29   ba6b   ba8b   c28c   c28c   c28c   caad   cacd   cacd   c2cc   c2cc   c2eb   cb0b   d32b   cb0a   cb0a   d2e9   d2c9   d2c9   d2c9   daea   e2eb   e30b   e30c   e30c   e32c   db2c   db2c   db4c   db4c   db4c   e32c   e32c   db2c   db4c   db4c   db4c   e34c   e34c   e36d   e36d   e36d   e36d   e36d   e36d   e36d   e36d   e36d   e36d   e38d   e38d   e36d   e36d   e36d   e36d   e36d   e36d   e36d   e36d   e36d   db6c   db6c   db6c   db6c   db6c   db6c   db8d   db8d   dbad   dbad   dbad   dbcd   e3ce   e3ce   e3ee   e3ee   e40e   e40e   dc2e   dc4f   dc4f   dc70   dc90   e4d1   e512   e532   e553   e553   e573   dd73   dd74   dd94   dd94   ddb5   e5d5   e5d6   e5f6   ee16   e615   e615   e615   f636   fe77   fe77   fe57   fe17   fe17   fdf6   e4f3   b36d   9269   8a08   89e7   8a08   8a08   9229   9269   928a   92aa   9aab   9acb   9acb   9aab   9aab   9a8a   9a8a   a2ab   aaec   aacc   a2ab   a2ab   a2ab   aaeb   a2cb   9a89   9a89   9aa9   a2a8   a288   a287   9a27   91e6   91a6   91a7   91c8   91c8   91c8   91c9   91c9   91ca   89a9   8989   8168   7948   8188   89c9   922a   9a4b   9a6b   924b   922b   920a   89ca   8188   7948   7147   7147   7148   7148   7168   79a9   8a2b   9a8d   a2ce   aaef   aaee   a2ce   a2ce   9aad   926c   8a2b   81ea   79a9   7148   6927   6907   7128   7148   6927   60e7   60e7   60c6   58c6
